idx,Kilómetros,Descripción,cosmetic_damage,functional_damage,severe_damage
17,63000.0,"¿Estás listo para darle un giro a tu conducción? Descubrí la excelencia de los vehículos de Autoctiy Usados. Ofrecemos una amplia gama de opciones de financiamiento diseñadas para adaptarse a tus necesidades individuales, además de la posibilidad de usar tu auto actual como parte de pago.Solo ofrecemos vehículos del 2010 en adelante, con menos de 130,000 kms recorridos y sin historial de daños estructurales.*BENEFICIOS CON AUTOCTIY USADOS:INSPECCIÓN Y GARANTÍA MECÁNICA (ISO9001): En Autoctiy Usados, la calidad es nuestra prioridad.  Nuestros vehículos pasan por una exhaustiva inspección de 240 puntos realizada por nuestro equipo de expertos. Además, cuentan con kilometraje verificado y una garantía mecánica de 3 meses.*PRÓXIMOS PASOS:Contáctanos para programar una visita o reservar el vehículo de tu interés.MÉTODOS DE PAGO:    • FINANCIACIÓN A MEDIDA: Accede al auto de tus sueños con nuestro plan de financiamiento personalizado, con opciones de hasta 60 cuotas fijas.    • DEJA TU AUTO COMO PARTE DE PAGO: Cambia tu vehículo actual por uno de Autoctiy Usados.    • PAGO AL CONTADO: Realiza tu pago mediante transferencia bancaria o depósito, en pesos o dólares.¡Viví tu experiencia Autocity!",0,0,0
23,22836.0,"Excelente como nueva.Primera mano, auxilio sin rodar.Excelente estado no tiene ningun detalle.NO ACEPTO PERMUTAS NI INTERMEDIARIOS NO INSISTA.Tratamiento acrilico.Vidrio antivandalico 3M.Patente 2025 Anual Paga en CABA.",0,0,0
31,13500.0,"JEEP GRAND CHEROKEE LIMITED 2024EXCELENTE  ESTADOVALOR PERMUTA 128.000 USD———————Los autos más exclusivos los encontrás solo en MB CARS MADEROBienvenido a MB CARS, Una empresa moderna que innova sobre la modalidad de trabajo de cualquier agencia convencional, creada por Antonio Mellino y Lucas Bermudez.Contamos con atención personalizada en autos de alta gama y nacionales ofreciendo unidades 0km y usadas. Cada auto cuenta con una inpeccion integral, mecanica y estetica al momento de ingresar, asegurando el correcto funcionamiento dando 3 meses o 1000 km de garantia.Te ofrecemos la mejor financiación, con la característica de que todas las unidades salen si o si transferidas y al día. Las mismas cuentan con titulo original, Informe de dominio, verificación policial, formulario 08, grabado de autopartes, VTV y servicio de gestoria y asesoría de seguros.También puede conocer nuestro sector de ESTÉTICA INTEGRAL, donde puede acceder a servicios como:. Tratamientos de carrocería. Sistema de protección (PPF). Servicio de ploteoEntre otros servicios.Para un asesoramiento personalizado podes contactarnos a nuestros celulares o por cualquiera de nuestras redes.",0,0,0
68,104524.0,"Estamos trabajando para vos.Atención personalizada y online, para brindarte todo lo que necesitas.Financiación? Te ofrecemos formas de financiar tu nuevo auto. Recibimos tu usado en parte de pago. Consultanos",0,0,0
79,47000.0,Pintura de fábrica incluso ambos paragolpes. Sin detalles. Service oficiales. Dos juegos de llantas. 22 y las originales. Ambas con cubiertas nuevas. Escape magna Flow completo con valvula y original. Permuto mayor y menor valor. Consultar valor con los accesorios.,0,0,0
89,108000.0,Soy titular. 108.000km.Caja manual 6ta. Vtv recién hechaDetalle: el portón solo se usa manual por cambio de amortiguadores eléctricos a manualPuedo recibir menor valor,0,0,0
96,86000.0,"Exelente estado, el modelo es EX tapizado de tela, ML pone cuero de forma automatica y no deja cambiarloDocumentacion al dia, transferencia inmediata al momento de la compraEl valor publicado es al contado efectivo, no analizo ni respondo ofertas por este medioNo tomo permuta ni financio, tampoco doy en consignacion ni a cambio de 0km",0,0,0
119,104000.0,"¿Estás listo para darle un giro a tu conducción? Descubrí la excelencia de los vehículos de Autoctiy Usados. Ofrecemos una amplia gama de opciones de financiamiento diseñadas para adaptarse a tus necesidades individuales, además de la posibilidad de usar tu auto actual como parte de pago.Solo ofrecemos vehículos del 2010 en adelante, con menos de 130,000 kms recorridos y sin historial de daños estructurales.*BENEFICIOS CON AUTOCTIY USADOS:INSPECCIÓN Y GARANTÍA MECÁNICA (ISO9001): En Autoctiy Usados, la calidad es nuestra prioridad. Nuestros vehículos pasan por una exhaustiva inspección de 240 puntos realizada por nuestro equipo de expertos. Además, cuentan con kilometraje verificado y una garantía mecánica de 3 meses.*PRÓXIMOS PASOS:Contáctanos para programar una visita o reservar el vehículo de tu interés.MÉTODOS DE PAGO:    • FINANCIACIÓN A MEDIDA: Accede al auto de tus sueños con nuestro plan de financiamiento personalizado, con opciones de hasta 60 cuotas fijas.    • DEJA TU AUTO COMO PARTE DE PAGO: Cambia tu vehículo actual por uno de Autoctiy Usados.    • PAGO AL CONTADO: Realiza tu pago mediante transferencia bancaria o depósito, en pesos o dólares.¡Viví tu experiencia Autocity!",0,0,0
137,24495.0,"Nissan Kicks 1.6 Sense 120cvAÑO 202324.495 kmPrecio Lista / Permuta $ 29.000.000-.Precio Contado Efectivo $ 28.000.000-.• GRIFF CARS | SUCURSAL ITUZAINGO | SUCURSAL CASTELAR •Mas de 20 años de experiencia en el mercado de vehículos• COORDINAR POR WHATSAPP DÍA Y HORARIO PARA VER EL VEHÍCULO •• TOMA DE USADOS A PRECIO DE MERCADO (COTIZAMOS ONLINE)• RESERVA CON CONFIANZA MERCADO LIBRE PROTEGE TU DINERO, ACEPTAMOS TODAS LAS TARJETAS DE DÉBITO Y CRÉDITO• RESPUESTA INMEDIATA A TUS INQUIETUDES POR WHASTAPP:Respondemos al instante mensajes y llamados. Programamos Videollamadas.• LOS VEHICULOS SON ENTREGADOS TRANSFERIDOSContamos con Administración y Gestoría Integral.• COORDINAR POR WHATSAPP DÍA Y HORARIO PARA VER EL VEHÍCULO •Contamos con;• Financiación del 50% / 60% con crédito bancario delbanco Santander cuotas fijas y en pesos",0,0,0
144,156000.0,Service oficiales.Auxilio sin rodar.Interior sin detalles. Evaluó Permuta.CAJA AUTOMÁTICA,0,0,0
165,103900.0,Bmw 30i XDRIVE M sport linea nueva !252 cv Automática de 8 vel Techo doble de cristalHead Up displayFaros full ledAsiento eléctrico deportivos Porton electricoCarPlayPantalla táctilAsistencia de estacionamiento Cámara HDEspejos abatibles eléctricos Neumaticos nuevos Toda la pintura de fábrica Sin detalles Service todos al día en concesionario oficial!!Posible permuta !,0,0,0
169,137000.0,Impecable. Titular. Lista para transferir. Sin detalles. 3 filas de asientos.,0,0,0
177,102077.0,"VENDO FORD ECOSPORT SE 1.6L MT N 2017. VTV VIGENTE HASTA 08/2025. INTERIOR Y EXTERIOR IMPECABLE. EXCELENTE ESTADO. LISTO PARA TRANSFERIR Y USAR.ACEPTAMOS PESOS, DÓLARES, EUROS, REALES Y CRIPTOMONEDAS A COTIZACIÓN JUSTA REAL DE MERCADO. ACEPTAMOS PERMUTAS DE MAYOR O MENOR VALOR Y TAMBIÉN FINANCIAMOS EN DÓLARES, Y EN PESOS MEDIANTE LOS PRINCIPALES BANCOS DEL PAIS.EL AUTOMÓVIL CUENTA CON DUPLICADO DE LLAVE, MANUALES, CRIQUE, LLAVE DE RUEDA, BALIZAS, MATAFUEGOS Y AUXILIO ORIGINAL, TAL COMO SALIÓ DE FÁBRICA EN 2017.—————ACERCA DE LA COMPRA Y LA TRANSFERENCIA DEL VEHÍCULO———EL COSTO DE LA TRANSFERENCIA DE TITULARIDAD DE ESTE VEHÍCULO ES DE  $818.844. ESTE IMPORTE INCLUYE FIRMAS Y LEGALIZACIÓN EN ESCRIBANÍA,  Y CUALQUIER OTRO TRÁMITE REGISTRAL QUE SEA NECESARIO. EL IMPORTE MENCIONADO ES FINAL Y NO HAY NINGÚN OTRO GASTO NI COSTO OCULTO.EL PROCEDIMIENTO DE COMPRA ES EL SIGUIENTE:1) USTED COORDINA UNA CITA Y SE ACERCA A VER Y PROBAR EL AUTOMÓVIL, Y SI LE GUSTA, PUEDE RESERVARLO EN EL MOMENTO CON $400.000.2) LUEGO, USTED TENDRÁ 7 DÍAS CORRIDOS PARA ACERCARSE A ABONAR EL VALOR DEL VEHÍCULO Y EL COSTO DE LA TRANSFERENCIA Y FIRMAR EN ESCRIBANÍA LA DOCUMENTACIÓN NECESARIA. ESE MISMO DÍA YA PODRÁ RETIRAR EN EL ACTO LA UNIDAD. NUESTRO PRODUCTOR LE PUEDE GENERAR UN SEGURO DEL AUTOMÓVIL, O BIEN PUEDE TRAER EL SUYO.3) AL CABO DE 7 DÍAS, NUESTRO EQUIPO DE GESTORES SE CONTACTARÁ CON USTED PARA HACERLE LLEGAR LA DOCUMENTACIÓN PERTINENTE.——ACERCA DE QUALIS CARS - AUTOS DE CALIDAD - CONCESIONARIA OFICIAL MULTIMARCA——LA CONCESIONARIA FUE FUNDADA EN 1973 Y HA FUNCIONADO SIN INTERRUPCIÓN DESDE ESE ENTONCES POR MAS DE 5 DÉCADAS. LOS CIMIENTOS FUNDAMENTALES FUERON SIEMPRE LOS MISMOS:1) SOLO VEHÍCULOS DE CALIDAD VERIFICADOS, HASTA 10 AÑOS DE ANTIGÜEDAD E IDEALMENTE CON MENOS DE 100.000 KM. HACEMOS EXCEPCIONES, SOLO SI VALE LA PENA EL VEHÍCULO. NO COMPRAMOS NI VENDEMOS PROBLEMAS.2) TRANSPARENCIA Y VELOCIDAD EN EL TRÁMITE DE TRANSFERENCIA. SABEMOS LO IMPORTANTE QUE ES TENER LOS PAPELES EN REGLA, Y NOS OCUPAMOS DE QUE ASÍ SEA.SI USTED COMPRA CON NOSOTROS, POR FAVOR NO SE SORPRENDA SI RECIBE VARIAS ENCUESTAS TELEFÓNICAS DE NUESTRO EQUIPO DE AUDITORES A LO LARGO DEL PROCESO DE COMPRA. BUSCAMOS ASEGURARNOS LA MISMA EXPERIENCIA PARA CADA CLIENTE Y SOBRE TODO, QUE USTED QUEDE SATISFECHO Y VUELVA.LA CONCESIONARIA SE ENCUENTRA EN ALMAGRO (CAPITAL FEDERAL, ARGENTINA) EN UN PREDIO DE 5.000M2 DONDE SE EXHIBEN ALREDEDOR DE 200 VEHÍCULOS ENTRE 0KM, IMPORTADOS, CLÁSICOS Y UTILITARIOS. EN EL PREDIO FUNCIONAN ADEMÁS TALLERES DE: POSVENTA Y MECÁNICA LIGERA,  DETAILING Y CARROCERIA Y PINTURA . (POR FAVOR, PEDIR LA DIRECCION EXACTA, POR POLITICA DE MERCADOLIBRE NO PODEMOS ANUNCIARLA AQUI).",0,0,0
181,180000.0,"Automotores PalacioEstamos ubicados en Los polvorines, Zona norteValor publicado efectivoDólar billete!Valor permuta u$s 16.000Excelente unidad Listo para usar y disfrutar Toda su documentación al día Sin deudas de patentes Sin deudas de multas Listo para transferir sin problemas.",0,0,0
212,78000.0,"Si estás interesado en esta unidad, por favor, coordiná una visita con 24h de anticipación para poder prepararla para la venta y reubicarse para una mayor comodidad a la hora de revisar el vehículo. Muchas gracias!En Sote Automotores tenemos disponibilidad física de más de 100 vehículos de las marcas más importantes del mundo. Transparencia, eficiencia y siempre con el cliente como principal prioridad. - Consignaciones- Permutas- Asesoría- Gestoría- DetailingTu consulta siempre es bienvenida.",0,0,0
220,183000.0,"Segundo dueño Servicios oficiales en Honda Bavarian de Barracas.Mantenimiento full ( se le hacen e hicieron todas las sugerencias preventivas de la agencia)4 cubiertas Bridgestone Duelen en muy buen estado ( no hace falta cambiarlas)Pintura exterior muy bien conservadaInterior en buen estadoAndar: al tener mantenimiento preventivo, no se escuchan ruidos molestos ni quejidos en suspensión ni bisagras ni nada. por favor NO me contacten de agencias.Resumiendo, una CRV buena.",0,0,0
234,168343.0,"Cambiá tu auto o comprá uno semi nuevo en Kavak, compañía N°1 en venta online de autos usados en Latinoamérica. Contamos con distintos planes de financiamiento para adaptarse a tus necesidades, también podés dejar tu auto como parte de pago. Solo vendemos autos 2010 en adelante, con menos de 100.000 km, que nunca tuvieron daños estructurales ni GNC.------------------------------------------------------------->> Toyota RAV4 2.0 CVT 4X2 << 410500*BENEFICIOS KAVAK:Al comprar tu Auto Kavak contás con un PERÍODO DE PRUEBA DE 7 DÍAS o 300 KM. Si no te encantó, te devolvemos el 100% de tu dinero (incluida la transferencia)*INSPECCIÓN Y COBERTURA MECÁNICA: En Kavak, la calidad es lo más importante. Nuestros autos son mucho más que autos usados, son autos semi-nuevos reacondicionados que están revisados en 240 puntos por nuestro equipo de expertos, tienen todos los servicios al día, kilometraje real y cobertura mecánica Kavak de 3 meses con posibilidad de extensión a 1 año.*CONTRATÁ KAVAK TOTAL: Con Kavak Total tenés 9 meses adicionales de cobertura con tope según marca/modelo del auto en arreglos, en motor, transmisión, tracción delantera y trasera, batería, embrague y correa o cadena de distribución. Cuidar tu auto puede ser tan fácil como manejarlo.PRÓXIMOS PASOS:Consúltanos para agendar una visita y/o reservar tu auto de interés.*MÉTODOS DE PAGO:- FINANCIAMOS TU COMPRA: Podés acceder al auto de tus sueños con nuestro plan de financiamiento hecho a tu medida. Financialo en hasta 60 cuotas fijas.- DEJÁ TU AUTO COMO PARTE DE PAGO: Cambiá tu auto por uno Kavak.- AL CONTADO: Pagá vía transferencia bancaria o deposito. Podés pagar en pesos o en dólares.Para mayor información visitá nuestro sitio.*Ver términos y condiciones en Compra y Venta de Autos Usados en Argentina con Garantia",0,0,0
238,57200.0,"ATENCION!! COORDINAR CITA PREVIA PARA VER ESTA UNIDAD!!!!El precio publicado es de contado y es a tipo de cambio blue del momento.FINANCIACIÓN disponible a través de crédito prendario.DS DS7 Crossback E-tense 4x4 300 Bastille- Año 2022- 57200km.TOMAMOS UNO O MÁS USADOS EN PARTE DE PAGO.¿QUERES VENDER TU AUTO, PERO NECESITAS SEGUIR USANDOLO?¡PODEMOS TRABAJARLO DE ESA FORMA!TAMBIEN PODEMOS COMPRAR TU AUTO!Para más información contactanos.ESTACIONAMIENTO: Contamos con cocheras de cortesia enfrente.AUTOEMOCION",0,0,0
249,91000.0,"Bienvenidos a Pointcars, tu concesionaria de confianza.Disponemos de un amplio stock de vehículos, tanto nuevos como usados, de todas las marcas, listos para que encuentres el que mejor se adapte a tus necesidades.Te brindamos la posibilidad de vendernos tu auto y acceder a una financiación de hasta el 80% del valor, para que estrenes el vehículo que querés con total facilidad.Cada uno de nuestros autos pasa por un riguroso proceso de revisión mecánica, limpieza interior y embellecimiento exterior, garantizando calidad y seguridad en cada entrega.Mientras nuestro equipo administrativo gestiona la documentación, nos ocupamos de cada detalle para que tu compra sea rápida, transparente y sin complicaciones.¡Te esperamos en Pointcars, el lugar de tu auto!",0,0,0
252,222620.0,UNICA POR SU EXCELENTE ESTADO !!!!CUBIERTAS NUEVAS!!!!!SIN DETALLES !!!!,0,0,0
255,111111.0,"Vendo Jeep Grand Cherokee LTD, motor 3.1 diesel, modelo 1999. Transmisión automática 4x4. Motor 0km todo nuevo al igual que la transmisión. Sin golpes ni picaduras. Cubiertas al 50%. La camioneta está en.                funcionamiento pero le falta hacerle algunas cosas como batería nueva, limpieza de inyectores y bomba. La vendo por no usarla y falta de tiempo para completarla. Muy buena camioneta y muy completa. Soy titular. EL PRECIO PUBLICADO ES HASTA EL LUNES PRÓXIMO ( 14 DE ABRIL) DESPUÉS DE ESA FECHA CAMBIA",0,0,0
259,84454.0,"Cambiá tu auto o comprá uno semi nuevo en Kavak, compañía N°1 en venta online de autos usados en Latinoamérica. Contamos con distintos planes de financiamiento para adaptarse a tus necesidades, también podés dejar tu auto como parte de pago. Solo vendemos autos 2010 en adelante, con menos de 100.000 km, que nunca tuvieron daños estructurales ni GNC.------------------------------------------------------------->> Jeep Renegade 1.8 SPORT MY18 << 405800*BENEFICIOS KAVAK:Al comprar tu Auto Kavak contás con un PERÍODO DE PRUEBA DE 7 DÍAS o 300 KM. Si no te encantó, te devolvemos el 100% de tu dinero (incluida la transferencia)*INSPECCIÓN Y COBERTURA MECÁNICA: En Kavak, la calidad es lo más importante. Nuestros autos son mucho más que autos usados, son autos semi-nuevos reacondicionados que están revisados en 240 puntos por nuestro equipo de expertos, tienen todos los servicios al día, kilometraje real y cobertura mecánica Kavak de 3 meses con posibilidad de extensión a 1 año.*CONTRATÁ KAVAK TOTAL: Con Kavak Total tenés 9 meses adicionales de cobertura con tope según marca/modelo del auto en arreglos, en motor, transmisión, tracción delantera y trasera, batería, embrague y correa o cadena de distribución. Cuidar tu auto puede ser tan fácil como manejarlo.PRÓXIMOS PASOS:Consúltanos para agendar una visita y/o reservar tu auto de interés.*MÉTODOS DE PAGO:- FINANCIAMOS TU COMPRA: Podés acceder al auto de tus sueños con nuestro plan de financiamiento hecho a tu medida. Financialo en hasta 60 cuotas fijas.- DEJÁ TU AUTO COMO PARTE DE PAGO: Cambiá tu auto por uno Kavak.- AL CONTADO: Pagá vía transferencia bancaria o deposito. Podés pagar en pesos o en dólares.Para mayor información visitá nuestro sitio.*Ver términos y condiciones en Compra y Venta de Autos Usados en Argentina con Garantia",0,0,0
267,172000.0,"Renault Duster Confort Plus 1.6 2013Tiene 171.500 kmEstá versión viene con faros antinieblas delantero, alarma, comando al volante y alzacristales en las 4 puertas.Agregados:Alarma volumétrica en RenaultStereo Pantalla con Android Auto y GPSApoyabrazos delantero RenaultPortaequipaje reforzadoDeflector CapotPersonalización calcos Motivo DakarPolarizado antivandalicoCola escape Original RenaultEn marzo 2025 se le hizo la Vtv sin problemas. Y la distribución completa en Diciembre 2024 (tengo los comprobantes).Cambio de aceite realizado en Renault.Se puede ver por Liniers o Boedo, en horarios a coordinar.No quiero planes ni me interesa contactos de concesionarias. Soy particular.",0,0,0
285,290000.0,"Hyundai Santa Fe 2010•2.2 CRDI•4WD•7 asientos•Manual caja 6ta•Impecable sin detalles•Muy mantenida•Estéreo con CarPlay, cámara de retroceso •Gancho de remolque con instalación eléctrica.Segunda manoTomamos permuta! Financiamos ! •LUISICARS•",0,0,0
292,107000.0,"Suzuki Grand Vitara 2.0 MT 2007 en Excelente Estado¡Oportunidad única! Suzuki Grand Vitara en perfecto estado, ideal para quienes buscan un vehículo confiable y robusto.Propietario: Segundo dueño, prácticamente el primero.Mantenimiento: Todos los servicios realizados puntualmente conforme a los kilómetros.Condición Mecánica: Sin detalles mecánicos, el motor y todos los sistemas funcionan a la perfección.Neumáticos: Cubiertas prácticamente nuevas, y además incluyo 2 neumáticos adicionales nuevos listos para colocar.Kilometraje y Estado: Este Grand Vitara es único en el mercado por sus pocos kilómetros y excelente estado de conservación.Este Grand Vitara se encuentra en condiciones impecables, listo para acompañarte en tus viajes y aventuras.",0,0,0
298,68387.0,"Neumáticos Michelin.Pantalla multimedia touch 7'' (Android Auto & Apple Car Play)Camara de estacionamiento trasera.Vehículo con detalles menores.¿Cómo es comprar y vender en CARMUV?Fácil, rápido, seguro y transparenteCOMPRA CON GARANTIASElegís y comparas los autos que quierasReserva tu auto favoritoLo podes financiar con créditos personales BANCORRecibimos como parte de pago tu auto de menor y/ o mayor valorTe llevas un auto con garantía, certificado e inspeccionado por especialistasSomos CARMUV una empresa de GRUPO TAGLE dedicada a la compra y venta de vehículos 100% digitalEncontramos en Instagram como @carmuv_autos",0,0,0
308,41000.0,Hermoso vw - no tiene ningún detalle - nada de nada - es ver comprar - tranf obligatoria- se financia 50 % - tomo menor valor - para verlo solo en bella vista ( aclaro es 2020 ) LEER por favor - motor 1.6 !!!!,0,0,0
317,90500.0,"Muy buen vehículo. Mecánica e interiores impecables. Documentación completa, lista para transferir.Equipado con:Aire AcondicionadoDirección AsistidaCierre centralizadoLevanta cristales en las 4 puertasLlantas de aleación.ABS.AirbagEn Automóviles Excell S.R.L sabemos lo que necesitas a la hora de comprar o vender tu auto.SEGURIDAD, CONFIANZA Y TRANSPARENCIA han sido prioridad a través de nuestros 23 años de trayectoria en el rubro y en el mismo lugar.Contamos con un amplio stock de unidades seleccionadas y probadas integralmente, con documentación garantizada, servicio de gestoría y seguros.Pertenecemos a la Cámara de Comercio Automotor (C.C.A) entidad que nuclea a quienes decidimos trabajar de forma honesta y cumpliendo con todos lo requerimientos para que no corras riesgos y realices una operación segura y sin sorpresa.También en estos tiempos difíciles cuidándote y cuidándonos podemos seguir asesorándote.. Consultános por Mercado Libre a través de la sección de preguntas.. Tomamos tu unidad usada en parte de pago.. Ofrecemos financiación bancarización cuota fija en pesos a través del Banco Santander Rio con las mejores tasas y condiciones del mercado.. También tomamos tu auto usado en consignación.. No dudes en hacer tu consulta virtual o telefónica.Preguntale al vendedor",0,0,0
319,120000.0,Km reales  original sin detalles Acepto permuta Anticipo %50 el resto hasta 48 cuotas fijas SOMOS RULO AUTOS... MÁS DE 40 AÑOS DE TRAYECTORIA EN EL MERCADO AUTOMOTOR NOS AVALAN...,0,0,0
323,40000.0,"¡Bienvenido! Tu nuevo auto te espera en nuestro concesionario.¡Tu próximo vehículo te espera en Autos del Sur SA!En Autos del Sur SA, con 20 años de trayectoria, somos tu mejor opción para encontrar el auto que necesitas. Ya sea que busques un 0KM o, uno de nuestros usados garantizados. En Autos del Sur vas a encontrar calidad, confianza y un respaldo único y personalizado.¿Por qué elegir Autos del Sur SA?Financiación fija y en pesos: Sin sorpresas, sin aumentos, con cuotas claras que se adaptan a tu bolsillo.Un modelo para cada necesidad: SUV, Pick-Up, Hatchback, Sedán, Furgón, 4x4 y más. ¡Encontrá el vehículo ideal para vos!Usados certificados: Cada auto seleccionado pasa por un estricto proceso de revisión, para garantizarte calidad y confiabilidad.Atención personalizada: Nuestros asesores te acompañan paso a paso, ayudándote a tomar la mejor decisión.Servicio postventa de excelencia: Talleres con técnicos especializados y atención inmediata para que sigas disfrutando de tu auto con total tranquilidad.Promociones irresistibles: Planes especiales, bonificaciones exclusivas y beneficios únicos que no encontrarás en ningún otro lugar.Más de 20 años siendo referentes en el rubro nos avalan.No solo vendemos autos, te ofrecemos la tranquilidad de elegir con confianza y el respaldo de una marca líder. AUTOS DEL SUR S.A.",0,0,0
328,170000.0,VW TIGUAN Exclusive tsi 2.0 tiptronic 200cvModelo 2011 patentada 2013 INTERIOR CAMEL ÚNICO DUEÑO Documentación completa al día y lista para transferirFunciona correctamente su equipamiento TRANSFERENCIA OBLIGATORIAÚNICO DUEÑO DE CERO KILÓMETROMÍNIMOS DETALLES ESTÉTICOS OPORTUNIDAD!!TOMAMOS PERMUTAS! Posibilidad de financiación cuotas fijasAUTOMOTORES 1771Lomas del Mirador,0,0,0
345,10000.0,SIN DETALLESNUEVO CON EL PRIMER SERVIO RECIEN REALIZADO EN GARANTIA DE FABRICA ACEPTMAMOS PERMUTAS,0,0,0
353,207000.0,"Vendo Glk 300 city Services ofíciales hasta el 2024 (Panamer).A los 185.000 se le cambiaron los 4 amortiguadores. A los 197.000 se le hizo un mantenimiento muy grande más de 10.000 dólares:-cambio de batería-cambio de cadena de distribución, variadores, tensores y aceite-cambio de patas de motor y caja-cambio de bobinas y bujías- cambio de sensor MAF-cambio de termostato-Se le cambio el múltiple de admisión. -cambio de bujes tensores -filtro de aire.-4 cubiertas nuevas Yokohama.Tiene toda la pintura de fábrica, excepto los paragolpes  que se pintaron por rayones. El tapizado no tiene marcas. VTV aprobada hasta el 2026 Soy particular, la camioneta está a mi nombre",1,0,0
354,73000.0,"* Excelente estado general* Único dueño* Servicios oficiales* Poco usoLa unidad se encuentra en poder del dueño (único titular desde 0km), en muy buenas condiciones generales, con 73mil km recorridos y una situación de mantenimiento y uso muy consistente.En términos de carrocería no muestra detalles y/o daños de estética en ningún sentido, todos los componentes y accesorios de carrocería están sanos y completos. Los neumáticos son los originales y las llantas no se aprecian rayadas.A nivel mecánico cuenta con motor 2.0 16v con turbo e inyección directa de alta presión, que eroga 211CV, asociado a una caja automática de 6 marchas (con función secuencial) y tracción a las 4 ruedas. El funcionamiento del conjunto es IMPECABLE, no hay fallas eléctricas, luces de alerta ni sonidos extraños, jamás ha recibido intervenciones mecánicas de ningún tipo, solo entró a taller para realizar mantenimiento programado (en concesionario oficial hasta la fecha).Respecto del interior, su aspecto realmente es el de un vehículo bien tratado y con buen uso, sin un sólo síntoma de desgaste. Los mandos, paneles y tapizados están en óptimas condiciones. Todo el equipamiento de confort y seguridad funciona perfectamente.El vehículo está radicado en CABA, se entrega sin deuda de patentes ni infracciones de tránsito, grabado de autopartes y VTV al día. Cuenta con sus dos juegos de llaves y manuales de usuario.Solo se va TRANSFERIDO.",0,0,0
361,100200.0,"Vendo nuestro auto – Segundo dueño directoLo compramos con 80.000 km y actualmente tiene 102.000 km.VTV al díaLas 2 llaver orginalesAuxilio con cero uso.Libre de multasEscaneable sin problemasInterior impecableService al díaCambio de aceite y filtro de aire (hace 400km)Amortiguadores, parrillas y cubiertas delanteras nuevasPor suerte nuestros 2 trabajos nos dan autos y por eso decidimos venderlo.Detalles estéticos:Ópticas con soportes reparados (lo chocaron estando estacionado)Dos paneles con toques típicos de auto de ciudadAclaro todo para que puedas evaluar bien y aprovechemos mejor el tiempo de ambos.En breve subo mas fotos.Escuhamos ofertasEl auto esta en palermo y pueden verlo El dia que quieras post 18hs por el parque las heras.Bonus, viene con el tanque lleno de infinia",1,0,0
366,218000.0,"Ssangyong Musso motor Mercedes Benz 601 2.3 TD . Motor en excelentes condiciones . Turbo reparado a nuevo . Casco entero , sin golpes , solo algunas raspaduras . Solo esta rota ( como se ve en la foto ) la puntera del lado derecho . Sin faltantes . 4 x 4 casi sin uso . 4 cubiertas al 90 % . Funciona todo . El aire enfria muy bien . Interiores en muy buenas condiciones , 10 plazas . Andar muy bueno . Titular , papeles al dia , se va transferida si o si . VTV al dia .",1,0,0
371,90100.0,"Ford Ecosport 2008 segundo dueño, la tengo desde los 50.000 kmtrosMotor 1.6 cadenero, es la más full, alza cristales en las 4 puertas, butaca conductor y volante regulable en altura, cierre centralizado, alarma.Batería con un año de antigüedad Tiene como agregado los antinieblas que se lo realizó el anterior dueño en concesionaria y sensores de estacionamiento traseros.Services al díaJamás me dió un problema y la mayoría de los kilómetros son en ruta (último viaje echo a la costa el verano pasado).Los kilómetros son reales y comprobables, motor en excelente estado Soy titular sin deudas, no acepto permutas y el precio no se negocia.La camioneta está en capital y se puede ver en Almagro o devoto Tengo el soporte y rueda de auxilio guardado, en su momento se lo saqué por comodidad Interiores en impecable estado, desde que la compre le puse funda a los asientos.Jamás fue repintada, nunca un choque",0,0,0
372,154000.0,UNICA MANO - 4 CUBIERTAS NUEVAS - SIN DETALLES - 100% ORIGINAL,0,0,0
374,104151.0,"Nissan Kicks 1.6 Advance Cvt 120cvAño 2018104.151 kmPrecio Lista / Permuta U$D 20.500-.Precio Contado Efectivo U$D 19.500-.• GRIFF CARS | SUCURSAL ITUZAINGO | SUCURSAL CASTELAR •Mas de 20 años de experiencia en el mercado de vehículos• COORDINAR POR WHATSAPP DÍA Y HORARIO PARA VER EL VEHÍCULO •• TOMA DE USADOS A PRECIO DE MERCADO (COTIZAMOS ONLINE)• RESERVA CON CONFIANZA MERCADO LIBRE PROTEGE TU DINERO, ACEPTAMOS TODAS LAS TARJETAS DE DÉBITO Y CRÉDITO• RESPUESTA INMEDIATA A TUS INQUIETUDES POR WHASTAPP:Respondemos al instante mensajes y llamados. Programamos Videollamadas.• LOS VEHICULOS SON ENTREGADOS TRANSFERIDOSContamos con Administración y Gestoría Integral.• COORDINAR POR WHATSAPP DÍA Y HORARIO PARA VER EL VEHÍCULO •Contamos con;• Financiación del 50% / 60% con crédito bancario delbanco Santander cuotas fijas y en pesosContactá a la concesionaria",0,0,0
382,89000.0,"Somos una empresa familiar con mas de 30 años de experiencia en el rubro dedicándonos a vehículos de todas las gamas en excelentes condiciones tanto estéticas como de papeles. Para la tranquilidad del cliente, brindamos la opción de poder escanear y revisar ante cualquier especialista nuestras unidades. Para facilitar el proceso de compra, aceptamos permutas de menor y mayor valor, tomamos dólares y contamos con servicio de gestoría y aseguradora. además, damos la posibilidad de que el cliente presente la transferencia de manera particular para ahorrarse gastos extra. En el caso de que estes interesado en vender tu usado, nosotros te lo compramos tratando de superar cualquier oferta de manera rápida y segura encargándonos de preparar toda la documentación. Para una mejor atención, combinar una cita. los esperamos!  Grupo Scotti —> Sucursal World’s car",0,0,0
418,149000.0,FORD KUGA TITANIUM2012149.000kmVehículo en buen estado. Service y mantenimientos todos al día.Mantenimientos: 130.000km se le cambiaron las cubiertas133.000km las 5 bobinas y bujias 136.000km distribucion entera con bomba de agua y poly v138.000km frenos completos140.000km sonda lambda  143.000km fue el último cambio de filtros (Se le cambio el porta filtro de aceite que todas pierden por ahí)145.000km se cambiaron todos los bujes del tren delantero y traseroAgregados:Pantalla táctil con cámara de reversaEscucho ofertasAcepto permutas,0,0,0
425,81202.0,"Ford Ecosport Titanium 1.6l Mt NAÑO 201781.202KMSPrecio Lista / Permuta $ 19.500.000Precio Contado Efectivo $ 18.500.000• GRIFF CARS | SUCURSAL ITUZAINGO | SUCURSAL CASTELAR •Mas de 20 años de experiencia en el mercado de vehículos• COORDINAR POR WHATSAPP DÍA Y HORARIO PARA VER EL VEHÍCULO •• TOMA DE USADOS A PRECIO DE MERCADO (COTIZAMOS ONLINE)• RESERVA CON CONFIANZA MERCADO LIBRE PROTEGE TU DINERO, ACEPTAMOS TODAS LAS TARJETAS DE DÉBITO Y CRÉDITO• RESPUESTA INMEDIATA A TUS INQUIETUDES POR WHASTAPP:Respondemos al instante mensajes y llamados. Programamos Videollamadas.• LOS VEHICULOS SON ENTREGADOS TRANSFERIDOSContamos con Administración y Gestoría Integral.• COORDINAR POR WHATSAPP DÍA Y HORARIO PARA VER EL VEHÍCULO •Contamos con;• Financiación del 50% / 60% con crédito bancario delbanco Santander cuotas fijas y en pesos",0,0,0
431,30963.0,"SACUR AUTOS te ofrece una amplia variedad de Vehículos, generando seguridad y confianza en la operación, con atención personalizada y profesional.Somos una empresa que cuenta con el aval de pertenecer a la Cámara de Comercio del Automotor de Córdoba.Nuestra calificación de 4.8 estrellas avalan la calidad de nuestros vehículos, atención y eficacia.ENCONTRA TU MEJOR OPCION PARA ADQUIRIR LA FINANCIACION ADECUADA PARA VOS!COTIZA ONLINE EN ESTE MOMENTO CON NUESTROS REPRESENTANTES.¡VISUALIZA EL VIDEO DEL VEHICULO PARA VERLO EN DETALLE!",0,0,0
437,24000.0,"Versión de Feel Pack Plus, tapizado de cuero. Sin ningún detalle, el estado está impecable, siempre en garaje. Soy dueño .",0,0,0
438,180000.0,La camioneta está en muy buenas condiciones es 4x4 caja automática naftera 6 cilindros Nunca tuvo gas las cubiertas en un 50% anda todo tiene un desgaste en el convertidor de la caja la chata anda sin problema Escucho ofertas,0,0,0
449,74000.0,Impecable! Service recién hecho! Neumáticos muy buenos! Prácticamente sin detalles!,0,0,0
469,51000.0,"Vehículo listo para transferir, dueño directo. 4 cubiertas nuevas.Impecable estadoMantenimiento al día:A los 27 mil km se le cambiaron todas las correas (contitech de continental) y bomba de agua original.Se cambiaron pastillas de freno delanteras recientemente y al comprador se le entrega las pastillas traseras nuevas , las cuales se compraron pero no se cambiaron porque no tenían desgaste.Consecionarias abstenerse, solo venta.",0,0,0
473,95768.0,"Automarket | Startup especializada en comercialización de automóviles premium.Sucursales en Parque Leloir y Nordelta.PEUGEOT 2008 1.6 ALLURE TIPTRONICAño 2017 | 95.768 kilómetros- Primer dueño.- Excelente estado, sin detalles relevantes.- GNC de quinta generación.- Pintura de fábrica en su totalidad.- Manual y duplicado de llaves.- Apto a peritaje y scanner.Solicite turno para conocer el vehículo en nuestra sucursal de Parque Leloir.- El valor expresado en la publicación es válido para operaciones de contado.- Aceptamos tanto dólares como pesos tomando como referencia la cotización del dólar blue al día de la operación.- Recibimos vehículos de mayor y menor valor que cumplan con nuestros estándares de calidad.- Brindamos financiación con tasa fija y mínimos requisitos.Todos nuestros vehículos se entregan transferidos a nombre del comprador con documentación garantizada en 72 horas.- Libre deuda de infracciones.- Libre deuda de patentes.- Verificación técnica vehicular.- Verificación policial.- Grabado de autopartes y cristales.",0,0,0
511,40500.0,"VENDO FIAT PULSE IMPETUS 1.0T CVT 2022. UNICA MANO. SERVICES OFICIALES Y EN GARANTÍA.ACEPTAMOS DÓLARES O EUROS A COTIZACIÓN JUSTA REAL DE MERCADO, ACEPTAMOS PERMUTAS DE MAYOR O MENOR VALOR Y TAMBIÉN FINANCIAMOS.EL AUTOMÓVIL CUENTA CON DUPLICADO DE LLAVE, MANUALES, CRIQUE, LLAVE DE RUEDA, BALIZAS, MATAFUEGOS Y AUXILIO ORIGINAL, TAL COMO SALIÓ DE FÁBRICA EN 2022.—————ACERCA DE LA COMPRA Y LA TRANSFERENCIA DEL VEHÍCULO———EL COSTO DE LA TRANSFERENCIA DE TITULARIDAD DE ESTE VEHÍCULO ES DE $1.593.434. ESTE IMPORTE INCLUYE FIRMAS Y LEGALIZACIÓN EN ESCRIBANÍA, Y CUALQUIER OTRO TRÁMITE REGISTRAL QUE SEA NECESARIO. EL IMPORTE MENCIONADO ES FINAL Y NO HAY NINGÚN OTRO GASTO NI COSTO OCULTO.EL PROCEDIMIENTO DE COMPRA ES EL SIGUIENTE:1) USTED COORDINA UNA CITA Y SE ACERCA A VER Y PROBAR EL AUTOMÓVIL, Y SI LE GUSTA, PUEDE RESERVARLO EN EL MOMENTO CON $400.000.2) LUEGO, USTED TENDRÁ 7 DÍAS CORRIDOS PARA ACERCARSE A ABONAR EL VALOR DEL VEHÍCULO Y EL COSTO DE LA TRANSFERENCIA Y FIRMAR EN ESCRIBANÍA LA DOCUMENTACIÓN NECESARIA. ESE MISMO DÍA YA PODRÁ RETIRAR EN EL ACTO LA UNIDAD. NUESTRO PRODUCTOR LE PUEDE GENERAR UN SEGURO DEL AUTOMÓVIL, O BIEN PUEDE TRAER EL SUYO.3) AL CABO DE 7 DÍAS, NUESTRO EQUIPO DE GESTORES SE CONTACTARÁ CON USTED PARA HACERLE LLEGAR LA DOCUMENTACIÓN PERTINENTE.——ACERCA DE PUGLIA AUTO CONCESIONARIA OFICIAL MULTIMARCA——LA CONCESIONARIA FUE FUNDADA EN 1973 Y HA FUNCIONADO SIN INTERRUPCIÓN DESDE ESE ENTONCES POR CASI 5 DÉCADAS. LOS CIMIENTOS FUNDAMENTALES FUERON SIEMPRE LOS MISMOS:1) SOLO VEHÍCULOS DE CALIDAD VERIFICADOS, HASTA 10 AÑOS DE ANTIGÜEDAD E IDEALMENTE CON MENOS DE 100.000 KM. HACEMOS EXCEPCIONES, SOLO SI VALE LA PENA EL VEHÍCULO. NO COMPRAMOS NI VENDEMOS PROBLEMAS.2) TRANSPARENCIA Y VELOCIDAD EN EL TRÁMITE DE TRANSFERENCIA. SABEMOS LO IMPORTANTE QUE ES TENER LOS PAPELES EN REGLA, Y NOS OCUPAMOS DE QUE ASÍ SEA.SI USTED COMPRA CON NOSOTROS, POR FAVOR NO SE SORPRENDA SI RECIBE VARIAS ENCUESTAS TELEFÓNICAS DE NUESTRO EQUIPO DE AUDITORES A LO LARGO DEL PROCESO DE COMPRA. BUSCAMOS ASEGURARNOS LA MISMA EXPERIENCIA PARA CADA CLIENTE Y SOBRE TODO, QUE USTED QUEDE SATISFECHO Y VUELVA.LA CONCESIONARIA SE ENCUENTRA EN ALMAGRO (CAPITAL FEDERAL). (POR FAVOR, PEDIR LA DIRECCION EXACTA, POR POLITICA DE MERCADOLIBRE NO PODEMOS ANUNCIARLA AQUI).LOS ESPERAMOS!",0,0,0
512,83000.0,"Subite a tu CAPTUR sólo con DNI y un anticipo y/o usado de  $ 12.390.407(Anticipo incluye Transferencia, Inscripción de Prenda, Sellado de Prenda) Click Aquí para más detalles.    …...................................................................................................................................................        l||ll||l Asesor: CARLOS TORRES l||ll||l (011) 6835 1001    ====================================    Para recibir asesoramiento detallado, hacé click en el botón de Whatsapp.    Enviá la palabra SELECTION por WhatsApp y te enviamos el Stock de Usados Seleccionados Actualizado.    El precio publicado no incluye Transferencia en el Registro Automotor        Click Aquí para más detalles.    …………………………………………………………………………..    l||ll||l RENAULT SELECTION l||ll||l    ====================================    División Usados seleccionados de RENAULT ARGENTINA,    Somos Filial Comercial directa del Grupo Renault, la única del país,    con una trayectoria comercial desde 1970. Somos líderes de mercado y N° 1 en Ventas y Servicios.    No somos otro concesionario más de la red, somos Renault Central y es nuestra mayor garantía     Asesor: CARLOS TORRES………………………….        NUEVO INGRESO!    RENAULT CAPTUR INTENS 1.6 CVT  Año 2018   Combustible Nafta   Kilometraje 104182   AD162CV    OFERTA CONTADO   $ 20.535.007 Final (Transferencia Incluida)*    Este precio incluyen VTV, Grabado de Autopartes, Libre Deuda de Infracciones,     Libre Deuda de Patentes, F.08, Certificación de firmas y Transferencia en Registro Automotor.        >>> OPCIÓN TRANSFERENCIA A CARGO DE CLIENTE: Precio de la unidad   $ 19.325.000 <<<    ////// FINANCIACIÓN RENAULT CREDIT //////    Te lo llevas sólo con DNI y un anticipo y/o usado de:   $ 12.390.407 más Cuotas Fijas y en Pesos(Incluye Transferencia, Inscripción de Prenda, Sellado de Prenda)        Tomamos tu usado al mejor precio de mercado | LLAVE contra LLAVE    Se entrega Transferido    Todos los autos de RENAULT SELECTION pasan por una previa Inspección Mecánica.         Nuestro objetivo es ofrecerte una transparente y excelente experiencia de compra segura de principio a fin. Contamos con:    • Asesores y técnicos profesionales formados en RENAULT DE ARGENTINA.    • El salón de exhibición más grande de Capital Federal de más de 200 usados seleccionados.    • Créditos directos de fábrica a través de RENAULT CREDIT ARGENTINA diseñados a su medida y a sola firma, con tasas fijas,     en pesos y sólo con DNI.    • Atención administrativa personalizada.    • Gastos de Gestoria Automotor integral ya incluidos en el precio.    • Aseguramos su auto con los mejores precios, coberturas y compañías.        • VALORIZAMOS INMEJORABLEMENTE SU AUTO USADO.            CARLOS TORRES /// Enviá la palabra SELECTION y te enviamos el Stock Actualizado.        Oferta válida hasta el 24/05/2025 o hasta agotar stock    Precio y bonificaciones sujetas a stock. Imágenes no contractuales. Por bases y condiciones consultar en concesionario.",0,0,0
518,40000.0,"MADCARPEUGEOT 3008 HDI GT-LINE UNICA MANOSOLAMENTE 40.000 KMTODOS LOS SERVICE REALIZADOS EN TIEMPO Y FORMA EN PEUGEOT OFICIALDIGNO DE VERSIN DETALLES NI DESGASTESPODES ESCANEARLO, PROBARLOGARANTIA DE 3 MESESNO TE LO PIERDASTOMAMOS TU USADO Y FINANCIAMOS HASTA EL 60% DEL VALOR TASA FIJA EN PESOSAV GUILLERMO UDAONDO 1280 CABA A METROS DE RIVERCOORDINAR CITA",0,0,0
521,30000.0,"BMW X1 18i Sdrive 150cv, sin detalles, 30.000km comprobables, service oficiales hasta que venció la garantía.",0,0,0
527,89000.0,"Soy TITULAR y Particular - gomas nuevas, bateria recien colocada VTV vende en agosto- sin detalles - excelente estado - Agencias abstenerse - podria recibir auto de menor valor que me sirva. Soy jubilado. Auto impecable",0,0,0
539,103000.0,"Único dueño.Sin detalles , choques ni ralladuras .Estado impecable.Posibilidad de financiar una parte.",0,0,0
558,51400.0,"¿Estás listo para darle un giro a tu conducción? Descubrí la excelencia de los vehículos de Autoctiy Usados. Ofrecemos una amplia gama de opciones de financiamiento diseñadas para adaptarse a tus necesidades individuales, además de la posibilidad de usar tu auto actual como parte de pago.Solo ofrecemos vehículos del 2010 en adelante, con menos de 130,000 kms recorridos y sin historial de daños estructurales.*BENEFICIOS CON AUTOCTIY USADOS:INSPECCIÓN Y GARANTÍA MECÁNICA (ISO9001): En Autoctiy Usados, la calidad es nuestra prioridad. Nuestros vehículos pasan por una exhaustiva inspección de 240 puntos realizada por nuestro equipo de expertos. Además, cuentan con kilometraje verificado y una garantía mecánica de 3 meses.*PRÓXIMOS PASOS:Contáctanos para programar una visita o reservar el vehículo de tu interés.MÉTODOS DE PAGO:    • FINANCIACIÓN A MEDIDA: Accede al auto de tus sueños con nuestro plan de financiamiento personalizado, con opciones de hasta 60 cuotas fijas.    • DEJA TU AUTO COMO PARTE DE PAGO: Cambia tu vehículo actual por uno de Autoctiy Usados.    • PAGO AL CONTADO: Realiza tu pago mediante transferencia bancaria o depósito, en pesos o dólares.¡Viví tu experiencia Autocity!",0,0,0
560,304226.0,Segunda Mano - kilómetros hechos en ruta - 4 gomas nuevas - cambios de aceite y filtros en tiempo y forma - no se aceptan permutas - interior y exterior con detalles de uso.,1,0,0
570,155000.0,"TITULAR AL DÍAECOSPORT 2006 4WD155mil KMMUY BUEN ESTADOINTERIOR IMPECABLEExcelente andar4x4 funciona perfectoPróximo Service 160mil kmVTV al día Grabado de autopartesTapizado de cuero original de fabrica Fundas de cuero hechas a medida para proteger tapizado originalDeflector de capot Se le cambió BateríaAceite de diferencialesCubiertas casi nuevasBomba de agua Poly V y tensor Abril 2025Burletes nuevos de puertas y baúl Abril 2025 Disco de frenos delanteros y pastillas nuevos Mayo 2025Rectificación campanas, cintas y cambio de cilindros de freno Mayo 2025Bujías y cable de bujías nuevos Mayo 2025",0,0,0
571,16750.0,UNIDAD EN STOCK ONLINE. Coordinar la visita previamente.Tomamos mayor y menor valor. Su consulta no molesta.NISSAN KICKSVERSION X-PLAYCAJA AUTOMATICAMOTOR 1.616.000 KMEDICION LIMITADA VERSION DEPORTIVAUNICA DUEÑASomos BROTHERS DRIVE CARS.Asesoramiento especializado.Atención personalizada.Permutas MAYOR Y MENOR VALOR.Consignaciones SIN QUE LO DEJES DE USAR.Financiación en cuotas FIJAS Y EN PESOS (LO ARMAMOS A TU MEDIDA)Gestoría integral del automotor.Broker de seguros#somosconfianza #brothersforlife,0,0,0
578,135000.0,"Duster Privilege 2.0 modelo 2011, aire acondicionado,  levantavidrios eléctrico,  computadora,  cierre centralizado,  alarma,  comando de radio a distancia,  135mil km, no permuto.  Detalle en guardabarro como indica la foto.",1,0,0
585,96300.0,"Somos CarrosAutomores, nuestra sucursal se encuentra en Hurlingham a una cuadra de la plaza central, ofrecemos todo lo necesario para que se sienta cómodo con nuestro servicio.También aceptamos tu auto en forma de pago...¡Experimenta el lujo y la versatilidad con el Peugeot 2008 1.6 2017!Sumérgete en un mundo de elegancia con su diseño moderno y aerodinámico que no pasa desapercibido en la carretera. Equipado con un motor 1.6 litros que combina potencia y eficiencia, te ofrece un rendimiento excepcional en cada viaje.Disfruta de la tecnología avanzada a bordo, desde su sistema de infoentretenimiento hasta la conectividad Bluetooth, que te mantiene conectado en todo momento. Además, con los controles de audio en el volante, tendrás todo al alcance de tus manos.Más que un vehículo, el Peugeot 2008 1.6 2017 es tu refugio seguro en la carretera. Con características de seguridad como control de estabilidad y frenos antibloqueo (ABS), puedes conducir con confianza y tranquilidad.Y no podemos olvidar su interior espacioso y versátil, con asientos plegables que te brindan la flexibilidad que necesitas para tus aventuras diarias.¡Ven a nuestra concesionaria y descubre todo lo que el Peugeot 2008 1.6 2017 tiene para ofrecerte! Tu próxima aventura está a solo un paso de distancia.Saludos CarroAutomotes ""NOSOTROS TE AYUDAMOS A CUMPLIR TUS SUEÑOS "".",0,0,0
586,40000.0,VENDOTAOS BI-TONO 2023 VOLANTE Y CLIMTATIZADOR TOUCHIMPECABLE ESTADOSERVICES OFICIALESUNICA MANOPINTURA DE FABRICASIN DETALLESMANUALES Y COPIA DE LLAVESE ENTREGA UNICAMENTE TRANSFERIDA AL DIAACEPTO PERMUTA DE MI INTERES,0,0,0
602,41500.0,Bestcar Automotores--------------------------------------------------------------------------------------------------------------------------Contado $ 19.500.000Anticipo $ 9.700.000 + Gastos24 X $ 970.00036 X $ 550.00048 X $ 460.000Excelente unidadSin detallesTodo al díaTomo usados ( Pago mas)--------------------------------------------------------------------------------------------------------------------------Somos una Empresa dedicada a la venta de autos usados seleccionados.Créditos prendarios con la mejor tasa del mercado.Gestoría integral para brindar una compra ágil y segura.,0,0,0
603,176000.0,"km reales... sin detalles neumaticos, carroceria, mecanica e interior optimosacepto permuta anticipo %50 el resto hasta 48 cuotas fijas SOMOS RULO AUTOS... MAS DE 39 AÑOS DE TRAYECTORIA EN EL MERCADO AUTOMOTOR NOS AVALAN...",0,0,0
616,56000.0,"Excelente, sin detalles. Cubiertas nuevas.",0,0,0
630,103000.0,"EcoSport , nafta, full, excelente, caja manual año 2018FINANCIO..!!!, permutas.Ctdo efectivo $20.990.000Podes hacer una entrega de $8.990.000 y 36 x $750.000 Fijas en pesos.También podes retirarlo con $8.990.000 y 36 cuotas de $470.000 ajustable en pesos.Solo con DNITomamos permutas.Crédito ágil, solo DNI (no se necesita recibo de sueldo) y en 72hs. retiras la unidad.Vehículo y documentación verificada.La mejor tasa de financiación !!!20 años de trayectoria...Mónaco AutomotoresRosario",0,0,0
638,86000.0,"Se trata de la versión BMW X1 motor 2.0 SDRIVE 4 x4 con 231 cv , en excelente estado sin detalles y con todos sus servicios oficiales realizados en Agencia oficial. Documentación al día , listo para transferir . Precio publicado contado . Precio permuta Usd 39,000",0,0,0
640,79000.0,"JEEP COMPASS LIMITED AT9 4x4Unica con pantalla mas grande Full bluetooth sin cable, con gpsTapizado de cueroPorton electricoCaja automatica de 9 marchasOpciones de 4x4 como arena, lodo, nieveAuxilio SIN RODARPolarizado de Seguridad antivandálicoTuercas de SeguridadGrabado de autopartesService Oficiales, ultimo hace 3 mil kmNeumaticos Pirelli Scorpion cambiados en 2024VTV vigenteSIN DETALLESDigna de VerConsidero que no hay otra igual",0,0,0
649,8000.0,"Chevrolet Tracker LT AT 2024 - ¡Solo 8.000 km! Como nuevaVendo Chevrolet Tracker 2024, versión LT automática, con motor 1.2 Turbo.Solo 8.000 km reales, único dueño. Guardada en garage cerrado desde el primer día. ¡Todavía tiene olor a nuevo!Características destacadas: • Motor 1.2 Turbo para un excelente rendimiento y potencia • Apple CarPlay y Android Auto • Encendido y apagado remoto desde el celular • Localizador satelital con bloqueo de motor desde el teléfono en caso de robo • Sistema de seguridad en caso de choque: la camioneta detecta el impacto y envía aviso automático a emergencias • Interior como recién sacado de la concesionaria • Sin detalles, sin reparaciones • Papeles al día, lista para transferirUbicación: Mar del PlataPrecio: USD 26.000Una oportunidad única para quien busca un vehículo 0km, con tecnología, confort y seguridad total, sin la espera de concesionaria.",0,0,0
652,90000.0,"CONCESIONARIO OFICIAL NAVEMOTORSCALIDAD Y SERVICIO QUE MARCAN LA DIFERENCIA                        - Financiación Parcial (cuotas fijas o UVA)- SOLO CON DNI- Recibimos tu vehiculo como parte de pago- Cotización y presupuestos online. ¡¡¡ENTREGA INMEDIATA GARANTIZADA!!!-Trabajamos con usados seleccionados con garantía.-contamos con amplio stock físico.-No es plan de ahorro (Solo venta convencional).Ofrecemos toda la línea completa en 0KM como concesionario oficial de:RENAULT - FIAT - CITROEN - PEUGEOT - JEEPConsulta con nosotros para obtener más detalles sobre esta operación y el precio asociado.En nuestro concesionario oficial, nos dedicamos a proporcionar una experiencia integral, asegurando la satisfacción de nuestros clientes. ¡Comunícate con nosotros!",0,0,0
662,85000.0,Murano -4 cubiertas nuevas - no tiene detalle alguno - muy pocos km - la camioneta es año 2014 - y patentada ósea inscripta en el 2018 - único dueño - tomo menor valor - para verla solo en bella vista de lunes a sábado - tranf obligatoria ( se financia ),0,0,0
682,40000.0,"El auto esta flamante, no tiene ningún detalle. Soy el titular. Particular. Podría aceptar permuta de mi interés. Me gusta la Fiat Toro pero evalúo todo.",0,0,0
688,75800.0,"¿Estás listo para darle un giro a tu conducción? Descubrí la excelencia de los vehículos de Autoctiy Usados. Ofrecemos una amplia gama de opciones de financiamiento diseñadas para adaptarse a tus necesidades individuales, además de la posibilidad de usar tu auto actual como parte de pago.Solo ofrecemos vehículos del 2010 en adelante, con menos de 130,000 kms recorridos y sin historial de daños estructurales.*BENEFICIOS CON AUTOCTIY USADOS:INSPECCIÓN Y GARANTÍA MECÁNICA (ISO9001): En Autoctiy Usados, la calidad es nuestra prioridad. Nuestros vehículos pasan por una exhaustiva inspección de 240 puntos realizada por nuestro equipo de expertos. Además, cuentan con kilometraje verificado y una garantía mecánica de 3 meses.*PRÓXIMOS PASOS:Contáctanos para programar una visita o reservar el vehículo de tu interés.MÉTODOS DE PAGO:    • FINANCIACIÓN A MEDIDA: Accede al auto de tus sueños con nuestro plan de financiamiento personalizado, con opciones de hasta 60 cuotas fijas.    • DEJA TU AUTO COMO PARTE DE PAGO: Cambia tu vehículo actual por uno de Autoctiy Usados.    • PAGO AL CONTADO: Realiza tu pago mediante transferencia bancaria o depósito, en pesos o dólares.¡Viví tu experiencia Autocity!",0,0,0
691,72000.0,"VENDO O PERMUTO MAYOR VALORTITULARCADENERA4 CUBIERTAS NUEVAS (2 se cambiaron en julio pasado y las otras 2 en abril de este año, antes de publicarlo)NADA QUE HACERLEEN MUY BUEN ESTADOLIBRE DE DEUDAS SOY PARTICULAR",0,0,0
696,69700.0,PARA VER VIDEO DE LA UNIDAD LUEGO DE LA ÚLTIMA FOTO o SE LO ENVIAMOS.VERSIÓN SPORT.4X2 CAJA MANUAL DE 6 MARCHASMOTOR 2.4 DE 174 HP DE POTENCIA.LLANTAS DIAMANTADAS BI-TONO.SENSORES DE ESTACIONAMIENTO.CÁMARA DE RETROCESO.PRIMER TITULAR GENTE GRANDE (Demostrable en documentación).FLAMANTE ESTADO ORIGINAL SIN DETALLES.CUBIERTAS NUEVAS. AUXILIO SIN RODAR CON LLANTA ORIGINAL.LLANTAS SIN RASPONES NI DAÑOS.VTV AL DÍA.PINTURA DE FÁBRICA.MAYORÍA DE KILOMETRAJE AUTOPISTA. NO DENOTA DESGASTE.SIEMPRE EN COCHERA.OPORTUNIDAD POR ESTADO/MANTENIMIENTO Y VALOR DE CONTADO.PRECIO NO NEGOCIABLE. NO INSISTA.VEHÍCULO GARANTIZADO. NO PERDERÁ SU TIEMPO.***********************TOMAMOS VEHÍCULOS EN PARTE DE PAGO.DOCUMENTACIÓN GARANTIZADA Y LISTA PARA TRANSFERENCIA DOMINIAL.FINANCIACIÓN CON DNI CRÉDITO PRENDARIO.**********************CONCESIONARIO HABILITADO Y SOCIO DE LA CÁMARA DE COMERCIO AUTOMOTOR.COMPRA SEGURA.,0,0,0
716,110000.0,"* MERCEDES BENZ GLC 300 *Modelo 2018KM 110000PACK AMGEstado impecable / Único dueño / service oficiales Accesorios adicionales Estribos originales Mercedes Benz ConfortClimatizador automático bi-zonaApertura y cierre eléctrico de portónAlarma e inmovilizador de motorEspejos exteriores eléctricosEspejos exteriores rebatibles eléctricamenteVolante multifunciónBoton (start/stop) de encendido de motor sin llave.Asientos delanteros con ajustes electrónicos y memoriasAsiento conductor con ajuste lumbarTapizado de cueroTecho corredizo panorámico Faros traseros tipo LEDControl de descenso de pendienteSistema de asistencia al arranque en pendientes (HLA)Asistente automático Llave de reconocimiento a distancia al conductorMultimediaReproductor de radio AM/FM con cargador para CDPuerto USBBluetoothPantalla delantera multifunción con navegador satelital (GPS)Conexión auxiliarReproductor de DVDExteriorLlantas de aleación liviana: 19Barras portaequipajes en el techoMolduras cromadasLuces integrales de LEDEspejos exteriores anti-deslumbrantesSeguridad Airbags (7) delanteros, laterales delanteros, de cortina y para rodillas del conductorSistema de frenos ABS (antibloqueo), EBD (distribución de la fuerza del frenado electrónicamente), asistencia al frenado de emergencia (BAS)Control de estabilidad (ESP)Control de tracción (TCS)Asistente sonoro para el estacionamientoCámara posterior visualizadora del retrocesoNeumáticos Run FlatSistema de luces anti encandilamientoDetector de fatiga",0,0,0
734,15000.0,"Titular Vende Ford ECO Sport SE 2.0 M~2018 con 15.000 km REALES. NO SE PERMUTASe aceptan Dolares o Pesos ( cotización del Día)Digna de ver y probar Sin detalles, Servis en tiempo y formaBateria nueva Moura Impuestos al día",0,0,0
737,150000.0,Tapizado de cuero. Con detalles asiento del conductor. Única mano! Kilómetros reales.,1,0,0
744,126000.0,"Peugeot 2008 1.6 Allure Tiptronic – Año 2017 – Blanco – 126.000 km – Caja AutomáticaEl Peugeot 2008 combina el diseño de un hatch con la funcionalidad de un SUV compacto. Esta versión Allure con caja automática Tiptronic ofrece confort, buena respuesta en ciudad y ruta, y un excelente equipamiento. Ideal para quienes buscan un vehículo moderno, práctico y versátil.Características Generales:	•	Año: 2017	•	Versión: Allure	•	Motor: 1.6 litros, 115 CV	•	Transmisión: Automática Tiptronic de 6 velocidades	•	Tracción: Delantera	•	Color: Blanco	•	Kilometraje: 126.000 km	•	5 puertas – 5 plazasEquipamiento Destacado:	•	Climatizador automático	•	Sistema multimedia con pantalla táctil	•	Bluetooth, USB y entrada auxiliar	•	Computadora de a bordo	•	Control de velocidad crucero	•	Sensores de estacionamiento traseros	•	Llantas de aleación	•	Control de estabilidad (ESP) y tracción (ASR)	•	Doble airbag frontal + airbags laterales	•	Frenos ABS con repartidor electrónico de frenado (EBD)	•	Faros antiniebla delanteros y traseros	•	Espejos eléctricos	•	Cierre centralizado y alarma	•	Alzacristales eléctricos en las 4 puertasEstado General:	•	Mantenimiento al día	•	Interior prolijo y confortable	•	Carrocería bien conservada, sin detalles importantes	•	Documentación al día, lista para transferirUna opción ideal para quienes buscan un SUV compacto confiable, con estilo moderno y buena relación precio/equipamiento.Consultanos para más info o para coordinar una visita.",0,0,0
748,13000.0,TITULAR ÚNICO DUEÑO DE 0kmLa camioneta tiene 13.000 km Uso siempre familiarNO TIENE NI UN DETALLE. Esta igual a una 0km sumado a que tiene un tratamiento acrílico recién hecho.Pintura sin detalles.Zona san Martín centroNo me interesan planes ni 0km.,0,0,0
749,62204.0,"Neumáticos Continental.Pantalla multimedia tactil 7¨ (Apple CarPlay/Android Auto).Airbags frontales.Con detalles esteticos.¿Cómo es comprar y vender en CARMUV?Fácil, rápido, seguro y transparenteCOMPRA CON GARANTIASElegís y comparas los autos que quierasReserva tu auto favoritoLo podes financiar con créditos personales BANCORRecibimos como parte de pago tu auto de menor y/ o mayor valorTe llevas un auto con garantía, certificado e inspeccionado por especialistasSomos CARMUV una empresa de GRUPO TAGLE dedicada a la compra y venta de vehículos 100% digitalEncontramos en Instagram como @carmuv_autos",1,0,0
753,195000.0,Renault Koleos Dynamique Plus 2.5 CVT 4X4192000 KmCaja CVTMotor 2.5 NaftaClimatizador bizonaAsientos traseros regulablesTecho Solar EnteroTodo funcionando perfectoDiscos de Frenos delanteros nuevosService de caja hecho a los 183000 KMLlanta de auxilio de aleaciónCubiertas en excelente estadoNada para hacerle!,0,0,0
773,31900.0,"Inmejorable, excelente estado, sin detalles Accesorios agregados cobertor rígido de rueda de auxilio, chapon cubre cárter,barreros y porta equipaje, todo originales de Ford y estribos Bracco.Tratamiemto acrílico y polarizado antibandalico 3 M.Auxilio sin rodar.Siempre lavado artesanal para cuidar el tratamiento que tiene, solo guardada bajo techo.Lista para transferir, VTV vigente.",0,0,0
776,40000.0,X1 sin detalles ni choques. Muy cuidada 40.000 kms reales. Pantalla con CarPlay Techo panorámico Dos llaves originales. Modo eco - normal y sport Levas Motor grande 200hp Cubiertas Run FlatPolarizado Antibandalico,0,0,0
784,135000.0,"Excelente camioneta 4x4 muy cuidada no hay que hacerle nada anda todo bien, tiene en interior muy cuidado solo algún detalle en el asiento por el descargaste del cuero. Pocos detalles de carrocería todo para mejorar con un poco de amor. La camioneta es un caño y es muy fachera está bien de pintura y de mecaninca y en general. No acepto permutas",1,0,0
815,18000.0,"---------------------------------------------------------PANNUNZIO JOSE E HIJOS--------------------------------------------------------VW Taos Highline 250TSI At 2024 ---TOMAMOS PERMUTAS, CONSULTENOS ----LINEA NUEVA, LLantas 19"",  Sensores de estacionamiento laterales, Estacionamiento Asisitido, Camara de colisiones delantera y trasera, Reconocimiento de Carril, Volante Digital, Climatizdor Digital y masImpecable, sin detalles y con Garantia Oficial VWTOMAMOS PERMUTAS, CONSULTENOS -------------------------------------------------------------------------------------------------------",0,0,0
832,105000.0,"RENAULT DUSTER 1.6 16v 2015UNICO DUEÑO / 105.000KM / IMPECABLE/////// Comprá seguro, sin problemas y de manera simple \\\\\\\Somos AltaGamaAutos, tenemos locales físicos a la calle desde el año 2008. ¡NO VENDEMOS PROBLEMAS! Podes ver nuestra reputación en google maps. Todos nuestros vehículos están inspeccionados y certificados.* Nos ocupamos de todos los tramites, contamos con gestoría propia* Aceptamos permutasEstamos en Mar del Plata, sobre avenida colon a 15 cuadras de av. Champagnat para el lado de la costa.* El precio es el publicado",0,0,0
842,95100.0,"¿Estás listo para darle un giro a tu conducción? Descubrí la excelencia de los vehículos de Autoctiy Usados. Ofrecemos una amplia gama de opciones de financiamiento diseñadas para adaptarse a tus necesidades individuales, además de la posibilidad de usar tu auto actual como parte de pago.Solo ofrecemos vehículos del 2010 en adelante, con menos de 130,000 kms recorridos y sin historial de daños estructurales.*BENEFICIOS CON AUTOCTIY USADOS:INSPECCIÓN Y GARANTÍA MECÁNICA (ISO9001): En Autoctiy Usados, la calidad es nuestra prioridad. Nuestros vehículos pasan por una exhaustiva inspección de 240 puntos realizada por nuestro equipo de expertos. Además, cuentan con kilometraje verificado y una garantía mecánica de 3 meses.*PRÓXIMOS PASOS:Contáctanos para programar una visita o reservar el vehículo de tu interés.MÉTODOS DE PAGO:  • FINANCIACIÓN A MEDIDA: Accede al auto de tus sueños con nuestro plan de financiamiento personalizado, con opciones de hasta 60 cuotas fijas.  • DEJA TU AUTO COMO PARTE DE PAGO: Cambia tu vehículo actual por uno de Autoctiy Usados.  • PAGO AL CONTADO: Realiza tu pago mediante transferencia bancaria o depósito, en pesos o dólares.¡Viví tu experiencia Autocity!",0,0,0
857,99000.0,"BMW X1 2.0 Sdrive 20i Active 184cv 2013- Único dueño- Excelente estado, sin detalles- Start/Stop- Cuero, techo y sensores de estacionamiento - Documentación al día, listo para transferir",0,0,0
859,31500.0,"BETA AUTOMOTORESConcesionario Oficial Chevrolet Líder en ventas y calidad de atención, la opinión de nuestros clientes y 27 años en la marca, nos avala. ***Solo vendemos usados seleccionados***¡SUPER OPORTUNIDAD POR PRECIO Y ESTADO!                        **NOVEDADES DE FEBRERO***¡¡¡NUEVA FINANCIACION EXCLUSIVA PARA USADOS, CON UNA TASA FIJA DEL 29% ANUAL!!! SI, FIJA Y DESDE EL 29% ANUAL (LE GANAS AMPLIAMENTE A LA INFLACIÓN). Y EXCLUSIVA, PORQUE SOLO NOSOTROS TE LA PODEMOS OFRECER, YA QUE ES DE CHEVROLET GPAT PARA LOS VEHICULOS USADOS DE TODAS LAS MARCAS QUE OFRECEMOS.¡SOLO POR CUPOS LIMITADOS, CONSULTA AHORA!EL VEHICULO-Se encuentra en inmejorable estado ya que está muy cuidado, y posee todos los service al día. Cada vehículo que entra y sale a la venta en nuestro concesionario, pasa por un exhaustivo chequeo realizado por nuestros técnicos, luego se selecciona y se exhibe.-Posee vtv al día, grabado de autopartes, informes de dominio y de infracciones, verificación policial, manuales, 2da llave, etc.LA DOCUMENTACIONNuestra área administrativa se encarga de que la documentación este al día, completa y lista, para que puedas hacer el trámite de transferencia de manera inmediata, y sin necesitar intermediarios. Además te acompañan y asesoran en el proceso de solicitud de tramites. FORMAS DE PAGO-Permutamos por tu vehículo usado. ¡Cotiza en línea, ahora! -Recibimos dólares y los pagamos al mejor precio de mercado, para una compra mas segura, sin que tengas que buscar lugar, y cambiarlos vos.-CREDITOS CHEVROLET GPAT (para usados multimarca)Financiamos a tasa 0% ajustable, y fija solo con DNI, sin comprobar ingresos. Aprobación inmediata. ¡Consúltanos en línea ahora, con tu DNI!",0,0,0
901,99600.0,"¿Estás listo para darle un giro a tu conducción? Descubrí la excelencia de los vehículos de Autoctiy Usados. Ofrecemos una amplia gama de opciones de financiamiento diseñadas para adaptarse a tus necesidades individuales, además de la posibilidad de usar tu auto actual como parte de pago.Solo ofrecemos vehículos del 2010 en adelante, con menos de 130,000 kms recorridos y sin historial de daños estructurales.*BENEFICIOS CON AUTOCTIY USADOS:INSPECCIÓN Y GARANTÍA MECÁNICA (ISO9001): En Autoctiy Usados, la calidad es nuestra prioridad. Nuestros vehículos pasan por una exhaustiva inspección de 240 puntos realizada por nuestro equipo de expertos. Además, cuentan con kilometraje verificado y una garantía mecánica de 3 meses.*PRÓXIMOS PASOS:Contáctanos para programar una visita o reservar el vehículo de tu interés.MÉTODOS DE PAGO:    • FINANCIACIÓN A MEDIDA: Accede al auto de tus sueños con nuestro plan de financiamiento personalizado, con opciones de hasta 60 cuotas fijas.    • DEJA TU AUTO COMO PARTE DE PAGO: Cambia tu vehículo actual por uno de Autoctiy Usados.    • PAGO AL CONTADO: Realiza tu pago mediante transferencia bancaria o depósito, en pesos o dólares.¡Viví tu experiencia Autocity!",0,0,0
916,144000.0,"MARCA FORDMODELO ECOSPORT VERSIÓN S NAFTA CON GNCAÑO 2017KM 144.000CONSULTA AQUÍ POR CRÉDITOS BANCOR CRÉDITOS SANTANDER Y FINANCIACIÓN PROPIA DE LA CASA A MEDIDA DEL CLIENTEMEGA CARS AUTOMOTORESENTREGA INMEDIATA… EN EL DIA!!!Si el vehículo le interesó no dude en escribirnos o llamarnos para coordinar una cita y que usted pueda no solo venir a ver y revisar la unidad sino también realizar un test drive con el mismo. TODOS NUESTROS VEHÍCULOS ESTAN A SU ENTERA DISPOSICIÓN PARA QUE LOS PRUEBE, HAGA REVISAR CON SU MECANICO DE CONFIANZA O LO QUE A USTED LE PAREZCA NECESARIO PARA SU TRANQUILIDAD. Recibimos su usado en excelente precio, Financiación a medida - Distintas formas de pago.-  ————————————————————————————— Somos una agencia ícono en Córdoba capital, ubicados en el corazón del parque de venta automotriz Contamos con gran variedad de vehículos usados y cero km con entrega inmediata brindando al cliente todo lo que necesita para su tranquilidad y una operación segura y sencilla.Muchísimas gracias por elegirnos!FRANCO VACCARI",0,0,0
917,22300.0,"VENDO NISSAN KICKS EXCLUSIVE CVT 2021. ÚNICO DUEÑO. SERVICES OFICIALES. CUBIERTAS ORIGINALES DE FÁBRICA. BATERÍA NUEVA. AUXILIO SIN RODAR. EN EXCELENTES CONDICIONES ESTÉTICAS. SIEMPRE GUARDADA EN GARAGE. LISTO PARA TRANSFERIR Y DISFRUTAR!ACEPTAMOS DÓLARES O EUROS A COTIZACIÓN JUSTA REAL DE MERCADO, ACEPTAMOS PERMUTAS DE MAYOR O MENOR VALOR Y TAMBIÉN FINANCIAMOS.EL AUTOMÓVIL CUENTA CON DUPLICADO DE LLAVE, MANUALES, CRIQUE, LLAVE DE RUEDA, BALIZAS, MATAFUEGOS Y AUXILIO ORIGINAL, TAL COMO SALIÓ DE FÁBRICA EN 2021.—————ACERCA DE LA COMPRA Y LA TRANSFERENCIA DEL VEHÍCULO———EL COSTO DE LA TRANSFERENCIA DE TITULARIDAD DE ESTE VEHÍCULO ES DE $1.686.373. ESTE IMPORTE INCLUYE FIRMAS Y LEGALIZACIÓN EN ESCRIBANÍA, Y CUALQUIER OTRO TRÁMITE REGISTRAL QUE SEA NECESARIO. EL IMPORTE MENCIONADO ES FINAL Y NO HAY NINGÚN OTRO GASTO NI COSTO OCULTO.EL PROCEDIMIENTO DE COMPRA ES EL SIGUIENTE:1) USTED COORDINA UNA CITA Y SE ACERCA A VER Y PROBAR EL AUTOMÓVIL, Y SI LE GUSTA, PUEDE RESERVARLO EN EL MOMENTO CON $400.000.2) LUEGO, USTED TENDRÁ 7 DÍAS CORRIDOS PARA ACERCARSE A ABONAR EL VALOR DEL VEHÍCULO Y EL COSTO DE LA TRANSFERENCIA Y FIRMAR EN ESCRIBANÍA LA DOCUMENTACIÓN NECESARIA. ESE MISMO DÍA YA PODRÁ RETIRAR EN EL ACTO LA UNIDAD. NUESTRO PRODUCTOR LE PUEDE GENERAR UN SEGURO DEL AUTOMÓVIL, O BIEN PUEDE TRAER EL SUYO.3) AL CABO DE 7 DÍAS, NUESTRO EQUIPO DE GESTORES SE CONTACTARÁ CON USTED PARA HACERLE LLEGAR LA DOCUMENTACIÓN PERTINENTE.——ACERCA DE PUGLIA AUTO CONCESIONARIA OFICIAL MULTIMARCA——LA CONCESIONARIA FUE FUNDADA EN 1973 Y HA FUNCIONADO SIN INTERRUPCIÓN DESDE ESE ENTONCES POR CASI 5 DÉCADAS. LOS CIMIENTOS FUNDAMENTALES FUERON SIEMPRE LOS MISMOS:1) SOLO VEHÍCULOS DE CALIDAD VERIFICADOS, HASTA 10 AÑOS DE ANTIGÜEDAD E IDEALMENTE CON MENOS DE 100.000 KM. HACEMOS EXCEPCIONES, SOLO SI VALE LA PENA EL VEHÍCULO. NO COMPRAMOS NI VENDEMOS PROBLEMAS.2) TRANSPARENCIA Y VELOCIDAD EN EL TRÁMITE DE TRANSFERENCIA. SABEMOS LO IMPORTANTE QUE ES TENER LOS PAPELES EN REGLA, Y NOS OCUPAMOS DE QUE ASÍ SEA.SI USTED COMPRA CON NOSOTROS, POR FAVOR NO SE SORPRENDA SI RECIBE VARIAS ENCUESTAS TELEFÓNICAS DE NUESTRO EQUIPO DE AUDITORES A LO LARGO DEL PROCESO DE COMPRA. BUSCAMOS ASEGURARNOS LA MISMA EXPERIENCIA PARA CADA CLIENTE Y SOBRE TODO, QUE USTED QUEDE SATISFECHO Y VUELVA.LA CONCESIONARIA SE ENCUENTRA EN ALMAGRO (CAPITAL FEDERAL). (POR FAVOR, PEDIR LA DIRECCION EXACTA, POR POLITICA DE MERCADOLIBRE NO PODEMOS ANUNCIARLA AQUI).LOS ESPERAMOS!",0,0,0
921,66000.0,"Vendo jeep Renegade 1.8 Sport Plus Automática del año 2018 con tan solo 66.000 km !!! *Uso promedio 9.400 km anuales ! -*Muy cuidada desde 0km *Cubiertas en buen estado *Vtv recién hecha (vence 04/2026)*Grabado de autopartes y cristales *Verificación policial hecha *Duplicado de llaves y manuales *Interior y exterior impecable sin detalles ! *Ideal para pasear en familia y vacaciones ! *Verla es comprarla ! *Equipamiento y confort:Aire acondicionado (congela), dirección eléctrica, levanta cristales x4 , espejos eléctricos, pantalla multimedia con navegador y cámara retroceso. Sensores de estacionamiento, velocidad crucero, ABS, AIRBAGS y mucho confort de calidad ! *Se vende transferida en el registro automotor (costo a cargo del comprador)VENDO - PERMUTO Ricci Cars - Multimarca Encontranos en instagram como riccicars_Su consulta no molesta!",0,0,0
925,170000.0,Volswagen Touareg 2012 v6 fsi 3.6 Style - ¡IMPECABLE!Original estado sin choquesNafta 280 caballos Caja de octava Levas al volanteTapizado de cueroTecho CieloMuy mantenida ¡Impecable estado!110 mil Millas,0,0,0
933,214000.0,Funcionando en exelente estado de motor equipamiento tren delantero cubiertas seminuevas ! Detalles estéticos! No gravesAceite y filtros nuevos! Titular lista para transferir,1,0,0
943,105000.0,"Soy titular, tercer dueño. Service al dia con todos sus comprobantes. Sin detalles, pintura de fabrica. Cubiertas Run Flat con 5.000 km. Solo uso de fin de semana. NO PERMUTO",0,0,0
961,14607.0,"Cambiá tu auto o comprá uno semi nuevo en Kavak, compañía N°1 en venta online de autos usados en Latinoamérica. Contamos con distintos planes de financiamiento para adaptarse a tus necesidades, también podés dejar tu auto como parte de pago. Solo vendemos autos 2010 en adelante, con menos de 100.000 km, que nunca tuvieron daños estructurales ni GNC.------------------------------------------------------------->> Chevrolet Tracker 1.2 TURBO AT << 411568*BENEFICIOS KAVAK:Al comprar tu Auto Kavak contás con un PERÍODO DE PRUEBA DE 7 DÍAS o 300 KM. Si no te encantó, te devolvemos el 100% de tu dinero (incluida la transferencia)*INSPECCIÓN Y COBERTURA MECÁNICA: En Kavak, la calidad es lo más importante. Nuestros autos son mucho más que autos usados, son autos semi-nuevos reacondicionados que están revisados en 240 puntos por nuestro equipo de expertos, tienen todos los servicios al día, kilometraje real y cobertura mecánica Kavak de 3 meses con posibilidad de extensión a 1 año.*CONTRATÁ KAVAK TOTAL: Con Kavak Total tenés 9 meses adicionales de cobertura con tope según marca/modelo del auto en arreglos, en motor, transmisión, tracción delantera y trasera, batería, embrague y correa o cadena de distribución. Cuidar tu auto puede ser tan fácil como manejarlo.PRÓXIMOS PASOS:Consúltanos para agendar una visita y/o reservar tu auto de interés.*MÉTODOS DE PAGO:- FINANCIAMOS TU COMPRA: Podés acceder al auto de tus sueños con nuestro plan de financiamiento hecho a tu medida. Financialo en hasta 60 cuotas fijas.- DEJÁ TU AUTO COMO PARTE DE PAGO: Cambiá tu auto por uno Kavak.- AL CONTADO: Pagá vía transferencia bancaria o deposito. Podés pagar en pesos o en dólares.Para mayor información visitá nuestro sitio.*Ver términos y condiciones en Compra y Venta de Autos Usados en Argentina con Garantia",0,0,0
1019,48000.0,Sin detalles.48 mil kmTodo originalTuercas de seguridad. Mariposero Toyota. Cubre alfombra antiderrame baúl Toyota original,0,0,0
1026,191000.0,"Soy titular, segundo dueño. 4x4, esp, nafta, DISTRIBUCIÓN Y EMBRAGUE HECHOS! (05/2023) 2 cubiertas 80% y 2 al 50%, detalles a la vista, 200.000 km, aire, cierre... funciona todo. Se puede ver por San Vicente o LanúsPosible permuta por vehículo turbo diesel o naftero de motor chico de mi interés. NO ME INTERESA NINGÚN PLAN DE AHORRO!!!El valor en permuta no es el mismo!Entre patetentes y multas debe $200.000, ya descontados del valor publicadoVALOR PERMUTA : $10.000.000",1,0,0
1032,40000.0,"Autogringo Automotores------------------------------------------------------------------------------------------------------------------------!!!!!!!!!!!!!!!MEJOR CONTADO !!!!!!!!!!!!!!!!!Contado $ 22.900.000Anticipo $ 7.000.000 + Gastos24 X $ 980.000 36 X $ 730.000 48 X $ 620.000 Excelente unidadSin detallesTodo al díaTomo usados ( Pago mas)--------------------------------------------------------------------------------------------------------------------------Somos una empresa dedicada a la venta de autos usados seleccionados, nos destacamos por la atención personalizada, ya que contamos con un equipo de profesionales capacitados para brindar con seriedad el mejor asesoramiento.",0,0,0
1050,100562.0,"----------------------------------------------* { { LEER CON ATENCION } } *----------------------------------------------CONCESIONARIO HAUSWAGEN PILARRENAULT CAPTURE LIFE 1.6 MANUAL 2020 LEVES DETALLES Somos Hauswagen, más de 25 años avalan nuestra trayectoria.Somos la red de concesionarias Volkswagen más importante del País.Empresa de garantía y excelenciaAsesor ComercialGaston Rodriguez1140554490--------------------------------------------------------* Expertos en ventas a todo el país. Lo hacemos fácil y sencillo. (SOLO VENÍS A RETIRAR)*Tomamos a excelente precio su usado (tomamos autos radicados provincias)*Compra segura y confiable desde cualquier parte del país.Reserva a través de Mercado Libre que protege 100% de tu dinero hasta la entrega.",0,0,0
1057,35000.0,"BMW X6 M 575 CV 750 NM.Versión tope de gama M.- Servicios oficiales.- PPF trompa completa + tratamiento cerámico.- Sin detalles de ningún tipo, estado sobresaliente.- 4 cubiertas 0km recién colocadas.Máximo equipo:- Rodado 21"",- Audio Bang&Olufsen,- Cierre soft close,- Tapizado cuero merino,- Interior en fibra de carbono.La mejor realmente. Considero permutas menor valor de mi interés, únicamente vehículos.",0,0,0
1084,55000.0,UNICA MANO. LA MÁS FULL. SIN DETALLE. IMPECABLE ESTADO.-TOMO INFERIOR--FINANCIACIÓN FIJA EN PESOS SOLO CON DNI-,0,0,0
1090,85000.0,"Única mano. Excelente estado!! Todos los service realizados en Peugeot oficial. Todos los cambios de componentes por desgaste recomendados por el taller se fueron cambiaron siempre por los originales desde 0KM. Inclusive batería, escobillas, todo Peugeot. Muy cuidado, solamente le pongo nafta Shell. Vidrios con laminado de seguridad. Model full. Techo panorámico Control crucero adaptativo Frenado de emergencia autónomo. Control y corrección de carril Estacionamiento automático! Butaca conductor eléctrica con 2 memorias Butacas delanteras calefaccionadas con masajes! Faros delanteros bi-xenón con ajuste automático Cámara reversa Car Play / Android GPS integrado en sistema Alfombras de goma y de felpudo originales. Rueda de auxilio casi sin rodar. Se puede ver en San Isidro o en barrio cerrado en General Pacheco. Consultas bienvenidas.",0,0,0
1100,130000.0,"RYO AUTOMOTORES - Tu mejor opción para compra y venta de autos en una sola Agencia Multimarca.¿Buscas comprar o vender un auto de manera rápida y segura? En RYO AUTOMOTORES, te brindamos la solución perfecta. Nuestra agencia te ofrece una experiencia sin complicaciones, rápida y confiable para satisfacer tus necesidades.Con nosotros, podrás encontrar autos de calidad, completamente libres de multas y sin riesgo de fraude. Ya sea que estés buscando tu próximo vehículo o quieras vender el tuyo, en RYO AUTOMOTORES hacemos que el proceso sea fácil y seguro.¿Necesitas financiación? No te preocupes, con tan solo tu DNI podrás acceder a opciones de financiamiento. Nuestro objetivo es simplificar cada paso para que puedas conducir el auto de tus sueños de la manera más conveniente.¿Estás listo para vender tu auto? ¡Estamos aquí para ayudarte! Contáctanos y descubrí por qué somos tu mejor opción. Ofrecemos las tasas más bajas del mercado, asegurándote la mejor oferta.No dudes en solicitar más información.¡Hacé clic en ""Preguntar"" o contáctanos a través de Whatsapp! En RYO AUTOMOTORES, estamos comprometidos a hacer que tu experiencia de compra y venta sea excepcional.",0,0,0
1101,224000.0,"Kia sorento 2.5 diésel 170cv 4x4 manual.Muy cuidada y completa lista para usar, service realizados en tiempo y forma.Papeles al día Mecánica excelenteDetalles de estética mínimos",0,0,0
1105,176000.0,Eco sports 2006 2.0 nafta precio a charlar ya q  tiene algunos detalles  en la chapa titular no tiene deudas,1,0,0
1114,70000.0,"Nissan Kicks Sense CVTEs un Suv compacto que destaca por su diseño moderno, eficiencia de combustible y tecnología.Motor de 1.6 litros y 4 cilindros.Potencia de 120 caballos de fuerza.Transmisión CVT (Transmisión Variable Continua).Tecnología:Compatibilidad con Android Auto y Apple CarPlay.Pantalla táctil para el sistema de infoentretenimiento.Llave inteligente presencial (i-key) y botón de encendido (Push Start Button)Seguridad:6 AirbagsControl Dinámico del Vehículo (VDC)El Kicks Sense CVT se posiciona como una opción ideal para quienes buscan un vehículo urbano, ágil y eficiente.Veni a conocerlo y manejarlo!Todos nuestros autos pasan por una inspección al máximo detalle. Dándote la tranquilidad que necesitas.Con California Cars» Comprá o vendé tu auto de manera fácil, rápida y de forma segura.» Autos libres de multas, sin riesgo de fraude» Opciones de financiación con la mejor tasa en CUOTAS FIJAS EN PESOS de los bancos más importantes de Argentina.» Veni a probarlo en nuestro exclusivo circuito privado.¡Hacé click en Preguntar o Whatsapp para tener asesoramiento detallado!Horarios de atención:Lunes a Sábados de 09hs a 18hs.Domingos cerrado.Parque industrial Polo HudsonAutopista Buenos Aires - La Plata, Km 30",0,0,0
1130,36900.0,"VOLKSWAGEN TAOS COMFORTLINE 250TSI 2021.MOTOR 1.4 TURBO - CAJA AUTOMÁTICA -.MODELO 2021 - ÚNICO DUEÑO DE OKM -- TODOS LOS SERVICIOS OFICIALES VW CON SU RESPECTIVO HISTORIAL -.( 36.900 KM REALES Y COMPROBABLES ). -- INMEJORABLE ESTADO GENERAL, SIN DETALLES, IGUAL A OKM - TOTALMENTE ORIGINAL. PINTURA DE FABRICA EN TODOS SUS PANELES. NO TIENE NINGÚN TIPO DE MARCA NI DETALLE EN LAS LLANTAS. MUY POCO USO -.-TRATAMIENTO EN LA PINTURA CON LOS MEJORES PRODUCTOS..PAPELES COMPLETAMENTE AL DÍA, POSEE: TODOS LOS MANUALES DE OKM, HISTORIAL DE SERVICIOS, ETC *- TODO SU KILOMETRAJE FUE HECHO EN RUTAEquipamiento:- PANTALLA MULTIMEDIA CON CARPLAY INALÁMBRICO- AIRE ACONDICIONADO- SENSOR DE ESTACIONAMIENTO- LLANTAS DE ALEACION- COMPUTADORA A BORDO- DIRECCION ASISTIDA- ALARMA- CIERRE CENTRALIZADO- POLARIZADOS ANTIVANDALICOS",0,0,0
1146,50000.0,"FAMILY CAR, una empresa familiar...- Ford EcoSport 2018 INMACULADA en muy buenas condiciones!Valor contado $21.000.000 O RETIRA CON ANTICIPO Y CUOTAS-Preguntar precio permuta.-Transferencia incluida en la financiación-Financiamos/Permutamos-Banco Santander Rio, Tasas preferenciales!-LLEVATE TU NUEVO AUTO TRANSFERIDO A TU NOMBRE!-GARANTIZAMOS LA DOCUMENTACION DE CADA UNIDAD.-ACEPTAMOS TU USADO, AL MEJOR PRECIO.-FINANCIAMOS POR BANCO SOLO CON DNI!-ÚNICO REQUISITO, NO POSEER ANTECEDENTES NEGATIVOS EN VERAZ.-APROBADO EN EL ACTO.-NUESTRO DEPARTAMENTO DE GESTORÍA, SE OCUPA DE TODO, PARA QUE CAMBIAR EL AUTO SEA FÁCIL.-ENTREGA A DOMICILIO,NO PODES VENIR A BUSCAR TU NUEVO VEHICULO? NOSOTROS TE LA LLEVAMOS...(Máximo 400km)",0,0,0
1160,23300.0,"¿Estás listo para darle un giro a tu conducción? Descubrí la excelencia de los vehículos de Autoctiy Usados. Ofrecemos una amplia gama de opciones de financiamiento diseñadas para adaptarse a tus necesidades individuales, además de la posibilidad de usar tu auto actual como parte de pago.Solo ofrecemos vehículos del 2010 en adelante, con menos de 130,000 kms recorridos y sin historial de daños estructurales.*BENEFICIOS CON AUTOCTIY USADOS:INSPECCIÓN Y GARANTÍA MECÁNICA (ISO9001): En Autoctiy Usados, la calidad es nuestra prioridad. Nuestros vehículos pasan por una exhaustiva inspección de 240 puntos realizada por nuestro equipo de expertos. Además, cuentan con kilometraje verificado y una garantía mecánica de 3 meses.*PRÓXIMOS PASOS:Contáctanos para programar una visita o reservar el vehículo de tu interés.MÉTODOS DE PAGO:    • FINANCIACIÓN A MEDIDA: Accede al auto de tus sueños con nuestro plan de financiamiento personalizado, con opciones de hasta 60 cuotas fijas.    • DEJA TU AUTO COMO PARTE DE PAGO: Cambia tu vehículo actual por uno de Autoctiy Usados.    • PAGO AL CONTADO: Realiza tu pago mediante transferencia bancaria o depósito, en pesos o dólares.¡Viví tu experiencia Autocity!",0,0,0
1168,22300.0,"VENDO NISSAN KICKS EXCLUSIVE CVT 2021. ÚNICO DUEÑO. SERVICES OFICIALES. CUBIERTAS ORIGINALES DE FÁBRICA. BATERÍA NUEVA. AUXILIO SIN RODAR. EN EXCELENTES CONDICIONES ESTÉTICAS. SIEMPRE GUARDADA EN GARAGE. LISTO PARA TRANSFERIR Y DISFRUTAR!ACEPTAMOS DÓLARES O EUROS A COTIZACIÓN JUSTA REAL DE MERCADO, ACEPTAMOS PERMUTAS DE MAYOR O MENOR VALOR Y TAMBIÉN FINANCIAMOS.EL AUTOMÓVIL CUENTA CON DUPLICADO DE LLAVE, MANUALES, CRIQUE, LLAVE DE RUEDA, BALIZAS, MATAFUEGOS Y AUXILIO ORIGINAL, TAL COMO SALIÓ DE FÁBRICA EN 2021.—————ACERCA DE LA COMPRA Y LA TRANSFERENCIA DEL VEHÍCULO———EL COSTO DE LA TRANSFERENCIA DE TITULARIDAD DE ESTE VEHÍCULO ES DE $1.686.373. ESTE IMPORTE INCLUYE FIRMAS Y LEGALIZACIÓN EN ESCRIBANÍA, Y CUALQUIER OTRO TRÁMITE REGISTRAL QUE SEA NECESARIO. EL IMPORTE MENCIONADO ES FINAL Y NO HAY NINGÚN OTRO GASTO NI COSTO OCULTO.EL PROCEDIMIENTO DE COMPRA ES EL SIGUIENTE:1) USTED COORDINA UNA CITA Y SE ACERCA A VER Y PROBAR EL AUTOMÓVIL, Y SI LE GUSTA, PUEDE RESERVARLO EN EL MOMENTO CON $400.000.2) LUEGO, USTED TENDRÁ 7 DÍAS CORRIDOS PARA ACERCARSE A ABONAR EL VALOR DEL VEHÍCULO Y EL COSTO DE LA TRANSFERENCIA Y FIRMAR EN ESCRIBANÍA LA DOCUMENTACIÓN NECESARIA. ESE MISMO DÍA YA PODRÁ RETIRAR EN EL ACTO LA UNIDAD. NUESTRO PRODUCTOR LE PUEDE GENERAR UN SEGURO DEL AUTOMÓVIL, O BIEN PUEDE TRAER EL SUYO.3) AL CABO DE 7 DÍAS, NUESTRO EQUIPO DE GESTORES SE CONTACTARÁ CON USTED PARA HACERLE LLEGAR LA DOCUMENTACIÓN PERTINENTE.——ACERCA DE PUGLIA AUTO CONCESIONARIA OFICIAL MULTIMARCA——LA CONCESIONARIA FUE FUNDADA EN 1973 Y HA FUNCIONADO SIN INTERRUPCIÓN DESDE ESE ENTONCES POR CASI 5 DÉCADAS. LOS CIMIENTOS FUNDAMENTALES FUERON SIEMPRE LOS MISMOS:1) SOLO VEHÍCULOS DE CALIDAD VERIFICADOS, HASTA 10 AÑOS DE ANTIGÜEDAD E IDEALMENTE CON MENOS DE 100.000 KM. HACEMOS EXCEPCIONES, SOLO SI VALE LA PENA EL VEHÍCULO. NO COMPRAMOS NI VENDEMOS PROBLEMAS.2) TRANSPARENCIA Y VELOCIDAD EN EL TRÁMITE DE TRANSFERENCIA. SABEMOS LO IMPORTANTE QUE ES TENER LOS PAPELES EN REGLA, Y NOS OCUPAMOS DE QUE ASÍ SEA.SI USTED COMPRA CON NOSOTROS, POR FAVOR NO SE SORPRENDA SI RECIBE VARIAS ENCUESTAS TELEFÓNICAS DE NUESTRO EQUIPO DE AUDITORES A LO LARGO DEL PROCESO DE COMPRA. BUSCAMOS ASEGURARNOS LA MISMA EXPERIENCIA PARA CADA CLIENTE Y SOBRE TODO, QUE USTED QUEDE SATISFECHO Y VUELVA.LA CONCESIONARIA SE ENCUENTRA EN ALMAGRO (CAPITAL FEDERAL). (POR FAVOR, PEDIR LA DIRECCION EXACTA, POR POLITICA DE MERCADOLIBRE NO PODEMOS ANUNCIARLA AQUI).LOS ESPERAMOS!",0,0,0
1185,197000.0,"Motor y embrague nuevo todo repuesto original japonés tengo facturas de compra, batería nueva 4 cubiertas nuevas titular al día no paga más patente es modelo 1998 algunos detalles leve de pintura por los años funciona muy bien todo .Bloqueo de diferencial central electrónico se activa y desactiva con tecla",1,0,0
1200,60000.0,"Nuevo Ingreso Impecable Unidad , sin detalles , muy bien Cuidada. -Tomamos Permuta.-Entrega Inmediata.-Garantía. -Financiación Cuotas Fijas.- Asesor: Cristian Coria.",0,0,0
1208,84200.0,"¿Estás listo para darle un giro a tu conducción? Descubrí la excelencia de los vehículos de Autoctiy Usados. Ofrecemos una amplia gama de opciones de financiamiento diseñadas para adaptarse a tus necesidades individuales, además de la posibilidad de usar tu auto actual como parte de pago.Solo ofrecemos vehículos del 2010 en adelante, con menos de 130,000 kms recorridos y sin historial de daños estructurales.*BENEFICIOS CON AUTOCTIY USADOS:INSPECCIÓN Y GARANTÍA MECÁNICA (ISO9001): En Autoctiy Usados, la calidad es nuestra prioridad. Nuestros vehículos pasan por una exhaustiva inspección de 240 puntos realizada por nuestro equipo de expertos. Además, cuentan con kilometraje verificado y una garantía mecánica de 3 meses.*PRÓXIMOS PASOS:Contáctanos para programar una visita o reservar el vehículo de tu interés.MÉTODOS DE PAGO:  • FINANCIACIÓN A MEDIDA: Accede al auto de tus sueños con nuestro plan de financiamiento personalizado, con opciones de hasta 60 cuotas fijas.  • DEJA TU AUTO COMO PARTE DE PAGO: Cambia tu vehículo actual por uno de Autoctiy Usados.  • PAGO AL CONTADO: Realiza tu pago mediante transferencia bancaria o depósito, en pesos o dólares.¡Viví tu experiencia Autocity!",0,0,0
1217,47000.0,Impecable! Uso en ciudad. Nada por hacer. Papeles al día para transferir.Patente paga hasta fin de 2025.Tapizado sin detalles lavado recientemente.,0,0,0
1218,120000.0,Km reales  original sin detalles Acepto permuta Anticipo %50 el resto hasta 48 cuotas fijas SOMOS RULO AUTOS... MÁS DE 40 AÑOS DE TRAYECTORIA EN EL MERCADO AUTOMOTOR NOS AVALAN...,0,0,0
1221,41000.0,"Unica mano! excelente estado, sin detallesServicios hecho y gomas nuevasMotor V6 TDI 250 HP",0,0,0
1240,85000.0,"Tiene todo luces led  4 cubetas nuevas ,y recién echo el servis a los 60 mil km se le cambiaron todas las correas y bomba de agua está impecable por dónde la veas .no ( no permuto solo efectivo)",0,0,0
1241,119000.0,"Prácticamente primer dueño la compré con 19.000km a dueño de agencia mercedes, impoluta, 4 cubiertas nuevas, tratamiento cerámico, ningún paño repintado ni paragolpes , 4 pastillas de frenos recién colocadas y cambio de filtros y aceite hace 1000km , el interior tiene olor a cuero, no recibo menor y se transfiere si o siiii…se usa como segundo auto para viajar únicamente y se encuentra permanentemente tapada…",0,0,0
1246,115000.0,"- Peugeot 2008 Allure- Año: 2017 - Km: 115.000- Motor: 1.6 Nafta | Caja: ManualExcelente estado general, bien de cubiertas, manuales y segunda llave fábrica, próximo servís de aceite a los 120mil km, relación precio/calidad óptimo.Equipamiento Destacado: velocidad crucero, computadora, pantalla, comandos al volante, pack eléctrico completo, llantas, faros antiniebla, sensor de estacionamiento, etc. - Más Info en Web Oficial: ferreroautomotores - Financiación Prendaria hasta en 36 meses, entregando mínimo el 50% del valor de la unidad, el resto a Cuotas FIJAS y en pesos, aprobación en 24hs.- Recibimos tu Auto como parte de pago (Sólo en excelente estado).- Carpeta al día y lista para transferir en el momento- Seriedad y Garantía en la documentación, con Gestoría Propia.- Ciudad de Oncativo (Prov. de Córdoba) - Coordiná tu visita- Somos FERRERO Automotores. ¡No cerramos ventas, Abrimos relaciones!Te bridamos la solución completa a la hora de cambiar tu auto -- Nos respaldan 25 años de trayectoria, más de 4,7 estrellas en Google y más de 200 calificaciones positivas en nuestras redes.- Somos de confianza, Vení a FERRERO Automotores, comprá seguro y volvé manejando... Nosotros nos encargamos de todo.",0,0,0
1256,39000.0,"Volkswagen T-Cross Comfortline At, año 2020... 39.000 kilómetros reales, sin un detalle o desgaste. Único dueño de 0km, estado impecable.. Motor 1.6, caja automática de 6ta. Posee velocidad crucero, Apple Carplay, luces automáticas, etc. Super cómoda.. Duplicado de llave y manuales, le funciona todo a la perfección. Se va transferida si o si!",0,0,0
1259,53600.0,"VOLKSWAGEN T-CROSS HIGHLINE 1.6 MSI 110CV AT 2020 KM 53.600RESCALA AUTOMOTORES - Multimarcas - Usados de Selección y 0KmsMAS DE 50 AÑOS de TRAYECTORIA establecidos en ALTA GRACIA!--------------------------------------------------------------------------------------------------------------- Pensaste en tener TU PRIMER VEHICULO, tal vez CAMBIARLO o Simplemente VENDERLO?- RECIBIMOS TU VEHICULO USADO EN PARTE DE PAGO.- ENTREGA INMEDIATA DEL VEHICULO QUE LLEVAS.- FINANCIAMOS EN CUOTAS FIJAS Y PESOS.- NUESTRO STOCK ESTA CONTROLADO Y PERITADO PARA DAR TRANQUILIDAD EN TU COMPRA.- SEGUINOS..----------------------------------------------------------------------------------------* VISITANOS PERSONALMENTE en nuestro SHOWROOM* LUNES A SABADOS DE 9 A 13 HS Y DE 16:30 A 20:30 HS - Feriados Consultar!",0,0,0
1271,305000.0,Vendo / permuto mayor valor!LISTA PARA VIAJAR!!!•Musso 2.9 aspirada•KM 305000•TREN DELANTERO NUEVO Enero 2025•EMBRAGUE NUEVO Diciembre 2024Arranca perfectoFunciona perfecto4x4 funcionando sin problemasPLOTEDALEVANTADADETALLES de estetica•VTV al dia hasta Enero 2026En el año 2022 se puso:Todas las mangueras de refrigeracion nuevas. TODAS.RADIADOR DE BRONCE nuevoBOMBA DE AGUA nuevaVISCOSO nuevoTERMOSTATO nuevoAMORTIGUADORES traseros Sadar nuevosRESORTES traseros AG OFF ROADBACA NUEVA REALIZADA A MEDIDA DE TODO EL TECHO Se entrega con 4 llantas originales + auxilio + 4 llantas de aleacion alternativas (las que estan en las fotos)UBICACION: La PlataPRECIO: dol. 4500.-TELEFONO: 2214006732Lista para ponerle gas oil y viajar!!!,0,0,0
1327,97000.0,"Ford Ecosport Titanium 2.0 automática 2015VTV vigente hasta Mayo 2026Color gris champagne 97000km reales, comprobablesImpecable estado, sin detalles ni sorpresas. Muy bien cuidada.Todos los services en concesionario Ford oficial (se entrega con manual sellado)Nunca tuvo gas, solo Nafta premiumCaja automatica de 6 marchas, comando al volante, velocidad crucero, sensores de estacionamiento, tapizados de cuero impecables, faros antiniebla, alarma, cierre centralizado. La más completa. Uso familiar. Funciona todo, sin detallesDocumentación al día, sin deudas, lista para transferir Se puede ver por Barrio Altos de Podestá, Pablo Podestá, Tres de Febrero (zona Noroeste)",0,0,0
1348,260000.0,"Nissan X-Trail 2.5 Tekna CVT Xtronic 4x4 - Año 2014Bien cuidada | Mantenimiento al día | Lista para transferirSe vende esta excelente SUV, ideal para ciudad, ruta y aventuras. Confiabilidad japonesa, gran confort y tracción integral para todo tipo de caminos.Características principales:Motor 2.5L naftaCaja automática CVT XtronicTracción 4x4 inteligenteVersión Tekna full full267.000 km reales, uso mayormente en rutaMantenimiento siempre al día (registro disponible)VTV vigentePatente al día, sin deudas ni prendasTitular vendeEquipamiento destacado:Techo solar panorámicoButacas de cuero calefaccionadasClimatizador bizonaPantalla con cámara de retrocesoControl de cruceroLlantas de aleaciónFaros antinieblaMúltiples airbags y control de estabilidadEstado general:Interior en excelente estadoExterior sin detalles gravesMecánica impecable: motor, caja y 4x4 funcionando perfectoDetalle a mencionar: el medidor de combustible analógico no marca correctamente, pero el indicador digital de autonomía en pantalla funciona perfecto, por lo que no representa una dificultad para el uso diario.Lista para disfrutarPrecio: $19.000.000 (charlable)Escucho ofertas razonables – Se puede ver en Adrogué",0,0,0
1352,62204.0,"Neumáticos Continental.Pantalla multimedia tactil 7¨ (Apple CarPlay/Android Auto).Airbags frontales.Con detalles esteticos.¿Cómo es comprar y vender en CARMUV?Fácil, rápido, seguro y transparenteCOMPRA CON GARANTIASElegís y comparas los autos que quierasReserva tu auto favoritoLo podes financiar con créditos personales BANCORRecibimos como parte de pago tu auto de menor y/ o mayor valorTe llevas un auto con garantía, certificado e inspeccionado por especialistasSomos CARMUV una empresa de GRUPO TAGLE dedicada a la compra y venta de vehículos 100% digitalEncontramos en Instagram como @carmuv_autos",1,0,0
1365,91500.0,"Vendo Tracker FWD PREMIER modelo 2019Unico Dueño radicado en caba, viviendo en Rio negro kilometros hechos en ruta.Historial del auto comprobable. impecable estadoDetalles de chapa en las ultimas dos fotos.",1,0,0
1370,56000.0,* Primer Dueño / Particular* Kilometraje de ruta. * Batería recién cambiada. * Services oficiales en VW.* Auxilio sin rodar. * Tuercas anti robo originales* Funda de vehículo anti granizo (se ve la foto en el interior del baúl). * Vehículo guardado en cochera. * Sin detalles.,0,0,0
1371,55300.0,"¿Estás listo para darle un giro a tu conducción? Descubrí la excelencia de los vehículos de Autoctiy Usados. Ofrecemos una amplia gama de opciones de financiamiento diseñadas para adaptarse a tus necesidades individuales, además de la posibilidad de usar tu auto actual como parte de pago.Solo ofrecemos vehículos del 2010 en adelante, con menos de 130,000 kms recorridos y sin historial de daños estructurales.*BENEFICIOS CON AUTOCTIY USADOS:INSPECCIÓN Y GARANTÍA MECÁNICA (ISO9001): En Autoctiy Usados, la calidad es nuestra prioridad.  Nuestros vehículos pasan por una exhaustiva inspección de 240 puntos realizada por nuestro equipo de expertos. Además, cuentan con kilometraje verificado y una garantía mecánica de 3 meses.*PRÓXIMOS PASOS:Contáctanos para programar una visita o reservar el vehículo de tu interés.MÉTODOS DE PAGO:    • FINANCIACIÓN A MEDIDA: Accede al auto de tus sueños con nuestro plan de financiamiento personalizado, con opciones de hasta 60 cuotas fijas.    • DEJA TU AUTO COMO PARTE DE PAGO: Cambia tu vehículo actual por uno de Autoctiy Usados.    • PAGO AL CONTADO: Realiza tu pago mediante transferencia bancaria o depósito, en pesos o dólares.¡Viví tu experiencia Autocity!",0,0,0
1379,236000.0,"Chevrolet trailblazer LT AT 2014, excelente vehiculo. Tiene detalles estéticos a la vista propios del uso, mecanica y andar 10 puntos. Agencias abstenerse.",1,0,0
1381,67985.0,"Ford Ecosport 1.5 Se.Estado Único, impecable, toda la pintura original de punta a punta, sin detalle alguno, cubiertas nuevas ! Servicios en tiempo y forma!",0,0,0
1393,80000.0,"Intermediarios abstenerse. Escucho ofertas razonables.Puedo tomar auto en parte de pago, especialmente Toyota Etios o Yaris.80.000 Km reales. Estado Inmaculado.Muy poco uso.Siempre guardada en garage.Color Amarillo (Yellow Detonation).Incluye Bumper delantero y Malacate T-Mac 9500 (no colocado).Incluye Rock Sliders colocados al chasis.Incluye protectores de diferenciales.Incluye Alfombras de alta gama USA.Incluye anclaje de capot de aluminio de alta gama USA.Doble rueda de auxilio.Neumáticos nuevos Diciembre 2022.Amortiguadores nuevos Diciembre 2022.",0,0,0
1395,113000.0,"Versión Tracker AWD LTZ. Es 4x4 tracción integral y automática.Vehículo de única mano, muy buen estado general. Muy bien de neumáticos. Excelente mecánica.Documentación al día, transferencia obligatoria no incluida en el valor.Tomamos permutas de nuestro interés desde el año 2010 y con hasta KM 200.000.FINANCIAMOS Somos Rial Motors, la agencia de usados con mejor reputación del mercado. 100% de calificaciones positivas.EN RIAL MOTORS UD PUEDE CONFIAR, SOMOS UNA FAMILIA DEDICADA ÍNTEGRAMENTE AL RUBRO AUTOMOTOR DESDE 1975.HACEMOS GESTORIA, COMPRA-VENTA DE 0KM Y USADOS, SEGUROS, Y CRÉDITOS PRENDARIOS. NO DUDE EN CONSULTARESTAMOS CERQUITA DE LA CANCHA DE VELEZATENDEMOS DE LUNES A VIERNES DE 12:30 A 18:00HS, Y SABADOS DE 9 A 12:30HS.POR FAVOR COORDINAR SIEMPRE LA VISITA AUNQUE SEA DENTRO DE NUESTRO HORARIO DE ATENCION. SI NO LE ES POSIBLE DENTRO DE ESOS HORARIOS PODEMOS ARREGLAR PUNTUALMENTE POR FUERA DE LOS MISMOS. GRACIAS POR VISITAR NUESTRA PUBLICACION. ESPERAMOS SU CONSULTA Y SUMARLO A NUESTROS CLIENTES/AMIGOS!!!!!!",0,0,0
1398,141000.0,"Hyundai Tucson 2011 GLS 2.0 N AT 4WD140.500kmsExcelente estadoMotor nafta 2.0Equipamiento fullCaja automatica4x4Tapizados en cueroToda la documentacion en reglaPodes venir revisar la unidad con tu asesor o mecanico de confianzaFinanciamos hasta el 35% en cuotas fijas en pesosSolo con DNISin requisitos, aprobacion inmediataTomamos mejor tu buen usado en parte de pagoSportAutos, mas de 20 años de trayectoria en Villa Urquiza, avalan nuestro prestigio",0,0,0
1420,47521.0,Unico Dueño. Impecable. Ningun detalle. Service oficial de 45.000KM hecho en Diciembre. Aun esta en Garantia. No acepto permuta. Valor en dolar billete.,0,0,0
1429,110000.0,Excelente estado!Adicionales: Parrilla frontal.Detalles cromados en capot.Tuercas antirobo.Vidrios con blindado antibandalico de la empresa autoseguro.Ultimo service hecho en Enero 2025 (Bosch Car Service).Se puede ver en Escobar o previa coordinación por Vicente Lopez.Digna de ver.Permuto por Corolla.,1,0,0
1432,46000.0,"EXCELENTE ESTADO , INTERIOR IMPECABLE, CARROCERIA SIN GOLPES,NI RAYONES NI PARTES REPINTADAS .",0,0,0
1437,24000.0,"VOLKSAGEN TAOS COMFORTLINE 250 TSI -.MOTOR 1.4 TURBO - CAJA AUTOMÁTICA -.MODELO 2021 - ( DICIEMBRE ) / EN GARANTÍA ) - ÚNICO DUEÑO DE OKM -- TODOS LOS SERVICIOS OFICIALES VW CON SU RESPECTIVO HISTORIAL -.( 24000 KM REALES Y COMPROBABLES ). -- INMEJORABLE ESTADO GENERAL, SIN DETALLES, IGUAL A OKM - TOTALMENTE ORIGINAL. PINTURA DE FABRICA EN TODOS SUS PANELES. NO TIENE NINGÚN TIPO DE MARCA NI DETALLE EN LAS LLANTAS. MUY POCO USO -.-TRATAMIENTO EN LA PINTURA CON LOS MEJORES PRODUCTOS..PAPELES COMPLETAMENTE AL DÍA, POSEE: TODOS LOS MANUALES DE OKM, 2 LLAVES, HISTORIAL DE SERVICIOS, ETC *- GRABADO DE AUTOPARTES REALIZADO / VTV RECIÉN REALIZADA.* CONSIDERO LA MEJOR POR SU ESTADO Y CUIDADO, DIGNA DE VER *- OFERTA CONTADO U$31.800 PERMUTO - FINANCIO. / VALOR EN PERMUTAS U$32.800-*** SE ADJUNTAN 25 FOTOS Y UN VÍDEO DE LA UNIDAD PARA QUE PUEDA VERLA EN DETALLE ***",0,0,0
1447,34052.0,"PANAMER S.A. Concesionario oficial JEEP, RAM, DODGE, CHRYSLER, MITSUBISHI Y JAC.  Contamos con más de 34 años de trayectoria como concesionarios, aseguramos la más alta calidad de atención en servicios de Venta y de Post-Venta con sucursales en San Isidro, San Fernando y Campana.Empresa Certificada Normas ISO 9001-2017IMPORTANTE: Todos nuestros vehículos usados son SELECCIONADOS. Se encuentran revisados y peritados considerando más de 100 puntos de control claves. Al contar con talleres y personal experimentado, nos aseguramos de que su compra se encuentre PROTEGIDA.Sucursales Ventas:Campana: Colectora Sur 885San Fernando: Avenida del Libertador 3197Acassuso: Av. Santa Fe 907Sucursales Post-VentaCampana: San Martín 1306San Fernando: Juan N. Madero 836Acassuso: Av. Santa Fe 907Formas de Pago:-Contado (Pesos o dólares)-Financiación por Banco-Financiación por terminal-Leasing-TOMA DE USADOSi vivís a más de 150km fuera de Buenos Aires, podemos enviar tu nuevo auto a su casa.Estamos para brindarle la mejor atención.Contamos con atención física o 100% digital – Realizamos videollamadas para mostrar el vehículo de ser necesario",0,0,0
1484,122860.0,"Cambiá tu auto o comprá uno semi nuevo en Kavak, compañía N°1 en venta online de autos usados en Latinoamérica. Contamos con distintos planes de financiamiento para adaptarse a tus necesidades, también podés dejar tu auto como parte de pago. Solo vendemos autos 2010 en adelante, con menos de 100.000 km, que nunca tuvieron daños estructurales ni GNC.------------------------------------------------------------->> Renault Duster Oroch 2.0 PRIVILEGE << 406229*BENEFICIOS KAVAK:Al comprar tu Auto Kavak contás con un PERÍODO DE PRUEBA DE 7 DÍAS o 300 KM. Si no te encantó, te devolvemos el 100% de tu dinero (incluida la transferencia)*INSPECCIÓN Y COBERTURA MECÁNICA: En Kavak, la calidad es lo más importante. Nuestros autos son mucho más que autos usados, son autos semi-nuevos reacondicionados que están revisados en 240 puntos por nuestro equipo de expertos, tienen todos los servicios al día, kilometraje real y cobertura mecánica Kavak de 3 meses con posibilidad de extensión a 1 año.*CONTRATÁ KAVAK TOTAL: Con Kavak Total tenés 9 meses adicionales de cobertura con tope según marca/modelo del auto en arreglos, en motor, transmisión, tracción delantera y trasera, batería, embrague y correa o cadena de distribución. Cuidar tu auto puede ser tan fácil como manejarlo.PRÓXIMOS PASOS:Consúltanos para agendar una visita y/o reservar tu auto de interés.*MÉTODOS DE PAGO:- FINANCIAMOS TU COMPRA: Podés acceder al auto de tus sueños con nuestro plan de financiamiento hecho a tu medida. Financialo en hasta 60 cuotas fijas.- DEJÁ TU AUTO COMO PARTE DE PAGO: Cambiá tu auto por uno Kavak.- AL CONTADO: Pagá vía transferencia bancaria o deposito. Podés pagar en pesos o en dólares.Para mayor información visitá nuestro sitio.*Ver términos y condiciones en Compra y Venta de Autos Usados en Argentina con Garantia",0,0,0
1489,95000.0,"Jeep Compass Limited Plus 20182.4L 4x4 AT9Cuero, techo de vidrio doble con aperturaLámina de seguridad 3M Botón start/stopButaca eléctricaBaúl eléctricoLlantas de 19” impecables, sin rayas Cierre eléctrico de espejos Apertura de baúl a distancia Puesta en marcha a distancia Estacionamiento automático Sensores adelante y atrás, cámara de retrocesoUpgrade de pantalla multimedia 10” con Apple car play inalámbrico / Android auto inalámbrico Auxilio con llanta de 19” Tuerca de seguridad, inclusive en la rueda de auxilio Services al día, nada para hacerle.",0,0,0
1493,50000.0,"MADCARPEUGEOT  3008 GT-LINE 1.6 THP NAFTA AUTOMÁTICA UNICA MANOSOLAMENTE 50.000 KMTODOS LOS SERVICE REALIZADOS EN TIEMPO Y FORMA EN PEUGEOT OFICIALDIGNA DE VERSIN DETALLES NI DESGASTESPODES ESCANEARLO, PROBARLOGARANTIA DE 3 MESESNO TE LO PIERDASTOMAMOS TU USADO Y FINANCIAMOS HASTA EL 60% DEL VALOR TASA FIJA EN PESOSAV GUILLERMO UDAONDO 1280 CABA A METROS DE RIVERCOORDINAR CITA",0,0,0
1499,55000.0,VERSIÓN SPORT.4X2 CAJA MANUAL DE 6 MARCHASMOTOR 2.4 DE 174 HP DE POTENCIA.SENSORES DE ESTACIONAMIENTO.CÁMARA DE RETROCESO.PRIMER TITULAR  SIN DETALLES.AUXILIO SIN RODAR CON LLANTA ORIGINAL.PINTURA DE FÁBRICA.MAYORÍA DE KILOMETRAJE AUTOPISTA.SIEMPRE EN COCHERA.,0,0,0
1518,150000.0,"Chevrolet Blazer 2.8 Dlx 4x4 año 1998Excelente estado de mecanica, e interior. Detalle a la vista de chapa. VTV al dia4x4 funcionando perfectamente. Tomamos permuta / Financiamos !En este vehiculo podemos financiar hasta $3.500.000 en cuotas fijas en pesos! Estamos ubicados en José Ingenieros, del puente Beiro y Gral Paz a 8 cuadras.",1,0,0
1576,91900.0,"PEUGEOT 2008 SPORT 1.6 TURBO 201892.000 km, gran parte realizados en ruta. Excelente estado.Único dueño y conductor, desde los 0 Km. Titular al día.Service en tiempo y forma. Ultimo Service en taller oficial. Sin choques.Grabado de autopartes, grabado de cristales, film polarizado intermedio 200mic (antivandálico) y frontal (reductor de brillo)Se entrega al día únicamente transferida.No permuto, no planes ni 0km.Llantas de Aleación. Cubiertas en muy buen estado.	Equipamiento y confort:Motor naftero 1.6 THP con inyección directa y turbocompresor que genera 165 caballos y 240 Nm de torque. Caja manual de 6 velocidades.Control de estabilidad. Tracción delantera asistida por el Grip Control, el sistema electrónico vinculado al ESP y que ofrece cinco modos de manejo: Normal, Nieve, Barro, Arena y ESP Off.Frenos ABS. Encendido automático de luces de emergencia.Airbags. Anclajes Isofix en las plazas traseras.Asistente de arranque en pendientesVelocidad Crucero (Regulador y limitador de velocidad)Pantalla táctil con conectividad 7”(Apple CarPlay / Android Auto). Navegador satelitalClimatizador automático bizonaVolante revestido en cuero. Regulable, altura y profundidad. Butacas con tapizado de tela y cueroProtector de cárterAlarma – Cierre centralizado. Alerta de puertas abiertasFaros Antiniebla. Luces LEDs. Encendido automático de luces. Sensores de luz y lluviaSensores de estacionamiento traseros y delanteros. Cámara de retrocesoAlza cristales eléctrico. Techo solar panorámico",0,0,0
1590,101776.0,"Cambiá tu auto o comprá uno semi nuevo en Kavak, compañía N°1 en venta online de autos usados en Latinoamérica. Contamos con distintos planes de financiamiento para adaptarse a tus necesidades, también podés dejar tu auto como parte de pago. Solo vendemos autos 2010 en adelante, con menos de 100.000 km, que nunca tuvieron daños estructurales ni GNC.------------------------------------------------------------->> Renault Captur 2.0 INTENS << 407709*BENEFICIOS KAVAK:Al comprar tu Auto Kavak contás con un PERÍODO DE PRUEBA DE 7 DÍAS o 300 KM. Si no te encantó, te devolvemos el 100% de tu dinero (incluida la transferencia)*INSPECCIÓN Y COBERTURA MECÁNICA: En Kavak, la calidad es lo más importante. Nuestros autos son mucho más que autos usados, son autos semi-nuevos reacondicionados que están revisados en 240 puntos por nuestro equipo de expertos, tienen todos los servicios al día, kilometraje real y cobertura mecánica Kavak de 3 meses con posibilidad de extensión a 1 año.*CONTRATÁ KAVAK TOTAL: Con Kavak Total tenés 9 meses adicionales de cobertura con tope según marca/modelo del auto en arreglos, en motor, transmisión, tracción delantera y trasera, batería, embrague y correa o cadena de distribución. Cuidar tu auto puede ser tan fácil como manejarlo.PRÓXIMOS PASOS:Consúltanos para agendar una visita y/o reservar tu auto de interés.*MÉTODOS DE PAGO:- FINANCIAMOS TU COMPRA: Podés acceder al auto de tus sueños con nuestro plan de financiamiento hecho a tu medida. Financialo en hasta 60 cuotas fijas.- DEJÁ TU AUTO COMO PARTE DE PAGO: Cambiá tu auto por uno Kavak.- AL CONTADO: Pagá vía transferencia bancaria o deposito. Podés pagar en pesos o en dólares.Para mayor información visitá nuestro sitio.*Ver términos y condiciones en Compra y Venta de Autos Usados en Argentina con Garantia",0,0,0
1617,130000.0,Ford Ecosport 1.6 xl plus Nafta/Gnc 2011 Cubiertas nuevas VTV al dia a/a d/h cierre centralizado alarma levantavidrio delanteros Con un anticipo de 7millones ochocientos mil y cuotas fijas se puede retirar,0,0,0
1622,63900.0,La baje $ porque se me dio un negocio...luego vuelve a 25.900 ...Honda HRV - Impecable - La Mas full Cuero Levas al Volante -Cámara Pantalla con GPS IntegradoPocos Km Reales Reales (Podes Scanearla o traer Mecánico ) Service Al día - VTV 2026 .-Cubiertas Nuevas - Accesorios Honda Luces Creeled Altas Bajas y RompenieblasPolarizado Blindaje 3M antivandálicoBaguetas Honda Paragolpe - Bulón de Seguridad Honda-Cola Escape cromada Honda.-Manuales y Copia de Llaves.-Se Pide Transferencia inmediata.-,0,0,0
1623,66200.0,"impecable al dia servicios oficiales ,todo ppf colocado,vidrios protegidos strong tomo permutas",0,0,0
1694,72000.0,"BETA AUTOMOTORESConcesionario Oficial ChevroletLíder en ventas y calidad de atención, la opinión de nuestros clientes y 27 años en la marca, nos avala. ***Solo vendemos usados seleccionados***¡SUPER OPORTUNIDAD POR PRECIO Y ESTADO!**NOVEDADES DE MAYO***¡¡¡NUEVA FINANCIACION EXCLUSIVA PARA USADOS, CON UNA TASA FIJA DEL 29% ANUAL!!!SI, FIJA Y DESDE EL 29% ANUAL (LE GANAS AMPLIAMENTE A LA INFLACIÓN). Y EXCLUSIVA, PORQUE SOLO NOSOTROS TE LA PODEMOS OFRECER, YA QUE ES DE CHEVROLET GPAT PARA LOS VEHICULOS USADOS DE TODAS LAS MARCAS QUE OFRECEMOS.¡SOLO POR CUPOS LIMITADOS, CONSULTA AHORA!EL VEHICULO-Se encuentra en inmejorable estado ya que está muy cuidado, y posee todos los service al día. Cada vehículo que entra y sale a la venta en nuestro concesionario, pasa por un exhaustivo chequeo realizado por nuestros técnicos, luego se selecciona y se exhibe.-Posee vtv al día, grabado de autopartes, informes de dominio y de infracciones, verificación policial, manuales, 2da llave, etc.LA DOCUMENTACIONNuestra área administrativa se encarga de que la documentación este al día, completa y lista, para que puedas hacer el trámite de transferencia de manera inmediata, y sin necesitar intermediarios. Además te acompañan y asesoran en el proceso de solicitud de tramites.FORMAS DE PAGO-Permutamos por tu vehículo usado. ¡Cotiza en línea, ahora!-Recibimos dólares y los pagamos al mejor precio de mercado, para una compra mas segura, sin que tengas que buscar lugar, y cambiarlos vos.-CREDITOS CHEVROLET GPAT (para usados multimarca)Financiamos a tasa 0% ajustable, y fija solo con DNI, sin comprobar ingresos. Aprobación inmediata. ¡Consúltanos en línea ahora, con tu DNI!",0,0,0
1700,60000.0,"BMW x1 X-line 25i 2018 con 64.000kms. La unidad está en impecable estado. Se aceptan permutas<< Somos una empresa familiar la cual tiene como principal objetivo brindar una experiencia de compra y venta distinguida. Todo nuestro equipo trabaja para que cada cliente tenga la mayor comodidad y tranquilidad posible durante todo el proceso comprando unidades de primera. >> << Al momento de tener un nuevo ingreso, nos ocupamos de llevar a cabo las revisiones que sean correspondientes y de que nuestro sector de gestoría se encargue de preparar la documentación para que la transferencia sea inmediata. Para la tranquilidad del cliente, se pude escanear y revisar ante cualquier especialista nuestras unidades. >><< Si bien damos la opción de presentar el tramite de traspaso de dominio  de manera particular con el fin de evitarse gastos extra, nuestro equipo de gestores y grupo asegurador, se encuentran a entera disposición para lograr una compra rápida y totalmente prolija. >><< Los invitamos a leer nuestras reviews en Google y los esperamos en nuestro salon de ventas ubicado en La Lucila sobre Av Libertador ! >>  Grupo Scotti —> Sucursal Gt Automotores",0,0,0
1712,199000.0,"Toyota 4Runner 1994 2.8 L Diesel 4x4Fabricada en: JapónKilometraje: 199.000 kmSegundo dueñoEstado: Increíble VTV: Noviembre 2025Grabado de autopartes: OkLlave duplicado y manuales Patentes CABA: ExentoFicha técnica:Motor: 2.8 L Diesel naturalmente aspirado (interminable)Mismo motor y caja que Hilux SR5 pero c/ 10 CV más!Bomba de gasoil: DensoTransmisión: 5 velocidades c/ reductoraVeloc. máxima declarada: 155 Km/hConsumo promedio: 10 L c/ 100 km4X4: Accionamiento manual (cubos mágicos)Frenos: A disco en eje delantero, a tambor en eje traseroEje delantero: Suspensión independiente c/ barra de torsiónEje trasero: Eje rígido c/ resortes Diferencial trasero: C/ LSDNeumáticos: Bridgestone nuevosAires acondicionado: Funciona perfecto junto al resto de su equipamientoEquipamiento:Aire, dirección hidráulica, cierre centralizado con comando a distancia, levanta cristales eléctricos, luz de cortesía en puertas delanteras, cristal de luneta eléctrica, espejos retrovisores eléctricos, asiento trasero rebatible, gran capacidad de carga, ideal proyecto de camperización!Esta 4Runner se destaca por su estado de conservación, sin corrosión ni desgastes importantes.Es una camioneta que combina durabilidad, confort de marcha, diseño clásico y un motor eterno!Una oportunidad única para amantes de las camionetas clásicas y coleccionistas.Si estás buscando una 4x4 legendaria de los 90, dejá de buscar, esta es para vos.La camioneta está muy cuidada y con todos sus componentes en excelente funcionamiento. Por supuesto, tiene detalles mínimos de uso acordes a sus 31 años, pero nada que afecte su estética ni su desempeño. Es un vehículo que realmente se aprecia en persona y está listo para seguir disfrutándolo sin necesidad de hacerle nada.Tiene la facilidad de uso de un auto y la robustez de un tanque.Acercáte a inspeccionarla con tu mecánico de confianza, está lista para viajar al fin del mundo.Podría permutar por vehículo de mi interés.Consultar detalles por WhatsApp!",0,0,0
1727,170000.0,"2010 Manual 5 puertasMuchos Agregados -Kit de levante Old Man Emu completo (4 espirales-4 amortiguadores-amort de direccion)-Malacate T-Max 9000-Llantas de Gladiator 2024 nuevas con neumaticos Bf goodrich all terrain a un 80%-Opticas Led (tengo originales)-Tengo techo y puertas de lona originales-Bumper delantero americano Smittybilt-Estribos laterales originales Jeep-Pedal commander Ultimo Mantenimiento a los 170k kmsSe le realizo cambio de todos los filtros y aceites, incluidos diferenciales, caja y reductoraEl Jeep esta en excelente estado, no tiene ni 1 detalle estetico ni mecanicoPuedo tomar permuta de mi interes",0,0,0
1736,134800.0,"• IMS MULTIMARCA •Mas de 15 años de experiencia en el mercado de compra y venta automotor, avalan nuestra calidad y servicio al cliente.ATENCION PERSONALIZADA* Usados Seleccionados* 0km* Ventas especiales para empresas* Consignaciones"" FINANCIACIÓN CON LA TASA MAS BAJA DEL MERCADO ""• Aprobación de créditos prendarios en el acto.* SERVICIO AL CLIENTE *• Administración y Gestoría Integral propia.• Documentación al día listo para transferir.• Facilitamos y agilizamos todo tipo de tramite automotor.- DESCRIPCIÓN -VOLVO XC60 TS A/T AWDAÑO 2017134.870 kmImpecable y Estado GeneralEntrega Inmediata!!Kilometros Reales.. Digno De ver!!Documentación al día listo para transferir.El precio no incluye gasto de transferenciaPrecio de Permuta: 30.500Horarios de atención:Lunes a viernes de 9:30 hs a 18:30 hsSábados y Feriados de 09:30 hs a 14HS",0,0,0
1738,9999999.0,"VENDO CHEVROLET BLAZER AÑO 2000 MOTOR MWM 2.8 BOMBA MECÁNICA.EXCELENTE ESTADO POR SUS AÑOS, TIENE DETALLES ( falta laca capot, techo y algunos bollos ) Papeles al día , TITULAR ( Se transfiere si o si ) Le anda absolutamente todo.Alama con cierre centralizado Aire acondicionado ( congela ) y calefacción Los 4 levatavidrios Cuenta con vigía.Tiene LED en toda la camioneta .5 cubiertas nuevas prácticamente . La entrego con MANUALES , 3 llaves y estéreo ORIGINAL.Si adeuda se descuenta o se abona al momento.Zona norte . San Fernando .",1,0,0
1739,55000.0,"2019Particular2 Cubiertas nuevas y 2 Cubiertas 70% Bridgestone.Sin detalles, vehículo para terminar de asentar, inmaculado3402 - 50 1682",0,0,0
1765,145909.0,Chery Tiggo 2011 confort line 145.000km otros detalles q no hacen al valor: nuevo:Dos precapsLas 4 cubiertasLas pastillas de freno La bateríaY el juego de cubiertas Mecanica al dia Papeles al dia Liquido rápido por cuestiones estéticas Valor del mercado $10.500.000,0,0,0
1771,85000.0,LEXUS UX 250HUNICA MANOSERVICE OFICIALESASIENTOS DE CUEROTECHO ELECTRICOPANTALLA NAVEGADORCAMARA Y SENSORESVEHÍCULO EN EXCELENTE ESTADODOCUMENTACION AL DÍALISTO PARA TRANSFERIRAÑO 2021SOLO 77.000 KILÓMETROSVENTA PARTICULARPODRIA ACEPTAR PERMUTA!!!ACEPTO DÓLARES Y PESOS.SE PUEDE VER EN BELGRANO. CABA,0,0,0
1773,150000.0,"------------------- AUTOBAIRES AGENCIA --------------------------------------------ESTADO :-Excelente estado!-Muy bien mantenido-Interior en excelentes condiciones-Todo el equipamiento funcionando-Sin ningun detalle en particular para aclarar!!!-----------------------------------------------------------------------PERMUTAS :-Recibimos tu usado en parte de pago.-Podes enviarnos unas fotos a nuestro numero de whatsapp para darte una pre-cotizacion, o acercarte con el auto directamente para verlo en persona. Las cotizacion son instantaneas, en cualquiera de los dos casos!-IMPORTANTE!!! No aumentamos nuestro precio si entregas un auto como parte de pago.-------------------------------------------------------------------------FINANCIACION :-Trabajamos con los principales Bancos y Financieras para que puedas acceder al mejor crédito.-Tenemos opciones de Cuotas Fijas, en Pesos congeladas.-Tenemos créditos UVA con cuotas variables.-Tenemos créditos Personales.-Resolución inmediata!!!!!--------------------------------------------------------------------DOCUMENTACIÓN CERTIFICADA Y AVALADA POR AUTOBAIRES:-Servicio Vip de administración y gestaría automotor integral.-Tenemos al mejor equipo de trabajo, que se encargará de asesorarte y brindarte toda la información necesaria, haremos que tu experiencia sea mejor que la esperada.---------------------------------------------------------------------COMPRA TRANQUILO:-Cada cliente cuenta con la posibilidad de revisar, escanear o probar el auto con su mecánico de confianza.-----------------------------------------------------------------------AUTOBAIRES, 24 AÑOS DE EXPERIENCIA!!Te ofrecemos vehículos seminuevos seleccionados.Atendemos de Lunes a Viernes de 9:30 a 18:30, Sábados de 10 a 15hs.-Contáctanos por nuestro WhatsApp, teléfono o redes sociales!",0,0,0
1774,175000.0,"Excelente estado de mantenimiento, revisada mensualmente, no se le deja pasar nada.Distribución a los 170.000Vtv vigenteInterior impecable Funciona todo...nada para hacer o reparar....la ves y te gusta seguro Documentación confeccionada para transferir en el dia.",0,0,0
1776,256000.0,"VENDO FORD ECOSPORT SE 2.0 2015Único dueño, se vende al día sin deudas. Excelente estado, funciona todo. Pintura original, detalles a la vista del uso. Siempre guardado bajo techo. NO PERMUTO, NO FINANCIO.La camioneta se puede ver por Berazategui o Florencia Varela.",1,0,0
1783,125000.0,"FORD ECOSPORT SE 2013 125.000KM , UNICO DUEÑO..IMPECABLE ESTADO , GOMAS NUEVAS , VTV HASTA MAYO 2026..SERVICE OFICIALES EN FORD , TODO SELLADO EN EL MANUAL..SIN DETALLES NADA X HACERLE..TODOS LOS PAPELES LISTOS PARA TRANSFERIR...ENTREGA INMEDIATA , TE LO LLEVAS EN EL DIA...TOMAMOS PERMUTA...EL PRECIO POR PERMUTA ES DE $15.750.000PODES PAGAR EN PESOS AL VALOR COMPRA DEL DOLAR BLU DEL DIA TODOS NUESTROS AUTOS ESTAN CHEQUEADOS POR NUESTRO SERVICE PROPIOSOMOS CONCESIONARIO HABILITADO ADHERIDO A LA CAMARA DE COMERCIO AUTOMOTOR.. MAS DE 10 AÑOS EN EL MISMO LUGAR..NUESTRAS CALIFICACIONES DE GOOGLE NOS AVALAN.. EL VALOR DE TRASNFERENCIA NO ESTÁ INCLUIDO Y ES DEL 5% NOS PODES BUSCAR EN GOOGLE Y VER COMO LAS OPINIONES NOS AVALAN , BUSCANOS COMO BIMOTORS AUTOMOTORES..FINANCIACION EN PESOS CUOTA FIJA..WHATSAPP: 1131160550/1130153229HORARIOS DE ATENCIOS:LUN A VIERNES DE 10 A 18HS SABADOS DE 10 A 14HS",0,0,0
1784,27241.0,Vehículo igual a 0km. Digno de ver. Sin detalles Se vende por renovación de unidad Verificación Policial y transferencia obligatoria Se va totalmente libre de deudas. Se puede pasar a ver y probar por mi domicilio previo acuerdo horario por cuestiones de trabajo. Se charla el precio de la camioneta al lado de la misma,0,0,0
1805,29000.0,"Vendo Ford Kuga Titanium Híbrida 4WD - 2021Dueño directo, único dueño, todos los services oficiales al día.Sin detalles, igual a 0km203 cv de potencia con muy bajo consumoEquipamiento Full: Tapizado de cuero con asientos eléctricos y calefaccionados, techo panorámico, asistencia a la conducción con velocidad crucero adaptativa, centrado de carril, frenado autónomo, estacionamiento autónomo, equipo de sonido premium, portón de baúl eléctrico, etc. etc.Se puede ver en el barrio de Versalles - CABAGARANTÍA DIRECTA DE FORD HASTA JUNIO 2026",0,0,0
1816,199000.0,"Jeep Grand Cherokee 3.6 Overland 286hp At 2013IMPECABLE!!!+ Aceptamos Transferencia Bancaria en Pesos y Dólares ++ Contamos con cuenta Bancaria en Estados Unidos para recibir transferencias +Mas de 25 años de experiencia en el mercado de vehículos premium• COORDINAR DÍA Y HORARIO PARA VER EL VEHÍCULO •• TOMA DE USADOS A PRECIO DE MERCADO (COTIZAMOS ONLINE)• RESERVA CON CONFIANZA :MERCADO LIBRE PROTEGE TU DINERO,ACEPTAMOS TODAS LAS TARJETAS DE DÉBITO Y CRÉDITO• RESPUESTA INMEDIATA A TUS INQUIETUDES :Respondemos al instante mensajes y llamados. Programamos Videollamadas.• ATENCIÓN PERSONALIZADA• DOCUMENTACIÓN AL DÍA Y LISTA PARA TRANSFERIRContamos con Administración y Gestoría Integral.• COORDINAR DÍA Y HORARIO PARA VER EL VEHÍCULO• CORNER MOTORSInstagram: cornermotorsX: CornerMotors",0,0,0
1828,17000.0,17 mil kmUnico dueñoPrimer service realizadoSegundo y tercero bonificadosSin detallesNo permutoSe va transferidoNo busco intermediarios ni reventas ni concesionarios,0,0,0
1832,43512.0,"Cambiá tu auto o comprá uno semi nuevo en Kavak, compañía N°1 en venta online de autos usados en Latinoamérica. Contamos con distintos planes de financiamiento para adaptarse a tus necesidades, también podés dejar tu auto como parte de pago. Solo vendemos autos 2010 en adelante, con menos de 100.000 km, que nunca tuvieron daños estructurales ni GNC.------------------------------------------------------------->> Jeep Renegade 1.8 SPORT WILD << 404550*BENEFICIOS KAVAK:Al comprar tu Auto Kavak contás con un PERÍODO DE PRUEBA DE 7 DÍAS o 300 KM. Si no te encantó, te devolvemos el 100% de tu dinero (incluida la transferencia)*INSPECCIÓN Y COBERTURA MECÁNICA: En Kavak, la calidad es lo más importante. Nuestros autos son mucho más que autos usados, son autos semi-nuevos reacondicionados que están revisados en 240 puntos por nuestro equipo de expertos, tienen todos los servicios al día, kilometraje real y cobertura mecánica Kavak de 3 meses con posibilidad de extensión a 1 año.*CONTRATÁ KAVAK TOTAL: Con Kavak Total tenés 9 meses adicionales de cobertura con tope según marca/modelo del auto en arreglos, en motor, transmisión, tracción delantera y trasera, batería, embrague y correa o cadena de distribución. Cuidar tu auto puede ser tan fácil como manejarlo.PRÓXIMOS PASOS:Consúltanos para agendar una visita y/o reservar tu auto de interés.*MÉTODOS DE PAGO:- FINANCIAMOS TU COMPRA: Podés acceder al auto de tus sueños con nuestro plan de financiamiento hecho a tu medida. Financialo en hasta 60 cuotas fijas.- DEJÁ TU AUTO COMO PARTE DE PAGO: Cambiá tu auto por uno Kavak.- AL CONTADO: Pagá vía transferencia bancaria o deposito. Podés pagar en pesos o en dólares.Para mayor información visitá nuestro sitio.*Ver términos y condiciones en Compra y Venta de Autos Usados en Argentina con Garantia",0,0,0
1837,75000.0,"Somos TURIA MOTORS !!!Atendido por sus dueños.Calificación 5 estrellas en Google.*Impecable estado.*Cubiertas nuevas*Unica mano- Tomamos tu usado en parte de pago- Financiacion SOLO con DNI. (Aprobación en el acto)- Entrega Inmediata.Estamos en Olivos. ATENDEMOS TODOS LOS DÍAS.Lunes a Viernes 10 a 18HS de corrido.Si necesitas venir antes o después, nos avisas y extendemos el horario por vos.Sábado, Domingo y Feriado (horario a convenir con cita previa)@TURIAMOTORSSeguinos en Redes.",0,0,0
1841,119000.0,"Una SUV que combina diseño moderno, altura ideal para ciudad y ruta, y un andar suave y confiable.Características del vehículo: • Motor: 2.0L naftero, excelente respuesta y consumo equilibrado. • Transmisión: Manual de 6 velocidades. • Equipamiento: Sistema multimedia, sensores de estacionamiento, control de estabilidad, llantas de aleación y llave presencia en su modelo mas full. Servicios realizados - Pack Detailing Preventa: • Limpieza exterior al detalle • Limpieza de motor con vapor • Limpieza interior con pulido de plásticos y tapizados • Pulido y abrillantado de carrocería y ópticas • Pintado detallado de llantasEn INOX STYLE, encontrá el auto que estás buscando en excelentes condiciones y personalizalo como quieras!",0,0,0
1850,115000.0,Honda HRV EX CVTModelo 2017.Km 115.000Muy cuidada y única manoMecánica excelente. Tiene algunos pequeños detalles que no llegan a ver en las imagenes. Pero son muy chicos. VTV al díaÚltimo cambio de aceite y filtros en Febrero 2025.2da llave manual.El precio es de u$s,1,0,0
1863,22000.0,"HONDA PILOT 2023 con solo 22000km , absolutamente NUEVA , sin detalles . FULL FULL , caja automática ultima generación botones, control crucero , sensores estacionamiento delanteros y traseros con Cámara de retroceso , 8 asientos CUERO electrónicos , climatizador TRIPLE ZONA con salida individual por asiento , portón eléctrico a distancia , los 4 levanta vidrios eléctricos , control de tracción, control estabilidad , 9 air bag , sensores presión neumáticos , Pantalla multimedia con todas las funciones , etc etc , SUPER full , servís Oficial en GARANTIA por 2 años mas , única mano . TITULAR carpeta completa para transferir , hago Factura A o B",0,0,0
1873,12000.0,UNIDAD EN STOCK VIRTUAL. Coordinar la visita previamente.Tomamos mayor y menor valor. Su consulta no molesta.VOLKSWAGEN NIVUSVERSION TSI 170 MODELO 202412.000KMMOTOR 1.0SERICE OFICIAL Y OTRO BONIFICADOSomos BROTHERS DRIVE CARS.Asesoramiento especializado.Atención personalizada.Permutas MAYOR Y MENOR VALOR.Consignaciones SIN QUE LO DEJES DE USAR.Financiación en cuotas FIJAS Y EN PESOS (LO ARMAMOS A TU MEDIDA)Gestoría integral del automotor.Broker de seguros#somosconfianza #brothersforlife,0,0,0
1891,60000.0,"Nuevo Ingreso Impecable Unidad , sin detalles , muy bien Cuidada. -Tomamos Permuta.-Entrega Inmediata.-Garantía. -Financiación Cuotas Fijas.- Asesor: Cristian Coria.",0,0,0
1898,21500.0,"Ford Bronco Wildtrack 4x4 full full tope de gama impecable. Unica dueña 21500kms Services oficiales sin detalles como nueva, uso urbano. Asientos de cuero Alcántara con calefacción, comandos digitales de última generación, CarPlay, pantalla digital y comandos por voz Recibo auto en parte de pago.Escucho oferta de contado",0,0,0
1900,141000.0,"Marca: JeepModelo: Grand Cherokee Overland 3.6 V6 4x4Año: 2016Kilómetros: 141.000kmTransmisión: Automatica Combustible: Nafta El vehiculo se encuentra en optimas condiciones con pequeños detalles esteticos, service al dia. Tiene vtv vigente y policial. Se entrega libre de deuda. Se puede pasar a ver sin compromiso. Equipamiento y Características:• Exterior:Llantas de aleación de 20 pulgadas, barras de techo, parrilla cromada, ganchos de remolque delantero y trasero.• Interior:Cuero Nappa, butacas electricas con memoria y calienta asientos, techo corredizo panorámico, calienta volante, iluminación interior LED, sistema de audio Harman Kardon, apertura remota del baul, etc.• Tecnología:Sistema multimedia Uconnect Smartouch 8, sistema de audio, Bluetooth, puertos USB, dos pantallas de 9"" en la parte trasera, encendido con boton y llave con presencia, suspencion neumatica Quadra-Lift de 4 alturas, volante con comandos y levas.• Seguridad:Control de estabilidad, airbags, sensores de estacionamiento, cámara de reversa, frenos a disco y ABS, diferentes modos de conduccion para adaptarse a distintos terrenos, etc.Se puede pasar a ver por Mataderos, o por San Fernando. Precio negociable. Precio: Usd 42.500Ubicación: San fernando, Buenos Aires. Contacto: 1155641143",1,0,0
1918,89000.0,"EXCELENTE ESTADO!!Somos una empresa familiar con mas de 30 años de experiencia en el rubro dedicándonos a vehículos de todas las gamas en excelentes condiciones tanto estéticas como de papeles. Para la tranquilidad del cliente, brindamos la opción de poder escanear y revisar ante cualquier especialista nuestras unidades.Para facilitar el proceso de compra, aceptamos permutas de menor y mayor valor, tomamos dólares y contamos con servicio de gestoría y aseguradora. además, damos la posibilidad de que el cliente presente la transferencia de manera particular para ahorrarse gastos extra.En el caso de que estes interesado en vender tu usado, nosotros te lo compramos tratando de superar cualquier oferta de manera rápida y segura encargándonos de preparar toda la documentación.Para una mejor atención, combinar una cita. los esperamos!Grupo Scotti —> Sucursal World’s car",0,0,0
1921,197000.0,"LEER DESCRIPCIÓN COMPLETA.2DA MANOINMACULADA.4 GOMAS NUEVAS FATE.TODOS LOS MANTENIMIENTOS HECHOS CORRECTAMENTE.LISTA  PARA TRANSFERIR.LISTA PARA USAR.AYACUCHO AUTOMOTORES.SOMOS UNA AGENCIA CON MAS DE 30 AÑOS DE ANTIGÜEDAD.NO BUSCAMOS SOLO VENDER, BUSCAMOS CLIENTES Y QUE NOS COMPRES NUEVAMENTE! POR ESO TODAS NUESTRAS UNIDADES DISPONIBLES SE ENCUENTRAN EN OPTIMO ESTADO.SOMOS UN NEGOCIO FAMILIAR PADRE E HIJO.TODOS NUESTROS AUTOS ESTÁN EN OPTIMAS CONDICIONES Y PASAN POR UN CONTROL DE CALIDAD PREVIO PARA NUESTRA TRANQUILIDAD Y LA DEL CLIENTE.*IMPORTANTE* PODES VENIR CON TU MECÁNICO DE CONFIANZA PARA QUE REVISE EL AUTO SIN NINGÚN PROBLEMA.SEGUINOS EN INSTAGRAM Y OBSERVA TODAS LAS NOVEDADES!INSTAGRAM: AYACUCHOAUTOMOTORESSMCOMPRA/VENTA/CONSIGNACIONES.TOMAMOS TU USADO!FINANCIACIONES PARTICULARES Y BANCARIAS. ( SEGÚN EL MONTO)*LOS AUTOS SE ENTREGAN SI O SI TRANSFERIDOS A NOMBRE DEL COMPRADOR.**CONTAMOS CON SERVICIO DE GESTORIA SIN CARGO.**NO SE COBRAN PORCENTAJES POR HACER LA TRANSFERENCIA, LA MISMA SE PREPARA SIN CARGO Y CORRE POR NUESTRA CUENTA, SOLO SE ABONAN LOS ARANCELES QUE DIGA EL REGISTRO SEGÚN EL AUTO.",0,0,0
1926,80000.0,"BMW X5 LINEA NUEVA AÑO 2019Automática con 80.000 KMInmaculado estado - Única manoTodos los service oficialesCaja automática de octavaEquipamiento fullPrecio Lista / Permuta u$s 99.000 dólaresPrecio Contado u$s 96.900 dólaresPreguntas sobre la unidad:Estado de neumáticos: Muy buenoInterior: ExcelenteEstado de llantas: Inmaculado, sin un solo detalleEstado de pintura: ExcelenteHay que hacerle algo: NoEs la mejor del mercado: SiTiene informe de dominio? SiTiene libre deuda de infracciones? SiTiene el 08 firmado? SiTiene verificación policial? SiLa compro tranquilo?Obviamente. Somos concesionario oficial BMW• TOMA DE USADOS: Deberá mandarnos por whatsapp fotos - Km - VersiónEl usado puede ser de cualquier marca nacional o importadoLa toma del usado se hace sobre el precio de listaDesde el botón del aviso q dice WHATSAPP se puede contactar con nosotros de forma directa y rápida.•Respondermos su consulta por whatsapp en el momento •+ Aceptamos Transferencia Bancaria en Pesos o Dólares ++ Cuentas bancarias en todos los bancos a nombre del concesionario para su seguridad +• ATENCIÓN PERSONALIZADA• DOCUMENTACIÓN AL DÍA Y LISTA PARA TRANSFERIRContamos con Administración y Gestoría en el concesionario para hacerle mas simple los trámites.Concesionario oficial BMWMisael Ferrer",0,0,0
1930,219000.0,AUDI Q5 2.0TSI QUATTROCAJA AUTOMATICAASIENTOS DE CUEROTECHO ELECTRICOCLIMATIZADORMANTENIMIENTO AL DIASIEMPRE MECANICO DE CONFIANZAVEHÍCULO EN EXCELENTE ESTADODOCUMENTACION AL DÍALISTO PARA TRANSFERIRAÑO 2011219.000 KILÓMETROSVENTA PARTICULARPODRIA ACEPTAR PERMUTA!!!ACEPTO DÓLARES Y PESOS.SE PUEDE VER EN BELGRANO. CABATEL: 47821144,0,0,0
1938,35000.0,"EL PRECIO PUBLICADO ES EN EFECTIVO O FINANCIACION, CONSULTAR PRECIO EN EL CASO DE QUE SEA CON PERMUTA.CUANDO PENSAS EN CAMBIAR TU USADO, PENSA EN LA CONCESIONARIA MAS VISITADA EN CORDOBA, PENSA EN LOPCAR.MAS DE 25 AÑOS DE TRAYECTORIA, TRABAJANDO PARA BRINDARLES A NUESTROS CLIENTES EL MEJOR ASESORAMIENTO A LA HORA DE ADQUIRIR O RENOVAR SU PROXIMA UNIDAD.¡BUSCAMOS LA MEJOR FINANCIACION!!¡TOMAMOS SU USADO AL MEJOR PRECIO!!SEGURIDAD, TRANQUILIDAD y HONESTIDADCUALQUIER CONSULTA NUSTROS ASESORES ESTARAN A SU DISPOSICION!!VENÍ A VISITARNOS A NUESTRO SALÓN EN BARRIO VILLA CABRERA!¿COMO SE PUEDE FINANCIAR?- Créditos personales y prendarios.- Permutas (recibimos tu usado)- Créditos en tasas fijas- Créditos Uva- Entrega mínima: 50%- Financia el saldo a una tasa desde el 16.5% LOS VALORES REFERIDOS ESTAN SUJETOS A MODIFICACION SIN PREVIO AVISO LOPCAR S.A",0,0,0
1942,156000.0,Service oficiales.Auxilio sin rodar.Interior sin detalles. Evaluó Permuta.CAJA AUTOMÁTICA,0,0,0
1959,6000.0,"Ford Territory Titanium 1.8 AT, impecable, sin detalles, tiene 6 meses de uso en Ciudad.Garantia de fabrica hasta Noviembre de 2027.Unico dueño.Solo operaciones de contado.No se aceptan permutas de ningun tipo.",0,0,0
1969,109000.0,"ESTE VEHICULO POSEE OPCIONES DE FINANCIACION!! CONSULTAR!!!*Renault Duster 4x2 1.6Año 2016Con Solo 109.000Tiene:- Pantralla Con GPS- Barras de techo color gris- Barra de techo longitudinales- Espejos exteriores color carrocería- Faros traseros LED- Manijas de puertas color carrocería- Manijas de puertas internas cromadas- Palanca de cambios con detalles cromados- Salidas de aire laterales y en consola central color marrón- Volante y palanca de cambios, revestidos en cuero- 3 apoyacabezas traseros- Aire acondicionado- Asiento del conductor regulable en altura- Cámara de estacionamiento trasera- Cierre central de puertas- Computadora de a bordo- Control de velocidad crucero y limitador de velocidad- Eco coaching / Eco monitoring- Indicador de temperatura exterior- Llantas de aleación- Dirección asistida- Espejos retrovisores con comando eléctrico- Levantacristales delanteros/taseros con comando eléctrico- Airbags para conductor y acompañantes- Alarma perisferica- Cinturones de seguridad delanteros ajustables en altura- Frenos ABS EBD Y AFU- Control dinámico de estabilidad (ESP)- Proyectores antiniebla- Sistema de Anclaje ISOFIX (2) en plazas traseras- Excelente ConfortListo para Transferir, Acepto Permuta ! (No Acepto Plan de Ahorro)""Compre Tranquilo, Compre a Profesionales ! Somos una Empresa Familiar Muy Joven, Nuestro Verdadero Interés Esta en la Satisfacción de Nuestros Clientes ""( Todos los precios incluyen el costo de Gestoría )> USTED SEÑA EL AUTO Y NOSOTROS EN 24HS NOS OCUPAMOS DE TODO.> UNA VEZ QUE EL VEHICULO ESTA A SU NOMBRE, LO ABONA Y RETIRA, SIN RIESGOS POR POSIBLE EMBARGO O PRENDA, MULTAS O DEUDA DE PATENTESPodes encontrarnos en:*Sucursal Ituzaingo:Calle Presidente Peron 7181 (Sobre Colectora a 50Mts de la Bajada del Acceso Oeste y Puente Barcala/ Cipolleti) -Ituzaingo -- Horarios de Atención: Lunes a Viernes de 9:30 a 18 hs Sabados de 10 a 18 hs*Sucursal Moreno:Colectora Sur Acceso Oeste 4014 - Moreno -- Horarios de Atención: Lunes a Viernes de 9:30 a 18 hs Sábados de 10 a 18 hs",0,0,0
1979,80000.0,"VENDO CITROËN C4 CACTUS 1.2 PURETECH 110 AT6 SHINECaja automática, NaftaAño 201878.000 kmExcelente estado (solo detalles menores de uso)Full equipo Shine",0,0,0
1983,154000.0,JEEP CHEROKEE LIMITED V6 3.7CAJA AUTOMATICA 4X4ASIENTOS DE CUEROTECHO ELECTRICOVELOCIDAD CRUSEROVEHÍCULO EN EXCELENTE ESTADO	DOCUMENTACION AL DÍA	LISTO PARA TRANSFERIR		AÑO 2011	154.000 KILÓMETROS		VENTA PARTICULAR	PODRIA ACEPTAR PERMUTA!!!		ACEPTO DÓLARES Y PESOS.	SE PUEDE VER EN BELGRANO. CABA	TEL: 47821144,0,0,0
1989,109800.0,"¿Estás listo para darle un giro a tu conducción? Descubrí la excelencia de los vehículos de Autoctiy Usados. Ofrecemos una amplia gama de opciones de financiamiento diseñadas para adaptarse a tus necesidades individuales, además de la posibilidad de usar tu auto actual como parte de pago.Solo ofrecemos vehículos del 2010 en adelante, con menos de 130,000 kms recorridos y sin historial de daños estructurales.*BENEFICIOS CON AUTOCTIY USADOS:INSPECCIÓN Y GARANTÍA MECÁNICA (ISO9001): En Autoctiy Usados, la calidad es nuestra prioridad. Nuestros vehículos pasan por una exhaustiva inspección de 240 puntos realizada por nuestro equipo de expertos. Además, cuentan con kilometraje verificado y una garantía mecánica de 3 meses.*PRÓXIMOS PASOS:Contáctanos para programar una visita o reservar el vehículo de tu interés.MÉTODOS DE PAGO:    • FINANCIACIÓN A MEDIDA: Accede al auto de tus sueños con nuestro plan de financiamiento personalizado, con opciones de hasta 60 cuotas fijas.    • DEJA TU AUTO COMO PARTE DE PAGO: Cambia tu vehículo actual por uno de Autoctiy Usados.    • PAGO AL CONTADO: Realiza tu pago mediante transferencia bancaria o depósito, en pesos o dólares.¡Viví tu experiencia Autocity!",0,0,0
2011,32000.0,LISTA PARA TRANSFERIRACEPTO PERMUTASTOMO PESOS AL BLUE DEL DIAENTREGANDO $14.500.000 FINANCIO EL RESTO EN CUOTAS FIJAS EN PESOSSIN DETALLES ORIGINAL 100%,0,0,0
2020,238780.0,"Excelente vehículo, muy pero muy bien cuidado, se la compré con 180.000km al segundo dueño que la atendía absolutamente todo en concesionaria oficial. Jamás tuve un solo problema, mantenimiento básico. 2 cubiertas al 70% y otras dos al 90%Pantalla tactil, cámara, sensores de estacionamiento, Bluetooth y usb. (Equipamiento usa)También tengo el stereo originalTecho eléctrico, velocidad crucero, 4x4. 2 auxilios con mismas llantas de aleación originales. La mesa original que va en el baúl también está. El porta equipaje no se incluye.Tiene toda la amortiguación nueva, daichi japoneses. No tiene un ruido, y no hay que hacerle nada es un avión",0,0,0
2021,95000.0,Titular - Unico Dueno - Impecable sin detalles NO FINANCIONO TOMO PERMUTANO RESPONDO OFERTAS SIN VER MI AUTONO ME INTERESA SERVICIOS DE AGENCIA PARA LA VENTATRANSFERENCIA OBLIGATORIA,0,0,0
2023,182000.0,"Está con servicio al día, 3 filas última rebatible, techo corredizo andando, único detalle estético sería algo en paragolpes (típico) y tapizados para limpiar",1,0,0
2037,67500.0,Exelente unidad única mano tiene las 5 cubiertas nuevas sin detalles. Permuto financió consulte,0,0,0
2049,64317.0,"Cambiá tu auto o comprá uno semi nuevo en Kavak, compañía N°1 en venta online de autos usados en Latinoamérica. Contamos con distintos planes de financiamiento para adaptarse a tus necesidades, también podés dejar tu auto como parte de pago. Solo vendemos autos 2010 en adelante, con menos de 100.000 km, que nunca tuvieron daños estructurales ni GNC.------------------------------------------------------------->> Ford EcoSport 1.6L FREESTYLE << 408094*BENEFICIOS KAVAK:Al comprar tu Auto Kavak contás con un PERÍODO DE PRUEBA DE 7 DÍAS o 300 KM. Si no te encantó, te devolvemos el 100% de tu dinero (incluida la transferencia)*INSPECCIÓN Y COBERTURA MECÁNICA: En Kavak, la calidad es lo más importante. Nuestros autos son mucho más que autos usados, son autos semi-nuevos reacondicionados que están revisados en 240 puntos por nuestro equipo de expertos, tienen todos los servicios al día, kilometraje real y cobertura mecánica Kavak de 3 meses con posibilidad de extensión a 1 año.*CONTRATÁ KAVAK TOTAL: Con Kavak Total tenés 9 meses adicionales de cobertura con tope según marca/modelo del auto en arreglos, en motor, transmisión, tracción delantera y trasera, batería, embrague y correa o cadena de distribución. Cuidar tu auto puede ser tan fácil como manejarlo.PRÓXIMOS PASOS:Consúltanos para agendar una visita y/o reservar tu auto de interés.*MÉTODOS DE PAGO:- FINANCIAMOS TU COMPRA: Podés acceder al auto de tus sueños con nuestro plan de financiamiento hecho a tu medida. Financialo en hasta 60 cuotas fijas.- DEJÁ TU AUTO COMO PARTE DE PAGO: Cambiá tu auto por uno Kavak.- AL CONTADO: Pagá vía transferencia bancaria o deposito. Podés pagar en pesos o en dólares.Para mayor información visitá nuestro sitio.*Ver términos y condiciones en Compra y Venta de Autos Usados en Argentina con Garantia",0,0,0
2057,101100.0,"¿Estás listo para darle un giro a tu conducción? Descubrí la excelencia de los vehículos de Autoctiy Usados. Ofrecemos una amplia gama de opciones de financiamiento diseñadas para adaptarse a tus necesidades individuales, además de la posibilidad de usar tu auto actual como parte de pago.Solo ofrecemos vehículos del 2010 en adelante, con menos de 130,000 kms recorridos y sin historial de daños estructurales.*BENEFICIOS CON AUTOCTIY USADOS:INSPECCIÓN Y GARANTÍA MECÁNICA (ISO9001): En Autoctiy Usados, la calidad es nuestra prioridad. Nuestros vehículos pasan por una exhaustiva inspección de 240 puntos realizada por nuestro equipo de expertos. Además, cuentan con kilometraje verificado y una garantía mecánica de 3 meses.*PRÓXIMOS PASOS:Contáctanos para programar una visita o reservar el vehículo de tu interés.MÉTODOS DE PAGO:  • FINANCIACIÓN A MEDIDA: Accede al auto de tus sueños con nuestro plan de financiamiento personalizado, con opciones de hasta 60 cuotas fijas.  • DEJA TU AUTO COMO PARTE DE PAGO: Cambia tu vehículo actual por uno de Autoctiy Usados.  • PAGO AL CONTADO: Realiza tu pago mediante transferencia bancaria o depósito, en pesos o dólares.¡Viví tu experiencia Autocity!",0,0,0
2070,112000.0,"MILAN AUTOMOTORES - CONCESIONARIO MULTIMARCASomos jóvenes profesionales que nos hemos establecido en la región como un referente indiscutido en la comercialización de vehículos particulares y comerciales. Tenemos la experiencia que se necesita para resolver su compra/venta.Compromiso, seriedad, pasión y lograr la mejor experiencia de compra de nuestros clientes son los valores y objetivos que hacen de Milán Automotores un Concesionario Multimarca confiable a la hora de tomar su decisión.Contamos con la más amplia financiación a través de las diferentes líneas de crédito.- Crédito UVA- Planes de Financiación",0,0,0
2079,86000.0,CUBIERTAS NUEVASSIN DETALLES IMPECABLEKMS DE RUTA LAS MAS FULL,0,0,0
2139,60000.0,"¡Te damos la bienvenida a nuestra publicación! Estamos emocionados de presentarte esta impresionante SUV Jeep Renegade, que se encuentra en óptimas condiciones y está lista para llevar tus aventuras a un nuevo nivel. A continuación, te proporcionamos todos los detalles que necesitas conocer:Ofrecemos opciones de financiamiento flexibles con tasa al 60% , que se adaptan a tus necesidades y presupuesto. Nuestro equipo está disponible para ayudarte a encontrar la mejor solución financiera para que puedas adquirir esta SUV sin complicaciones. ¡Contáctanos para obtener más detalles sobre las tasas y plazos disponibles!¿Tenes un vehículo actual que deseas cambiar? Aceptamos permutas. Contanos sobre tu vehículo actual y te proporcionaremos una valoración justa para facilitar la transición hacia esta impresionante SUV. No dejes pasar la oportunidad de disfrutar de todas las ventajas y comodidades que ofrece este vehículo.Si estás interesado en esta SUV o deseas obtener más información, no dudes en ponerte en contacto con nosotros. Estamos aquí para ayudarte a encontrar el vehículo perfecto y hacer que tu experiencia de compra sea lo más fácil y placentera posible.Condiciones de Venta:Todos los papeles al día.Listo para transferir.¡No dejes pasar esta oportunidad y llévate a casa esta SUV excepcional hoy mismo! Estamos seguros de que será el compañero perfecto para todas tus aventuras",0,0,0
2141,155000.0,"Increíble Jeep Grand cherokee Versión Limited 4x4Baja, alta Caja Automática6 modos de manejo diferentes y adaptativos284cv Xenón de fabrica con lupaKm 155×××CueroTechoCalefacción en butacasCámara de retroceso Llantas en 18 pulgadas Apertura parcial de portón trasero Linterna de mano incorporada en baulMultimedia central con 1 Gb de memoria Pantalla de entretenimiento en plazas traserasUn sueño viajar con ella en familiaDigna de ver Nada por hacerUn verdadero tanque de guerra! Super agilMANTENIMIENTO REALIZADO RECIENTEMENTECOMPRESOR AIRE ACONDICIONADO NUEVO, TREN DELANTERO COMPLETOAMORTIGUADORES, BUJES DE BARRA, BOMBA DE COMBUSTIBLE EN TANQUECAMBIO DE FILTRO ACEITE, AIRE Y COMBUSTIBLETODO CON REPUESTOS ORIGINALES MOPARNADA POR HACERACEPTAMOS PERMUTAS MAYOR Y MENOR VALORFINANCIACION CON BANCOS DE 1ª LINEAAtención 24hs",0,0,0
2142,87000.0,"Nuevo Ingreso Impecable Unidad , sin detalles , muy bien Cuidada. -Tomamos Permuta.-Entrega Inmediata.-Garantía. -Financiación Cuotas Fijas.- Asesor: Cristian Coria.",0,0,0
2145,290000.0,"Bomba de alta ,válvula de regulación de presión. Cambio de Juntas y retenes .Limpieza y arenado del tanque de combustible.Cambio de filtro de combustible.Todos los mantenimientos necesarios para la seguridad de funcionamiento4 gomas nuevas yokohama.Repuestos varios . Paragolpe, puerta delantera .VTV vigente .Hermosa Suv . Seguridad y confort para una manejo seguro.",0,0,0
2146,86000.0,"FORD ECOSPORT SEAÑO 2017KILÓMETROS 86.000MOTOR 1.5 NAFTACAJA MANUALSomos WEST MOTORS, una empresa dedicada a la comercializacion de vehiculos usados y 0km para brindar una operacion segura y confiable a cada uno de nuestros clientes. Contamos con una amplia variedad de vehículos en óptimas condiciones para una venta satisfactoria. En caso de permuta tomamos tu usado, queres vender tu vehículo? Nosotros te lo vendemos, necesitas el dinero? Nosotros te lo compramos! No dudes en contactarnos.",0,0,0
2154,110000.0,"Excelente oportunidad, nunca tuvo un problema. Cubiertas menos de 2 años, bujías nuevas, service recién hecho.",0,0,0
2156,150000.0,"Por cambio de proyecto, BMW X5 3.0D, año 2007, 08 firmado en blanco, me cortaron los cables de la instalación en el baúl, tengo una instalación nueva, es para alguien que tenga paciencia y ganas para terminarla, de carrocería, cubiertas, etc. esta muy bien. tengo el parabrisas y los vidrios laterales nuevos para cambiar. tomo permuta, LA CAMIONETA NO ESTA MARCHA HACE UN AÑO POR LO MENOS, ESTABA ANDANDO CUANDO LA PARE. el interior lo desarme para arreglar el tema de la instalación, esta todo completo y en muy buen estado. valor en dólares. REITERO QUE HOY LA CAMIONETA NO ESTA EN MARCHA",0,1,1
2164,158000.0,"Unico dueño. Vtv al dia y Oblea de gas al dia.Ambas llaves y manuales completos.La camioneta se encuentra en muy buenas condiciones!Tiene 2 tubos de GNC de 5ta gen debajo de la caja.Tiene todos los services hechos cada 10.000km. Distribucion hecha hace menos aprox 30.000km.En el ultimo service (Febrero 2025) se cambiaron las bujias tambien.Bateria nueva.Las 4 cubiertas estan en muy buenas condiciones.A la camioneta le funciona todo, aire acondicionado, calefaccion y tiene todos los vidrios electricos! Cualquier consulta es bienvenida!Para coordinar visitas mandar mensaje.",0,0,0
2181,64000.0,"Chevrolet Tracker LTZ AT, motor 1.2 turbo, caja automatica, Año 2022, 64.000km -- EN EXCELENTE ESTADO-- UNICO DUEÑO!Funciona absolutamente todo, está original. Se le acaba de hacer el service oficial en Chevrolet.VTV Vigente hasta Octubre 2025.Se le hizo tratamiento ceramico, le saqué fotos de todos los angulos para corroborar que el vehiculo se encuentra sin detalle alguno. Cuenta con la llave duplicado.Se encuentra listo para transferir, verificación policial, con todos sus papeles en regla, sin ningún tipo de deuda. Se entrega TRANSFERIDO, sin excepción.Se puede ver por Banfield, está guardada en cochera.Cualquier novedad será respondida a la brevedad.Consultas: Arturo, al teléfono de la publicación.Valor de venta contado: U$S 23.500 o su equivalente en pesos a cotización BLUE.Se podrían evaluar permutas de vehículos en buenas condiciones..LA VENTA ES PARTICULAR! - SE ENTREGA TRANSFERIDO!",0,0,0
2192,55000.0,Excelente de andar cero problema somos el único dueño nissan kick avance caja automática con 55 mil kilómetros excelente estado todos los servi a concesionaria nissan papeles al día patente paga lo vendo porque no mudamos a exterior,0,0,0
2211,76000.0,"Somos una empresa familiar con mas de 30 años de experiencia en el rubro dedicándonos a vehículos de todas las gamas en excelentes condiciones tanto estéticas como de papeles. Para la tranquilidad del cliente, brindamos la opción de poder escanear y revisar ante cualquier especialista nuestras unidades. Para facilitar el proceso de compra, aceptamos permutas de menor y mayor valor, tomamos dólares y contamos con servicio de gestoría y aseguradora. además, damos la posibilidad de que el cliente presente la transferencia de manera particular para ahorrarse gastos extra. En el caso de que estes interesado en vender tu usado, nosotros te lo compramos tratando de superar cualquier oferta de manera rápida y segura encargándonos de preparar toda la documentación. Para una mejor atención, combinar una cita. los esperamos!  Grupo Scotti —> Sucursal World’s car                       LA UNIDAD ES AUTOMATICA",0,0,0
2213,202000.0,"NISSAN XTERRA SE 4X4 VENDO URGENTEFUNCIONA ABSOLUTAMENTE TODO, MECANICA IMPECABLE.INTERIOR IGUAL A NUEVO, SIN ROTURAS NI MALTRATOS.LA ENTREGA ES INMEDIATA.EL PRECIO ES DE 11.500U$D.UNIDADES SELECCIONADAS.TOMAMOS PERMUTAS DE MENOR O MAYOR VALOR, CONSULTANOS A LOS TELEFONOS PUBLICADOS.EL SERVICIO DE GESTORIA ES 100% GRATIS!Para más información contáctanos.CONSULTANOS POR NUESTROS CREDITOS PRENDARIOS DIRECTOS BANCARIOS, TU CONSULTA NO MOLESTA.",0,0,0
2254,130000.0,Jeep cherokee liberty 3.6 v6 detalles ..,0,0,0
2261,126100.0,"¿Estás listo para darle un giro a tu conducción? Descubrí la excelencia de los vehículos de Autoctiy Usados. Ofrecemos una amplia gama de opciones de financiamiento diseñadas para adaptarse a tus necesidades individuales, además de la posibilidad de usar tu auto actual como parte de pago.Solo ofrecemos vehículos del 2010 en adelante, con menos de 130,000 kms recorridos y sin historial de daños estructurales.*BENEFICIOS CON AUTOCTIY USADOS:INSPECCIÓN Y GARANTÍA MECÁNICA (ISO9001): En Autoctiy Usados, la calidad es nuestra prioridad. Nuestros vehículos pasan por una exhaustiva inspección de 240 puntos realizada por nuestro equipo de expertos. Además, cuentan con kilometraje verificado y una garantía mecánica de 3 meses.*PRÓXIMOS PASOS:Contáctanos para programar una visita o reservar el vehículo de tu interés.MÉTODOS DE PAGO:  • FINANCIACIÓN A MEDIDA: Accede al auto de tus sueños con nuestro plan de financiamiento personalizado, con opciones de hasta 60 cuotas fijas.  • DEJA TU AUTO COMO PARTE DE PAGO: Cambia tu vehículo actual por uno de Autoctiy Usados.  • PAGO AL CONTADO: Realiza tu pago mediante transferencia bancaria o depósito, en pesos o dólares.¡Viví tu experiencia Autocity!",0,0,0
2278,309000.0,"vendo toyota hilux version mas completa de HILUX SW4 4X4 2011 3.0 TDI., prestar atención en las siguientes caracteristicas: camioneta solo para entendidos. CON CLIMATIZADOR AUTOMATICO, 3 FILAS DE ASIENTOS INTERIOR DE CUERO, ASIENTOS ELECTRICOS REBATIBLES EN ALTURA Y SE CORREN ELECTRONICAMENTE. SOY EL TITULAR. Segunda MANO. LA MAS COMPLETA DE TODAS, CON MECANICA EXCELENTE COMO NINGUNA, SIN NINGUNA COSA RARA NI SORPRESAS, COMPROBABLES CON LOS SERVICE ORIGINALES EN LIBRETA DE TOYOTA. Papeles al día y a mi nombre. -La camioneta cuenta con pintura original color negra. tiene algún punto o rayoncito mínimo; por el tiempo de uso. Se le realizaron 4 tratamientos acrílicos, con sellador cerámico vitrificador VX45, siempre lavada con productos 3M. SIEMPRE GUARDADA EN GARAGE CUBIERTO Y PROTEGIDA DEL SOL. !!!!NUNCA SE USO EN BARRO NI EN TRAVESIAS.!!!!!-La camioneta en cuanto a lo mecánico siempre se le realizaron todos los service oficial, en TREOS (toyota oficial). Y en Milanesio de San Jorge. Se lo puede comprobar con el registro de los service de su manual; Siempre muy cuidada, nunca se presento ningún problema y con 309000 KM REALES Y NUNCA SE LA USO EN TRAVESIAS SOLO KM REALIZADO EN RUTA.-Las cubiertas, siempre rotadas y chequeadas cada 10 mil km. Las cubiertas con todos los service de alineación y balanceo. -cuenta con los dos juegos de llave. -El interior de cuero se encuentra en condiciones, el asiento del conductor tiene detalles del uso por el paso del tiempo. Cuenta con 3 FILAS DE ASCIENTOS. -Cuenta con un maravilloso equipo de sonido con una pantalla pioner, con pantalla táctil, DVD, CD, VIDEO, USB, ENTRADA MD. con potencia BOSS, y boufer colocado en consecionario oficial.-La camioneta cuenta con vidrios ANTIBANDALICOS Y POLARIZADOS. LUCES ESTREBOSCOPICAS. Control satelital con la empresa Mi Ubicar. Además cuenta con una barra led en el frente que en la ruta se hace de día x la noche. -La camioneta tiene todos los accesorios originales, cuenta con ENGANCHE PARA TRAILER ORIGINAL DE TOYOTA.SOLO PARA MUUUY MUUUY EXIGENTES, VERLA ES COMPRARLA. ESCUCHO OFERTAS DE CONTADO. POSIBLE PERMUTA DE MI INTERES (EL VALOR VARIA). SI BUSCAS UNA SW4 SIN PROBLEMA DE NINGUN TIPO NI SORPRESAS, ESTA ES LA INDICADA.",1,0,0
2295,110000.0,"Tiguan 1.4 t si sin detalles .cubiertas nuevas ,distribución nueva ,cambio de aceite y filtros recién hechos ,con cambio de aceite de caja tmb realizado .nada por hacerle titular !! sin deudas de nada ,al día radicada en CABA",0,0,0
2299,83298.0,"VENDO PEUGEOT 2008 FELINE 1.6 2016. 2DO DUEÑO. SERVICE LOS PRIMEROS OFICIALES Y LUEGO PARTICULARES. BUEN ESTADO,INTERIOR Y EXTERIOR IMPECABLE. VTV VIGENTE HASTA 03/07/2025. LISTO PARA TRANSFERIR Y USAR.ACEPTAMOS PESOS, DÓLARES, EUROS, REALES Y CRIPTOMONEDAS A COTIZACIÓN JUSTA REAL DE MERCADO. ACEPTAMOS PERMUTAS DE MAYOR O MENOR VALOR Y TAMBIÉN FINANCIAMOS EN DÓLARES, Y EN PESOS MEDIANTE LOS PRINCIPALES BANCOS DEL PAIS.EL AUTOMÓVIL CUENTA CON DUPLICADO DE LLAVE, MANUALES, CRIQUE, LLAVE DE RUEDA, BALIZAS, MATAFUEGOS Y AUXILIO ORIGINAL, TAL COMO SALIÓ DE FÁBRICA EN 2016.—————ACERCA DE LA COMPRA Y LA TRANSFERENCIA DEL VEHÍCULO———EL COSTO DE LA TRANSFERENCIA DE TITULARIDAD DE ESTE VEHÍCULO ES DE $829.776. ESTE IMPORTE INCLUYE FIRMAS Y LEGALIZACIÓN EN ESCRIBANÍA, Y CUALQUIER OTRO TRÁMITE REGISTRAL QUE SEA NECESARIO. EL IMPORTE MENCIONADO ES FINAL Y NO HAY NINGÚN OTRO GASTO NI COSTO OCULTO.EL PROCEDIMIENTO DE COMPRA ES EL SIGUIENTE:1) USTED COORDINA UNA CITA Y SE ACERCA A VER Y PROBAR EL AUTOMÓVIL, Y SI LE GUSTA, PUEDE RESERVARLO EN EL MOMENTO CON $400.000.2) LUEGO, USTED TENDRÁ 7 DÍAS CORRIDOS PARA ACERCARSE A ABONAR EL VALOR DEL VEHÍCULO Y EL COSTO DE LA TRANSFERENCIA Y FIRMAR EN ESCRIBANÍA LA DOCUMENTACIÓN NECESARIA. ESE MISMO DÍA YA PODRÁ RETIRAR EN EL ACTO LA UNIDAD. NUESTRO PRODUCTOR LE PUEDE GENERAR UN SEGURO DEL AUTOMÓVIL, O BIEN PUEDE TRAER EL SUYO.3) AL CABO DE 7 DÍAS, NUESTRO EQUIPO DE GESTORES SE CONTACTARÁ CON USTED PARA HACERLE LLEGAR LA DOCUMENTACIÓN PERTINENTE.——ACERCA DE QUALIS CARS - AUTOS DE CALIDAD - CONCESIONARIA OFICIAL MULTIMARCA——LA CONCESIONARIA FUE FUNDADA EN 1973 Y HA FUNCIONADO SIN INTERRUPCIÓN DESDE ESE ENTONCES POR MAS DE 5 DÉCADAS. LOS CIMIENTOS FUNDAMENTALES FUERON SIEMPRE LOS MISMOS:1) SOLO VEHÍCULOS DE CALIDAD VERIFICADOS, HASTA 10 AÑOS DE ANTIGÜEDAD E IDEALMENTE CON MENOS DE 100.000 KM. HACEMOS EXCEPCIONES, SOLO SI VALE LA PENA EL VEHÍCULO. NO COMPRAMOS NI VENDEMOS PROBLEMAS.2) TRANSPARENCIA Y VELOCIDAD EN EL TRÁMITE DE TRANSFERENCIA. SABEMOS LO IMPORTANTE QUE ES TENER LOS PAPELES EN REGLA, Y NOS OCUPAMOS DE QUE ASÍ SEA.SI USTED COMPRA CON NOSOTROS, POR FAVOR NO SE SORPRENDA SI RECIBE VARIAS ENCUESTAS TELEFÓNICAS DE NUESTRO EQUIPO DE AUDITORES A LO LARGO DEL PROCESO DE COMPRA. BUSCAMOS ASEGURARNOS LA MISMA EXPERIENCIA PARA CADA CLIENTE Y SOBRE TODO, QUE USTED QUEDE SATISFECHO Y VUELVA.LA CONCESIONARIA SE ENCUENTRA EN ALMAGRO (CAPITAL FEDERAL, ARGENTINA) EN UN PREDIO DE 5.000M2 DONDE SE EXHIBEN ALREDEDOR DE 200 VEHÍCULOS ENTRE 0KM, IMPORTADOS, CLÁSICOS Y UTILITARIOS. EN EL PREDIO FUNCIONAN ADEMÁS TALLERES DE: POSVENTA Y MECÁNICA LIGERA, DETAILING Y CARROCERIA Y PINTURA .(POR FAVOR, PEDIR LA DIRECCION EXACTA, POR POLITICA DE MERCADOLIBRE NO PODEMOS ANUNCIARLA AQUI).",0,0,0
2300,108000.0,"BMW X5 PACK M , TODOS LOS OPCIONES DE FABRICA, VTV 2026, 100% ORIGINAL, TIENE 108.000KM, SE PUEDE REVISAR SIN NINGUN PROBLEMA EN CONCESIONARIO OFICIAL BMW, TAMBIEN SE PUEDE SCANEAR ! NO PERMUTO ! EL PRECIO NO ES NEGOCIABLE, LA CAMIONETA SE ENCUENTRA EN OPTIMAS CONDICIONES ! SOY PARTICULAR Y SE PUEDE VER EN ZONA CANNING",0,0,0
2322,194000.0,"""BMW X5 3.0 SI ATAño 2010Km 194.000•Service oficiales•Vtv vigente•Techo solar y corredizo•Cubiertas en excelente estado•Butacas de cuero•Climatizador•Sensores de estacionamiento•Comando al volante•Levanta vidrios eléctricos•Espejo eléctricosEXPERIENCIA MERAK- Podes abonar el vehículo mediante transferencia bancaria, efectivo, USS. -- Para tu tranquilidad, podes venir con tu mecánico de confianza a ver el auto, escanearlo y que puedas salir a probarlo.- No aumentamos el valor del vehículo en permuta, manejamos precios reales tanto para nosotros como para el cliente.- En el mismo momento que abonas, retiras el vehículo y nuestra gestoría se encarga de tomar la firma en el 08 para poder realizar todos los tramites.- Todos nuestros vehículos se entregan con permiso de circulación o cedula vigente para la tranquilidad del cliente. Es primordial para nosotros que el auto se vaya transferido en el menor tiempo posible. A diferencia de otros concesionarios, esto lo podemos llevar a cabo gracias a que contamos con gestoría propia, con mandatarios matriculados cubriendo todas las zonas.¿TOMAMOS VEHICULOS EN PARTE DE PAGO?- -Si tomamos, y es nuestra prioridad que quieras dejarlo en nuestras manos.- Podes enviarnos fotos, detalles, kilómetros y nuestro equipo de ventas se encarga de cotizarlo en el momento.- Te damos la posibilidad de encargarnos y gestionar toda la documentación necesaria para entregar tu vehículo y que no tengas que moverte de tu casa, sin ningún tipo de honorarios, solamente abonando los aranceles correspondientes.- En ningún momento te quedas sin vehículo, llave contra llave.FINANCIACIÓN- Trabajamos con financieras directas, contamos con las mejores tasas. Cuotas fijas y en pesos.- Podes pedir vía WhatsApp la cotización del crédito a tu medida.- Financiamos hasta el 40% de la unidad.- Hacemos revisión de veras en el ACTO.- Señas el vehículo, la financiera se contacta con vos en el transcurso de 24hs, se arma el crédito y en 72hs estas firmando toda la documentación y retirando el vehículo en el concesionario.SEGURO- Podemos cotizarte el seguro con nuestra productora sin ningún tipo de compromiso, le brindamos a nuestros clientes el precio más bajo del mercado de las compañías más prestigiosas. Si te interesa nuestro presupuesto nos encargamos de gestionar todo para que no tengas que preocuparte y salir cubierto del concesionario. No tiene ningún tipo de honorarios ni adicional, buscamos brindarles todos los servicios en un mismo lugar.¿QUIENES SOMOS?- Somos un equipo joven que viene de una familia ligada al rubro automotor de toda la vida, decidimos dar el paso de abrir un concesionario con un concepto diferente al tradicional. Nuestro principal objetivo es que nuestros clientes se sientan cómodos desde el primer contacto con nosotros, que puedan sacarse todas las dudas sin ningún compromiso, brindarles todas nuestras herramientas para que encuentren el auto que buscan, que no tengan ninguna preocupación más que disfrutar el proceso. ¡Nos encantaría que nos conozcas y que puedas vivir la experiencia con nosotros!""",0,0,0
2337,84500.0,JEEP COMPASS LIMITED 2.4 AT9 AWDAÑO 201984.500 KM$30.000 usd,0,0,0
2338,37000.0,SOLO POR ESTA SEMANA APROVECHA Excelente vehículo impecable 35.000 km sin detalles como 0km titular listo para transferir .Techo corredizo aire dirección espejo eléctrico escucho ofertas razonable podría permutar por menor valor .aclaro el modelo es 2023,0,0,0
2341,118000.0,Renault Duster ph2 expression 1.6 nafta. 1ra mano de 0k funciona perfectamente le anda todo tiene detalles de pintura por eso el valor. Adeuda 700 mil de patente ya descontados del precioLista para transferir oportunidad precio contado. . Permuto - financio,1,0,0
2345,62200.0,"Peugeot 2008 Allure 1.6 Año 2018Kms 62.200Único DueñoCombustible: NaftaPotencia Máxima (CV): 115Ubicación: Delantero TransversalNúmero de Cilindros: 4Disposición de los Cilindros: En LíneaNúmero de Válvulas: 16Cilindrada: 1.587 c.c.Alimentación: Inyección secuencial multipuntoAirbags delanteros- Airbags laterales- Frenos con ABS y REF- Luz diurna (DRL) a LED- Faros de profundidad- Encendido automático de luces de emergencia- Cinturones de seguridad inerciales para todas las plazas- 3 Apoyacabezas traseros con regulación en altura- Cierre centralizado de puertas con comado a distancia- Traba automática de puertas en rodaje- Fijaciones ISOFIX (2)- Limpialuneta trasero- Alerta de no colocación del cinturón de seguridad conductor- Rueda de auxilio de 15"" con neumático 185/60- Protector de cárter- Espejos retrovisores color negro brillante- Llantas de aleación de 16"" modelo Hydre- Faros traseros con guías de LED- Barras de techo Alu Shadow- Alerón color carrocería con detalles en negro brillante- Panel de instrumentos com matriz LCD y agujas rojasPara alcanzar tus objetivos te ofrecemos lo siguiente:• Financiación del 50% del vehículo a través de crédito prendario, UVA en pesos con las mejores tasas del mercado.• Tomamos vehículos en parte de pago, permutando por mayor o menor valor.• Gestoría automotor integral.• Consignación y Compra de vehículos• Asegurar tu auto con los mejores precios de la manera más simple y rápida",0,0,0
2348,124000.0,"Renault Captur 2.0 Intens ManualTransmisión manual de 6 velocidadesControl de estabilidad ( ESP )Control de tracción ( ASR )Asistencia de frenado de urgencia ( AFU )Sensores de estacionamiento traserosCámara de retrocesoEntre las características mas destacablesVeni a conocerlo y manejarlo!Todos nuestros autos pasan por una inspección al máximo detalle. Dándote la tranquilidad que necesitas.Con California Cars» Comprá o vendé tu auto de manera fácil, rápida y de forma segura.» Autos libres de multas, sin riesgo de fraude» Opciones de financiación con la mejor tasa en CUOTAS FIJAS EN PESOS de los bancos más importantes de Argentina.» Veni a probarlo en nuestro exclusivo circuito privado.¡Hacé click en Preguntar o Whatsapp para tener asesoramiento detallado!Horarios de atención:Lunes a Sábados de 09hs a 18hs.Domingos cerrado.Parque industrial Polo HudsonAutopista Buenos Aires - La Plata, Km 30",0,0,0
2365,211000.0,FERRAROTTI ESCOBAR,0,0,0
2368,120000.0,"FORD ECOSPORT 1.6 FREESTYLE FULL-FULL MODELO 2014!Impecable estado, toda original, super cuidada y mantenida, con cubiertas casi nuevas!Todo funcionando, practicamente sin detalles, lista para transferir, con 120.000km!!ESTAMOS EN VILLA DEL PARQUE, CABA. ATENCION CON TURNO PREVIO POR WHATSAPP!TOMAMOS PERMUTAS DE MENOR VALOR!",0,0,0
2389,146000.0,impecable / levanta cristales 4 puertas / papeles al dia / se vende tranferida / mismo titular desde 2011 * nunca chocada . Pintura original .ver en villa urquiza caba *,0,0,0
2397,30000.0,"Ford Kuga Hybrid Titanium 2.5 AT. AWD 203 CV. Versión tope de gama.Unica mano de 0km. Aun en garantia. Pintura 100% original de fabrica sin el más mínimo detalle. Tratamiento ceramico Gyeon certificado + lavados únicamente en detailing.Estado de una camioneta 0KM.Todos los servicios son de forma oficial sellado en manual.Versión con:o Sistema de audio premium “B&O” de 10 parlantes.o Cargador de smartphone inalámbrico.o Climatizador automático bi-zona con salida de aire en plazas traseras.o Encendido automático de luces y limpiaparabrisas.o Espejo retrovisor fotocromático.o Iluminación ambiental LED.o Acceso y arranque de motor sin llave.o Acceso con código de seguridad.o Encendido remoto.o Portón trasero con apertura automática y función manos libres.o Tablero digital configurable de 12.3”.o Head-Up Displayo Pantalla multitáctil de 8” con SYNC 3 con Android Auto, Apple Car Play y GPS.+ Asistencias a la conducción Ford Co-Pilot 360:• Sistema de mantenimiento de carril (Lane Keeping Aid) + Detector de Fatiga.• Sistema de información de punto ciego (BLIS) con alerta de tráfico cruzado.• Asistente de precolisión con frenado autónomo de emergencia y detección de peatones.• Sistema de dirección evasiva.• Encendido automático de luces altas.• Cámara de estacionamiento trasera con sensores delanteros y traseros.Valor en efectivo U$ 51.500.-",0,0,0
2404,85062.0,"Cambiá tu auto o comprá uno semi nuevo en Kavak, compañía N°1 en venta online de autos usados en Latinoamérica. Contamos con distintos planes de financiamiento para adaptarse a tus necesidades, también podés dejar tu auto como parte de pago. Solo vendemos autos 2010 en adelante, con menos de 100.000 km, que nunca tuvieron daños estructurales ni GNC.------------------------------------------------------------->> Peugeot 2008 1.6 ALLURE TIPTRONIC 6 << 404609*BENEFICIOS KAVAK:Al comprar tu Auto Kavak contás con un PERÍODO DE PRUEBA DE 7 DÍAS o 300 KM. Si no te encantó, te devolvemos el 100% de tu dinero (incluida la transferencia)*INSPECCIÓN Y COBERTURA MECÁNICA: En Kavak, la calidad es lo más importante. Nuestros autos son mucho más que autos usados, son autos semi-nuevos reacondicionados que están revisados en 240 puntos por nuestro equipo de expertos, tienen todos los servicios al día, kilometraje real y cobertura mecánica Kavak de 3 meses con posibilidad de extensión a 1 año.*CONTRATÁ KAVAK TOTAL: Con Kavak Total tenés 9 meses adicionales de cobertura con tope según marca/modelo del auto en arreglos, en motor, transmisión, tracción delantera y trasera, batería, embrague y correa o cadena de distribución. Cuidar tu auto puede ser tan fácil como manejarlo.PRÓXIMOS PASOS:Consúltanos para agendar una visita y/o reservar tu auto de interés.*MÉTODOS DE PAGO:- FINANCIAMOS TU COMPRA: Podés acceder al auto de tus sueños con nuestro plan de financiamiento hecho a tu medida. Financialo en hasta 60 cuotas fijas.- DEJÁ TU AUTO COMO PARTE DE PAGO: Cambiá tu auto por uno Kavak.- AL CONTADO: Pagá vía transferencia bancaria o deposito. Podés pagar en pesos o en dólares.Para mayor información visitá nuestro sitio.*Ver términos y condiciones en Compra y Venta de Autos Usados en Argentina con Garantia",0,0,0
2406,85600.0,"¿Estás listo para darle un giro a tu conducción? Descubrí la excelencia de los vehículos de Autoctiy Usados. Ofrecemos una amplia gama de opciones de financiamiento diseñadas para adaptarse a tus necesidades individuales, además de la posibilidad de usar tu auto actual como parte de pago.Solo ofrecemos vehículos del 2010 en adelante, con menos de 130,000 kms recorridos y sin historial de daños estructurales.*BENEFICIOS CON AUTOCTIY USADOS:INSPECCIÓN Y GARANTÍA MECÁNICA (ISO9001): En Autoctiy Usados, la calidad es nuestra prioridad. Nuestros vehículos pasan por una exhaustiva inspección de 240 puntos realizada por nuestro equipo de expertos. Además, cuentan con kilometraje verificado y una garantía mecánica de 3 meses.*PRÓXIMOS PASOS:Contáctanos para programar una visita o reservar el vehículo de tu interés.MÉTODOS DE PAGO:    • FINANCIACIÓN A MEDIDA: Accede al auto de tus sueños con nuestro plan de financiamiento personalizado, con opciones de hasta 60 cuotas fijas.    • DEJA TU AUTO COMO PARTE DE PAGO: Cambia tu vehículo actual por uno de Autoctiy Usados.    • PAGO AL CONTADO: Realiza tu pago mediante transferencia bancaria o depósito, en pesos o dólares.¡Viví tu experiencia Autocity!",0,0,0
2417,128683.0,UNIDAD EN STOCK FISICO. Coordinar la visita previamente.Tomamos mayor y menor valor. Su consulta no molestaVOLKSWAGEN TIGUANVERSION 250TSI TRENDLINECAJA AUTOMATICAMOTOR 1.4128.683KMAÑO 2020Somos BROTHERS DRIVE CARS.Asesoramiento especializado.Atención personalizada.Permutas MAYOR Y MENOR VALOR.Consignaciones SIN QUE LO DEJES DE USAR.Financiación en cuotas FIJAS Y EN PESOS (LO ARMAMOS A TU MEDIDA)Gestoría integral del automotor.Broker de seguros#somosconfianza #brothersforlife,0,0,0
2424,16500.0,"Chevrolet Tracker 1.2 Turbo AT Premier - 2022  Ubicación: Ciudad Autónoma de Buenos Aires Año: 2022 Kilometraje: 17.000 km Combustible: Nafta Transmisión: Automática Estado: Muy buen estado general.Algunos detalles en la chapa, pero la camioneta está prácticamente nueva.Se puede ver sin compromiso. Equipamiento destacado:Seguridad: 6 airbags (frontales, laterales y de cortina).Frenos ABS con distribución electrónica de frenado (EBD). Control de estabilidad y tracción (ESC). Alerta de colisión frontal y frenado automático de emergencia. Alerta de punto ciego e indicador de presión de neumáticos. Anclajes Isofix para sillas infantiles. Confort y tecnología: Pantalla táctil de 8"" con Chevrolet MyLink (Android Auto & Apple CarPlay). Wi-Fi integrado para hasta 7 dispositivos. Techo solar eléctrico panorámico. Cargador inalámbrico para celulares. Cámara de visión trasera y sensores de estacionamiento delanteros y traseros. Sistema de estacionamiento automático Easy Park. Climatizador automático digital. Volante multifunción regulable en altura y profundidad. Tapizado premium. Motorización y desempeño: Motor 1.2 turbo de 132 CV y 190 Nm de torque. Transmisión automática de 6 velocidades con modo secuencial. Consumo urbano: 10,3 l/100 km | Extraurbano: 6,4 l/100 km. Velocidad máxima: 182 km/h | Aceleración 0-100 km/h en 10,5 s. Motivo de venta: Me queda muy grande para el poco uso que le doy. Consultas y visitas sin compromiso. No dudes en preguntar!",1,0,0
2438,128628.0,"VENDO FORD ECOSPORT TITANIUM 2.0L MT RURAL 5 PUERTAS 2013. CAJA MANUAL, VTV VIGENTE HASTA MARZO 2026, NEUMÁTICOS EN BUEN ESTADO, INTERIOR Y EXTERIOR  IMPECABLE, AUXILIO SIN RODAR, AMBAS LLAVES.ACEPTAMOS PESOS, DÓLARES, EUROS, REALES Y CRIPTOMONEDAS A COTIZACIÓN JUSTA REAL DE MERCADO. ACEPTAMOS PERMUTAS DE MAYOR O MENOR VALOR Y TAMBIÉN FINANCIAMOS EN DÓLARES, Y EN PESOS MEDIANTE LOS PRINCIPALES BANCOS DEL PAIS.EL AUTOMÓVIL CUENTA CON DUPLICADO DE LLAVE, MANUALES, CRIQUE, LLAVE DE RUEDA, BALIZAS, MATAFUEGOS Y AUXILIO ORIGINAL, TAL COMO SALIÓ DE FÁBRICA EN 2013.—————ACERCA DE LA COMPRA Y LA TRANSFERENCIA DEL VEHÍCULO———EL COSTO DE LA TRANSFERENCIA DE TITULARIDAD DE ESTE VEHÍCULO ES DE $740.000. ESTE IMPORTE INCLUYE FIRMAS Y LEGALIZACIÓN EN ESCRIBANÍA,  Y CUALQUIER OTRO TRÁMITE REGISTRAL QUE SEA NECESARIO. EL IMPORTE MENCIONADO ES FINAL Y NO HAY NINGÚN OTRO GASTO NI COSTO OCULTO.EL PROCEDIMIENTO DE COMPRA ES EL SIGUIENTE:1) USTED COORDINA UNA CITA Y SE ACERCA A VER Y PROBAR EL AUTOMÓVIL, Y SI LE GUSTA, PUEDE RESERVARLO EN EL MOMENTO CON $400.000.2) LUEGO, USTED TENDRÁ 7 DÍAS CORRIDOS PARA ACERCARSE A ABONAR EL VALOR DEL VEHÍCULO Y EL COSTO DE LA TRANSFERENCIA Y FIRMAR EN ESCRIBANÍA LA DOCUMENTACIÓN NECESARIA. ESE MISMO DÍA YA PODRÁ RETIRAR EN EL ACTO LA UNIDAD. NUESTRO PRODUCTOR LE PUEDE GENERAR UN SEGURO DEL AUTOMÓVIL, O BIEN PUEDE TRAER EL SUYO.3) AL CABO DE 7 DÍAS, NUESTRO EQUIPO DE GESTORES SE CONTACTARÁ CON USTED PARA HACERLE LLEGAR LA DOCUMENTACIÓN PERTINENTE.——ACERCA DE QUALIS CARS - AUTOS DE CALIDAD - CONCESIONARIA OFICIAL MULTIMARCA——LA CONCESIONARIA FUE FUNDADA EN 1973 Y HA FUNCIONADO SIN INTERRUPCIÓN DESDE ESE ENTONCES POR MAS DE 5 DÉCADAS. LOS CIMIENTOS FUNDAMENTALES FUERON SIEMPRE LOS MISMOS:1) SOLO VEHÍCULOS DE CALIDAD VERIFICADOS, HASTA 10 AÑOS DE ANTIGÜEDAD E IDEALMENTE CON MENOS DE 100.000 KM. HACEMOS EXCEPCIONES, SOLO SI VALE LA PENA EL VEHÍCULO. NO COMPRAMOS NI VENDEMOS PROBLEMAS.2) TRANSPARENCIA Y VELOCIDAD EN EL TRÁMITE DE TRANSFERENCIA. SABEMOS LO IMPORTANTE QUE ES TENER LOS PAPELES EN REGLA, Y NOS OCUPAMOS DE QUE ASÍ SEA.SI USTED COMPRA CON NOSOTROS, POR FAVOR NO SE SORPRENDA SI RECIBE VARIAS ENCUESTAS TELEFÓNICAS DE NUESTRO EQUIPO DE AUDITORES A LO LARGO DEL PROCESO DE COMPRA. BUSCAMOS ASEGURARNOS LA MISMA EXPERIENCIA PARA CADA CLIENTE Y SOBRE TODO, QUE USTED QUEDE SATISFECHO Y VUELVA.LA CONCESIONARIA SE ENCUENTRA EN ALMAGRO (CAPITAL FEDERAL, ARGENTINA) EN UN PREDIO DE 5.000M2 DONDE SE EXHIBEN ALREDEDOR DE 200 VEHÍCULOS ENTRE 0KM, IMPORTADOS, CLÁSICOS Y UTILITARIOS. EN EL PREDIO FUNCIONAN ADEMÁS TALLERES DE: POSVENTA Y MECÁNICA LIGERA,  DETAILING Y CARROCERIA Y PINTURA . (POR FAVOR, PEDIR LA DIRECCION EXACTA, POR POLITICA DE MERCADOLIBRE NO PODEMOS ANUNCIARLA AQUI).",0,0,0
2446,230000.0,"¡Excelente oportunidad para adquirir tu vehículo usado! Ofrecemos una amplia selección de autos en perfecto estado, revisados y listos para rodar. Por favor, ten en cuenta que el precio publicado **NO INCLUYE**gastos administrativos ni el costo de la transferencia.El costo final de esta unidad es de $46.010.000.-Somos una empresa japonesa con más de 20 años de experiencia en el mercado, comprometidos con ofrecer el mejor servicio en la zona. Te esperamos en nuestro horario de atención: de lunes a viernes de 8 a 18 hs y los sábados de 10 a 17 hs.¡No dudes en consultarnos para más detalles!",0,0,0
2451,77000.0,"EL PRECIO PUBLICADO ES EN EFECTIVO O FINANCIACION, CONSULTAR PRECIO EN EL CASO DE QUE SEA CON PERMUTA.CUANDO PENSAS EN CAMBIAR TU USADO, PENSA EN LA CONCESIONARIA MAS VISITADA EN CORDOBA, PENSA EN LOPCAR.MAS DE 25 AÑOS DE TRAYECTORIA, TRABAJANDO PARA BRINDARLES A NUESTROS CLIENTES EL MEJOR ASESORAMIENTO A LA HORA DE ADQUIRIR O RENOVAR SU PROXIMA UNIDAD.¡BUSCAMOS LA MEJOR FINANCIACION!!¡TOMAMOS SU USADO AL MEJOR PRECIO!!SEGURIDAD, TRANQUILIDAD y HONESTIDADCUALQUIER CONSULTA NUSTROS ASESORES ESTARAN A SU DISPOSICION!!VENÍ A VISITARNOS A NUESTRO SALÓN EN BARRIO VILLA CABRERA!¿COMO SE PUEDE FINANCIAR?- Créditos personales y prendarios.- Permutas (recibimos tu usado)- Créditos en tasas fijas- Créditos Uva- Entrega mínima: 50%- Financia el saldo a una tasa desde el 16.5%LOS VALORES REFERIDOS ESTAN SUJETOS A MODIFICACION SIN PREVIO AVISOLOPCAR S.A",0,0,0
2456,146000.0,"Ford Ecosport 1.5 S 123cv 4x2 CUENTA CON EQUIPO DE GNCEL PRECIO PUBLICADO ES UNA ENTREGA MAS FINANCIACION, ENTREGA DE $15.500.000 Y 48 CUOTAS DE 240.000 APROXCUANDO PENSAS EN CAMBIAR TU USADO, PENSA EN LA CONCESIONARIA MAS VISITADA EN CORDOBA, PENSA EN LOPCAR.MAS DE 25 AÑOS DE TRAYECTORIA, TRABAJANDO PARA BRINDARLES A NUESTROS CLIENTES EL MEJOR ASESORAMIENTO A LA HORA DE ADQUIRIR O RENOVAR SU PROXIMA UNIDAD.¡BUSCAMOS LA MEJOR FINANCIACION!!¡TOMAMOS SU USADO AL MEJOR PRECIO!!SEGURIDAD, TRANQUILIDAD y HONESTIDADCUALQUIER CONSULTA NUSTROS ASESORES ESTARAN A SU DISPOSICION!!VENÍ A VISITARNOS A NUESTRO SALÓN EN BARRIO VILLA CABRERA!¿COMO SE PUEDE FINANCIAR?- Créditos personales y prendarios.- Permutas (recibimos tu usado)- Créditos en tasas fijas- Créditos Uva- Entrega mínima: 50%- Financia el saldo a una tasa desde el 16.5%LOS VALORES REFERIDOS ESTAN SUJETOS A MODIFICACION SIN PREVIO AVISOLOPCAR S.A",0,0,0
2463,64000.0,Impecable sin detalles...mantenida y muy cuidada...ideal para la familia muy agil,0,0,0
2480,114000.0,"Se encuentra en excelente estado.Desde Multimotores te ofrecemos:-FINANCIACIÓN BANCARIA. (Solo necesitas D.N.I, y no figurar en el veraz).-COMPRAMOS TU USADO: Lo tomamos al mejor precio, resolviendo la operación de manera inmediata y sin complicaciones :)-ACEPTAMOS TU USADO COMO PARTE DE PAGO. (Tomándolo al mejor precio :) y lo podemos tazar en tu domicilio).-¿VIVÍS EN EL INTERIOR? Tazamos tu vehículo a través de video-llamada.-SERVICIO DE GESTORÍA INTEGRAL. ( Todo tipo de Trámites, resolvemos tus dudas).-ENTREGA A DOMICILIO DE TU NUEVO VEHÍCULO.-TOMAMOS EN PAGO PLAN DE AHORRO ADJUDICADO O SIN ADJUDICAR (al día o con deuda).-NUESTRO MAYOR OBJETIVO:QUE TENGAS LA MEJOR EXPERIENCIA DE COMPRA :)Necesitas una información más detallada?/ reservar una visita para ver un vehículo?Podés comunicarte con uno de nuestros asesores de ventas, o si preferís dejanos tu contacto y te llamamos!- Contamos con un equipo con gran experiencia, capacitados y dispuestos a ayudarte en todo lo que necesites-CON LA COMPRA DE TU VEHÍCULO TE BONIFICAMOS 1 MES DE SEGURO (contra terceros completo) -COBERSER. TE ESPERAMOS",0,0,0
2482,15000.0,"Lista para entrega, se va transferida!Ford Territory Titanium 1.8t (la mas full)Año 202415.000kmsColor Gris MercurioUso interno gerente flota fordService oficialUnico dueñoIgual a nueva sin detalles esteticos interiores ni exteriores ninguna raya superficial. Cuidado obsesivo. Limpieza absoluta. Ni comparar con las otras publicadas , mirar sucieda En pisos y butacas. Tambien tiene 4 alfombras de goma que no vienen de fabrica , esta NUEVA. Nadie se sentó atras.Vehiculo en garantia de fábrica,Sin detalles exteriores ni interiores.Ford Territory Titanium 2024 1.8T automaticaigual a Okm. Totalmente original y sin faltantes.Uso interno gerente flota Ford. En garantia, primer service de los 10.000kms realizado oficial. Manuales, dos llaves, sin ningun tipo de faltante ni desgaste, cuidada al máximo el poco tiempo que se usó. Verla es comprarla.Service oficial, Garantia Oficial. Factura A o B. Se vende transferida únicamente, el tramite se realiza en ford planta Pacheco directo en ford oficial.El vehiculo tiene sólo 8 meses de uso y tiene 15.000kms , esta realmente nueva. Real oportunidad si buscas lo mas cercano a un Okm y a un precio reducido.Llevala ya, no te dejes engañar y bicicletear por concesionarias con fechas de entrega inexistente y gastos de ultimo momento. El vehiculo se encuentra listo para entrega pagás y te lo llevás. El valor es factura en pesos ($31.629.528) + 11.000usd billete (cara grande y limpios) escucho oferta sobre la parte usd.",0,0,0
2488,52000.0,# AUDI Q5 V6 NAFTA QUATTRO# AÑO 2016# 2DO DUEÑ0# TODOS LOS SERVICIOS EN CONCESIONARIO OFICIAL# PEQUEÑO DETALLE EN PARAGOLPE TRASERO (SE VE PERFECTO EN EL VIDEO)# 4 CUBIERTAS NUEVAS CON 5.000 KMS# ESTA PARA REALIZAR EL ULTIMO SERVICIO# VALOR CON PERMUTA (DECINOS QUE TENES Y LO CONSULTAMOS) U$S 44.000,1,0,0
2496,153000.0,Detalles Amg. Techo Panorámico. Cubiertas Michelin,0,0,0
2502,23000.0,Service oficiales ! Sin detalles,0,0,0
2510,50000.0,"VENDO PEUGEOT 2008 ALLURE 1.6 TIP_2017_AUTOMATICA_58M-KM REALES_SERVICES OFICIALES PEUGEOT_PANTALLA ANDROID AUTO-APPLE CARPLAY_SIN DETALLES_INMACULADA!!!_ La Camioneta está IMPECABLE por donde se la mire. Es la versión 2008 ALLURE 1.6 de 115 CV. Sedan SUV 5 Puertas con Caja automática AISIN (japonesa). Es Full y funciona Todo. Es color Rouge Noir Nacre, esta 100% Original y el estado general es IMPECABLE, tanto de Chapa, Pintura, Motor e Interior, de cubiertas esta EXCELENTE, al igual que de Caja, Suspensión y Tren Delantero._ No tiene Rayones, abolladuras, ni otros detalles. Posee toda la documentacion al dia: Patentes, Infracciones, Verificacion Policial, Grabado de las Autopartes y VTV Vigente hasta el 2026._ Cuidado y mantenido en Garage con 58.000 Km y SERVICES OFICIALES PEUGEOT sellados y Firmados en Manual._ Manuales Completos y Dos Juegos de Llaves._ Para verla estoy por Martinez Zona TELEFE, Shopping UNICENTER.**** EQUIPAMIENTO: ***** CAJA AUTOMÁTICA SECUENCIAL TIPTRONIC, cuenta además con levas en el volante: Paddle Shift (mariposas detrás del volante, para realizar manualmente los cambios). Esta configuración dispone delafunción EcoDrive:cuando se activa el botón identificado con el pictograma “ECO”, el conductor podrá percibir un pasaje de marchas más suave para reducir el consumo de combustible. En uso urbano, este ahorro puede llegar hasta el 7%.* PANTALLA MIRROR LINK: ANDROID / APPLE CARPLAY: pantalla táctil de 7"", navegador satelital GPS integrado, Bluetooth, Audiostreaming, USB y AUX IN Entrada audio auxiliar.* Frenos a Disco delanteros y Traseros a Tambor con Antibloqueo (ABS) + Repartidor Electrónico (REF) + Asistencia en Urgencia (AFU) Asistencia en el frenado de emergencia, Anti-deslizamiento de ruedas (ASR)* Sistema SRS de 4 (Cuatro) Airbags frontales (Conductor y Acompañante), Doble Airbag de Laterales.* Sistema de Sensor de Estacionamiento con indicador en pantalla Sonoro y Visual.* Aire Acondicionado y Calefacción.* Dirección Eléctrica con Asistencia Variable. Liviana a Baja velocidad y Firme en Velocidades Altas. Con mayor precisión del centro y calibración orientada a altas velocidades* Barras de techo en aluminio* Alerón color carrocería con detalles cromados* Panel de instrumentos con LCD y agujas rojas* Freno de mano tipo avión.* Cubiertas Goodyear EfficientGrip medidas: 205/60 R16 en Muy Buen estado con Llantas de Aleación 16""* Faros antiniebla delanteros Cromados y Faro antiniebla trasero Central.* Cinco cinturones de seguridad de tres puntos. Delanteros regulable en altura* Cinco Apoya-Cabezas* Guiño aviso cambio de carril* Control de Velocidad Crucero con Limitador y regulador de velocidad* Cierre centralizado de puertas y baúl con activación en rodaje* Sistema de alarma antirrobo con Inmovilizador de motor, Perimétrica y Volumétrica.* Cierre automático de puertas en velocidad.* Regulador y limitador de velocidad* Comando a distancia del cierre centralizado* Trabas para niños en puertas traseras* Computadora de a bordo Multifuncion.* Cuatro levanta vidrios eléctricos. Un toque para el conductor y antipinzamiento* Retrovisores exteriores eléctricos con Repetidor de Guiño.* Ajuste en altura del asiento conductor* Asiento Trasero Rebatible en 2 partes, total y parcial (60/40)* Tapizados en tela Impecables (Sin Desgaste o Roturas, Nunca se fumó, ni hubo niños, ni mascotas)* Comando audio al volante* Levas del volante para la caja automática.* Volante multifunción regulable en altura y profundidad. Forrado en cuero y detalle cromo.* Luces diurnas delanteras de LED integradas a los faros.* Protector de cárter* Salida de escape cromada.**** ESPECIFICACIONES TECNICAS ****_ MOTOR 1.6 VTiTipo: naftero, delantero transversal, cuatro cilindros en línea, cuatro válvulas por cilindro, inyección electrónica multipunto.Cilindrada: 1.587 ccPotencia: 115 cv a 5.800 rpmTorque: 152 Nm a 4.000 rpmTRANSMISIÓNTipo: tracción delantera.Caja: automática, de cuatro marchas, con modo Secuencial, Sport y Eco, levas al volante.CHASISSuspensión delantera: independiente, tipo McPherson, con resortes helicoidales, amortiguadores hidráulicos y barra estabilizadora.Suspensión trasera: eje de torsión, con resortes helicoidales, amortiguadores hidráulicos y barra estabilizadora.Frenos delanteros: discos ventilados.Frenos traseros: discos macizos.Dirección: de piñón y cremallera, con asistencia eléctrica variable.PRESTACIONESVelocidad máxima: 175 km/hAceleración de 0 a 100 km/h: 13,1 segundosConsumo urbano: 12,5 l/100kmConsumo extraurbano: 8,0 l/100kmConsumo medio: 10,2 l/100kmMEDICIONESLargo / ancho / alto: 4.159 mm / 1.739 mm / 1.583 mmDistancia entre ejes: 2.542 mmDespeje del suelo: 200 mmPeso en orden de marcha: 1.298 kilosCapacidad de baúl: 402 litrosCapacidad de combustible: 55 litros",0,0,0
2527,16000.0,"VENDO O PERMUTO VOLKSWAGEN TAOSCONFORTLINE 1.4 T AUTOMATICA AÑO 2024 CON SOLO 16.000 KM DE USO, EN GARANTÍA IMPECABLE POR DONDE SE LA MIRE...LA CAMIONETA ESTÁ COMPLETAMENTE ORIGINALCUIDADA Y MANTENIDA EN CONCESIONARIO OFICIALDESDE OKM, TIENE HECHO EL PRIMER SERVICE POSEO EL MANUAL SELLADO Y FACTURA QUE LO ACREDITAN..SOY ÚNICO DUEÑO LA TENGO DE OKMESTÁ COMPLETAMENTE AL DÍA Y LISTA PARA TRANSFERIR..TIENE COMO AGREGADO EN CONCESIONARIO POLARIZADO ANTIBANDALICO CON LÁMINA DE SEGURIDAD 3M, CHAPON CUBRE CÁRTER Y TUERCAS ANTIRROBO ,TIENE HECHO GRABADO AUTOPARTES, GRABADO DE CRISTALES Y RECIENTEMENETE LE HICE UN TRATAMIENTO CERAMICO CON PRODUCTOS ZONAX PARA PROTEGER LA PINTURA Y MANTENER EL BRILLO, ES DIGNA DE VER ,POR ESTADO Y KILOMETRAJE, ESTÁ MEJOR QUE OKMACLARACION IMPORTANTE;SOLO PERMUTO POR AUTO O CAMIONETA CON POCOS KM Y EN IGUALES CONDICIONES""NO ESCUCHO OFERTAS RIDÍCULAS""PRECIO CONTADO: U$s 34.500",0,0,0
2528,79000.0,Audi Q3 Sportback 2020Impecable estado. Igual a 0kmSin detalles. Muy cuidadaServicios oficialesSe entrega al dia y transferida Se aceptan permutas de nuestro interés,0,0,0
2543,35000.0,"Primer dueño!Impecable estado, servicios oficiales BMW, sin detalles!!Polarizado antibandalico, oportunidad por su mantenimiento en tiempo y forma.",0,0,0
2558,66000.0,"- Hyundai Creta Safety Plus AT- Año: 2021 - Km: 66.000- Motor: 1.6 Nafta | Caja: Automática- Características Destacadas:Unidad de Único dueño, Excelente estado general, 100% original, manuales y segunda llave de fábrica. Historial de Servís desde 0km, próximo de aceite a los 73mil km. Cubiertas nuevas y polarizado.Equipamiento destacado: climatizador, computadora, pack eléctrico completo, pantalla y cámara marcha atrás, comandos al volante, tapizado cuero, llantas y faros, etc. - Más Info en Web Oficial: ferreroautomotores - Financiación Prendaria hasta en 36 meses, entregando mínimo el 50% del valor de la unidad, el resto a Cuotas FIJAS y en pesos, aprobación en 24hs.- Recibimos tu Auto como parte de pago (Sólo en excelente estado). - Carpeta al día y lista para transferir en el momento- Seriedad y Garantía en la documentación, con Gestoría Propia.- Ciudad de Oncativo (Prov. de Córdoba) - Coordiná tu visita- Somos FERRERO Automotores. ¡No cerramos ventas, Abrimos relaciones!Te bridamos la solución completa a la hora de cambiar tu auto -- Nos respaldan 25 años de trayectoria, más de 4,7 estrellas en Google y más de 200 calificaciones positivas en nuestras redes.- Somos de confianza, Vení a FERRERO Automotores, comprá seguro y volvé manejando... Nosotros nos encargamos de todo.",0,0,0
2564,42000.0,Estado impecable. No tiene ni un detalle.Lo tengo desde Okm y los services están hechos en Concesionario OficialListo para transferirNo acepto permuta ni lo dejo en consignación en agencia,0,0,0
2584,52000.0,Jeep Wrangler 2018 automaticoInmejorable estadoMuchos accesorios:PPF completo en toda la carroceriaOpticas y faros LedBarra ledCubiertas BFGoodrich X5EscapePantalla con camara de marcha atrasParagolpes delantero y trasero off roadSuspension Rough CountrySeparadoresTodo recien puestoConsidero unicoPermuto mayor o menor valorSe vende transferido y al día,0,0,0
2605,130000.0,"Espectacular vehículo BMW X6 - BLINDADA RB3 Modelo 2010 con 130.000 kmNo tiene detalles, nada para hacerle.Cubiertas nuevas.Documentación al día, lista para transferir.Acepto permuta por vehículos deportivos por debajo de los USD 20.000EL PRECIO EXPRESADO ES EN DOLARES BILLETE.ACEPTO PESOS AL VALOR DEL DOLAR BLUE",0,0,0
2607,53000.0,AutoDrive***** USADOS SELECCIONADOS *****• Unidad en excelente estado• Papeles al día – Listo para transferir• Garantía de 3 meses por inconvenientes en motor o caja• Aceptamos permutas• Tenemos financiación¡Tu nuevo auto te está esperando!Podes venir con tu mecánico sin problemas para revisarloDejame tu consulta y me comunico a la brevedad,0,0,0
2620,74000.0,EXELENTE UNIDAD DE PRIMERA MANO OPTIMO ESTADO SIN DETALLES RODADO LLANTAS Y NEUMATICOS NUEVOS de  TITANIUM,0,0,0
2624,108425.0,"Cambiá tu auto o comprá uno semi nuevo en Kavak, compañía N°1 en venta online de autos usados en Latinoamérica. Contamos con distintos planes de financiamiento para adaptarse a tus necesidades, también podés dejar tu auto como parte de pago. Solo vendemos autos 2010 en adelante, con menos de 100.000 km, que nunca tuvieron daños estructurales ni GNC.------------------------------------------------------------->> Volkswagen Tiguan Allspace 2.0 TSI DSG 4WD HIGHLINE << 408239*BENEFICIOS KAVAK:Al comprar tu Auto Kavak contás con un PERÍODO DE PRUEBA DE 7 DÍAS o 300 KM. Si no te encantó, te devolvemos el 100% de tu dinero (incluida la transferencia)*INSPECCIÓN Y COBERTURA MECÁNICA: En Kavak, la calidad es lo más importante. Nuestros autos son mucho más que autos usados, son autos semi-nuevos reacondicionados que están revisados en 240 puntos por nuestro equipo de expertos, tienen todos los servicios al día, kilometraje real y cobertura mecánica Kavak de 3 meses con posibilidad de extensión a 1 año.*CONTRATÁ KAVAK TOTAL: Con Kavak Total tenés 9 meses adicionales de cobertura con tope según marca/modelo del auto en arreglos, en motor, transmisión, tracción delantera y trasera, batería, embrague y correa o cadena de distribución. Cuidar tu auto puede ser tan fácil como manejarlo.PRÓXIMOS PASOS:Consúltanos para agendar una visita y/o reservar tu auto de interés.*MÉTODOS DE PAGO:- FINANCIAMOS TU COMPRA: Podés acceder al auto de tus sueños con nuestro plan de financiamiento hecho a tu medida. Financialo en hasta 60 cuotas fijas.- DEJÁ TU AUTO COMO PARTE DE PAGO: Cambiá tu auto por uno Kavak.- AL CONTADO: Pagá vía transferencia bancaria o deposito. Podés pagar en pesos o en dólares.Para mayor información visitá nuestro sitio.*Ver términos y condiciones en Compra y Venta de Autos Usados en Argentina con Garantia",0,0,0
2662,170000.0,VW TIGUAN Exclusive tsi 2.0 tiptronic 200cvModelo 2011 patentada 2013 INTERIOR CAMEL ÚNICO DUEÑO Documentación completa al día y lista para transferirFunciona correctamente su equipamiento TRANSFERENCIA OBLIGATORIAÚNICO DUEÑO DE CERO KILÓMETROMÍNIMOS DETALLES ESTÉTICOS OPORTUNIDAD!!TOMAMOS PERMUTAS! Posibilidad de financiación cuotas fijasAUTOMOTORES 1771Lomas del Mirador,0,0,0
2687,42000.0,"Citroen C4 Cactus Feel Pack 1.6 VTIModelo 2022 con 42000KM realesColor Gris - Impecable estado generalSin ningun tipo de detalles - Muy cuidadaPintura original de fabrica - Igual a 0KMUnico dueño, poseo manualesy duplicado de llaveAuxilio sin rodarEquipamiento de serie:*Aire acondicionado y calefaccion*Direccion electrica*Levanta cristales electricos en las 4 puertas*Espejos retrovisores electricos*Cierre centralizado de puertas con comando a distancia en la llave (Llave tipo navaja)*Stereo con pantalla pactil: Radio AM/FM, MP3, entrada USB, Bluetooth, GPS y comando satelital al volante*Computadora de abordo*4 airbag*ABS*ESP*Led dirunos*5 apoyacabezas*Llantas de aleacion de 17*Anclajes isofix*Sensores de estacionamiento traseros*Portaequipajes*Lavaluneta termica con 3er stop*Volante y butacas regulables*Apoyabrazos central delantero*EtcAgregados:*Polarizado tono intermedioMantenimientos:*Service oficiales*VTV vigente hasta 30/11/2025*Grabado de autopartes hechoSe encuentra realmente impecable, como se puede observar en las fotos.Considero en excelente estado. Digna de ver!Totalmente al dia (Patentes e infracciones) y lista para transferir.(Transferencia obligatoria, servicio de gestoria, el costo es aparte)El valor publicado, corresponde al valor final del vehiculo.-Permuto por vehiculo de mi interes-Financiacion: Anticipo minimo del 80% + cuotas fijas (Consultar",0,0,0
2692,50000.0,"EL PRECIO PUBLICADO ES EN EFECTIVO O FINANCIACION, CONSULTAR PRECIO EN EL CASO DE QUE SEA CON PERMUTA.CUANDO PENSAS EN CAMBIAR TU USADO, PENSA EN LA CONCESIONARIA MAS VISITADA EN CORDOBA, PENSA EN LOPCAR.MAS DE 25 AÑOS DE TRAYECTORIA, TRABAJANDO PARA BRINDARLES A NUESTROS CLIENTES EL MEJOR ASESORAMIENTO A LA HORA DE ADQUIRIR O RENOVAR SU PROXIMA UNIDAD.¡BUSCAMOS LA MEJOR FINANCIACION!!¡TOMAMOS SU USADO AL MEJOR PRECIO!!SEGURIDAD, TRANQUILIDAD y HONESTIDADCUALQUIER CONSULTA NUSTROS ASESORES ESTARAN A SU DISPOSICION!!VENÍ A VISITARNOS A NUESTRO SALÓN EN BARRIO VILLA CABRERA!¿COMO SE PUEDE FINANCIAR?- Créditos personales y prendarios.- Permutas (recibimos tu usado)- Créditos en tasas fijas- Créditos Uva- Entrega mínima: 50%- Financia el saldo a una tasa desde el 16.5% LOS VALORES REFERIDOS ESTAN SUJETOS A MODIFICACION SIN PREVIO AVISO LOPCAR S.ALLEGATE A NUESTRA SUCURSAL A VER LAS DIFERENTES OPCIONES Y VARIEDAD DE VEHICULOS QUE TENEMOS!!!",0,0,0
2697,31500.0,"BETA AUTOMOTORESConcesionario Oficial ChevroletContamos con 30 años de experiencia en el rubro.Usados seleccionados.Nissan Kicks 1.6 Special Edition Cvt 120 Cv 2020 con 31.500 Km en impecable estado!Precio final sin transferencia $25.900.000Posee todos los Servicie al día, Vtv vigente, grabado de autopartes, verificación policial, segunda llave, manuales.Nuestra área administrativa se encarga de que la documentación este al día, completa y lista, para que puedas hacer el trámite de transferencia de manera inmediata, y sin necesitar intermediarios. Además te acompañan y asesoran en el proceso de solicitud de tramites.Formas de pago:Contado, aceptamos tú usado como parte de pago, pagamos los usados al mejor precio del Mercado!Financiación mediante créditos prendarios a Tasa 0!!!No dudes en contactarme.Saludos.Juan Pablo ValienteAsesor de VentasBeta Automotores",0,0,0
2699,97000.0,"Audi Q5 2.0t QuattroAutomaticaCuero Camara adelante y atrasCarPlayUnico dueñoDetalle de todas las Q5, consume aceite Permuto menor o mayor valor",0,0,0
2727,161000.0,"En muy buen estado con detalles de uso normales, muchos viajes una fiel compañera",0,0,0
2753,77000.0,"Vehículo en muy buen estado, modelo 2019, 1.6 thp sport, 77.000 km.Unico detalle aire acondicionado fuera de servicioPrecio negociable. Recibo T-cross Highline, 2008 Gt, Nivus Highline y pago diferencia.",0,0,0
2754,92000.0,"BETA AUTOMOTORESConcesionario Oficial Chevrolet Líder en ventas y calidad de atención, la opinión de nuestros clientes y 27 años en la marca, nos avala. ***Solo vendemos usados seleccionados***¡SUPER OPORTUNIDAD POR PRECIO Y ESTADO!                       ¡¡¡NUEVA FINANCIACION EXCLUSIVA PARA USADOS, CON UNA TASA FIJA DEL 29% ANUAL!!! SI, FIJA Y DESDE EL 29% ANUAL (LE GANAS AMPLIAMENTE A LA INFLACIÓN). Y EXCLUSIVA, PORQUE SOLO NOSOTROS TE LA PODEMOS OFRECER, YA QUE ES DE CHEVROLET GPAT PARA LOS VEHICULOS USADOS DE TODAS LAS MARCAS QUE OFRECEMOS.¡SOLO POR CUPOS LIMITADOS, CONSULTA AHORA!EL VEHICULO-Se encuentra en inmejorable estado ya que está muy cuidado, y posee todos los service al día. Cada vehículo que entra y sale a la venta en nuestro concesionario, pasa por un exhaustivo chequeo realizado por nuestros técnicos, luego se selecciona y se exhibe.-Posee vtv al día, grabado de autopartes, informes de dominio y de infracciones, verificación policial, manuales, 2da llave, etc.LA DOCUMENTACIONNuestra área administrativa se encarga de que la documentación este al día, completa y lista, para que puedas hacer el trámite de transferencia de manera inmediata, y sin necesitar intermediarios. Además te acompañan y asesoran en el proceso de solicitud de tramites. FORMAS DE PAGO-Permutamos por tu vehículo usado. ¡Cotiza en línea, ahora! -Recibimos dólares y los pagamos al mejor precio de mercado, para una compra mas segura, sin que tengas que buscar lugar, y cambiarlos vos.-CREDITOS CHEVROLET GPAT (para usados multimarca)Financiamos a tasa 0% ajustable, y fija solo con DNI, sin comprobar ingresos. Aprobación inmediata. ¡Consúltanos en línea ahora, con tu DNI!",0,0,0
2762,14066.0,"Cambiá tu auto o comprá uno semi nuevo en Kavak, compañía N°1 en venta online de autos usados en Latinoamérica. Contamos con distintos planes de financiamiento para adaptarse a tus necesidades, también podés dejar tu auto como parte de pago. Solo vendemos autos 2010 en adelante, con menos de 100.000 km, que nunca tuvieron daños estructurales ni GNC.------------------------------------------------------------->> Renault Duster 1.6 INTENS << 410073*BENEFICIOS KAVAK:Al comprar tu Auto Kavak contás con un PERÍODO DE PRUEBA DE 7 DÍAS o 300 KM. Si no te encantó, te devolvemos el 100% de tu dinero (incluida la transferencia)*INSPECCIÓN Y COBERTURA MECÁNICA: En Kavak, la calidad es lo más importante. Nuestros autos son mucho más que autos usados, son autos semi-nuevos reacondicionados que están revisados en 240 puntos por nuestro equipo de expertos, tienen todos los servicios al día, kilometraje real y cobertura mecánica Kavak de 3 meses con posibilidad de extensión a 1 año.*CONTRATÁ KAVAK TOTAL: Con Kavak Total tenés 9 meses adicionales de cobertura con tope según marca/modelo del auto en arreglos, en motor, transmisión, tracción delantera y trasera, batería, embrague y correa o cadena de distribución. Cuidar tu auto puede ser tan fácil como manejarlo.PRÓXIMOS PASOS:Consúltanos para agendar una visita y/o reservar tu auto de interés.*MÉTODOS DE PAGO:- FINANCIAMOS TU COMPRA: Podés acceder al auto de tus sueños con nuestro plan de financiamiento hecho a tu medida. Financialo en hasta 60 cuotas fijas.- DEJÁ TU AUTO COMO PARTE DE PAGO: Cambiá tu auto por uno Kavak.- AL CONTADO: Pagá vía transferencia bancaria o deposito. Podés pagar en pesos o en dólares.Para mayor información visitá nuestro sitio.*Ver términos y condiciones en Compra y Venta de Autos Usados en Argentina con Garantia",0,0,0
2763,36000.0,"LA TRAILBLAZER ESTA BLINDADA , NECESITAS PEROMISO DEL RENAR PARA PONERLA A TU NOMBRE , EL BLINDAJE ES RB3 Y ESTA HECHO EN DIETRICH.",0,0,0
2784,6000.0,"Cómo nueva muy poco uso, sin detalles.",0,0,0
2791,177500.0,-- AUTOMATCH CONCESIONARIO DE VEHICULOS USADOS Y 0KM --. MARCA: FORD . MODELO: ECOSPORT. VERSION: XLS. AÑO: 2010. MOTOR: 1.6. TRANSMISIÓN:MANUAL. KILOMETRAJE: 177.00-- DETALLES --. MANUALES ORIGINALES. LLAVE DUPLICADO ORIGINAL. EXCELENTE ESTADO GENERAL. SEGUNDO DUEÑO DESDE 0KM. TODOS SUS MANTENIMIENTOS EN TIEMPO Y FORMA-- AUTOMATCH ENTREGA TODOS SUS VEHICULOS CON EL TANQUE DE COMBUSTIBLE LLENO Y SERVICE DE FLUIDOS RECIEN REALIZADO --. EL VEHICULO SE ENCUENTRA EN LAS MISMA CONDICIONES QUE EN LAS FOTOS. ACEPTAMOS TODO TIPO DE PERMUTAS. CONSULTAR POR LA FINANCIACIÓN VIGENTE. ESCUCHAMOS OFERTAS SERIAS EN EL CONCESIONARIO-- VENI A CONOCER NUESTRA CASA CENTRAL ---- SU CONSULTA NO MOLESTA –-- REALIZAMOS TRABAJOS PREMIUM DE DETAILING --INSTAGRAM : _AUTOMATCH,0,0,0
2793,80000.0,"EL PRECIO PUBLICADO ES EN EFECTIVO O FINANCIACION, CONSULTAR PRECIO EN EL CASO DE QUE SEA CON PERMUTA.CUANDO PENSAS EN CAMBIAR TU USADO, PENSA EN LA CONCESIONARIA MAS VISITADA EN CORDOBA, PENSA EN LOPCAR.MAS DE 25 AÑOS DE TRAYECTORIA, TRABAJANDO PARA BRINDARLES A NUESTROS CLIENTES EL MEJOR ASESORAMIENTO A LA HORA DE ADQUIRIR O RENOVAR SU PROXIMA UNIDAD.¡BUSCAMOS LA MEJOR FINANCIACION!!¡TOMAMOS SU USADO AL MEJOR PRECIO!!SEGURIDAD, TRANQUILIDAD y HONESTIDADCUALQUIER CONSULTA NUSTROS ASESORES ESTARAN A SU DISPOSICION!!VENÍ A VISITARNOS A NUESTRO SALÓN EN BARRIO VILLA CABRERA!¿COMO SE PUEDE FINANCIAR?- Créditos personales y prendarios.- Permutas (recibimos tu usado)- Créditos en tasas fijas- Créditos Uva- Entrega mínima: 50%- Financia el saldo a una tasa desde el 16.5%LOS VALORES REFERIDOS ESTAN SUJETOS A MODIFICACION SIN PREVIO AVISO",0,0,0
2796,54300.0,"VENDO PEUGEOT 2008 SPORT 1.6 THP TIPTRONIC 165 AM22 2021. ÚNICA MANO. SERVICE OFICIALES. NO POSEE DETALLES ESTETICOS. SIEMPRE UTILIZADA COMO VEHÍCULO SECUNDARIO.ACEPTAMOS DÓLARES O EUROS A COTIZACIÓN JUSTA REAL DE MERCADO, ACEPTAMOS PERMUTAS DE MAYOR O MENOR VALOR Y TAMBIÉN FINANCIAMOS.EL AUTOMÓVIL CUENTA CON DUPLICADO DE LLAVE, MANUALES, CRIQUE, LLAVE DE RUEDA, BALIZAS, MATAFUEGOS Y AUXILIO ORIGINAL, TAL COMO SALIÓ DE FÁBRICA EN 2021.—————ACERCA DE LA COMPRA Y LA TRANSFERENCIA DEL VEHÍCULO———EL COSTO DE LA TRANSFERENCIA DE TITULARIDAD DE ESTE VEHÍCULO ES DE $1.515.100. ESTE IMPORTE INCLUYE FIRMAS Y LEGALIZACIÓN EN ESCRIBANÍA, Y CUALQUIER OTRO TRÁMITE REGISTRAL QUE SEA NECESARIO. EL IMPORTE MENCIONADO ES FINAL Y NO HAY NINGÚN OTRO GASTO NI COSTO OCULTO.EL PROCEDIMIENTO DE COMPRA ES EL SIGUIENTE:1) USTED COORDINA UNA CITA Y SE ACERCA A VER Y PROBAR EL AUTOMÓVIL, Y SI LE GUSTA, PUEDE RESERVARLO EN EL MOMENTO CON $400.000.2) LUEGO, USTED TENDRÁ 7 DÍAS CORRIDOS PARA ACERCARSE A ABONAR EL VALOR DEL VEHÍCULO Y EL COSTO DE LA TRANSFERENCIA Y FIRMAR EN ESCRIBANÍA LA DOCUMENTACIÓN NECESARIA. ESE MISMO DÍA YA PODRÁ RETIRAR EN EL ACTO LA UNIDAD. NUESTRO PRODUCTOR LE PUEDE GENERAR UN SEGURO DEL AUTOMÓVIL, O BIEN PUEDE TRAER EL SUYO.3) AL CABO DE 7 DÍAS, NUESTRO EQUIPO DE GESTORES SE CONTACTARÁ CON USTED PARA HACERLE LLEGAR LA DOCUMENTACIÓN PERTINENTE.——ACERCA DE PUGLIA AUTO CONCESIONARIA OFICIAL MULTIMARCA——LA CONCESIONARIA FUE FUNDADA EN 1973 Y HA FUNCIONADO SIN INTERRUPCIÓN DESDE ESE ENTONCES POR CASI 5 DÉCADAS. LOS CIMIENTOS FUNDAMENTALES FUERON SIEMPRE LOS MISMOS:1) SOLO VEHÍCULOS DE CALIDAD VERIFICADOS, HASTA 10 AÑOS DE ANTIGÜEDAD E IDEALMENTE CON MENOS DE 100.000 KM. HACEMOS EXCEPCIONES, SOLO SI VALE LA PENA EL VEHÍCULO. NO COMPRAMOS NI VENDEMOS PROBLEMAS.2) TRANSPARENCIA Y VELOCIDAD EN EL TRÁMITE DE TRANSFERENCIA. SABEMOS LO IMPORTANTE QUE ES TENER LOS PAPELES EN REGLA, Y NOS OCUPAMOS DE QUE ASÍ SEA.SI USTED COMPRA CON NOSOTROS, POR FAVOR NO SE SORPRENDA SI RECIBE VARIAS ENCUESTAS TELEFÓNICAS DE NUESTRO EQUIPO DE AUDITORES A LO LARGO DEL PROCESO DE COMPRA. BUSCAMOS ASEGURARNOS LA MISMA EXPERIENCIA PARA CADA CLIENTE Y SOBRE TODO, QUE USTED QUEDE SATISFECHO Y VUELVA.LA CONCESIONARIA SE ENCUENTRA EN ALMAGRO (CAPITAL FEDERAL). (POR FAVOR, PEDIR LA DIRECCION EXACTA, POR POLITICA DE MERCADOLIBRE NO PODEMOS ANUNCIARLA AQUI).LOS ESPERAMOS!",0,0,0
2806,92000.0,"VENDO JEEP COMPASS LIMITED 2.4 AT9 AWD 2017. SEGUNDA DUEÑA, VTV AL DÍA, EL MÁS FULL DE LAS COMPASS, APERTURA DE BAÚL A DISTANCIA Y AUTOMÁTICO, EXCELENTE ESTADO, NEUMÁTICOS NUEVOS.ACEPTAMOS PESOS, DÓLARES, EUROS, REALES Y CRIPTOMONEDAS A COTIZACIÓN JUSTA REAL DE MERCADO. ACEPTAMOS PERMUTAS DE MAYOR O MENOR VALOR Y TAMBIÉN FINANCIAMOS EN DÓLARES, Y EN PESOS MEDIANTE LOS PRINCIPALES BANCOS DEL PAIS.EL AUTOMÓVIL CUENTA CON DUPLICADO DE LLAVE, MANUALES, CRIQUE, LLAVE DE RUEDA, BALIZAS, MATAFUEGOS Y AUXILIO ORIGINAL, TAL COMO SALIÓ DE FÁBRICA EN 2017.—————ACERCA DE LA COMPRA Y LA TRANSFERENCIA DEL VEHÍCULO———EL COSTO DE LA TRANSFERENCIA DE TITULARIDAD DE ESTE VEHÍCULO ES DE $1.701.300. ESTE IMPORTE INCLUYE FIRMAS Y LEGALIZACIÓN EN ESCRIBANÍA, Y CUALQUIER OTRO TRÁMITE REGISTRAL QUE SEA NECESARIO. EL IMPORTE MENCIONADO ES FINAL Y NO HAY NINGÚN OTRO GASTO NI COSTO OCULTO.EL PROCEDIMIENTO DE COMPRA ES EL SIGUIENTE:1) USTED COORDINA UNA CITA Y SE ACERCA A VER Y PROBAR EL AUTOMÓVIL, Y SI LE GUSTA, PUEDE RESERVARLO EN EL MOMENTO CON $400.000.2) LUEGO, USTED TENDRÁ 7 DÍAS CORRIDOS PARA ACERCARSE A ABONAR EL VALOR DEL VEHÍCULO Y EL COSTO DE LA TRANSFERENCIA Y FIRMAR EN ESCRIBANÍA LA DOCUMENTACIÓN NECESARIA. ESE MISMO DÍA YA PODRÁ RETIRAR EN EL ACTO LA UNIDAD. NUESTRO PRODUCTOR LE PUEDE GENERAR UN SEGURO DEL AUTOMÓVIL, O BIEN PUEDE TRAER EL SUYO.3) AL CABO DE 7 DÍAS, NUESTRO EQUIPO DE GESTORES SE CONTACTARÁ CON USTED PARA HACERLE LLEGAR LA DOCUMENTACIÓN PERTINENTE.——ACERCA DE QUALIS CARS - AUTOS DE CALIDAD - CONCESIONARIA OFICIAL MULTIMARCA——LA CONCESIONARIA FUE FUNDADA EN 1973 Y HA FUNCIONADO SIN INTERRUPCIÓN DESDE ESE ENTONCES POR MAS DE 5 DÉCADAS. LOS CIMIENTOS FUNDAMENTALES FUERON SIEMPRE LOS MISMOS:1) SOLO VEHÍCULOS DE CALIDAD VERIFICADOS, HASTA 10 AÑOS DE ANTIGÜEDAD E IDEALMENTE CON MENOS DE 100.000 KM. HACEMOS EXCEPCIONES, SOLO SI VALE LA PENA EL VEHÍCULO. NO COMPRAMOS NI VENDEMOS PROBLEMAS.2) TRANSPARENCIA Y VELOCIDAD EN EL TRÁMITE DE TRANSFERENCIA. SABEMOS LO IMPORTANTE QUE ES TENER LOS PAPELES EN REGLA, Y NOS OCUPAMOS DE QUE ASÍ SEA.SI USTED COMPRA CON NOSOTROS, POR FAVOR NO SE SORPRENDA SI RECIBE VARIAS ENCUESTAS TELEFÓNICAS DE NUESTRO EQUIPO DE AUDITORES A LO LARGO DEL PROCESO DE COMPRA. BUSCAMOS ASEGURARNOS LA MISMA EXPERIENCIA PARA CADA CLIENTE Y SOBRE TODO, QUE USTED QUEDE SATISFECHO Y VUELVA.LA CONCESIONARIA SE ENCUENTRA EN ALMAGRO (CAPITAL FEDERAL, ARGENTINA) EN UN PREDIO DE 5.000M2 DONDE SE EXHIBEN ALREDEDOR DE 200 VEHÍCULOS ENTRE 0KM, IMPORTADOS, CLÁSICOS Y UTILITARIOS. EN EL PREDIO FUNCIONAN ADEMÁS TALLERES DE: POSVENTA Y MECÁNICA LIGERA, DETAILING Y CARROCERIA Y PINTURA .(POR FAVOR, PEDIR LA DIRECCION EXACTA, POR POLITICA DE MERCADOLIBRE NO PODEMOS ANUNCIARLA AQUI).",0,0,0
2807,73400.0,Bestcar Automotores--------------------------------------------------------------------------------------------------------------------------Contado $ 17.800.000Anticipo $ 9.000.000+ Gastos24 X $ 700.00036 X $ 520.00048 X $ 430.000Excelente unidadSin detallesTodo al díaTomo usados ( Pago mas)Créditos Prendarios fijos o variables.SantaderPatagoniaHsbc--------------------------------------------------------------------------------------------------------------------------Somos una Empresa con más de 20 años de trayectoria dedicada a la venta de autos usados seleccionados.Créditos prendarios con la mejor tasa del mercado.Gestoría integral para brindar una compra ágil y segura.,0,0,0
2813,82000.0,"BMW X4 2.0 Xdrive 28i Xline 245cv con 82.000 km! La unidad es segunda mano y tiene su mantenimiento al día. Services oficiales hasta los 40.000, Después en taller particular dedicado a la alta gama. Cubiertas en perfecto estado Se aceptan permutas<< Somos una empresa familiar la cual tiene como principal objetivo brindar una experiencia de compra y venta distinguida. Todo nuestro equipo trabaja para que cada cliente tenga la mayor comodidad y tranquilidad posible durante todo el proceso comprando unidades de primera. >> << Al momento de tener un nuevo ingreso, nos ocupamos de llevar a cabo las revisiones que sean correspondientes y de que nuestro sector de gestoría se encargue de preparar la documentación para que la transferencia sea inmediata. Para la tranquilidad del cliente, se pude escanear y revisar ante cualquier especialista nuestras unidades. >><< Si bien damos la opción de presentar el tramite de traspaso de dominio de manera particular con el fin de evitarse gastos extra, nuestro equipo de gestores y grupo asegurador, se encuentran a entera disposición para lograr una compra rápida y totalmente prolija. >><< Los invitamos a leer nuestras reviews en Google y los esperamos en nuestro salon de ventas ubicado en La Lucila sobre Av Libertador ! >>  Grupo Scotti —> Sucursal Gt Automotores",0,0,0
2815,81900.0,"¿Estás listo para darle un giro a tu conducción? Descubrí la excelencia de los vehículos de Autoctiy Usados. Ofrecemos una amplia gama de opciones de financiamiento diseñadas para adaptarse a tus necesidades individuales, además de la posibilidad de usar tu auto actual como parte de pago.Solo ofrecemos vehículos del 2010 en adelante, con menos de 130,000 kms recorridos y sin historial de daños estructurales.*BENEFICIOS CON AUTOCTIY USADOS:INSPECCIÓN Y GARANTÍA MECÁNICA (ISO9001): En Autoctiy Usados, la calidad es nuestra prioridad. Nuestros vehículos pasan por una exhaustiva inspección de 240 puntos realizada por nuestro equipo de expertos. Además, cuentan con kilometraje verificado y una garantía mecánica de 3 meses.*PRÓXIMOS PASOS:Contáctanos para programar una visita o reservar el vehículo de tu interés.MÉTODOS DE PAGO:    • FINANCIACIÓN A MEDIDA: Accede al auto de tus sueños con nuestro plan de financiamiento personalizado, con opciones de hasta 60 cuotas fijas.    • DEJA TU AUTO COMO PARTE DE PAGO: Cambia tu vehículo actual por uno de Autoctiy Usados.    • PAGO AL CONTADO: Realiza tu pago mediante transferencia bancaria o depósito, en pesos o dólares.¡Viví tu experiencia Autocity!",0,0,0
2830,40000.0,BLACK EDITIONAsientos de cueroToda la iluminación exterior se cambio por LedLlantas negrasParrilla negraEstribosVidrios antivandalicosCubre alfombra de baul Mopar agregadaÚnico dueño. Todos los services fueron hechos en agencia oficial.,0,0,0
2852,103000.0,"AUTO MUNICH - USADO SELECCIONADOBMW X5 35i Características : AÑO: 2017 KM : 103.000Motor:  3. 0 306 hp Tracción integral Service oficiales 4 cubiertas nuevasAcceso confort Head up displayVolante deportivo de cueroProtección antirrobo para tornillos de ruedaCaja de cambio automático deportivoRueda de repuesto de emergenciaSistema de alarmaAcceso confortPuertas Cierre Suave AutomáticoEstribos de aluminioCámara de marcha atrásTecho panorámico de cristalRed maleteroRetrovisor interior/ exterior antideslizante automáticoRegulación asiento eléctricoPaquete de compartimentosControl de distancia de aparcamiento (PDC)Faro LED adaptativoPaquete de iluminaciónToma de corriente de 12 V adicionalLED faro antinieblaAsistente de luz de carreteraSistema de navegación ProfessionalHead-up displaySistemas de altavoz HiFiDisplay de instrumentos multifuncionalCONSULTE DISPONIBILIDAD Precio sujeto a stock. Auto Munich, Concesionario oficial BMW en la región.",0,0,0
2853,75000.0,*CONCESIONARIO AUTO-MANIA*JEEP WRANGLER 3.6 UNLIMITEDAÑO 201375.000 KILOMETROSCAJA AUTOMATICACOMBUSTIBLE NAFTAACEPTAMOS PERMUTAPRECIO DE CONTADO EL PUBLICADO ( NO INCLUYE GASTOS DE TRANSFERENCIA )TEST DRIVEENTREGA INMEDIATA,0,0,0
2855,6116.0,"Automarket | Startup especializada en comercialización de automóviles premium.Sucursales en Parque Leloir y Nordelta.VOLKSWAGEN TAOS 1.4 TSI COMFORTLINEAño 2024 | 6.116 kilómetros- Primer dueño.- Sin detalles, igual a cero kilómetro.- Pintura original de fabrica en su totalidad.- En garantía de fábrica hasta 2027 o 100.000 kilómetros.- Tuercas de seguridad originales agregadas en fábrica.- Manual y duplicado de llaves.- Apto a peritaje y scanner.Solicite turno para conocer el vehículo en nuestra sucursal de Parque Leloir.- El valor expresado en la publicación es válido para operaciones de contado.- Aceptamos tanto dólares como pesos tomando como referencia la cotización del dólar blue al día de la operación.- Recibimos vehículos de mayor y menor valor que cumplan con nuestros estándares de calidad.- Brindamos financiación con tasa fija y mínimos requisitos.Todos nuestros vehículos se entregan transferidos a nombre del comprador con documentación garantizada en 72 horas.- Libre deuda de infracciones.- Libre deuda de patentes.- Verificación técnica vehicular.- Verificación policial.- Grabado de autopartes y cristales.",0,0,0
2887,57000.0,"-Somos CAFLOW CC S.A.S., agencia automotriz multimarca.Ofrecemos soluciones de movilidad, de Córdoba para todo el país. Nos consolidamos en el mercado por la calidad de nuestro servicio y la innovación en experiencia del cliente.Nuestros pilares como empresa, radican en la atención al cliente como así también al permanente compromiso de todo nuestro personal en búsqueda de la excelencia en el servicio.-Formas de pago:Al contado: efectivo, transferencia o depósito.Plan de financiación personalizado: contamos con diversas alternativas de financiamiento adaptadas a tus necesidades.Tu auto como parte de pago: cambiá tú usado por el auto que siempre quisiste. -Nosotros nos ocupamos de los trámites:Gestoría profesional: Olvídate de los trámites; nuestro equipo lo hace por vos.Atención personalizada: Simple, rápido y sin complicaciones.-¿Necesitas asesoramiento? Presionando el botón de #WhatsApp que aparece en la publicación podrás comunicarte de forma directa con uno de nuestros vendedores.Nuestros horarios de atención son de lunes a viernes de 9:30 a 18:00hs y sábados de 10:00 a 13:00hs.¡Importante!Los precios son finales, incluyen IVA, no Incluyen costos de patentamiento ni patentes. Vigencia cancelando y patentando al 30/05/2025.Precio sujeto a disponibilidad de stock físico. Las imágenes publicadas en este sitio son de carácter ilustrativo. Consulte especificaciones técnicas y equipamiento de cada vehículo.------------------------------------------------------------------------------------------------------------------ CARFLOW CC SAS -Sucursal de 0km: Av. Sagrada Familia 1121 - Urca - Córdoba CapitalSucursal de Usados Select: Luis José de Tejeda 3969 - Cerro de las Rosas - Córdoba Capital-----------------------------------------------------------------------------------------------------------------",0,0,0
2894,274700.0,"VENDO TOYOTA HILUX SW4 4X4 SRV 3.0 TDI. EXCELENTE ESTADO, DOCUMENTACIÓN AL DÍA, ÚNICO DUEÑO, VTV VIGENTE 02/2025, CUBIERTAS SEMI NUEVAS 2023. LISTO PARA TRANSFERIR Y DISFRUTAR.ACEPTAMOS PESOS, DÓLARES, EUROS, REALES Y CRIPTOMONEDAS A COTIZACIÓN JUSTA REAL DE MERCADO. ACEPTAMOS PERMUTAS DE MAYOR O MENOR VALOR Y TAMBIÉN FINANCIAMOS EN DÓLARES, Y EN PESOS MEDIANTE LOS PRINCIPALES BANCOS DEL PAIS.EL AUTOMÓVIL CUENTA CON DUPLICADO DE LLAVE, MANUALES, CRIQUE, LLAVE DE RUEDA, BALIZAS, MATAFUEGOS Y AUXILIO ORIGINAL, TAL COMO SALIÓ DE FÁBRICA EN 2013.—————ACERCA DE LA COMPRA Y LA TRANSFERENCIA DEL VEHÍCULO———EL COSTO DE LA TRANSFERENCIA DE TITULARIDAD DE ESTE VEHÍCULO ES DE $1.606.164. ESTE IMPORTE INCLUYE FIRMAS Y LEGALIZACIÓN EN ESCRIBANÍA, Y CUALQUIER OTRO TRÁMITE REGISTRAL QUE SEA NECESARIO. EL IMPORTE MENCIONADO ES FINAL Y NO HAY NINGÚN OTRO GASTO NI COSTO OCULTO.EL PROCEDIMIENTO DE COMPRA ES EL SIGUIENTE:1) USTED COORDINA UNA CITA Y SE ACERCA A VER Y PROBAR EL AUTOMÓVIL, Y SI LE GUSTA, PUEDE RESERVARLO EN EL MOMENTO CON $400.000.2) LUEGO, USTED TENDRÁ 7 DÍAS CORRIDOS PARA ACERCARSE A ABONAR EL VALOR DEL VEHÍCULO Y EL COSTO DE LA TRANSFERENCIA Y FIRMAR EN ESCRIBANÍA LA DOCUMENTACIÓN NECESARIA. ESE MISMO DÍA YA PODRÁ RETIRAR EN EL ACTO LA UNIDAD. NUESTRO PRODUCTOR LE PUEDE GENERAR UN SEGURO DEL AUTOMÓVIL, O BIEN PUEDE TRAER EL SUYO.3) AL CABO DE 7 DÍAS, NUESTRO EQUIPO DE GESTORES SE CONTACTARÁ CON USTED PARA HACERLE LLEGAR LA DOCUMENTACIÓN PERTINENTE.——ACERCA DE QUALIS CARS - AUTOS DE CALIDAD - CONCESIONARIA OFICIAL MULTIMARCA——LA CONCESIONARIA FUE FUNDADA EN 1973 Y HA FUNCIONADO SIN INTERRUPCIÓN DESDE ESE ENTONCES POR MAS DE 5 DÉCADAS. LOS CIMIENTOS FUNDAMENTALES FUERON SIEMPRE LOS MISMOS:1) SOLO VEHÍCULOS DE CALIDAD VERIFICADOS, HASTA 10 AÑOS DE ANTIGÜEDAD E IDEALMENTE CON MENOS DE 100.000 KM. HACEMOS EXCEPCIONES, SOLO SI VALE LA PENA EL VEHÍCULO. NO COMPRAMOS NI VENDEMOS PROBLEMAS.2) TRANSPARENCIA Y VELOCIDAD EN EL TRÁMITE DE TRANSFERENCIA. SABEMOS LO IMPORTANTE QUE ES TENER LOS PAPELES EN REGLA, Y NOS OCUPAMOS DE QUE ASÍ SEA.SI USTED COMPRA CON NOSOTROS, POR FAVOR NO SE SORPRENDA SI RECIBE VARIAS ENCUESTAS TELEFÓNICAS DE NUESTRO EQUIPO DE AUDITORES A LO LARGO DEL PROCESO DE COMPRA. BUSCAMOS ASEGURARNOS LA MISMA EXPERIENCIA PARA CADA CLIENTE Y SOBRE TODO, QUE USTED QUEDE SATISFECHO Y VUELVA.LA CONCESIONARIA SE ENCUENTRA EN ALMAGRO (CAPITAL FEDERAL, ARGENTINA) EN UN PREDIO DE 5.000M2 DONDE SE EXHIBEN ALREDEDOR DE 200 VEHÍCULOS ENTRE 0KM, IMPORTADOS, CLÁSICOS Y UTILITARIOS. EN EL PREDIO FUNCIONAN ADEMÁS TALLERES DE: POSVENTA Y MECÁNICA LIGERA, DETAILING Y CARROCERIA Y PINTURA .(POR FAVOR, PEDIR LA DIRECCION EXACTA, POR POLITICA DE MERCADOLIBRE NO PODEMOS ANUNCIARLA AQUI).",0,0,0
2898,65000.0,"La Nissan Kicks 1.6 Exclusive Special Editiones una version con mejoras esteticas y deequipamiento que toma como base el modeloExclusive. Se destaca ´por su pintura bitono,faldones laterales, delanteros y traseros en color plata, cola de escape cromada, moldurasfrontales y traseras en color plata, spoiler trasero y la insignia "" Special Edition ""Veni a conocerlo y manejarlo!Todos nuestros autos pasan por una inspección al máximo detalle. Dándote la tranquilidad que necesitas.Con California Cars» Comprá o vendé tu auto de manera fácil, rápida y de forma segura.» Autos libres de multas, sin riesgo de fraude» Opciones de financiación con la mejor tasa en CUOTAS FIJAS EN PESOS de los bancos más importantes de Argentina.» Veni a probarlo en nuestro exclusivo circuito privado.¡Hacé click en Preguntar o Whatsapp para tener asesoramiento detallado!Horarios de atención:Lunes a Sábados de 09hs a 18hs.Domingos cerrado.Parque industrial Polo HudsonAutopista Buenos Aires - La Plata, Km 30",0,0,0
2904,90000.0,"CONCESIONARIO OFICIAL NAVEMOTORSCALIDAD Y SERVICIO QUE MARCAN LA DIFERENCIA                        - Financiación Parcial (cuotas fijas o UVA)- SOLO CON DNI- Recibimos tu vehiculo como parte de pago- Cotización y presupuestos online. ¡¡¡ENTREGA INMEDIATA GARANTIZADA!!!-Trabajamos con usados seleccionados con garantía.-contamos con amplio stock físico.-No es plan de ahorro (Solo venta convencional).Ofrecemos toda la línea completa en 0KM como concesionario oficial de:RENAULT - FIAT - CITROEN - PEUGEOT - JEEPConsulta con nosotros para obtener más detalles sobre esta operación y el precio asociado.En nuestro concesionario oficial, nos dedicamos a proporcionar una experiencia integral, asegurando la satisfacción de nuestros clientes. ¡Comunícate con nosotros!",0,0,0
2905,190000.0,"Vendo Excelente Hyundai Santa Fe modelo 2008, 4x4, diesel la camioneta la compre hace 2 meses en buenos aires, Ahora está en Bariloche, y no me entra en la cochera, ese es el motivo de la venta, le hice hace 1 mes antes de llevármela a Bariloche, distribución nueva, correa, tensores y bomba de agua, cambio de correa poli V y tensores, tren delantero nuevo, se cambiaron rotulas, extremos, pre caps, bujes etc etc, le puse una Batería nueva, y varias cosas más, yo soy de La Plata la compre para dejarla en una cabaña que tengo en Bariloche y no me entra en le Garage, VENDO O PERMUTO POR VAHICULO ALGO MÁS CHICO, TUCCSON, VITARA, ETC ETC,.- está muy linda y muy cuidada...",0,0,0
2915,20000.0,AutoDrive***** USADOS SELECCIONADOS *****JEEP GRAND CHEROKEE LIMITED 202420.000 KM• Unidad en excelente estado• Papeles al día – Listo para transferir• Garantía de 3 meses por inconvenientes en motor o caja• Aceptamos permutas• Tenemos financiación¡Tu nuevo auto te está esperando!Podes venir con tu mecánico sin problemas para revisarloDejame tu consulta y me comunico a la brevedad,0,0,0
2921,71000.0,"Nuevo Ingreso Impecable Unidad , sin detalles , muy bien Cuidada. -Tomamos Permuta.-Entrega Inmediata.-Garantía. -Financiación Cuotas Fijas.- Asesor: Cristian Coria.",0,0,0
2922,112000.0,"JeepWranglerUnlimited Sport 3.8L 4p ATNafta112.000 kms.CONSULTA AQUÍ POR CRÉDITOS BANCOR CRÉDITOS SANTANDER Y FINANCIACIÓN PROPIA DE LA CASA A MEDIDA DEL CLIENTEMEGA CARS AUTOMOTORESENTREGA INMEDIATA… EN EL DIA!!!Si el vehículo le interesó no dude en escribirnos o llamarnos para coordinar una cita y que usted pueda no solo venir a ver y revisar la unidad sino también realizar un test drive con el mismo.TODOS NUESTROS VEHÍCULOS ESTAN A SU ENTERA DISPOSICIÓN PARA QUE LOS PRUEBE, HAGA REVISAR CON SU MECANICO DE CONFIANZA O LO QUE A USTED LE PAREZCA NECESARIO PARA SU TRANQUILIDAD.Recibimos su usado en excelente precio, Financiación a medida - Distintas formas de pago.-—————————————————————————————Somos una agencia ícono en Córdoba capital, ubicados en el corazón del parque de venta automotrizContamos con gran variedad de vehículos usados y cero km con entrega inmediata brindando al cliente todo lo que necesita para su tranquilidad y una operación segura y sencilla.Muchísimas gracias por elegirnos!",0,0,0
2928,28000.0,Igual que okmSin un solo detalleServices oficialesKms comprobablesInmejorable estadoSe vende si o si transferidaSe puede ver en La Plata o en HudsonSe puede tomar alguna permuta de mi interes.,0,0,0
2931,58326.0,"Cambiá tu auto o comprá uno semi nuevo en Kavak, compañía N°1 en venta online de autos usados en Latinoamérica. Contamos con distintos planes de financiamiento para adaptarse a tus necesidades, también podés dejar tu auto como parte de pago. Solo vendemos autos 2010 en adelante, con menos de 100.000 km, que nunca tuvieron daños estructurales ni GNC.------------------------------------------------------------->> Renault Duster 1.6 EXPRESSION << 407467*BENEFICIOS KAVAK:Al comprar tu Auto Kavak contás con un PERÍODO DE PRUEBA DE 7 DÍAS o 300 KM. Si no te encantó, te devolvemos el 100% de tu dinero (incluida la transferencia)*INSPECCIÓN Y COBERTURA MECÁNICA: En Kavak, la calidad es lo más importante. Nuestros autos son mucho más que autos usados, son autos semi-nuevos reacondicionados que están revisados en 240 puntos por nuestro equipo de expertos, tienen todos los servicios al día, kilometraje real y cobertura mecánica Kavak de 3 meses con posibilidad de extensión a 1 año.*CONTRATÁ KAVAK TOTAL: Con Kavak Total tenés 9 meses adicionales de cobertura con tope según marca/modelo del auto en arreglos, en motor, transmisión, tracción delantera y trasera, batería, embrague y correa o cadena de distribución. Cuidar tu auto puede ser tan fácil como manejarlo.PRÓXIMOS PASOS:Consúltanos para agendar una visita y/o reservar tu auto de interés.*MÉTODOS DE PAGO:- FINANCIAMOS TU COMPRA: Podés acceder al auto de tus sueños con nuestro plan de financiamiento hecho a tu medida. Financialo en hasta 60 cuotas fijas.- DEJÁ TU AUTO COMO PARTE DE PAGO: Cambiá tu auto por uno Kavak.- AL CONTADO: Pagá vía transferencia bancaria o deposito. Podés pagar en pesos o en dólares.Para mayor información visitá nuestro sitio.*Ver términos y condiciones en Compra y Venta de Autos Usados en Argentina con Garantia",0,0,0
2955,127000.0,"Vehículo en muy buenas condiciones caja manual servicio recien hecho neumáticos nuevos con menos de un año de uso, auxilio sin rodar tapizado de cuero como nuevo, detalles de carroceria en negro pintado a fuego.tomo permuta mayor valor de mi interes en excelentes condiciones.",1,0,0
2978,33660.0,"Mantenimientos oficiales al día, todos realizados en SportCars.Estado general excelente, sin choques ni detalles raros.Se puede escanear sin problemas: no tiene absolutamente nada para observarNo permuto, no vendo a concesionariasEs verla y llevártela. Camioneta MUY cuidada.",0,0,0
2998,112629.0,"SACUR AUTOS te ofrece una amplia variedad de Vehículos, generando seguridad y confianza en la operación, con atención personalizada y profesional.Somos una empresa que cuenta con el aval de pertenecer a la Cámara de Comercio del Automotor de Córdoba.Nuestra calificación de 4.8 estrellas avalan la calidad de nuestros vehículos, atención y eficacia.ENCONTRA TU MEJOR OPCION PARA ADQUIRIR LA FINANCIACION ADECUADA PARA VOS!COTIZA ONLINE EN ESTE MOMENTO CON NUESTROS REPRESENTANTES.¡VISUALIZA EL VIDEO DEL VEHICULO PARA VERLO EN DETALLE!",0,0,0
3013,132896.0,"Cambiá tu auto o comprá uno semi nuevo en Kavak, compañía N°1 en venta online de autos usados en Latinoamérica. Contamos con distintos planes de financiamiento para adaptarse a tus necesidades, también podés dejar tu auto como parte de pago. Solo vendemos autos 2010 en adelante, con menos de 100.000 km, que nunca tuvieron daños estructurales ni GNC.------------------------------------------------------------->> Renault Duster 1.6 16V CONFORT PLUS << 411011*BENEFICIOS KAVAK:Al comprar tu Auto Kavak contás con un PERÍODO DE PRUEBA DE 7 DÍAS o 300 KM. Si no te encantó, te devolvemos el 100% de tu dinero (incluida la transferencia)*INSPECCIÓN Y COBERTURA MECÁNICA: En Kavak, la calidad es lo más importante. Nuestros autos son mucho más que autos usados, son autos semi-nuevos reacondicionados que están revisados en 240 puntos por nuestro equipo de expertos, tienen todos los servicios al día, kilometraje real y cobertura mecánica Kavak de 3 meses con posibilidad de extensión a 1 año.*CONTRATÁ KAVAK TOTAL: Con Kavak Total tenés 9 meses adicionales de cobertura con tope según marca/modelo del auto en arreglos, en motor, transmisión, tracción delantera y trasera, batería, embrague y correa o cadena de distribución. Cuidar tu auto puede ser tan fácil como manejarlo.PRÓXIMOS PASOS:Consúltanos para agendar una visita y/o reservar tu auto de interés.*MÉTODOS DE PAGO:- FINANCIAMOS TU COMPRA: Podés acceder al auto de tus sueños con nuestro plan de financiamiento hecho a tu medida. Financialo en hasta 60 cuotas fijas.- DEJÁ TU AUTO COMO PARTE DE PAGO: Cambiá tu auto por uno Kavak.- AL CONTADO: Pagá vía transferencia bancaria o deposito. Podés pagar en pesos o en dólares.Para mayor información visitá nuestro sitio.*Ver términos y condiciones en Compra y Venta de Autos Usados en Argentina con Garantia",0,0,0
3016,135000.0,y facilidadesrecibo vehiculo de menor valor3513294211con:4x4automatica con cuerotecho corredizoclimatizadorlevanta vidrioscontrol cruiseabsespejos electricosairbags frontales y laterales,0,0,0
3038,181000.0,"Renault Duster 2.0 4x4 Tech Road 138cvPrecio Lista / Permuta $ 18.990.000Precio Contado Efectivo $ 16.990.000+ Aceptamos Transferencia Bancaria en Pesos y Dólares ++ Contamos con cuenta Bancaria en Estados Unidos para recibir transferencias +Mas de 25 años de experiencia en el mercado de vehículos premium• COORDINAR DÍA Y HORARIO PARA VER EL VEHÍCULO •• TOMA DE USADOS A PRECIO DE MERCADO (COTIZAMOS ONLINE)• RESERVA CON CONFIANZA :MERCADO LIBRE PROTEGE TU DINERO, ACEPTAMOS TODAS LAS TARJETAS DE DÉBITO Y CRÉDITO• RESPUESTA INMEDIATA A TUS INQUIETUDES :Respondemos al instante mensajes y llamados. Programamos Videollamadas.• ATENCIÓN PERSONALIZADA• DOCUMENTACIÓN AL DÍA Y LISTA PARA TRANSFERIRContamos con Administración y Gestoría Integral.• COORDINAR DÍA Y HORARIO PARA VER EL VEHÍCULO •",0,0,0
3059,197000.0,"Impecable. Kilómetros reales. VTV al día .Se le hizo, cambio de rulemanes de diferenciales. Importados americanos TIMKEN y Taco hidráulico de caja. Hecho con mecánica especializada en jeep (Pelliciari ) Sin golpes. Pintura original.",0,0,0
3075,90000.0,"Impecable sin detalle, segunda mano, historial de servicios en Audi, 4 cubiertas nuevas,manual. digno de ver!!!",0,0,0
3077,80000.0,"RENAULT CAPTUR INTENSE 2.0 2017IMPECABLE /// SERVICES OFICIALESUNICO DUEÑO / 80.000KM / IMPECABLE/////// Comprá seguro, sin problemas y de manera simple \\\\\\\Somos AltaGamaAutos, tenemos locales físicos a la calle desde el año 2008. ¡NO VENDEMOS PROBLEMAS!Todos nuestros vehículos están inspeccionados y certificados.* Nos ocupamos de todos los tramites, contamos con gestoría propia* Aceptamos permutasEstamos en Mar del Plata, sobre avenida colon a 15 cuadras de av. Champagnat para el lado de la costa.",0,0,0
3078,143000.0,"Chevrolet Tracker 2016 AWD LTZ+ en excelente estado - 143.000 kmSegundo dueño. Uso particular. Mantenimiento al día. Lista para transferir.Versión LTZ+ con tracción integral (AWD), la más completa de su año. Confort, seguridad y estilo en un SUV confiable, ideal tanto para la ciudad como para escapadas.Características destacadas:Motor 1.8L con tracción integral (AWD)143.000 km realesCaja automáticaTecho solar eléctricoTapizado de cueroCámara de retrocesoSensores de estacionamientoControl de estabilidad y tracciónSistema MyLink con pantalla táctilLlantas de aleaciónEstado general:Interior y exterior en excelente estado. Siempre cuidada y con servicios hechos en tiempo y forma. No necesita ningún arreglo. Se entrega con la documentación lista para transferir.Otros datos importantes:VTV vigenteGrabado de autopartesPatente al díaCubiertas en buen estadoVehículo listo para usar. Ideal para quien busca una SUV cómoda, segura y bien equipada a un precio accesible. Se puede coordinar visita para verla sin compromiso.",0,0,0
3087,114000.0,"Chevrolet Tracker 2016 - Excelente Estado¡Oportunidad única! Vendo mi Chevrolet Tracker en impecable estado, ideal para aquellos que buscan un vehículo confiable y espacioso. Detalles del coche:Año: 2016Kilometraje: 114.000Color: BordóTransmisión: ManualCaracterísticas destacadas:Servicio al día con todos los mantenimientos realizados con profesionales.Aire acondicionado recientemente revisado y funcionando a la perfección.El vehículo ha sido cuidado meticulosamente y está listo para disfrutar. Perfecto para la ciudad y/o viajes familiares.",0,0,0
3096,71000.0,"Renault Captur Intens 1.6 cvt (Automatico)EDICION LIMITADA - LE COQ SPORTIF - Tapizada en cuero bicolor de fabricaUNICO DUEÑO 70.000kmSe puede ver en villa adelina, Vicente lopez.Service al dia, Sin deudas, sin multas.Se vende solo transferida------------------------------DETALLES MIRAR FOTOS 7 y 8-----------------------------------el auto esta en perfecto estado salvo por dos detalles:el tapizado de la butaca del conductor se corto en la parte izquierda, se puede ver en la foto.la puerta del acompañante tiene una pequeña marca en la chapa, se puede ver en la foto.NO SE BAJA EL PRECIO POR ESTOS DETALLES , esta considerado en el precio de publicación.",1,0,0
3111,20940.0,Realmente nueva titular de 0km .sin detalles. Km reales.,0,0,0
3129,42392.0,"Cambiá tu auto o comprá uno semi nuevo en Kavak, compañía N°1 en venta online de autos usados en Latinoamérica. Contamos con distintos planes de financiamiento para adaptarse a tus necesidades, también podés dejar tu auto como parte de pago. Solo vendemos autos 2010 en adelante, con menos de 100.000 km, que nunca tuvieron daños estructurales ni GNC.------------------------------------------------------------->> Chevrolet Tracker 1.2 TURBO PREMIER AT << 409048*BENEFICIOS KAVAK:Al comprar tu Auto Kavak contás con un PERÍODO DE PRUEBA DE 7 DÍAS o 300 KM. Si no te encantó, te devolvemos el 100% de tu dinero (incluida la transferencia)*INSPECCIÓN Y COBERTURA MECÁNICA: En Kavak, la calidad es lo más importante. Nuestros autos son mucho más que autos usados, son autos semi-nuevos reacondicionados que están revisados en 240 puntos por nuestro equipo de expertos, tienen todos los servicios al día, kilometraje real y cobertura mecánica Kavak de 3 meses con posibilidad de extensión a 1 año.*CONTRATÁ KAVAK TOTAL: Con Kavak Total tenés 9 meses adicionales de cobertura con tope según marca/modelo del auto en arreglos, en motor, transmisión, tracción delantera y trasera, batería, embrague y correa o cadena de distribución. Cuidar tu auto puede ser tan fácil como manejarlo.PRÓXIMOS PASOS:Consúltanos para agendar una visita y/o reservar tu auto de interés.*MÉTODOS DE PAGO:- FINANCIAMOS TU COMPRA: Podés acceder al auto de tus sueños con nuestro plan de financiamiento hecho a tu medida. Financialo en hasta 60 cuotas fijas.- DEJÁ TU AUTO COMO PARTE DE PAGO: Cambiá tu auto por uno Kavak.- AL CONTADO: Pagá vía transferencia bancaria o deposito. Podés pagar en pesos o en dólares.Para mayor información visitá nuestro sitio.*Ver términos y condiciones en Compra y Venta de Autos Usados en Argentina con Garantia",0,0,0
3134,60000.0,"Nuevo Ingreso Impecable Unidad , sin detalles , muy bien Cuidada. -Tomamos Permuta.-Entrega Inmediata.-Garantía. -Financiación Cuotas Fijas.- Asesor: Cristian Coria.",0,0,0
3142,281000.0,"Nissan Xterra 2006 281.000 km 4 cubiertas nuevasMuy bien cuidada , muy pocos detalles VTV hasta NOVIEMBRE DE ESTE AÑO (2025)Se puede ver en mar del plata o zona oeste Ituzaingó ( aveces voy a ver a mi familia y estoy por zona oeste)",0,0,0
3173,134000.0,KILOMETROS REALESESTADO IMPECABLE2 CUBIERTAS OKM LAS OTRAS 2 EXCELENTES CONDICIONESMUY CUIDADASIN DETALLES DE PINTURAVTV VIGENTE TRANSFERENCIA OBLIGATORIA,0,0,0
3182,70000.0,"Nissan Kicks Sense CVTEs un Suv compacto que destaca por su diseño moderno, eficiencia de combustible y tecnología.Motor de 1.6 litros y 4 cilindros.Potencia de 120 caballos de fuerza.Transmisión CVT (Transmisión Variable Continua).Tecnología:Compatibilidad con Android Auto y Apple CarPlay.Pantalla táctil para el sistema de infoentretenimiento.Llave inteligente presencial (i-key) y botón de encendido (Push Start Button)Seguridad:6 AirbagsControl Dinámico del Vehículo (VDC)El Kicks Sense CVT se posiciona como una opción ideal para quienes buscan un vehículo urbano, ágil y eficiente.Veni a conocerlo y manejarlo!Todos nuestros autos pasan por una inspección al máximo detalle. Dándote la tranquilidad que necesitas.Con California Cars» Comprá o vendé tu auto de manera fácil, rápida y de forma segura.» Autos libres de multas, sin riesgo de fraude» Opciones de financiación con la mejor tasa en CUOTAS FIJAS EN PESOS de los bancos más importantes de Argentina.» Veni a probarlo en nuestro exclusivo circuito privado.¡Hacé click en Preguntar o Whatsapp para tener asesoramiento detallado!Horarios de atención:Lunes a Sábados de 09hs a 18hs.Domingos cerrado.Parque industrial Polo HudsonAutopista Buenos Aires - La Plata, Km 30",0,0,0
3222,70000.0,"VENDO FORD ECOSPORT TITANIUM 2.0L AT N. SEGUNDO DUEÑO, LA COMPRO CON 40.000 KM , SOLO LA USO 30.000 KM, TODOS LOS SERVICES AL DIA. CUENTA CON 4 CUBIERTAS CON 70% DE VIDA UTIL.ACEPTAMOS PESOS, DÓLARES, EUROS, REALES Y CRIPTOMONEDAS A COTIZACIÓN JUSTA REAL DE MERCADO. ACEPTAMOS PERMUTAS DE MAYOR O MENOR VALOR Y TAMBIÉN FINANCIAMOS EN DÓLARES, Y EN PESOS MEDIANTE LOS PRINCIPALES BANCOS DEL PAIS.EL AUTOMÓVIL CUENTA CON DUPLICADO DE LLAVE, MANUALES, CRIQUE, LLAVE DE RUEDA, BALIZAS, MATAFUEGOS Y AUXILIO ORIGINAL, TAL COMO SALIÓ DE FÁBRICA EN 2019.—————ACERCA DE LA COMPRA Y LA TRANSFERENCIA DEL VEHÍCULO———EL COSTO DE LA TRANSFERENCIA DE TITULARIDAD DE ESTE VEHÍCULO ES DE $1.395.709. ESTE IMPORTE INCLUYE FIRMAS Y LEGALIZACIÓN EN ESCRIBANÍA, Y CUALQUIER OTRO TRÁMITE REGISTRAL QUE SEA NECESARIO. EL IMPORTE MENCIONADO ES FINAL Y NO HAY NINGÚN OTRO GASTO NI COSTO OCULTO.EL PROCEDIMIENTO DE COMPRA ES EL SIGUIENTE:1) USTED COORDINA UNA CITA Y SE ACERCA A VER Y PROBAR EL AUTOMÓVIL, Y SI LE GUSTA, PUEDE RESERVARLO EN EL MOMENTO CON $400.000.2) LUEGO, USTED TENDRÁ 7 DÍAS CORRIDOS PARA ACERCARSE A ABONAR EL VALOR DEL VEHÍCULO Y EL COSTO DE LA TRANSFERENCIA Y FIRMAR EN ESCRIBANÍA LA DOCUMENTACIÓN NECESARIA. ESE MISMO DÍA YA PODRÁ RETIRAR EN EL ACTO LA UNIDAD. NUESTRO PRODUCTOR LE PUEDE GENERAR UN SEGURO DEL AUTOMÓVIL, O BIEN PUEDE TRAER EL SUYO.3) AL CABO DE 7 DÍAS, NUESTRO EQUIPO DE GESTORES SE CONTACTARÁ CON USTED PARA HACERLE LLEGAR LA DOCUMENTACIÓN PERTINENTE.——ACERCA DE QUALIS CARS - AUTOS DE CALIDAD - CONCESIONARIA OFICIAL MULTIMARCA——LA CONCESIONARIA FUE FUNDADA EN 1973 Y HA FUNCIONADO SIN INTERRUPCIÓN DESDE ESE ENTONCES POR MAS DE 5 DÉCADAS. LOS CIMIENTOS FUNDAMENTALES FUERON SIEMPRE LOS MISMOS:1) SOLO VEHÍCULOS DE CALIDAD VERIFICADOS, HASTA 10 AÑOS DE ANTIGÜEDAD E IDEALMENTE CON MENOS DE 100.000 KM. HACEMOS EXCEPCIONES, SOLO SI VALE LA PENA EL VEHÍCULO. NO COMPRAMOS NI VENDEMOS PROBLEMAS.2) TRANSPARENCIA Y VELOCIDAD EN EL TRÁMITE DE TRANSFERENCIA. SABEMOS LO IMPORTANTE QUE ES TENER LOS PAPELES EN REGLA, Y NOS OCUPAMOS DE QUE ASÍ SEA.SI USTED COMPRA CON NOSOTROS, POR FAVOR NO SE SORPRENDA SI RECIBE VARIAS ENCUESTAS TELEFÓNICAS DE NUESTRO EQUIPO DE AUDITORES A LO LARGO DEL PROCESO DE COMPRA. BUSCAMOS ASEGURARNOS LA MISMA EXPERIENCIA PARA CADA CLIENTE Y SOBRE TODO, QUE USTED QUEDE SATISFECHO Y VUELVA.LA CONCESIONARIA SE ENCUENTRA EN ALMAGRO (CAPITAL FEDERAL, ARGENTINA) EN UN PREDIO DE 5.000M2 DONDE SE EXHIBEN ALREDEDOR DE 200 VEHÍCULOS ENTRE 0KM, IMPORTADOS, CLÁSICOS Y UTILITARIOS. EN EL PREDIO FUNCIONAN ADEMÁS TALLERES DE: POSVENTA Y MECÁNICA LIGERA, DETAILING Y CARROCERIA Y PINTURA .(POR FAVOR, PEDIR LA DIRECCION EXACTA, POR POLITICA DE MERCADOLIBRE NO PODEMOS ANUNCIARLA AQUI).",0,0,0
3259,59709.0,"Cambiá tu auto o comprá uno semi nuevo en Kavak, compañía N°1 en venta online de autos usados en Latinoamérica. Contamos con distintos planes de financiamiento para adaptarse a tus necesidades, también podés dejar tu auto como parte de pago. Solo vendemos autos 2010 en adelante, con menos de 100.000 km, que nunca tuvieron daños estructurales ni GNC.------------------------------------------------------------->> Peugeot 2008 1.6 FELINE << 408251*BENEFICIOS KAVAK:Al comprar tu Auto Kavak contás con un PERÍODO DE PRUEBA DE 7 DÍAS o 300 KM. Si no te encantó, te devolvemos el 100% de tu dinero (incluida la transferencia)*INSPECCIÓN Y COBERTURA MECÁNICA: En Kavak, la calidad es lo más importante. Nuestros autos son mucho más que autos usados, son autos semi-nuevos reacondicionados que están revisados en 240 puntos por nuestro equipo de expertos, tienen todos los servicios al día, kilometraje real y cobertura mecánica Kavak de 3 meses con posibilidad de extensión a 1 año.*CONTRATÁ KAVAK TOTAL: Con Kavak Total tenés 9 meses adicionales de cobertura con tope según marca/modelo del auto en arreglos, en motor, transmisión, tracción delantera y trasera, batería, embrague y correa o cadena de distribución. Cuidar tu auto puede ser tan fácil como manejarlo.PRÓXIMOS PASOS:Consúltanos para agendar una visita y/o reservar tu auto de interés.*MÉTODOS DE PAGO:- FINANCIAMOS TU COMPRA: Podés acceder al auto de tus sueños con nuestro plan de financiamiento hecho a tu medida. Financialo en hasta 60 cuotas fijas.- DEJÁ TU AUTO COMO PARTE DE PAGO: Cambiá tu auto por uno Kavak.- AL CONTADO: Pagá vía transferencia bancaria o deposito. Podés pagar en pesos o en dólares.Para mayor información visitá nuestro sitio.*Ver términos y condiciones en Compra y Venta de Autos Usados en Argentina con Garantia",0,0,0
3263,79000.0,PRIMER DUEÑO - PINTURA ORIGINAL DE FABRICA - CUBIERTAS NUEVAS - VTV AL DIA - SIN DETALLES -  EXCELENTE UNIDAD - LISTO PARA TRANSFERIR! SUCURSAL ÚNICA - LA CONCESIONARIA TRADICIONAL DE PALERMO DESDE 1988 EN EL BARRIO OFRECIENDO LOS MEJORES VEHÍCULOS USADOS SELECCIONADOS . NO UTILIZAMOS INSTAGRAM NI FACEBOOK - NO TENEMOS VENDEDORES NI COMPRADORES EN LA CALLE - NO TENEMOS SUCURSALES - NO PEDIMOS DATOS BANCARIOS A NUESTROS CLIENTES!,0,0,0
3267,110000.0,Vehículo listo para transferir en estado impecable. Todos los services hechos en agencia oficial . Ningún golpe estado impecable soy segundo dueño solo lo vendo al contado por hacer otra inversion,0,0,0
3289,42942.0,"PANAMER S.A. Concesionario oficial JEEP, RAM, DODGE, CHRYSLER, MITSUBISHI Y JAC.    Contamos con más de 34 años de trayectoria como concesionarios, aseguramos la más alta calidad de atención en servicios de Venta y de Post-Venta con sucursales en San Isidro, San Fernando y Campana.Empresa Certificada Normas ISO 9001-2017IMPORTANTE: Todos nuestros vehículos usados son SELECCIONADOS. Se encuentran revisados y peritados considerando más de 100 puntos de control claves. Al contar con talleres y personal experimentado, nos aseguramos de que su compra se encuentre PROTEGIDA.Sucursales Ventas:Campana: Colectora Sur 885San Fernando: Avenida del Libertador 3197Acassuso: Av. Santa Fe 907Sucursales Post-VentaCampana: San Martín 1306San Fernando: Juan N. Madero 836Acassuso: Av. Santa Fe 907Formas de Pago:-Contado (Pesos o dólares)-Financiación por Banco-Financiación por terminal-Leasing-TOMA DE USADOSi vivís a más de 150km fuera de Buenos Aires, podemos enviar tu nuevo auto a su casa.Estamos para brindarle la mejor atención.Contamos con atención física o 100% digital – Realizamos videollamadas para mostrar el vehículo de ser necesario",0,0,0
3292,108000.0,Dueño directo. Única mano.Motor 1.2 Turbo (europeo)Caja automática 6 marchas6 airbagsAsientos delanteros calefaccionadosSensor de lluviaLuces automáticas Sensor de estacionamiento Cámara de retrocesoDetalles:Distribución nueva.Neumáticos nuevos Batería 70Ah nueva,0,0,0
3302,22000.0,"HONDA PILOT 2023 con solo 22000km , absolutamente NUEVA , sin detalles . FULL FULL , caja automática ultima generación botones, control crucero , sensores estacionamiento delanteros y traseros con Cámara de retroceso , 8 asientos CUERO electrónicos , climatizador TRIPLE ZONA con salida individual por asiento , portón eléctrico a distancia , los 4 levanta vidrios eléctricos , control de tracción, control estabilidad , 9 air bag , sensores presión neumáticos , Pantalla multimedia con todas las funciones , etc etc , SUPER full , servís Oficial en GARANTIA por 2 años mas , única mano . TITULAR carpeta completa para transferir , hago Factura A o B",0,0,0
3314,160000.0,"Unidad disponible, Documentación al díaSe aceptan permutas<< Somos una empresa familiar la cual tiene como principal objetivo brindar una experiencia de compra y venta distinguida. Todo nuestro equipo trabaja para que cada cliente tenga la mayor comodidad y tranquilidad posible durante todo el proceso comprando unidades de primera. >> << Al momento de tener un nuevo ingreso, nos ocupamos de llevar a cabo las revisiones que sean correspondientes y de que nuestro sector de gestoría se encargue de preparar la documentación para que la transferencia sea inmediata. Para la tranquilidad del cliente, se pude escanear y revisar ante cualquier especialista nuestras unidades. >><< Si bien damos la opción de presentar el tramite de traspaso de dominio de manera particular con el fin de evitarse gastos extra, nuestro equipo de gestores y grupo asegurador, se encuentran a entera disposición para lograr una compra rápida y totalmente prolija. >><< Los invitamos a leer nuestras reviews en Google y los esperamos en nuestro salon de ventas ubicado en La Lucila sobre Av Libertador ! >>  Grupo Scotti —> Sucursal Gt Automotores",0,0,0
3316,88000.0,UNICA MANO - JAMAS GOLPEADO - CAMBIO DE CORREA - GOMAS NUEVAS - RADICADO EN CABA,0,0,0
3332,10000.0,UNIDAD EN STOCK ONLINE. Coordinar la visita previamente.Tomamos mayor y menor valor. Su consulta no molesta.VOLKSWAGEN NIVUSCOMFORTLINE TSIAÑO 202410.000KMMOTOR 1.0SERICE OFICIALESSomos BROTHERS DRIVE CARS.Asesoramiento especializado.Atención personalizada.Permutas MAYOR Y MENOR VALOR.Consignaciones SIN QUE LO DEJES DE USAR.Financiación en cuotas FIJAS Y EN PESOS (LO ARMAMOS A TU MEDIDA)Gestoría integral del automotor.Broker de seguros#somosconfianza #brothersforlife,0,0,0
3341,83000.0,Vehículo sin detalles estéticos 4 cubiertas nuevas Tomamos menor o mayor valor Financiamos,0,0,0
3355,12300.0,"Renault Duster Intens 1.6 2023 – Impecable, como 0km ****ADHERIDA A UN PLAN DE AHORRO****Solo 12.300 km. Dos viajes a la costa. Siempre guardada en cochera.Rotación de neumáticos hecha a los 10.000 km. Tiene garantía vigente hasta los 20.000 km.Adherida a plan de ahorro Renault: • 60 cuotas pagas sobre 120. • Restan 60 cuotas. • Cuota pura actual: $ 334,000 • Cuota final con seguro aprox (mayo 2024): $500.000Antes de entregarla, la llevo a hacer lavado completo de interior, para que el nuevo dueño se lleve prácticamente un 0km.Escucho ofertas.Acepto permuta por Peugeot 308 (2017/2018) más diferencia a mi favor.Preferencia por versiones Allure o Sport. No más de USD 13.000 / 14.000 de valor total.",0,0,0
3358,48000.0,"Impecable, sin detalles de ningún tipo. Todos los service oficiales de Toyota",0,0,0
3375,105000.0,Único dueño. Sin detalles. 7 asientos.Sin partes repintadas.,0,0,0
3389,138576.0,"Cambiá tu auto o comprá uno semi nuevo en Kavak, compañía N°1 en venta online de autos usados en Latinoamérica. Contamos con distintos planes de financiamiento para adaptarse a tus necesidades, también podés dejar tu auto como parte de pago. Solo vendemos autos 2010 en adelante, con menos de 100.000 km, que nunca tuvieron daños estructurales ni GNC.------------------------------------------------------------->> Jeep Renegade 1.8 SPORT << 404621*BENEFICIOS KAVAK:Al comprar tu Auto Kavak contás con un PERÍODO DE PRUEBA DE 7 DÍAS o 300 KM. Si no te encantó, te devolvemos el 100% de tu dinero (incluida la transferencia)*INSPECCIÓN Y COBERTURA MECÁNICA: En Kavak, la calidad es lo más importante. Nuestros autos son mucho más que autos usados, son autos semi-nuevos reacondicionados que están revisados en 240 puntos por nuestro equipo de expertos, tienen todos los servicios al día, kilometraje real y cobertura mecánica Kavak de 3 meses con posibilidad de extensión a 1 año.*CONTRATÁ KAVAK TOTAL: Con Kavak Total tenés 9 meses adicionales de cobertura con tope según marca/modelo del auto en arreglos, en motor, transmisión, tracción delantera y trasera, batería, embrague y correa o cadena de distribución. Cuidar tu auto puede ser tan fácil como manejarlo.PRÓXIMOS PASOS:Consúltanos para agendar una visita y/o reservar tu auto de interés.*MÉTODOS DE PAGO:- FINANCIAMOS TU COMPRA: Podés acceder al auto de tus sueños con nuestro plan de financiamiento hecho a tu medida. Financialo en hasta 60 cuotas fijas.- DEJÁ TU AUTO COMO PARTE DE PAGO: Cambiá tu auto por uno Kavak.- AL CONTADO: Pagá vía transferencia bancaria o deposito. Podés pagar en pesos o en dólares.Para mayor información visitá nuestro sitio.*Ver términos y condiciones en Compra y Venta de Autos Usados en Argentina con Garantia",0,0,0
3395,70000.0,"Bienvenidos a Pointcars, tu concesionaria de confianza.Disponemos de un amplio stock de vehículos, tanto nuevos como usados, de todas las marcas, listos para que encuentres el que mejor se adapte a tus necesidades.Te brindamos la posibilidad de vendernos tu auto y acceder a una financiación de hasta el 80% del valor, para que estrenes el vehículo que querés con total facilidad.Cada uno de nuestros autos pasa por un riguroso proceso de revisión mecánica, limpieza interior y embellecimiento exterior, garantizando calidad y seguridad en cada entrega.Mientras nuestro equipo administrativo gestiona la documentación, nos ocupamos de cada detalle para que tu compra sea rápida, transparente y sin complicaciones.¡Te esperamos en Pointcars, el lugar de tu auto!",0,0,0
3402,36000.0,"Aire acondicionado, Dirección asistida, Cierre centralizado, Vidrios eléctricos, Volante regulable, Computadora de abordo, Control de velocidad crucero, Espejos eléctricos, Espejo central antideslumbrante, Faros antiniebla, Caja automática, Camara de estacionamiento trasera, Sensor de luz, Llantas de Aleación, Alarma, Frenos ABS, Airbags, Control de tracción, Control de estabilidad (ESP), Traba para niños, Anclaje de asientos infantiles (Isofix), Asistente de arranque en pendientes, Entrada USB / Auxiliar, Bluetooth, Comandos en el volante / satelital, Sistema de sonido de alto rendimiento, GPSÚnica mano, 3 services oficiales realizados. Listo para transferir (grabado y verificación de autopartes realizado) Detalle en plástico delantero y burlete de puerta (Consultar)",1,0,0
3421,98000.0,"¡Excelente oportunidad para adquirir tu vehículo usado! Ofrecemos una amplia selección de autos en perfecto estado, revisados y listos para rodar. Por favor, ten en cuenta que el precio publicado **NO INCLUYE**gastos administrativos ni el costo de la transferencia.El costo final de esta unidad es de $25.380.000Somos una empresa japonesa con más de 20 años de experiencia en el mercado, comprometidos con ofrecer el mejor servicio en la zona. Te esperamos en nuestro horario de atención: de lunes a viernes de 8 a 18 hs y los sábados de 10 a 17 hs.¡No dudes en consultarnos para más detalles!",0,0,0
3442,150000.0,"El precio publicado corresponde a anticipo para financiar el resto12 $1.210.00024 $840.00036 $726.000Valores aproximados según perfil crediticio, previo aprobación.Peugeot 2008 1.6 AllureMotor 1.6Transmision manual.Volante multifuncion.Alzacristales y retrovisores electricos.Veni a conocerlo y manejarlo!Todos nuestros autos pasan por una inspección al máximo detalle. Dándote la tranquilidad que necesitas.Con California Cars» Comprá o vendé tu auto de manera fácil, rápida y de forma segura.» Autos libres de multas, sin riesgo de fraude» Opciones de financiación con la mejor tasa en CUOTAS FIJAS EN PESOS de los bancos más importantes de Argentina.» Veni a probarlo en nuestro exclusivo circuito privado.¡Hacé click en Preguntar o Whatsapp para tener asesoramiento detallado!Horarios de atención:Lunes a Sábados de 09hs a 18hs.Domingos cerrado.Parque industrial Polo HudsonAutopista Buenos Aires - La Plata, Km 30",0,0,0
3472,250000.0,"""¡Bienvenidos a GUERRERO AUTOMOTORES! , nuestro compromiso por brindarte la mejor experiencia al comprar un auto, te ofrecemos una serie de ventajas que marcan la diferencia.Te ayudaremos a encontrar el plan que mejor se adapte a tus necesidades y presupuesto, para que puedas llevar a casa tu auto ideal sin complicaciones financieras.Aceptamos Autos en Forma de Pago: ¿Tienes un vehículo que deseas cambiar? Estamos encantados de aceptar autos usados como parte de pago. Obtén el mejor valor por tu vehículo actual y úsalo como un valioso crédito hacia tu nuevo automóvil.En nuestro concesionario, no solo vendemos autos, sino que brindamos una experiencia completa de compra. Venta y descubre la calidad, la confianza y la atención personalizada que ofrecemos. Tu satisfacción es nuestra prioridad número uno.Ubicados en el centro de moreno, mas de 40 años junto a nuestros clientes-.FINANCIAMOS CON DNI, HASTA EL 60% TASAFIJA EN PESOS CON TASA INTERES ANUAL DEL 35% AL 65%TOMAMOS PERMUTAS, ¡HACE TU CONSULTA AHORA!",0,0,0
3474,98000.0,"Chevrolet Tracker 1.8 LTZ AWD+ ATLa camioneta no tiene deterioro en el interior ni detalles. Sin deuda de patentes, lista para transferir. Digna de ver! EQUIPAMIENTOAirbag FrontalAirbags laterales y de cortinaABS con EBDAlarma antirobosApoyacabezas regulable en alturaApoyacabezas traseros en las tres plazasAviso de cinturón de seguridadAviso de luces encendidasAviso de puertas abiertasSistema ISOFIXBarras de protección lateralColumna de dirección colapsableCinturones delanteros y traseros de 3 puntosControl de estabilidad y tracciónSistema de ascenso en pendientesFaros antinieblas delanteros y traserosRegulación interna de altura de farosAire AcondicionadoComputadora de abordoControl de velocidad CruceroSensor de estacionamiento traseroCámara de visión traseraTecho solar eléctricoEncendido automático de lucesCierre centralizado de puertas c/comando a distanciaAlzacristales eléctricos del y trasButaca conductor con regulable altura y lumbarColumna de dirección regulable en altura y profundidadAsiento trasero abatibleToma auxiliarEspejos exteriores eléctricos calefaccionadosEspejo interno con oscurecimiento automáticoRadio con CD, MP3, Aux, USB y BluetoothTecnología MyLink pantalla táctilVolante multifunciónTapizados en cueroEtc.",0,0,0
3497,135000.0,"Estado impecable, todos los services y recambios de repuestos fueron realizados en services oficial de VW (guardo comprobante de cada reparacion o services). + 4 CUBIERTAS NUEVAS (menos de 3000 km) , marca Michelin Primacy 3.+ PLOTEO para proteccion de pintura, realizado desde que se saco de fabrica, renovado el ploteo hace 3 meses, con color Gris Nardo (es un gris discreto, pero impactante, que evoca la idea de lujo silencioso, utilizado en autos de alta gama en 2024/5).+ Se cambio el volante del motor (us$ 3500), repuesto que normalmente hay que cambiar a los 130.000 km en todos los motores Audi y VW.+ Bateria, frenos, amortiguadores, parrillas y bujes nuevos.+ ITV, seguro, impuestos al dia.+ UNICO DUEÑO.+ NUNCA UN CHOQUE o Toque.El precio es innegociable. Puedo aceptar permuta hasta el 40% del valor de mi vehículo.Realmente digna de entregar a un conocido.",0,0,0
3506,73000.0,BMW X1 25I XDRIVEUNICA MANOSERVICE OFICIALESCAJA AUTOMATICAASIENTOS DE CUEROTECHO ELECTRICOBOTON DE ARRANQUECLIMATIZADORNAVEGADORCAMARASENSORES DE ESTACIONAMIENTOVEHÍCULO EN EXCELENTE ESTADO	DOCUMENTACION AL DÍA	LISTO PARA TRANSFERIR		AÑO 2017	SOLO 73.000 KILÓMETROS		VENTA PARTICULAR	PODRIA ACEPTAR PERMUTA!!!		ACEPTO DÓLARES Y PESOS.	SE PUEDE VER EN BELGRANO. CABA	TEL: 47821144,0,0,0
3532,220000.0,"VTV vigente, realizada en Febrero. Solo detalles esteticos",1,0,0
3557,60215.0,"VENDO RENAULT CAPTUR INTENS 2.0 2018, SEGUNDO DUEÑO, CUBIERTAS AL 50%, BUEN ESTADO GENERAL. INTERIOR Y EXTERIOR IMPECABLE. VTV VIGENTE HASTA 31/10/2025. EXCELENTE ESTADO. LISTO PARA TRANSFERIR Y USAR.ACEPTAMOS PESOS, DÓLARES, EUROS, REALES Y CRIPTOMONEDAS A COTIZACIÓN JUSTA REAL DE MERCADO. ACEPTAMOS PERMUTAS DE MAYOR O MENOR VALOR Y TAMBIÉN FINANCIAMOS EN DÓLARES, Y EN PESOS MEDIANTE LOS PRINCIPALES BANCOS DEL PAIS.EL AUTOMÓVIL CUENTA CON DUPLICADO DE LLAVE, MANUALES, CRIQUE, LLAVE DE RUEDA, BALIZAS, MATAFUEGOS Y AUXILIO ORIGINAL, TAL COMO SALIÓ DE FÁBRICA EN 2018.—————ACERCA DE LA COMPRA Y LA TRANSFERENCIA DEL VEHÍCULO———EL COSTO DE LA TRANSFERENCIA DE TITULARIDAD DE ESTE VEHÍCULO ES DE $1.173.628. ESTE IMPORTE INCLUYE FIRMAS Y LEGALIZACIÓN EN ESCRIBANÍA, Y CUALQUIER OTRO TRÁMITE REGISTRAL QUE SEA NECESARIO. EL IMPORTE MENCIONADO ES FINAL Y NO HAY NINGÚN OTRO GASTO NI COSTO OCULTO.EL PROCEDIMIENTO DE COMPRA ES EL SIGUIENTE:1) USTED COORDINA UNA CITA Y SE ACERCA A VER Y PROBAR EL AUTOMÓVIL, Y SI LE GUSTA, PUEDE RESERVARLO EN EL MOMENTO CON $400.000.2) LUEGO, USTED TENDRÁ 7 DÍAS CORRIDOS PARA ACERCARSE A ABONAR EL VALOR DEL VEHÍCULO Y EL COSTO DE LA TRANSFERENCIA Y FIRMAR EN ESCRIBANÍA LA DOCUMENTACIÓN NECESARIA. ESE MISMO DÍA YA PODRÁ RETIRAR EN EL ACTO LA UNIDAD. NUESTRO PRODUCTOR LE PUEDE GENERAR UN SEGURO DEL AUTOMÓVIL, O BIEN PUEDE TRAER EL SUYO.3) AL CABO DE 7 DÍAS, NUESTRO EQUIPO DE GESTORES SE CONTACTARÁ CON USTED PARA HACERLE LLEGAR LA DOCUMENTACIÓN PERTINENTE.——ACERCA DE QUALIS CARS - AUTOS DE CALIDAD - CONCESIONARIA OFICIAL MULTIMARCA——LA CONCESIONARIA FUE FUNDADA EN 1973 Y HA FUNCIONADO SIN INTERRUPCIÓN DESDE ESE ENTONCES POR MAS DE 5 DÉCADAS. LOS CIMIENTOS FUNDAMENTALES FUERON SIEMPRE LOS MISMOS:1) SOLO VEHÍCULOS DE CALIDAD VERIFICADOS, HASTA 10 AÑOS DE ANTIGÜEDAD E IDEALMENTE CON MENOS DE 100.000 KM. HACEMOS EXCEPCIONES, SOLO SI VALE LA PENA EL VEHÍCULO. NO COMPRAMOS NI VENDEMOS PROBLEMAS.2) TRANSPARENCIA Y VELOCIDAD EN EL TRÁMITE DE TRANSFERENCIA. SABEMOS LO IMPORTANTE QUE ES TENER LOS PAPELES EN REGLA, Y NOS OCUPAMOS DE QUE ASÍ SEA.SI USTED COMPRA CON NOSOTROS, POR FAVOR NO SE SORPRENDA SI RECIBE VARIAS ENCUESTAS TELEFÓNICAS DE NUESTRO EQUIPO DE AUDITORES A LO LARGO DEL PROCESO DE COMPRA. BUSCAMOS ASEGURARNOS LA MISMA EXPERIENCIA PARA CADA CLIENTE Y SOBRE TODO, QUE USTED QUEDE SATISFECHO Y VUELVA.LA CONCESIONARIA SE ENCUENTRA EN ALMAGRO (CAPITAL FEDERAL, ARGENTINA) EN UN PREDIO DE 5.000M2 DONDE SE EXHIBEN ALREDEDOR DE 200 VEHÍCULOS ENTRE 0KM, IMPORTADOS, CLÁSICOS Y UTILITARIOS. EN EL PREDIO FUNCIONAN ADEMÁS TALLERES DE: POSVENTA Y MECÁNICA LIGERA, DETAILING Y CARROCERIA Y PINTURA .(POR FAVOR, PEDIR LA DIRECCION EXACTA, POR POLITICA DE MERCADOLIBRE NO PODEMOS ANUNCIARLA AQUI).",0,0,0
3560,80000.0,Sin detallesService oficiales todos Segundo dueñoUso particularImpecablePapeles al día Lista para transferirTomo permuta de mi interés,0,0,0
3562,224500.0,PRECIO Total $9.400.000Contado o aceptaría menor valorMás diferencia de contado.NO MOTOS NI FINANCIO NADACotizada x seguro en $15.000.000224.800 kilometros de fabricaMecanica muy buenaSe le realizó Stage 1 29/04Para mejorar el rendimiento y bajar el consumocaja automatica exelentePapeles al dia lista para transferirSolo hay que solicitar turno.Entrega inmediata !!!Original muy buen estado general solo detalles a la vista estéticos x los años que tiene la camioneta. Funciona todo su equipamiento,1,0,0
3587,69000.0,"Hyundai Santa Fe 2.4 AWD at 7as 2017 con 68.000kms. La unidad es primera mano y tiene sus services oficiales. Polarizado antivandalico de auto seguro. Se aceptan permutas<< Somos una empresa familiar la cual tiene como principal objetivo brindar una experiencia de compra y venta distinguida. Todo nuestro equipo trabaja para que cada cliente tenga la mayor comodidad y tranquilidad posible durante todo el proceso comprando unidades de primera. >> << Al momento de tener un nuevo ingreso, nos ocupamos de llevar a cabo las revisiones que sean correspondientes y de que nuestro sector de gestoría se encargue de preparar la documentación para que la transferencia sea inmediata. Para la tranquilidad del cliente, se pude escanear y revisar ante cualquier especialista nuestras unidades. >><< Si bien damos la opción de presentar el tramite de traspaso de dominio de manera particular con el fin de evitarse gastos extra, nuestro equipo de gestores y grupo asegurador, se encuentran a entera disposición para lograr una compra rápida y totalmente prolija. >><< Los invitamos a leer nuestras reviews en Google y los esperamos en nuestro salon de ventas ubicado en La Lucila sobre Av Libertador ! >>  Grupo Scotti —> Sucursal Gt Automotores",0,0,0
3592,107000.0,"KIA SOUL EX 1.6 ATAño 2016Km 107.000•Vtv vigente•Grabado de autopartes•Comando al volante•Control crucero•Levanta vidrios electricos•Espejos electricos•Cubiertas en excelente estado•Camara retrocesoEXPERIENCIA MERAK- Podes abonar el vehículo mediante transferencia bancaria, efectivo, USS. -- Para tu tranquilidad, podes venir con tu mecánico de confianza a ver el auto, escanearlo y que puedas salir a probarlo.- No aumentamos el valor del vehículo en permuta, manejamos precios reales tanto para nosotros como para el cliente.- En el mismo momento que abonas, retiras el vehículo y nuestra gestoría se encarga de tomar la firma en el 08 para poder realizar todos los tramites.- Todos nuestros vehículos se entregan con permiso de circulación o cedula vigente para la tranquilidad del cliente. Es primordial para nosotros que el auto se vaya transferido en el menor tiempo posible. A diferencia de otros concesionarios, esto lo podemos llevar a cabo gracias a que contamos con gestoría propia, con mandatarios matriculados cubriendo todas las zonas.¿TOMAMOS VEHICULOS EN PARTE DE PAGO?- -Si tomamos, y es nuestra prioridad que quieras dejarlo en nuestras manos.- Podes enviarnos fotos, detalles, kilómetros y nuestro equipo de ventas se encarga de cotizarlo en el momento.- Te damos la posibilidad de encargarnos y gestionar toda la documentación necesaria para entregar tu vehículo y que no tengas que moverte de tu casa, sin ningún tipo de honorarios, solamente abonando los aranceles correspondientes.- En ningún momento te quedas sin vehículo, llave contra llave.FINANCIACIÓN- Trabajamos con financieras directas, contamos con las mejores tasas. Cuotas fijas y en pesos.- Podes pedir vía WhatsApp la cotización del crédito a tu medida.- Financiamos hasta el 40% de la unidad.- Hacemos revisión de veras en el ACTO.- Señas el vehículo, la financiera se contacta con vos en el transcurso de 24hs, se arma el crédito y en 72hs estas firmando toda la documentación y retirando el vehículo en el concesionario.SEGURO- Podemos cotizarte el seguro con nuestra productora sin ningún tipo de compromiso, le brindamos a nuestros clientes el precio más bajo del mercado de las compañías más prestigiosas. Si te interesa nuestro presupuesto nos encargamos de gestionar todo para que no tengas que preocuparte y salir cubierto del concesionario. No tiene ningún tipo de honorarios ni adicional, buscamos brindarles todos los servicios en un mismo lugar.¿QUIENES SOMOS?- Somos un equipo joven que viene de una familia ligada al rubro automotor de toda la vida, decidimos dar el paso de abrir un concesionario con un concepto diferente al tradicional. Nuestro principal objetivo es que nuestros clientes se sientan cómodos desde el primer contacto con nosotros, que puedan sacarse todas las dudas sin ningún compromiso, brindarles todas nuestras herramientas para que encuentren el auto que buscan, que no tengan ninguna preocupación más que disfrutar el proceso. ¡Nos encantaría que nos conozcas y que puedas vivir la experiencia con nosotros!""",0,0,0
3595,56000.0,"Se trata de la versión Q8TFSI 55 motor 3.0 con tan solo 56,000km , impecable sin detalles todo original de fábrica . Servicios oficiales . Documentación al día listo para transferir. Precio publicado contado. Precio permuta Usd 124.000",0,0,0
3608,211000.0,"Kia Sportage tope de gama, muy buen estado. Súper cómoda, automática, cuero. VTV al día!El aire no funciona, dejo de funcionar de repente, es a reparar. Por eso está mas barata que el resto.La podes ver en Castelar",0,1,0
3616,36000.0,"NISSAN KICKS EXCLUSIVE 2021 (LINEA NUEVA)UNICO DUEÑO / 36.000KM / PERMUTO/////// Comprá seguro, sin problemas y de manera simple \\\\\\\Somos AltaGamaAutos, tenemos locales físicos a la calle desde el año 2008. ¡NO VENDEMOS PROBLEMAS! Podes ver nuestra reputación en google maps. Todos nuestros vehículos están inspeccionados y certificados.* Nos ocupamos de todos los tramites, contamos con gestoría propia* Aceptamos permutasEstamos en Mar del Plata, sobre avenida colon a 15 cuadras de av. Champagnat para el lado de la costa.* El precio es el publicado",0,0,0
3618,106000.0,"Chevrolet Tracker – Único dueño – Excelente estadoVendo Chevrolet Tracker en impecable estado. Único dueño, con solo 106.000 km reales. Uso particular y muy bien cuidada, todos los servicios realizados en tiempo y forma.Características principales:	•	Motor en excelente condición	•	Interior limpio y sin detalles	•	Carrocería sin choques ni rayones	•	Aire acondicionado, dirección asistida, levantavidrios eléctricos	•	Neumáticos en buen estado	•	Documentación al día, lista para transferir",0,0,0
3624,80000.0,"BETA AUTOMOTORESConcesionario Oficial Chevrolet Líder en ventas y calidad de atención, la opinión de nuestros clientes y 27 años en la marca, nos avala. ***Solo vendemos usados seleccionados***¡SUPER OPORTUNIDAD POR PRECIO Y ESTADO!                        **NOVEDADES DE FEBRERO***¡¡¡NUEVA FINANCIACION EXCLUSIVA PARA USADOS, CON UNA TASA FIJA ANUAL!!! SI, FIJA  ANUAL (LE GANAS AMPLIAMENTE A LA INFLACIÓN). Y EXCLUSIVA, PORQUE SOLO NOSOTROS TE LA PODEMOS OFRECER, YA QUE ES DE CHEVROLET GPAT PARA LOS VEHICULOS USADOS DE TODAS LAS MARCAS QUE OFRECEMOS.¡SOLO POR CUPOS LIMITADOS, CONSULTA AHORA!EL VEHICULO-Se encuentra en inmejorable estado ya que está muy cuidado, y posee todos los service al día. Cada vehículo que entra y sale a la venta en nuestro concesionario, pasa por un exhaustivo chequeo realizado por nuestros técnicos, luego se selecciona y se exhibe.-Posee vtv al día, grabado de autopartes, informes de dominio y de infracciones, verificación policial, manuales, 2da llave, etc.LA DOCUMENTACIONNuestra área administrativa se encarga de que la documentación este al día, completa y lista, para que puedas hacer el trámite de transferencia de manera inmediata, y sin necesitar intermediarios. Además te acompañan y asesoran en el proceso de solicitud de tramites. FORMAS DE PAGO-Permutamos por tu vehículo usado. ¡Cotiza en línea, ahora! -Recibimos dólares y los pagamos al mejor precio de mercado, para una compra mas segura, sin que tengas que buscar lugar, y cambiarlos vos.-CREDITOS CHEVROLET GPAT (para usados multimarca)Financiamos a tasa 0% ajustable, y fija solo con DNI, sin comprobar ingresos. Aprobación inmediata. ¡Consúltanos en línea ahora, con tu DNI!",0,0,0
3627,117000.0,"BETA AUTOMOTORESConcesionario Oficial Chevrolet Líder en ventas y calidad de atención, la opinión de nuestros clientes y 27 años en la marca, nos avala. ***Solo vendemos usados seleccionados***¡SUPER OPORTUNIDAD POR PRECIO Y ESTADO!                       ¡¡¡NUEVA FINANCIACION EXCLUSIVA PARA USADOS, CON UNA TASA FIJA DEL 29% ANUAL!!! SI, FIJA Y DESDE EL 29% ANUAL (LE GANAS AMPLIAMENTE A LA INFLACIÓN). Y EXCLUSIVA, PORQUE SOLO NOSOTROS TE LA PODEMOS OFRECER, YA QUE ES DE CHEVROLET GPAT PARA LOS VEHICULOS USADOS DE TODAS LAS MARCAS QUE OFRECEMOS.¡SOLO POR CUPOS LIMITADOS, CONSULTA AHORA!EL VEHICULO-Se encuentra en inmejorable estado ya que está muy cuidado, y posee todos los service al día. Cada vehículo que entra y sale a la venta en nuestro concesionario, pasa por un exhaustivo chequeo realizado por nuestros técnicos, luego se selecciona y se exhibe.-Posee vtv al día, grabado de autopartes, informes de dominio y de infracciones, verificación policial, manuales, 2da llave, etc.LA DOCUMENTACIONNuestra área administrativa se encarga de que la documentación este al día, completa y lista, para que puedas hacer el trámite de transferencia de manera inmediata, y sin necesitar intermediarios. Además te acompañan y asesoran en el proceso de solicitud de tramites. FORMAS DE PAGO-Permutamos por tu vehículo usado. ¡Cotiza en línea, ahora! -Recibimos dólares y los pagamos al mejor precio de mercado, para una compra mas segura, sin que tengas que buscar lugar, y cambiarlos vos.-CREDITOS CHEVROLET GPAT (para usados multimarca)Financiamos a tasa 0% ajustable, y fija solo con DNI, sin comprobar ingresos. Aprobación inmediata. ¡Consúltanos en línea ahora, con tu DNI!",0,0,0
3634,107000.0,SUPER CUIDADA - 107.000 KM REALES - SIN DETALLES - ASPEN MOTORS CONCESIONARIO OFICIAL FORD EN PILAR,0,0,0
3643,65000.0,unico dueño. TODOS LOS SERVICES REALIZADO EN CONSECIONARIA OFICIALEsta impecablenunca tuvo ningun problemasuper conformesolo la cambio porque compro una nuevagracias,0,0,0
3654,60000.0,"DETALLES DE LA UNIDADFord Eco Sport Eco Sport 1.5 S L18 2017 60000¿CÓMO PODES PAGAR? :· Créditos BANCOR SANTANDER RIO Y SUPERVIELLE,  tasa fija y/o uva. · Créditos sumando ingresos familiares.. Créditos para emprendedores MONOTRIBUTISTAS Y PYME.· Tarjetas de crédito· Mercado Pago· Permutas (recibimos tu usado sistema llave por llave). Recibimos CRIPTOMONEDAS.Financiación sólo con DNIEJEMPLOS DE FORMA DE PAGO ( estos valores son solo ejemplificativos y aproximados a la realidad que surgen de una entrega y saldo en cuotas por cada cliente ).FIANCIANDO:$5.000.000 -     36 CTAS UVA DE $200.000 Y FIJA DE $320.000.48 CTAS UVA DE $170.000 Y FIJA DE $295.000$10.000.000 -   36 CTAS UVA  DE 400.000 Y FIJA DE .$641.00048 CTAS UVA DE $339.000 Y FIJAS DE $591.000$20.000.000 -   36 CTAS UVA  DE $815.000 Y FIJA DE 1.280.000                        48 CTAS UVA DE $679.000 Y FIJAS DE $1.180.000                         60 CTAS UVAS $ 600.000                         72 CTAS UVAS $ 550.000Podes calcular cuanto te falta para llegar a tu nuevo AUTO  y tener referencia de la cuota que podes pagar, se puede financiar en menos cuotas o mas dependiendo la unidad y el cliente.Preguntas frecuentes de los clientes: SIEMPRE TE PREGUNTAS POR LA GARANTÍA?Nuestros vehículos pasan por UN control detallado del funcionamiento enfocandonos en la parte de motor, caja de cambio y todo lo relacionado con seguridad como frenos, iluminación, cubiertas, tren delantero y trasero. A si mismo las garantias legales siempre dependen del modelo, km, años de antigüedad y uso del vehículo. Consultar siempre las politicas de garantia su funcionamiento y como proceder,  asesorate previamente, compra seguro e informado. ¿Los vehículos cero kilometros cuentan con garantía de fábrica?Si, entre 3 y 5 años dependiendo del convenio de cada marca, siempre y cuando estén los service del concesionario oficial al día.¿Puedo financiar al 100%?Nosotros ofrecemos esta financiación gracias a nuestros convenios BANCARIOS (el monto que te podemos financiar depende de la situación financiera de cada cliente). Pero si no calificas para el sistema Bancario, te ofrecemos acceder mediante una financiera solo hasta el 50% del valor del auto.Si sos monotributista tambien podes calificar nosotros realizamos la consulta por vos.19500000(ESTA OFERTA NO GENERA COMPROMISO DE VENTA, YA QUE EL PRECIO PUEDE MODIFICARSE SIN PREVIO AVISO, precio publicado contiene un descuento especial por pago de contado efectivo, consulte precio por otras formas de pago) HORARIOS DE ATENCIÓN:· Lunes a viernes - 9 a 18:30 hs.· Sábado - 9:30 a 13:30 hs.· Feriados (consultar)",0,0,0
3673,84000.0,"Vendo Jeep Renegade 2021, versión Sport, con solo 84,000 km recorridos. Un vehículo ideal para quienes buscan comodidad, estilo y rendimiento en una SUV compacta. Está en excelentes condiciones y listo para su próximo dueño. ¡No dudes en contactarme para más detalles o para agendar una prueba de manejo!",0,0,0
3698,298000.0,"Muy buen estado y cuidada.La tengo hace 17 años.Lo mejor que tiene es el diferencial DANA 44 atrás, irrompible.Bloqueos diferencial neumático, trasero y delantero, se puede conectar y desacoplar cuando sea necesario desde el interior de la cabina.Cubiertas nuevas BFGoodrich KM3  31x10,5x15.Rock Slider.Paragolpe delantero con bandeja para malacate Rinho y ojales para grilletes.Malacate 9500Lbs.Paragolpe trasero a medida resistente para colocar gato hilift.Parrilla/portaequipaje techo para cargar elementos de rescate como pala, gato hilift, bidones, leña, carpa, etc.Soporte auxilio techo original Jeep.Funciona todo.",0,0,0
3717,414000.0,"Toyota 4runner. 1999. TD 3.0. Japonesa.412.000 km (reales). La compré con 305.000 km.Soy tercer dueño. Sin multas.4 cubiertas nuevas! Hankook at xtreme 265/75/16! (DOT 2024). Balanceos y alineacion (5/25). En breve subo fotos. Muy buen andar! Paso detalle de todo lo que se hizo (tengo un cuaderno con los comprobantes y facturas de toyota y los kilometrajes):- Cambio de correas y tensores (kit original) a los 305.000 km.- Filtros originales y cambio de aceite (valvoline 15w40) cada 10.000 km. Control de engrases, aceite de caja y reductora.- Amortiguadores japoneses toyota nuevos (10/2022 - 370.000 km)- Cremallera reparada en garantía (12/2024).- tapa de cilindro nueva, radiador nuevo, bomba de agua nueva, inyectores y bomba de aceite revisados. Juntas originales (a los 340.000 km - 11/2020)- rectificacion y subconjunto japonés (340.000 km - 11/2020)- embrague original rectificado.- Bujes de parrillas nuevos (originales).- rotulas inferiores originales (370.000 km)- Pastillas y discos de frenos.- Se reviso y cambio el nucleo del turbo.- No ventea ni humea.- no consume aceite en exceso.- Bomba de embrague nueva (toyota).- polea viscosa nueva- termostato nuevo (original)- mangueras turbo nuevas (originales)Accesorios:- bumper con malacate warm 9000 (tengo el cubre bajos original también). Pasa la VTV todos los años.- bloqueo de diferencial ARB y compresor de aire incorporado (nuevo cuesta poco más de U$S 2000).- rocksliders- Snorkel conectado- barra y luces Led- base radio VHF funcionando (Yaesu)- Asientos de cuerina gris.- Protector de motor VIGIA.- estereo y parlantes pionner.- alarma.4×4 alta y baja funcionando correctamente.- 4 cubiertas nuevas. Hankook at xtreme 265/75/16 (DOT 2024). Balanceo y alineación. Tremendo andar con esas patas.Que hay que hacerle?- Techo solar no corre (funciona motor, pero no desliza, probablemente por acumulacion de mugre en las guias). - No tiene la manta insonorizadora original de motor. De cualquier manera, el motor no es para nada ruidoso. - reparar detalles de uso del tapizado Como esta de pintura?- Sin choques- Detalles propios del uso (rayones de ramas y arbustos qué necesitarían unas sesiones de estética).Como funciona?Muy bien. Muy cómoda. La suspensión es excelente (espirales traseros). La uso diariamente y viajo a la costa. Nunca más de 120 km/h. Poco uso off road. Me gusta pescar y solo la uso en la playa. Solo una travesía en medano blanco en su haber (se comportó como todos se imaginan).Por que la vendo?Quiero subir unos modelos (siempre toyota).A quien se la recomiendo?A quien quiera tener un segundo vehículo para potrear o para uso cotidiano (como ha la utilizo)Contesto dudas e inquietudes. Si no sé la respuesta, le pregunto a mi mecánico.Precio: U$S 15.000",1,0,0
3736,180000.0,"Renault duster 2012180mil km realesÚnica dueña4 cubiertas nuevas 0km colocadas la semana pasadaDistribución realizada a los 175.000kmService realizado a los 180.000kmPintura de fabrica en su totalidad, detalles en los paragolpes del uso.Evaluo permuta menor valor.",1,0,0
3769,88000.0,"EXCELENTE ESTADO, SERVICE AL DIA, LISTA PARA ENTREGAR, CUBIERTAS MUY BUEN ESTADO, SIN GOLPES, SIN ACCIDENTES-------- GIUMATI AUTOMOTORES --------Te ofrecemos la VERDADERA POSIBILIDAD para que te lleves aquel auto que quieras o mejor incluso! Con +15 años de trayectoria y +5000 ventas a nivel nacional, Trae tu auto para ser cotizado al mejo precio del mercado. TE FALTA UN SALDO? no te hagas problema, financiamos el faltante como te guste. Giumati ofrece un servicio de postventa/garantía con mucha dedicación.º FINANCIACION PERSONALIZADA* ENTREGA INMEDIATA* GESTORIA EN EL 100% DEL TRAMITE",0,0,0
3778,192000.0,OPORTUNIDAD LÍQUIDO YAAAABMW X3 DIESEL 3.0 EXECUTIVENEGRA LA MÁS FULL 4x4 SIN GOLPES NI CHOQUES CAJA AUTOMÁTICA DOBLE TECHO SOLAR AUTOMÁTICOTAPIZADO DE CUERO IMPECABLE LLANTAS BATERÍA NUEVA 25/9/2024BOMBA ELÉCTRICA NUEVA 25/9/2024LIMPIEZA DE INYECTORES 25/9/2024SERVICE BOMBA INYECTORA 25/9/2024BURRO DE ARRANQUÉ HECHO A NUEVOCORREA POLIVALENTE NUEVA CAMBIO DE ACEITE Y FILTROS REALIZADOS EN JULIO 2024 A LOS 189600 KM 08 FIRMADOTÍTULOCÉDULA LISTA PARA VIAJARESCUCHO OFERTA CON EFVO EN MANO EVALUÓ PERMUTA —- NO MOTO — DEBE ENTRE INFRACCIONES Y PATENTES $ 2800000DISFRUTARLA. YAAAAi,0,0,0
3782,97000.0,"""VEHICULO DISPONIBLE EN SUCURSAL NORCENTER COORDINAR CITA PREVIANISSAN KICKS 1.6 SENSEAño 2019Km 97.000•Grabado de autopartes•Vtv vigente•Comando al volante•Levanta vidrios eléctricos•Espejos eléctricos•Boton de arranque•Llave presencial•Interior como nuevoEXPERIENCIA MERAK- Podes abonar el vehículo mediante transferencia bancaria, efectivo, USS. -- Para tu tranquilidad, podes venir con tu mecánico de confianza a ver el auto, escanearlo y que puedas salir a probarlo.- No aumentamos el valor del vehículo en permuta, manejamos precios reales tanto para nosotros como para el cliente.- En el mismo momento que abonas, retiras el vehículo y nuestra gestoría se encarga de tomar la firma en el 08 para poder realizar todos los tramites.- Todos nuestros vehículos se entregan con permiso de circulación o cedula vigente para la tranquilidad del cliente. Es primordial para nosotros que el auto se vaya transferido en el menor tiempo posible. A diferencia de otros concesionarios, esto lo podemos llevar a cabo gracias a que contamos con gestoría propia, con mandatarios matriculados cubriendo todas las zonas.¿TOMAMOS VEHICULOS EN PARTE DE PAGO?- -Si tomamos, y es nuestra prioridad que quieras dejarlo en nuestras manos.- Podes enviarnos fotos, detalles, kilómetros y nuestro equipo de ventas se encarga de cotizarlo en el momento.- Te damos la posibilidad de encargarnos y gestionar toda la documentación necesaria para entregar tu vehículo y que no tengas que moverte de tu casa, sin ningún tipo de honorarios, solamente abonando los aranceles correspondientes.- En ningún momento te quedas sin vehículo, llave contra llave.FINANCIACIÓN- Trabajamos con financieras directas, contamos con las mejores tasas. Cuotas fijas y en pesos.- Podes pedir vía WhatsApp la cotización del crédito a tu medida.- Financiamos hasta el 40% de la unidad.- Hacemos revisión de veras en el ACTO.- Señas el vehículo, la financiera se contacta con vos en el transcurso de 24hs, se arma el crédito y en 72hs estas firmando toda la documentación y retirando el vehículo en el concesionario.SEGURO- Podemos cotizarte el seguro con nuestra productora sin ningún tipo de compromiso, le brindamos a nuestros clientes el precio más bajo del mercado de las compañías más prestigiosas. Si te interesa nuestro presupuesto nos encargamos de gestionar todo para que no tengas que preocuparte y salir cubierto del concesionario. No tiene ningún tipo de honorarios ni adicional, buscamos brindarles todos los servicios en un mismo lugar.¿QUIENES SOMOS?- Somos un equipo joven que viene de una familia ligada al rubro automotor de toda la vida, decidimos dar el paso de abrir un concesionario con un concepto diferente al tradicional. Nuestro principal objetivo es que nuestros clientes se sientan cómodos desde el primer contacto con nosotros, que puedan sacarse todas las dudas sin ningún compromiso, brindarles todas nuestras herramientas para que encuentren el auto que buscan, que no tengan ninguna preocupación más que disfrutar el proceso. ¡Nos encantaría que nos conozcas y que puedas vivir la experiencia con nosotros!""",0,0,0
3822,75000.0,Jeep Compass Limited plus 4x4 la más full. Llantas de Aleación de 19 pulgadas. Gomas nuevas. Full equipo. Sistemas de seguridad full. Control crucero encendido a distancia. Alarma. Sin detalles. Caja automática de 9 marchas. Techo solar panorámico. Primera mano. 75000km. Excelente estado.,0,0,0
3826,60000.0,"Somos una empresa familiar con mas de 30 años de experiencia en el rubro dedicándonos a vehículos de todas las gamas en excelentes condiciones tanto estéticas como de papeles. Para la tranquilidad del cliente, brindamos la opción de poder escanear y revisar ante cualquier especialista nuestras unidades. Para facilitar el proceso de compra, aceptamos permutas de menor y mayor valor, tomamos dólares y contamos con servicio de gestoría y aseguradora. además, damos la posibilidad de que el cliente presente la transferencia de manera particular para ahorrarse gastos extra. En el caso de que estes interesado en vender tu usado, nosotros te lo compramos tratando de superar cualquier oferta de manera rápida y segura encargándonos de preparar toda la documentación. Para una mejor atención, combinar una cita. los esperamos!  Grupo Scotti —> Sucursal World’s car",0,0,0
3827,171000.0,"-Equipamiento:Boomper (antinieblas led).Malacate plasma con control remoto de 13.000 libras.Rockslider.Protectores: carter, caja y transfer.Electroventilador (extra).Refuerzo barra de direccion central.Ajustadores de extremo de suspension hd.Parrillas superiores de suspension (EE.UU).Barras de torsion hd.Cubos warm.Cubiertas 33 goodrich.Reforma tensor de correa (manual sin tensor automatico).Snorkel.Camara de retroceso.Medidor de presion de neumaticos.Velocidad crucero.Tanque de agua.Reductora Low Low.Relaciones diferenciales 4.9Bloqueo arb.Tapa de diferencial con mayor capacidad.Compresor arb grande con sistema de inflado.Manometro para salida de soplete y tanque de agua.Conversor 220v.Refuerzo oja elastico.Grilletes alargados.Segunda bateria con portafusilera de accesorios.Comunicarse al ""wasa"" 3416 686146",0,0,0
3848,127613.0,"Ford Ecosport 1.6 Se 110cv 4x2Año 2016127.204 kmPrecio Lista / Permuta $ 17.500.000-.Precio Contado Efectivo $ 16.500.000-.• GRIFF CARS | SUCURSAL ITUZAINGO | SUCURSAL CASTELAR •Mas de 20 años de experiencia en el mercado de vehículos• COORDINAR POR WHATSAPP DÍA Y HORARIO PARA VER EL VEHÍCULO •• TOMA DE USADOS A PRECIO DE MERCADO (COTIZAMOS ONLINE)• RESERVA CON CONFIANZA MERCADO LIBRE PROTEGE TU DINERO, ACEPTAMOS TODAS LAS TARJETAS DE DÉBITO Y CRÉDITO• RESPUESTA INMEDIATA A TUS INQUIETUDES POR WHASTAPP:Respondemos al instante mensajes y llamados. Programamos Videollamadas.• LOS VEHICULOS SON ENTREGADOS TRANSFERIDOSContamos con Administración y Gestoría Integral.• COORDINAR POR WHATSAPP DÍA Y HORARIO PARA VER EL VEHÍCULO •Contamos con;• Financiación del 50% / 60% con crédito bancario delbanco Santander cuotas fijas y en pesos",0,0,0
3852,61400.0,Patente al día VTV al día las 4 cubiertas nuevas continental original es la misma que trajo de fabrica interior y exterior sin detalles.,0,0,0
3857,88300.0,"¿Estás listo para darle un giro a tu conducción? Descubrí la excelencia de los vehículos de Autoctiy Usados. Ofrecemos una amplia gama de opciones de financiamiento diseñadas para adaptarse a tus necesidades individuales, además de la posibilidad de usar tu auto actual como parte de pago.Solo ofrecemos vehículos del 2010 en adelante, con menos de 130,000 kms recorridos y sin historial de daños estructurales.*BENEFICIOS CON AUTOCTIY USADOS:INSPECCIÓN Y GARANTÍA MECÁNICA (ISO9001): En Autoctiy Usados, la calidad es nuestra prioridad.  Nuestros vehículos pasan por una exhaustiva inspección de 240 puntos realizada por nuestro equipo de expertos. Además, cuentan con kilometraje verificado y una garantía mecánica de 3 meses.*PRÓXIMOS PASOS:Contáctanos para programar una visita o reservar el vehículo de tu interés.MÉTODOS DE PAGO:    • FINANCIACIÓN A MEDIDA: Accede al auto de tus sueños con nuestro plan de financiamiento personalizado, con opciones de hasta 60 cuotas fijas.    • DEJA TU AUTO COMO PARTE DE PAGO: Cambia tu vehículo actual por uno de Autoctiy Usados.    • PAGO AL CONTADO: Realiza tu pago mediante transferencia bancaria o depósito, en pesos o dólares.¡Viví tu experiencia Autocity!",0,0,0
3868,158000.0,"Duster 4x4 Tech Road 2.0 158.000 kmAño 2013 (noviembre), el modelo Tech Road salió mayoritariamente en 2014Excelente estado general con detalles del modelo. Pintura original, cubiertas en buen estado.Muy cuidada. Muy poco uso del 4x4.Vtv hasta marzo 2026.13.500 dólares o equivalente en pesos.Documentación completa, solo se entrega el vehículo transferido o iniciada la transferencia Dueño particular directo.Se puede evaluar permuta por mayor valor",0,0,0
3869,12000.0,C4 cactus 2022 Feel Pack 12 mil km Titular Único dueño Manuales Doble llave Nueva Sin detalles,0,0,0
3895,111000.0,"Dodge Journey 2.4 Sxt 170cv (techo, Dvd, Nav)Precio Lista / Permuta u$s 21500Precio Contado Efectivo u$s 19500+ Aceptamos Transferencia Bancaria en Pesos y Dólares ++ Contamos con cuenta Bancaria en Estados Unidos para recibir transferencias +Mas de 25 años de experiencia en el mercado de vehículos premium• COORDINAR DÍA Y HORARIO PARA VER EL VEHÍCULO •• TOMA DE USADOS A PRECIO DE MERCADO (COTIZAMOS ONLINE)• RESERVA CON CONFIANZA :MERCADO LIBRE PROTEGE TU DINERO, ACEPTAMOS TODAS LAS TARJETAS DE DÉBITO Y CRÉDITO• RESPUESTA INMEDIATA A TUS INQUIETUDES :Respondemos al instante mensajes y llamados. Programamos Videollamadas.• ATENCIÓN PERSONALIZADA• DOCUMENTACIÓN AL DÍA Y LISTA PARA TRANSFERIRContamos con Administración y Gestoría Integral.• COORDINAR DÍA Y HORARIO PARA VER EL VEHÍCULO •",0,0,0
3912,70000.0,"Nissan Kicks Sense CVTEs un Suv compacto que destaca por su diseño moderno, eficiencia de combustible y tecnología.Motor de 1.6 litros y 4 cilindros.Potencia de 120 caballos de fuerza.Transmisión CVT (Transmisión Variable Continua).Tecnología:Compatibilidad con Android Auto y Apple CarPlay.Pantalla táctil para el sistema de infoentretenimiento.Llave inteligente presencial (i-key) y botón de encendido (Push Start Button)Seguridad:6 AirbagsControl Dinámico del Vehículo (VDC)El Kicks Sense CVT se posiciona como una opción ideal para quienes buscan un vehículo urbano, ágil y eficiente.Veni a conocerlo y manejarlo!Todos nuestros autos pasan por una inspección al máximo detalle. Dándote la tranquilidad que necesitas.Con California Cars» Comprá o vendé tu auto de manera fácil, rápida y de forma segura.» Autos libres de multas, sin riesgo de fraude» Opciones de financiación con la mejor tasa en CUOTAS FIJAS EN PESOS de los bancos más importantes de Argentina.» Veni a probarlo en nuestro exclusivo circuito privado.¡Hacé click en Preguntar o Whatsapp para tener asesoramiento detallado!Horarios de atención:Lunes a Sábados de 09hs a 18hs.Domingos cerrado.Parque industrial Polo HudsonAutopista Buenos Aires - La Plata, Km 30",0,0,0
3942,40000.0,"NISSAN KICKS EXCLUSIVE BT CVT -VERSION TOPE DE GAMA C/ CUERO, ARRANQUE POR BOTÓN, FAROS CON BI XENON DE FABRICA Y CÁMARA 360ª -.MOTOR 1.6 CAJA AUTOMÁTICA CVT -.MODELO 2021 - ( TODOS LOS SERVICIOS OFICIALES ).( 40000 KM REALES Y COMPROBABLES ).- INMEJORABLE ESTADO, TOTALMENTE ORIGINAL... ÚNICO DUEÑO DE OKM, TODOS LOS SERVICIOS OFICIALES REALIZADOS EN CONCESIONARIO NISSAN. SIN DETALLES. IGUAL A OKM.- VIDRIOS POLARIZADOS.- TRATAMIENTO VIDRIO LIQUIDO EN LA PINTURA CON LOS MEJORES PRODUCTOS..PAPELES COMPLETAMENTE AL DÍA, POSEE: TODOS LOS MANUALES DE OKM, 2 LLAVES, ETC *- GRABADO DE AUTOPARTES REALIZADO.* IGUAL A OKM, DIGNA DE VER *- OFERTA CONTADO U$25.500 PERMUTO - FINANCIO. / VALOR EN PERMUTAS U$26.500-*** SE ADJUNTAN 25 FOTOS Y UN VÍDEO DE LA UNIDAD PARA QUE PUEDA VERLA EN DETALLE ***",0,0,0
3945,170000.0,"Buen estado general, sin golpes, funciona todo.Tiene instalado el chapón para protección de carter y motor para uso en terrenos difíciles.Está repintada y tiene algunos detalles de paneles desalineados.Cubiertas delanteras nuevas.Es un vehículo tremendo, con un andar en ruta como un auto y prestaciones de 4x4 excelentes.Consume 10L/100Km en ruta a 120Km/h con aire acondicionado, en ciudad 14L/100Km.",1,0,0
3963,74000.0,"Jeep Compass 2.4 Sport Mtxaño 2008, 4x4 , Todo Terreno,Motor Nafta 2.4 4 Cilindros74.000 Kilometros Reales (95% de uso en ruta)Pintura Original no tiene ni un solo panel repintadoDetalles a la vista que no reparamos para no disfrazarTransmision Manual de 5 marchasLlantas de Aleacion 100% originales jamas reparadasTapizado sano en todas las plazasOptimo Estado de ConservacionOriginal en todas sus partesLo unico que no tiene original es la bateria y las 4 cubiertasque las tuve que cambiar porque solo una se dañoy como no consegui la misma marca y modelodecidi cambiar las 4 (aun conservo las 3 restantes que saque)y las guarde porque estan impecablesSi realmente buscas una chata para vos esta es la indicadaRealmente una oportunidad Lista para disfrutar",0,0,0
3966,65000.0,"ATENCION!! COORDINAR CITA PREVIA PARA VER ESTA UNIDAD!!!!El precio publicado es de contado y es a tipo de cambio blue del momento.FINANCIACIÓN disponible a través de crédito prendario.Audi Q3 2.0 Tfsi Quattro Blindada RB3- Año 2016- 65000km.Impecable Audi Q3 Blindada RB3 con vidrios importados AGP, servicios oficiales.Nada para hacerle.TOMAMOS UNO O MÁS USADOS EN PARTE DE PAGO.¿QUERES VENDER TU AUTO, PERO NECESITAS SEGUIR USANDOLO?¡PODEMOS TRABAJARLO DE ESA FORMA!TAMBIEN PODEMOS COMPRAR TU AUTO!Para más información contactanos.ESTACIONAMIENTO: Contamos con cocheras de cortesia enfrente.AUTOEMOCION",0,0,0
4002,135000.0,"Es la versión más Full 4x4, con techo corredizo, pantalla, cuero, pantalla multimedia, levanta cristales, espejos eléctricos y cierre centralizado. Tiene recién hecho cambio de filtro, aceite, alineación y balanceo. Cubiertas al 80% Detalles estéticos leves.Soy titular",1,0,0
4003,63000.0,"Lexus Ux 250H LuxuryPrecio Lista / Permuta u$s 43900Precio Contado Efectivo u$s 41900+ Aceptamos Transferencia Bancaria en Pesos y Dólares ++ Contamos con cuenta Bancaria en Estados Unidos para recibir transferencias +Mas de 25 años de experiencia en el mercado de vehículos premium• COORDINAR DÍA Y HORARIO PARA VER EL VEHÍCULO •• TOMA DE USADOS A PRECIO DE MERCADO (COTIZAMOS ONLINE)• RESERVA CON CONFIANZA :MERCADO LIBRE PROTEGE TU DINERO, ACEPTAMOS TODAS LAS TARJETAS DE DÉBITO Y BANCOS VIRTUALES• RESPUESTA INMEDIATA A TUS INQUIETUDES :Respondemos al instante mensajes y llamados. Programamos Videollamadas.• ATENCIÓN PERSONALIZADA• DOCUMENTACIÓN AL DÍA Y LISTA PARA TRANSFERIRContamos con Administración y Gestoría Integral.• COORDINAR DÍA Y HORARIO PARA VER EL VEHÍCULO •",0,0,0
4006,61000.0,"""VEHICULO DISPONIBLE EN SUCURSAL NORCENTER COORDINAR CITA PREVIAJEEP COMPASS LONGITUDE 2.4 AT6Año 2021Km 61000•Vtv vigente•Grabado de autopartes •Techo corredizo•Techo solar•Pantalla táctil•Camara retroceso•Sensores de estacionamiento•Comando al volante•Control crucero•Climatizador•Levanta vidrios eléctricos•Espejos eléctricos•Butacas de cueroEXPERIENCIA MERAK- Podes abonar el vehículo mediante transferencia bancaria, efectivo, USS. -- Para tu tranquilidad, podes venir con tu mecánico de confianza a ver el auto, escanearlo y que puedas salir a probarlo.- No aumentamos el valor del vehículo en permuta, manejamos precios reales tanto para nosotros como para el cliente.- En el mismo momento que abonas, retiras el vehículo y nuestra gestoría se encarga de tomar la firma en el 08 para poder realizar todos los tramites.- Todos nuestros vehículos se entregan con permiso de circulación o cedula vigente para la tranquilidad del cliente. Es primordial para nosotros que el auto se vaya transferido en el menor tiempo posible. A diferencia de otros concesionarios, esto lo podemos llevar a cabo gracias a que contamos con gestoría propia, con mandatarios matriculados cubriendo todas las zonas.¿TOMAMOS VEHICULOS EN PARTE DE PAGO?- -Si tomamos, y es nuestra prioridad que quieras dejarlo en nuestras manos.- Podes enviarnos fotos, detalles, kilómetros y nuestro equipo de ventas se encarga de cotizarlo en el momento.- Te damos la posibilidad de encargarnos y gestionar toda la documentación necesaria para entregar tu vehículo y que no tengas que moverte de tu casa, sin ningún tipo de honorarios, solamente abonando los aranceles correspondientes.- En ningún momento te quedas sin vehículo, llave contra llave.FINANCIACIÓN- Trabajamos con financieras directas, contamos con las mejores tasas. Cuotas fijas y en pesos.- Podes pedir vía WhatsApp la cotización del crédito a tu medida.- Financiamos hasta el 40% de la unidad.- Hacemos revisión de veras en el ACTO.- Señas el vehículo, la financiera se contacta con vos en el transcurso de 24hs, se arma el crédito y en 72hs estas firmando toda la documentación y retirando el vehículo en el concesionario.SEGURO- Podemos cotizarte el seguro con nuestra productora sin ningún tipo de compromiso, le brindamos a nuestros clientes el precio más bajo del mercado de las compañías más prestigiosas. Si te interesa nuestro presupuesto nos encargamos de gestionar todo para que no tengas que preocuparte y salir cubierto del concesionario. No tiene ningún tipo de honorarios ni adicional, buscamos brindarles todos los servicios en un mismo lugar.¿QUIENES SOMOS?- Somos un equipo joven que viene de una familia ligada al rubro automotor de toda la vida, decidimos dar el paso de abrir un concesionario con un concepto diferente al tradicional. Nuestro principal objetivo es que nuestros clientes se sientan cómodos desde el primer contacto con nosotros, que puedan sacarse todas las dudas sin ningún compromiso, brindarles todas nuestras herramientas para que encuentren el auto que buscan, que no tengan ninguna preocupación más que disfrutar el proceso. ¡Nos encantaría que nos conozcas y que puedas vivir la experiencia con nosotros!""",0,0,0
4012,170000.0,"Tiguan 2010 Exclusive 4x4 2.0 tsi Automatica ""Blindada""Muy linda SuvVersión AWD 4x4 Automático Año 2010Titular al día solo mínimos detalles propios del uso y modeloCubiertas delanteras nuevasTodos sus services hechos en tiempo y formaSr vende únicamente TransferidaPantalla con cámara retrovisora y sensores de estacionamientoFreno a disco en las 4 ruedasTecho corredizoAutomática y secuencialVtv al día y grabado de autopartesSin deudasAcepto permuta de mi interés. Se vende únicamente Transferida",0,0,0
4017,300000.0,"Vendo o permuto. Una exelente 4 x 4, funcionando perfectamente, no ventea , no zumba , exelentes faros y luces led, impecable interior, detalles de pintura, AA reparado pero falta cargar gas, cubiertas al 80%, embrague, alternador, limpieza de inyectores y cambio de fluidos totales.",1,0,0
4036,134000.0,"SEGUNDO DUEÑO DESDE LOS 40000 KM , FUNCIONA TODO IMPECABLE , ES TRACCION INTEGRAL, CON BLOQUEO DE DIFERENCIAL .TODOS LOS COMANDOS EN EL VOLANTE FUNCIONAN, A LOS 80000 KM SE LE CAMBIARON LOS 4 AMORTIGUADORES EN SERVICIO OFICIAL,TIENE CUBIERTAS Y BATERIA 2024 , TIENE PRARBISAS ORIGINAL RECIEN CAMBIADO.",0,0,0
4042,44118.0,"Cambiá tu auto o comprá uno semi nuevo en Kavak, compañía N°1 en venta online de autos usados en Latinoamérica. Contamos con distintos planes de financiamiento para adaptarse a tus necesidades, también podés dejar tu auto como parte de pago. Solo vendemos autos 2010 en adelante, con menos de 100.000 km, que nunca tuvieron daños estructurales ni GNC.------------------------------------------------------------->> Citroen C4 Cactus 1.6 ORIGINS << 410983*BENEFICIOS KAVAK:Al comprar tu Auto Kavak contás con un PERÍODO DE PRUEBA DE 7 DÍAS o 300 KM. Si no te encantó, te devolvemos el 100% de tu dinero (incluida la transferencia)*INSPECCIÓN Y COBERTURA MECÁNICA: En Kavak, la calidad es lo más importante. Nuestros autos son mucho más que autos usados, son autos semi-nuevos reacondicionados que están revisados en 240 puntos por nuestro equipo de expertos, tienen todos los servicios al día, kilometraje real y cobertura mecánica Kavak de 3 meses con posibilidad de extensión a 1 año.*CONTRATÁ KAVAK TOTAL: Con Kavak Total tenés 9 meses adicionales de cobertura con tope según marca/modelo del auto en arreglos, en motor, transmisión, tracción delantera y trasera, batería, embrague y correa o cadena de distribución. Cuidar tu auto puede ser tan fácil como manejarlo.PRÓXIMOS PASOS:Consúltanos para agendar una visita y/o reservar tu auto de interés.*MÉTODOS DE PAGO:- FINANCIAMOS TU COMPRA: Podés acceder al auto de tus sueños con nuestro plan de financiamiento hecho a tu medida. Financialo en hasta 60 cuotas fijas.- DEJÁ TU AUTO COMO PARTE DE PAGO: Cambiá tu auto por uno Kavak.- AL CONTADO: Pagá vía transferencia bancaria o deposito. Podés pagar en pesos o en dólares.Para mayor información visitá nuestro sitio.*Ver términos y condiciones en Compra y Venta de Autos Usados en Argentina con Garantia",0,0,0
4051,114000.0,EXCELENTE ESTADO !!!!UNICO DUEÑO !!!!SIN DETALLES !!!!SE VENDE UNICAMENTE TRANSFERIDAACEPTAMOS PERMUTAS,0,0,0
4060,234700.0,Vendo Toyota sw4 (inmaculada)4x4Manual Srv 234.700 kmModelo 2006Interior cuero camel en excelente estado (sin roturas) Climatizador Exterior óptimo Perfecta de Mecánicacubiertas nuevasCree led ir100 los mejores Nada para hacerle Muy buen andar no hace ni un ruido Titular  (se vende si o si transferida)Se escucha oferta razonable al lado del vehículo,0,0,0
4063,51000.0,"Soy particular, vendo Duster 2019 expression 1.6 ph2 4x251.000 kilómetros reales( Se puede escanear sin problema para verificarlo)Soy titular, está al día.Detalles a la vista, interior impecable, prácticamente nueva.Se va transferida.El precio es en dólares.NO PERMUTO/NO DEJO EN NINGUNA CONSECIONARIA",0,0,0
4064,93300.0,"¿Estás listo para darle un giro a tu conducción? Descubrí la excelencia de los vehículos de Autoctiy Usados. Ofrecemos una amplia gama de opciones de financiamiento diseñadas para adaptarse a tus necesidades individuales, además de la posibilidad de usar tu auto actual como parte de pago.Solo ofrecemos vehículos del 2010 en adelante, con menos de 130,000 kms recorridos y sin historial de daños estructurales.*BENEFICIOS CON AUTOCTIY USADOS:INSPECCIÓN Y GARANTÍA MECÁNICA (ISO9001): En Autoctiy Usados, la calidad es nuestra prioridad. Nuestros vehículos pasan por una exhaustiva inspección de 240 puntos realizada por nuestro equipo de expertos. Además, cuentan con kilometraje verificado y una garantía mecánica de 3 meses.*PRÓXIMOS PASOS:Contáctanos para programar una visita o reservar el vehículo de tu interés.MÉTODOS DE PAGO:    • FINANCIACIÓN A MEDIDA: Accede al auto de tus sueños con nuestro plan de financiamiento personalizado, con opciones de hasta 60 cuotas fijas.    • DEJA TU AUTO COMO PARTE DE PAGO: Cambia tu vehículo actual por uno de Autoctiy Usados.    • PAGO AL CONTADO: Realiza tu pago mediante transferencia bancaria o depósito, en pesos o dólares.¡Viví tu experiencia Autocity!",0,0,0
4088,108000.0,"Vendo Renault Duster Confort PlusCubiertas al 65%Interior en buen estadoFunciona todo su equipamiento a la perfecciónPreparación total con pulido y abrillantado inclusiveMotor 1.6, levanta vidrios en 4 puertas, sistema de audio, aire acondicionado, direccion, Consumo promedio en ciudad 15/100KM, en ruta 10.4/100km circulando,4 airbagsSe vende únicamente transferida en el registro automotor (costo a cargo del comprador)Vendemos - Permutamos - Financiamos¿Tenes un vehículo actual que quieras cambiar? Aceptamos permutas. Contanos sobre tu auto actual y te proporcionaremos una valoración justa en la Permuta.Financiamos hasta el 65% del valor total del vehiculo, en cuotas fijas o en creditos uva, la mejor modalidad del 2025Comunícate con nosotros para programar una visita, hacer preguntas adicionales o consultar opciones de financiamiento y permuta. Estamos acá para ayudarte a tomar la mejor decisión.T&R GARAGEAvellanedaConsulta es todo un placer!",0,0,0
4092,120000.0,"La unidad cuenta con un motor 2.4 16 V con 173 C.V con caja automática. Se destaca por su excelente confort y su polifuncionalidad de sus plazas, otorgando tanto la posibilidad de trasladar a 7 personas así como también rebatir sus asientos y obtener un espacio total de carga de 1920 Litros!En seguridad viene equipado con Abs, airbags frontales, laterales y de cortina, CONTROL DE ESTABILIDAD Y TRACCION, asistencia de arranque en pendiente, anclajes ISOFIX, barras de protección lateral, antiniebla, sensores de estacionamiento traseros, asistencia de frenado, Sistema de mitigación del vuelco, etc..Además, entre otras prestaciones, dirección asistida, levanta cristales delanteros y traseros con cierre de ventana para menores, cierre centralizado, comandos de audio al volante, climatizador, sistema de audio con puerto Usb y Bluetooth, velocidad crucero y limitador de velocidad, llantas de 17"", cámara de retroceso, TECHO PANORAMICO, toma de 12v, etc....",0,0,0
4098,105000.0,"Excelente estado, sin detalles. Documentación en regla. Aceptamos vehículo de menor valor como parte de pago. _______________________________________Somos ONCOR Autos, agencia multimarca de vehículos nuevos y usados, ubicados en el corazón de la provincia de Córdoba, con alcance a todo el país._______________________________________",0,0,0
4109,98784.0,"VENDO HONDA HR-V EXL CVT 2016. SEGUNDO DUEÑO,CUBIERTAS NUEVAS. EL VEHÍCULO ESTA COMO NUEVO, SIN DETALLES. INTERIOR Y EXTERIOR IMPECABLE. LISTO PARA TRANSFERIR Y USAR.ACEPTAMOS PESOS, DÓLARES, EUROS, REALES Y CRIPTOMONEDAS A COTIZACIÓN JUSTA REAL DE MERCADO. ACEPTAMOS PERMUTAS DE MAYOR O MENOR VALOR Y TAMBIÉN FINANCIAMOS EN DÓLARES, Y EN PESOS MEDIANTE LOS PRINCIPALES BANCOS DEL PAIS.EL AUTOMÓVIL CUENTA CON DUPLICADO DE LLAVE, MANUALES, CRIQUE, LLAVE DE RUEDA, BALIZAS, MATAFUEGOS Y AUXILIO ORIGINAL, TAL COMO SALIÓ DE FÁBRICA EN 2016.—————ACERCA DE LA COMPRA Y LA TRANSFERENCIA DEL VEHÍCULO———EL COSTO DE LA TRANSFERENCIA DE TITULARIDAD DE ESTE VEHÍCULO ES DE $1.337.300. ESTE IMPORTE INCLUYE FIRMAS Y LEGALIZACIÓN EN ESCRIBANÍA, Y CUALQUIER OTRO TRÁMITE REGISTRAL QUE SEA NECESARIO. EL IMPORTE MENCIONADO ES FINAL Y NO HAY NINGÚN OTRO GASTO NI COSTO OCULTO.EL PROCEDIMIENTO DE COMPRA ES EL SIGUIENTE:1) USTED COORDINA UNA CITA Y SE ACERCA A VER Y PROBAR EL AUTOMÓVIL, Y SI LE GUSTA, PUEDE RESERVARLO EN EL MOMENTO CON $400.000.2) LUEGO, USTED TENDRÁ 7 DÍAS CORRIDOS PARA ACERCARSE A ABONAR EL VALOR DEL VEHÍCULO Y EL COSTO DE LA TRANSFERENCIA Y FIRMAR EN ESCRIBANÍA LA DOCUMENTACIÓN NECESARIA. ESE MISMO DÍA YA PODRÁ RETIRAR EN EL ACTO LA UNIDAD. NUESTRO PRODUCTOR LE PUEDE GENERAR UN SEGURO DEL AUTOMÓVIL, O BIEN PUEDE TRAER EL SUYO.3) AL CABO DE 7 DÍAS, NUESTRO EQUIPO DE GESTORES SE CONTACTARÁ CON USTED PARA HACERLE LLEGAR LA DOCUMENTACIÓN PERTINENTE.——ACERCA DE QUALIS CARS - AUTOS DE CALIDAD - CONCESIONARIA OFICIAL MULTIMARCA——LA CONCESIONARIA FUE FUNDADA EN 1973 Y HA FUNCIONADO SIN INTERRUPCIÓN DESDE ESE ENTONCES POR MAS DE 5 DÉCADAS. LOS CIMIENTOS FUNDAMENTALES FUERON SIEMPRE LOS MISMOS:1) SOLO VEHÍCULOS DE CALIDAD VERIFICADOS, HASTA 10 AÑOS DE ANTIGÜEDAD E IDEALMENTE CON MENOS DE 100.000 KM. HACEMOS EXCEPCIONES, SOLO SI VALE LA PENA EL VEHÍCULO. NO COMPRAMOS NI VENDEMOS PROBLEMAS.2) TRANSPARENCIA Y VELOCIDAD EN EL TRÁMITE DE TRANSFERENCIA. SABEMOS LO IMPORTANTE QUE ES TENER LOS PAPELES EN REGLA, Y NOS OCUPAMOS DE QUE ASÍ SEA.SI USTED COMPRA CON NOSOTROS, POR FAVOR NO SE SORPRENDA SI RECIBE VARIAS ENCUESTAS TELEFÓNICAS DE NUESTRO EQUIPO DE AUDITORES A LO LARGO DEL PROCESO DE COMPRA. BUSCAMOS ASEGURARNOS LA MISMA EXPERIENCIA PARA CADA CLIENTE Y SOBRE TODO, QUE USTED QUEDE SATISFECHO Y VUELVA.LA CONCESIONARIA SE ENCUENTRA EN ALMAGRO (CAPITAL FEDERAL, ARGENTINA) EN UN PREDIO DE 5.000M2 DONDE SE EXHIBEN ALREDEDOR DE 200 VEHÍCULOS ENTRE 0KM, IMPORTADOS, CLÁSICOS Y UTILITARIOS. EN EL PREDIO FUNCIONAN ADEMÁS TALLERES DE: POSVENTA Y MECÁNICA LIGERA, DETAILING Y CARROCERIA Y PINTURA .(POR FAVOR, PEDIR LA DIRECCION EXACTA, POR POLITICA DE MERCADOLIBRE NO PODEMOS ANUNCIARLA AQUI).",0,0,0
4140,120000.0,"* Único dueño* Muy buen estado general* Mantenimiento al día* Radicado en CABALa unidad se encuentra en excelentes condiciones de uso y cuidado, con escasos 121mil km recorridos y una situación de mantenimiento más que correcta.En términos de carrocería muestra pocos detalles de estética, todos menores. Nunca sufrió choques importantes ni golpes estructurales. Posee pintura de fábrica y todos los componentes son originales (inclusive el parabrisas, que está sano). Las llantas casi no están rayadas y 4 los neumáticos son NUEVOS.A nivel mecánico cuenta con un motor 2.0, 16v, doble árbol de levas a la cabeza y distribución variable (comandada por cadena), que rinde 163cv, asociado a una caja automática de 5 relaciones. El funcionamiento del conjunto motor / caja en esta unidad es el esperado, no hay consumo de lubricante ni luces de alerta ni sonidos extraños, con una marcha compacta y silenciosa, libre de ruidos. Batería y correa de accesorios recién cambiados. Cambio de aceite y filtros reciente. No hay que hacerle NADA.Respecto del interior, su aspecto realmente es el de un vehículo bien tratado y con poco uso, solo registrando algún desgaste en volante y cuero de butaca del conductor. El confort abordo y la calidad de marcha es realmente imperturbable y todo el equipamiento de confort y seguridad funciona perfectamente.EQUIPAMIENTO DESTACABLE:* Tapicería en cuero auténtico* Control de velocidad de crucero* Sensores de estacionamiento traseros* Encendido automático de luces* Butaca conductor con ajuste lumbar eléctrico* Espejo interior de oscurecimiento electrónico* Espejos exteriores con comando eléctrico, plegado automático y repetidor de giro incorporado* Computadora de abordo* Cierre central de puertas y baúl, con telecomando (dos juegos de llaves)* Airbags frontales* Frenos a disco en las 4 ruedas, con ABS* Control de tracción y estabilidad* Asistente de descenso en pendiente* Llantas de aleación de 16'El vehículo está radicado en CABA, se entrega sin deuda de patentes ni infracciones de tránsito, grabado de autopartes y VTV al día. Cuenta con sus dos juegos de llaves y manuales de usuario.Solo se va TRANSFERIDO.",0,0,0
4159,26000.0,UNIDAD EN STOCK FISICO. Coordinar la visita previamente.Tomamos mayor y menor valor. Su consulta no molesta.CHEVROLET EQUINOX ATVERSION PREMIER 4WDMOTOR 1.5T26.000 KMSomos BROTHERS DRIVE CARS.Asesoramiento especializado.Atención personalizada.Permutas MAYOR Y MENOR VALOR.Consignaciones SIN QUE LO DEJES DE USAR.Financiación en cuotas FIJAS Y EN PESOS (LO ARMAMOS A TU MEDIDA)Gestoría integral del automotor.Broker de seguros#somosconfianza #brothersforlife,0,0,0
4180,149000.0,"Land Rover Defender 110 2.4 Sw 7SPrecio Lista / Permuta u$s 91000Precio Contado Efectivo u$s 89000+ Aceptamos Transferencia Bancaria en Pesos y Dólares ++ Contamos con cuenta Bancaria en Estados Unidos para recibir transferencias +Mas de 25 años de experiencia en el mercado de vehículos premium• COORDINAR DÍA Y HORARIO PARA VER EL VEHÍCULO •• TOMA DE USADOS A PRECIO DE MERCADO (COTIZAMOS ONLINE)• RESERVA CON CONFIANZA :MERCADO LIBRE PROTEGE TU DINERO, ACEPTAMOS TODAS LAS TARJETAS DE DÉBITO Y CRÉDITO• RESPUESTA INMEDIATA A TUS INQUIETUDES :Respondemos al instante mensajes y llamados. Programamos Videollamadas.• ATENCIÓN PERSONALIZADA• DOCUMENTACIÓN AL DÍA Y LISTA PARA TRANSFERIRContamos con Administración y Gestoría Integral.• COORDINAR DÍA Y HORARIO PARA VER EL VEHÍCULO •",0,0,0
4212,74600.0,"- Motor naftero 1.6 16v de 125 cv y 160 Nm. Caja manual de cinco velocidades. - Tubo de GNC de 10m3 de 5° generación (prueba hidráulica realizada Abril 2025).-Neumáticos Michelin con 18 mil km.- Asientos con tapicería de cuero sintético y tela - Asiento del piloto con ajuste manual de 6 posiciones - Asiento del pasajero con ajuste manual en 4 posiciones - Asientos traseros abatibles 60/40 - Computador a bordo con indicadores de consumo de combustible, autonomía, velocidad promedio y recordatorio de mantenimiento - Vidrios eléctricos en las 4 puertas - Apertura de la tapa de combustible desde el interior - Aire acondicionado automático/climatizador - Volante ergonómico ajustable en altura - Mandos al volante para control de audio y teléfono - Control de velocidad crucero - Inmovilizador de motor con llave antirrobo - Llave con mandos de apertura remota de seguros de puertas y vidrios eléctricos - Alarma de fábrica - Bloqueo central - Desempañador trasero - Apoyabrazos entre asiento del conductor y acompañante - Apoyabrazos trasero - 23 espacios interiores de almacenamiento - Visera de pasajero con espejo de cortesía- Ajuste eléctrico de retrovisores - Panel de instrumentos retroiluminado - Tomacorriente delantero de 12V - Panel de instrumentos con pantalla LCD - Apoyo descansa pie para el conductor- Sensores de reversa - Cámara de retro - Sistema antibloqueo de frenos (ABS) - Sistema de distribución de la presión de frenado (EBD) - Frenos delanteros de disco ventilado - Frenos posteriores de disco sólido - Sistema de luces de conducción diurnas LED - Retrovisores exteriores con luz direccional incorporada - Nivelador electrónico de la altura de las luces de faros delanteros - Seguro de niños en las puertas traseras- Sistema Safe Cage de protección de habitáculo de pasajeros - Columna de dirección colapsable - 2 airbags conductor y pasajero - 5 cinturones de seguridad 3 puntos - Sistema de anclaje ISOFIX para sillas de bebé- Testigo sonoro de cinturón de seguridad desabrochado para el conductor",0,0,0
4217,165500.0,"Vendo urgente mi Fiel camioneta. Máximo comfort. Techo solar. Cortina anti calor en puertas traseras. Tapizados de cuero. Asiento conductor regulable eléctrico. Funciona todo menos Airbag y el SCE. La camioneta tuvo un choque en el guardabarros delantero lado acompañante por eso saltaron los Airbags pero no sufrió daños en el chasis ni estructura, solo en la chapa de la carrocería que ya fue reparado. Tiene equipo de GNC que gasta 15 mil pesos en 180 km. Cambio de filtros y aceite hace 4000 km. Tiene Vtv hasta octubre 2025 y oblea de gas también. Tiene 2 multas por total de $750.000 descontados del precio. 08 firmado y listo para transferir. Se hace la transferencia si o si. Cualquier duda me podes llamar. Gracias.",0,1,0
4262,18000.0,NISSAN KICKS ADVANCE PLUS CVT 100% ORIGINAL IGUAL A 0KM SIN DETALLES  OPORTUNIDAD   ACEPTAMOS PERMUTAS AUTOMOTORES YAMI,0,0,0
4285,220000.0,"Vehículo en muy buen estado, motor muy bueno, distribución nueva, turbo en excelente estado, al igual que poleas, tensores y correa poli-v. Todo original. Siempre bien mantenida. Capacidad 5 pasajeros. Climatizador bi-zona. Luces de xenón. Motor 2.0 diésel de 177cv. 220.000 km. Año 2010. Titular. Toda la documentación lista para transferir. Detalle: a revisar problema eléctrico que impide que llegue el combustible a los inyectores. Se puede ver todos los días en horario a coordinar. Permutas.",0,1,1
4294,141500.0,"Hyundai Tucson 2011 GLS 2.0 N AT 4WD141.500kmsExcelente estadoMotor nafta 2.0Equipamiento fullCaja automatica4x4Tapizados en cueroToda la documentacion en reglaPodes venir revisar la unidad con tu asesor o mecanico de confianzaFinanciamos hasta el 35% en cuotas fijas en pesosSolo con DNISin requisitos, aprobacion inmediataTomamos mejor tu buen usado en parte de pagoSportAutos, mas de 20 años de trayectoria en Villa Urquiza, avalan nuestro prestigio",0,0,0
4301,23000.0,"Bienvenido a Monoceros: Tu Puente hacia Vehículos de Dueños Directos1 - Conexión Exclusiva:En MONOCEROS, cada vehículo proviene directamente de dueños, ofreciéndote una conexión única. DIFERENCIANDONOS DE LAS AGENCIAS, te brindamos la oportunidad de comprar DIRECTAMENTE A UN PROPIETARIO, asegurando una transacción más personal. Monoceros GARANTIZA una conexión exclusiva con propietarios respaldados por nuestra plataforma de confianza.2 - Chequeo Exhaustivo:Realizamos chequeos detallados para proporcionarte información precisa sobre el estado de cada vehículo, brindándote SEGURIDAD en tu compra.3 - Vendemos Transparencia:En MONOCEROS, no solo vendemos autos, vendemos transparencia. Tu confianza es nuestra prioridad.4 - Visualización en 360º:Experimenta una VISUALIZACIÓN completa con nuestro FORMATO 360º. Examina cada detalle antes de coordinar una visita.5 - Visitas Coordinadas:Programa visitas previas fácilmente mediante coordinación telefónica o por WhatsApp, adaptándonos a tu horario.6 - Informe Mecánico Completo:Proporcionamos INFORMES MECANICOS y reportes de scanner para una evaluación completa del estado del vehículo.7 - Información Legal a tu Alcance:Accede a INFORMES DE DOMINIO Y MULTAS para tomar decisiones informadas y legales.8 - Permutas Bienvenidas:Gestionamos PERMUTAS a través de agencias aliadas de confianza con una extensa trayectoria que nos vincula. Así, tu transición a un nuevo automóvil es aún más fácil y segura. ¡Haz el cambio con nosotros de manera sin complicaciones!9 - Opciones de Financiación:Explora nuestras opciones de FINANCIACIÓN para hacer más accesible la adquisición de tu vehículo.10 - Estamos aquí para responder a tus preguntas y hacer que tu búsqueda de un nuevo vehículo sea fácil y emocionante. ¡Contáctanos hoy mismo!",0,0,0
4304,104151.0,"Nissan Kicks 1.6 Advance Cvt 120cvAño 2018104.151 kmPrecio Lista / Permuta U$D 20.500-.Precio Contado Efectivo U$D 19.500-.• GRIFF CARS | SUCURSAL ITUZAINGO | SUCURSAL CASTELAR •Mas de 20 años de experiencia en el mercado de vehículos• COORDINAR POR WHATSAPP DÍA Y HORARIO PARA VER EL VEHÍCULO •• TOMA DE USADOS A PRECIO DE MERCADO (COTIZAMOS ONLINE)• RESERVA CON CONFIANZA MERCADO LIBRE PROTEGE TU DINERO, ACEPTAMOS TODAS LAS TARJETAS DE DÉBITO Y CRÉDITO• RESPUESTA INMEDIATA A TUS INQUIETUDES POR WHASTAPP:Respondemos al instante mensajes y llamados. Programamos Videollamadas.• LOS VEHICULOS SON ENTREGADOS TRANSFERIDOSContamos con Administración y Gestoría Integral.• COORDINAR POR WHATSAPP DÍA Y HORARIO PARA VER EL VEHÍCULO •Contamos con;• Financiación del 50% / 60% con crédito bancario delbanco Santander cuotas fijas y en pesosContactá a la concesionaria",0,0,0
4319,188000.0,Muy buen estado. Detalles de chapa.,1,0,0
4321,131500.0,"4x42 dueño. Vtv Vigente y grabado de cristales/autopartes.Titular directo vende al dia.Transferencia obligatoria.Bateria nueva en garantia, ultimo service oficial en concesionario oficial jeep ""loncohue"" Fluidos y filtros.Vehiculo rigurosamente bien cuidado con equipo de audio, pantalla 13 pulgadas de ultima generacion (android/carplay) incluida camara de retroceso de alta definicion. Comprado y colocado en el concesionario oficial Jeep(Loncohue). Tambien conservo el audio original de fabrica que entrego junto con el vehiculo.Llanta de aliacion agregada auxiliar no convencional.Porta equipaje, barrales y canasto recien colocado y varios accesorios mas. Excelente mecanica. Hermosa 4x4 americana. Motor crysler 2.4 cvt. Se puede ver en zona tribunales o fin de semana por Avellaneda, zona quinta galli crucesita.Detalles: paragolpes por estacionamiento.Vehiculo original EE.UU.Venta En efectivo con transferencia inmediata.Permuto mayor valor unicamente por jeep grand cherokee 2013/2014 en impecable estado.",1,0,0
4322,75600.0,"¿Estás listo para darle un giro a tu conducción? Descubrí la excelencia de los vehículos de Autoctiy Usados. Ofrecemos una amplia gama de opciones de financiamiento diseñadas para adaptarse a tus necesidades individuales, además de la posibilidad de usar tu auto actual como parte de pago.Solo ofrecemos vehículos del 2010 en adelante, con menos de 130,000 kms recorridos y sin historial de daños estructurales.*BENEFICIOS CON AUTOCTIY USADOS:INSPECCIÓN Y GARANTÍA MECÁNICA (ISO9001): En Autoctiy Usados, la calidad es nuestra prioridad. Nuestros vehículos pasan por una exhaustiva inspección de 240 puntos realizada por nuestro equipo de expertos. Además, cuentan con kilometraje verificado y una garantía mecánica de 3 meses.*PRÓXIMOS PASOS:Contáctanos para programar una visita o reservar el vehículo de tu interés.MÉTODOS DE PAGO:  • FINANCIACIÓN A MEDIDA: Accede al auto de tus sueños con nuestro plan de financiamiento personalizado, con opciones de hasta 60 cuotas fijas.  • DEJA TU AUTO COMO PARTE DE PAGO: Cambia tu vehículo actual por uno de Autoctiy Usados.  • PAGO AL CONTADO: Realiza tu pago mediante transferencia bancaria o depósito, en pesos o dólares.¡Viví tu experiencia Autocity!",0,0,0
4327,93300.0,"FORD ECOSPORT 1.6 S 2017EL AUTO POSEEAIREDIRECCIONDOBLE AIRBAGSCIERRE CENTRALIZADOLEV/CRISTALES EN LAS 4 PTASCOMANDO AL VOLANTEESPEJOS ELECTRICOSVOLANTE REGULABLE EN ALTURA Y PROFUNDIDADVTV VIGENTENO TE QUEDES SIN CAMBIAR TU AUTOPRECIO DE CONTADO EFECTIVO $ 17.000.000PRECIO DE LISTA $17.500.000FINANCIAMOS HASTA UN 50% DEL VALOR DEL VEHICULO EN CUOTAS FIJAS Y EN PESOS, CREDITOS PRENDARIOS, CONTAMOS CON LA TASA INCLUIR DEL 39,9% ANUAL,TOMAMOS TU USADO A UN MUY BUEN PRECIOTODOS LOS AUTOS SE VENDEN TRANSFERIDOS COMO CORRESPONDE, BRINDAMOS CONFIANZA Y SEGURIDAD PARA UNA MEJOR POSTVENTA !!",0,0,0
4329,189000.0,"Muy buen vehículo, motor con 60000 km de cambiado por uno nuevo 0 km original en caja. Cubiertas nuevas Pirelli. Excelente andar dentro y fuera de la carretera. Muy bien mantenida y cuidada de uso familiar. Mínimos detalles típicos por los años. Anda todo. Escucho ofertas, solo junto al vehículo. Transferencia obligatoria. Podría permutar por algún vehículo de mi interés.",0,0,0
4355,22000.0,"En venta Peugeot 3008 gt line pack am24Excelente estado, kilometros reales y sin detallesService recientemente realizadoVehiculo con su respectiva garantia hasta 2027Al dia y lista para transferirSe puede ver previa coordinacion por el barrio de PalermoNo agencias",0,0,0
4364,30000.0,"Somos SERMAY AUTOMOTORES, con más de 29 años que avalan nuestra trayectoria!CONSIGNACIONES / PERMUTAS / FINANCIACIONESFORD TERRITORY TITANIUM!MOTOR 1.8 ECOBOOST!TODOS LOS SERVICIOS OFICIALES!PRIMER DUEÑO!I M P E C A B L E!UNICO DOS DETALLES EN ULTIMA FOTO!Todos nuestros vehículos se encuentran chequeados mecánicamente, con nuestros técnicos y equipo de gestoria aseguramos tu tranquilidad!Usados seleccionados!Financiamos! Financia la compra de tu próximo vehículo solo con DNI!Permutas! Renová tu auto por uno garantizado de forma seguro, fácil y rápida!Consignaciones! Déjanos tu auto y nosotros nos encargamos de venderlo sin comisión!",1,0,0
4366,9900.0,"Linea nueva. Tope de gama. Agragados en toyota: bandeja protectora baul, vidrios tonalizados, tuerca antirobo, grabado de cristales.",0,0,0
4370,31034.0,"Cambiá tu auto o comprá uno semi nuevo en Kavak, compañía N°1 en venta online de autos usados en Latinoamérica. Contamos con distintos planes de financiamiento para adaptarse a tus necesidades, también podés dejar tu auto como parte de pago. Solo vendemos autos 2010 en adelante, con menos de 100.000 km, que nunca tuvieron daños estructurales ni GNC.------------------------------------------------------------->> Chevrolet Tracker 1.2 TURBO AT << 410074*BENEFICIOS KAVAK:Al comprar tu Auto Kavak contás con un PERÍODO DE PRUEBA DE 7 DÍAS o 300 KM. Si no te encantó, te devolvemos el 100% de tu dinero (incluida la transferencia)*INSPECCIÓN Y COBERTURA MECÁNICA: En Kavak, la calidad es lo más importante. Nuestros autos son mucho más que autos usados, son autos semi-nuevos reacondicionados que están revisados en 240 puntos por nuestro equipo de expertos, tienen todos los servicios al día, kilometraje real y cobertura mecánica Kavak de 3 meses con posibilidad de extensión a 1 año.*CONTRATÁ KAVAK TOTAL: Con Kavak Total tenés 9 meses adicionales de cobertura con tope según marca/modelo del auto en arreglos, en motor, transmisión, tracción delantera y trasera, batería, embrague y correa o cadena de distribución. Cuidar tu auto puede ser tan fácil como manejarlo.PRÓXIMOS PASOS:Consúltanos para agendar una visita y/o reservar tu auto de interés.*MÉTODOS DE PAGO:- FINANCIAMOS TU COMPRA: Podés acceder al auto de tus sueños con nuestro plan de financiamiento hecho a tu medida. Financialo en hasta 60 cuotas fijas.- DEJÁ TU AUTO COMO PARTE DE PAGO: Cambiá tu auto por uno Kavak.- AL CONTADO: Pagá vía transferencia bancaria o deposito. Podés pagar en pesos o en dólares.Para mayor información visitá nuestro sitio.*Ver términos y condiciones en Compra y Venta de Autos Usados en Argentina con Garantia",0,0,0
4388,111888.0,"FORD KUGA 2017 SEL 4X4 AUTOMATICA DISPONIBLE.UNICO DUEÑO, USO PARTICULAR FAMILIAR EXCLUSIVAMENTE.ESTA CAMIONETA SE ENCUENTRA EN CONDICIONES INMACULADAS, CUIDADA AL DETALLE Y LISTA PARA DISFRUTAR.LA VENDO UNICAMENTE POR EL DESEO DE ACTUALIZAR A UN MODELO MAS RECIENTE.MANTENIMIENTOS AL DIA Y REALIZADOS RIGUROSAMENTE.SI BUSCAS UNA CAMIONETA CONFIABLE, SEGURA Y EN PERFECTO ESTADO, ESTA ES TU OPORTUNIDAD.EXCELENTE FORD KUGA.ESTA CHATA HA SIDO TRATADA CON EL CARIÑO QUE SOLO UNA FAMILIA PUEDE OFRECER. SU USO PARTICULAR Y EXCLUSIVAMENTE FAMILIAR GARANTIZA UN HISTORIAL DE CUIDADO METICULOSO Y UN ESTADO QUE TE SORPRENDERÁ. CADA DETALLE REFLEJA EL ESMERO CON EL QUE HA SIDO MANTENIDA.LA KUGA 2017 SEL NO ES SOLO UN MEDIO DE TRANSPORTE, ES UNA DECLARACIÓN DE  BUEN GUSTO Y TU PRIORIDAD POR LA SEGURIDAD Y EL CONFORT DE TUS SERES QUERIDOS. ES LA COMPAÑERA IDEAL PARA TUS ESCAPADAS DE FIN DE SEMANA Y TU DÍA A DÍA.",0,0,0
4406,106453.0,"Cambiá tu auto o comprá uno semi nuevo en Kavak, compañía N°1 en venta online de autos usados en Latinoamérica. Contamos con distintos planes de financiamiento para adaptarse a tus necesidades, también podés dejar tu auto como parte de pago. Solo vendemos autos 2010 en adelante, con menos de 100.000 km, que nunca tuvieron daños estructurales ni GNC.------------------------------------------------------------->> Renault Captur 2.0 INTENS << 409064*BENEFICIOS KAVAK:Al comprar tu Auto Kavak contás con un PERÍODO DE PRUEBA DE 7 DÍAS o 300 KM. Si no te encantó, te devolvemos el 100% de tu dinero (incluida la transferencia)*INSPECCIÓN Y COBERTURA MECÁNICA: En Kavak, la calidad es lo más importante. Nuestros autos son mucho más que autos usados, son autos semi-nuevos reacondicionados que están revisados en 240 puntos por nuestro equipo de expertos, tienen todos los servicios al día, kilometraje real y cobertura mecánica Kavak de 3 meses con posibilidad de extensión a 1 año.*CONTRATÁ KAVAK TOTAL: Con Kavak Total tenés 9 meses adicionales de cobertura con tope según marca/modelo del auto en arreglos, en motor, transmisión, tracción delantera y trasera, batería, embrague y correa o cadena de distribución. Cuidar tu auto puede ser tan fácil como manejarlo.PRÓXIMOS PASOS:Consúltanos para agendar una visita y/o reservar tu auto de interés.*MÉTODOS DE PAGO:- FINANCIAMOS TU COMPRA: Podés acceder al auto de tus sueños con nuestro plan de financiamiento hecho a tu medida. Financialo en hasta 60 cuotas fijas.- DEJÁ TU AUTO COMO PARTE DE PAGO: Cambiá tu auto por uno Kavak.- AL CONTADO: Pagá vía transferencia bancaria o deposito. Podés pagar en pesos o en dólares.Para mayor información visitá nuestro sitio.*Ver términos y condiciones en Compra y Venta de Autos Usados en Argentina con Garantia",0,0,0
4416,120000.0,"Tracker LTZ 2017 -unico dueño - servicios al dia. se escucha ofertas de contado razonable al lado del auto. transferencia obligatoria. Tiene fundas desde 0 km para proteger el tapizado. el precio se encuentra expredados en Dolares o su equivalente en pesos valor dolar blue. Recientemente se le cambio aceite sintetico y filtros. Correas de distribucion y poly v. Nada para hacerle, digno de ver",0,0,0
4421,120100.0,"¿Estás listo para darle un giro a tu conducción? Descubrí la excelencia de los vehículos de Autoctiy Usados. Ofrecemos una amplia gama de opciones de financiamiento diseñadas para adaptarse a tus necesidades individuales, además de la posibilidad de usar tu auto actual como parte de pago.Solo ofrecemos vehículos del 2010 en adelante, con menos de 130,000 kms recorridos y sin historial de daños estructurales.*BENEFICIOS CON AUTOCTIY USADOS:INSPECCIÓN Y GARANTÍA MECÁNICA (ISO9001): En Autoctiy Usados, la calidad es nuestra prioridad.  Nuestros vehículos pasan por una exhaustiva inspección de 240 puntos realizada por nuestro equipo de expertos. Además, cuentan con kilometraje verificado y una garantía mecánica de 3 meses.*PRÓXIMOS PASOS:Contáctanos para programar una visita o reservar el vehículo de tu interés.MÉTODOS DE PAGO:    • FINANCIACIÓN A MEDIDA: Accede al auto de tus sueños con nuestro plan de financiamiento personalizado, con opciones de hasta 60 cuotas fijas.    • DEJA TU AUTO COMO PARTE DE PAGO: Cambia tu vehículo actual por uno de Autoctiy Usados.    • PAGO AL CONTADO: Realiza tu pago mediante transferencia bancaria o depósito, en pesos o dólares.¡Viví tu experiencia Autocity!",0,0,0
4439,203000.0,"El precio es de $ 10.500.000,detalles a la vista, precio charlableDUSTER 2013 CONFORT PLUS 206.000 KM. GNC 5TA. DE 60, TITULAR, DETALLES A LA VISTA, FUNCIONA TODO CORRECTO, VTV HASTA 09/2025, EL TUBO DE GNC TIENE UN AÑO PUESTO, TIENE DEUDA DE PATENTE 300 mil pesos Y MULTAS TOTAL $ 1.5 millón de pesos, . SOY DE ZONA SUR BERAZATEGUI. A REVISAR TREN DELANTERO, LA CAMIONETA ESTA EN MARCHA LA USO TODOS LOS DIAS PARA IR AL TRABAJO",0,0,0
4451,41500.0,Bestcar Automotores--------------------------------------------------------------------------------------------------------------------------Contado $ 19.500.000Anticipo $ 9.700.000 + Gastos24 X $ 970.00036 X $ 550.00048 X $ 460.000Excelente unidadSin detallesTodo al díaTomo usados ( Pago mas)--------------------------------------------------------------------------------------------------------------------------Somos una Empresa dedicada a la venta de autos usados seleccionados.Créditos prendarios con la mejor tasa del mercado.Gestoría integral para brindar una compra ágil y segura.,0,0,0
4452,190000.0,"Funciona todo ,servicios al dia , km de autopista de capital a canning , pequeños detalles de uso",0,0,0
4472,89500.0,"Algunas caracteiristicas del vehiculo:-Primera mano.-Cuatro cubiertas Kumho recien colocadas.-Ultimo service hace 5.000kms.-Tapizado de cuero.-Motor 2.0 HDI (diesel).-Transmision automatica.-Techo panoramico solar con apertura electrica.-Regulacion del asiento del conctor, con comandos electricos.-Sensores de estacionamiento.-Tablero digital.-Diferentes modos de conduccion.-Somos CAFLOW CC S.A.S., agencia automotriz multimarca.Ofrecemos soluciones de movilidad, de Córdoba para todo el país. Nos consolidamos en el mercado por la calidad de nuestro servicio y la innovación en experiencia del cliente.Nuestros pilares como empresa, radican en la atención al cliente como así también al permanente compromiso de todo nuestro personal en búsqueda de la excelencia en el servicio.-Nos diferenciamos del resto por el precio final del vehículo, competitivo en relación al mercado en general y la disponibilidad y plazos de entrega.-Formas de pago:Al contado: efectivo, transferencia o depósito.Plan de financiación personalizado: contamos con diversas alternativas de financiamiento adaptadas a tus necesidades.Tu auto como parte de pago: cambiá tú usado por el auto que siempre quisiste. -Nosotros nos ocupamos de los trámites:Gestoría profesional: Olvídate de los trámites; nuestro equipo lo hace por vos.Atención personalizada: Simple, rápido y sin complicaciones.-¿Necesitas asesoramiento? Presionando el botón de #WhatsApp que aparece en la publicación podrás comunicarte de forma directa con uno de nuestros vendedores.Nuestros horarios de atención son de lunes a viernes de 9:30 a 18:00hs y sábados de 10:00 a 13:00hs.Por favor con el fin de brindarte una buena atención, te invitamos a coordinar una cita previamente y así asegurarnos que la unidad de tu interés esté lista y preparada en nuestro salón.¡Importante!Los precios son finales, incluyen IVA, no Incluyen costos de patentamiento ni patentes. Vigencia cancelando y patentando al 30/05/2025.Precio sujeto a disponibilidad de stock físico. Las imágenes publicadas en este sitio son de carácter ilustrativo. Consulte especificaciones técnicas y equipamiento de cada vehículo.------------------------------------------------------------------------------------------------------------------ CARFLOW CC SAS -Sucursal de 0km: Av. Sagrada Familia 1121 - Urca - Córdoba CapitalSucursal de Usados Select: Luis José de Tejeda 3969 - Cerro de las Rosas - Córdoba Capital-----------------------------------------------------------------------------------------------------------------",0,0,0
4522,91700.0,"Todos Service Official Jeep, ultimo recien hecho a los 88.000kmIncluyo varios accesorios como el Chapon Original Jeep, Porta equipaje, porta gaveta, plot capot Trailhawk)Tiene tratamiento de Teflon en pintura. 2 juegos de llaves originales, con manuales y libro de servicio. Tuerca de seguridad oficial Jeep.Gaveta para monedas en consola.4 cubiertas nuevas con menos de 2000km, bateria nueva (1 semana).Es la más full de todas:- 4x4 con modos Barro, Arena, Nieve y automático. Funciona 4x2 para ahorro de combustible.- Caja Automatica de 9 marchar con autoshift en el volante, Encendido remoto y alarma. - Tapizados de cuero, climatizador bizona, alarma de luces encedidas, sensor de lluvia.- Control crucero con asistencia de carril, frenado automatico, estacionamiento automatico, camara de retroceso, radar de distancia, 8 sensores de estacionamiento, control de distancia, alertas puntos ciegos y más. - 9 Airbags (2 frontales, 4 airbags laterales cortina, 1 airbag de rodillas conductor). ABS- Tiene algun detalle menor de uso y estacionamiento (pintura), y estan reparación de las barras del techo que se dañaron por un golpe (en Jeep oficial), pero su estado es excelente.Se vende solo transferida. NO ACEPTO PERMUTAS O VEHICULOS EN PARTE DE PAGO",1,0,0
4539,110000.0,"Tiguan 1.4 t si sin detalles .cubiertas nuevas ,distribución nueva ,cambio de aceite y filtros recién hechos ,con cambio de aceite de caja tmb realizado .nada por hacerle titular !! sin deudas de nada ,al día radicada en CABA",0,0,0
4547,150000.0,"Touareg 3.0 V6 Tdi Premium Precio Lista / Permuta u$s 44900Precio Contado Efectivo u$s 42900+ Aceptamos Transferencia Bancaria en Pesos y Dólares ++ Contamos con cuenta Bancaria en Estados Unidos para recibir transferencias +Mas de 25 años de experiencia en el mercado de vehículos premium• COORDINAR DÍA Y HORARIO PARA VER EL VEHÍCULO •• TOMA DE USADOS A PRECIO DE MERCADO (COTIZAMOS ONLINE)• RESERVA CON CONFIANZA :MERCADO LIBRE PROTEGE TU DINERO, ACEPTAMOS TODAS LAS TARJETAS DE DÉBITO Y CRÉDITO• RESPUESTA INMEDIATA A TUS INQUIETUDES :Respondemos al instante mensajes y llamados. Programamos Videollamadas.• ATENCIÓN PERSONALIZADA• DOCUMENTACIÓN AL DÍA Y LISTA PARA TRANSFERIRContamos con Administración y Gestoría Integral.• COORDINAR DÍA Y HORARIO PARA VER EL VEHÍCULO •",0,0,0
4552,127000.0,"El precio publicado es sólo de contado efectivo inmediato, si usted necesita financiar una parte o entregar un usado le daríamos el precio de lista. Por favor comunicarse con un asesor de venta.",0,0,0
4570,59000.0,"EL PRECIO PUBLICADO, ES CONTADO EFECTIVO O FINANCIACION, EN EL CASO DE SER CON PERMUTA, CONSULTAR PRECIOCUANDO PENSAS EN CAMBIAR TU USADO, PENSA EN LA CONCESIONARIA MAS VISITADA EN CORDOBA, PENSA EN LOPCAR.MAS DE 25 AÑOS DE TRAYECTORIA, TRABAJANDO PARA BRINDARLES A NUESTROS CLIENTES EL MEJOR ASESORAMIENTO A LA HORA DE ADQUIRIR O RENOVAR SU PROXIMA UNIDAD.¡BUSCAMOS LA MEJOR FINANCIACION!!¡TOMAMOS SU USADO AL MEJOR PRECIO!!SEGURIDAD, TRANQUILIDAD y HONESTIDADCUALQUIER CONSULTA NUSTROS ASESORES ESTARAN A SU DISPOSICION!!¿COMO SE PUEDE FINANCIAR?- Créditos personales y prendarios.- Permutas (recibimos tu usado)- Créditos en tasas fijas- Créditos Uva- Entrega mínima: 50%- Financia el saldo a una tasa desde el 16.5%LOS VALORES REFERIDOS ESTAN SUJETOS A MODIFICACION SIN PREVIO AVISOLOPCAR S.A",0,0,0
4571,9000.0,"¡IOPORTUNIDAD! Volkswagen TAOS Comfortline L/24 – Edición Especial (incluye funciones Highline)Año: 2024Kilometraje: ¡8.000 km!Estado: IMPECABLE, sin detallesGarantía Oficial Volkswagen vigente (primeros 3 services oficiales bonificados) Acepto permuta por VW UP! o simil",0,0,0
4575,58000.0,"Unico dueño, servicios oficiales, impecable sin detalles.",0,0,0
4576,148000.0,"Se encuentra en excelente estado.Desde Multimotores te ofrecemos:-FINANCIACIÓN BANCARIA. (Solo necesitas D.N.I, y no figurar en el veraz).-COMPRAMOS TU USADO: Lo tomamos al mejor precio, resolviendo la operación de manera inmediata y sin complicaciones :)-ACEPTAMOS TU USADO COMO PARTE DE PAGO. (Tomándolo al mejor precio :) y lo podemos tazar en tu domicilio).-¿VIVÍS EN EL INTERIOR? Tazamos tu vehículo a través de video-llamada.-SERVICIO DE GESTORÍA INTEGRAL. ( Todo tipo de Trámites, resolvemos tus dudas).-ENTREGA A DOMICILIO DE TU NUEVO VEHÍCULO.-TOMAMOS EN PAGO PLAN DE AHORRO ADJUDICADO O SIN ADJUDICAR (al día o con deuda).-NUESTRO MAYOR OBJETIVO:QUE TENGAS LA MEJOR EXPERIENCIA DE COMPRA :)Necesitas una información más detallada?/ reservar una visita para ver un vehículo?Podés comunicarte con uno de nuestros asesores de ventas, o si preferís dejanos tu contacto y te llamamos!- Contamos con un equipo con gran experiencia, capacitados y dispuestos a ayudarte en todo lo que necesites-CON LA COMPRA DE TU VEHÍCULO TE BONIFICAMOS 1 MES DE SEGURO (contra terceros completo) -COBERSER. TE ESPERAMOS",0,0,0
4580,24200.0,Chevrolet Tracker AWD modelo LTZ Premier 2019 full equipe. Único dueño. Sólo 24.000 km. Rueda de auxilio sin rodar. Leer ficha donde están especificados todos los detalles. Intermediarios abstenerse.,0,0,0
4583,90000.0,"Listo para transferir, primera mano, excelente estado.Todos los services oficiales en Ramón Suárez.No tiene detalles.Se ofrece financiación en tasa fija o UVA.",0,0,0
4599,11500.0,Nuevo impecable sin detalles . Solo tomo cuatriciclo raptor 700 de mi interés en parte de pago.,0,0,0
4609,35000.0,"UNIDAD EN STOCK FISICO. Coordinar la visita previamente.Tomamos mayor y menor valor. Su consulta no molesta.TOYOTA SW4VERSION SRXMOTOR 2.8 204cvCAJA AUTOMATICATRACCION 4X4AÑO 202335.000 KMTODOS LOS SERVICES OFICIALES EN TOYOTANo necesitas hacerle nada,Solo ponerlo en marcha y disfrutarlo.TE VENDEMOS TU AUTO SIN QUE LO DEJES DE USAR.Somos BROTHERS DRIVE CARS.Asesoramiento especializado.Atención personalizada.Permutas MAYOR Y MENOR VALOR.Consignaciones SIN QUE LO DEJES DE USAR.Financiación en cuotas FIJAS Y EN PESOS (LO ARMAMOS A TU MEDIDA)Gestoría integral del automotor.Broker de seguros.#somosconfianza #brothersforlife",0,0,0
4614,95000.0,"AUTOLINE AUTOMOTORES UNA EMPRESA FAMILIAR CON MAS DE 15 AÑOS DE TRAYECTORIA, BRINDANDO LOS MEJORES SERVICIOS A SUS CLIENTES Y GARANTIZANDO SU TRANQUILIDAD Y CONFIANZA - FORD ECOSPORT MODELO 2015 TITANIUM 1.6 UNICO DUEÑO - PEQUEÑOS DETALLES MUY LEVES , MARQUITAS Y RAYONES - POCOS KM LISTA PARA TRANSFERIR-",1,0,0
4624,80000.0,"......:::::: HONDA HR-V 1.8 Ex-l 2wd Cvt Tope de Gama ::::::....../// PRECIO EN PESOS /// SOY PARTICULAR.- Titular UNICA MANO DE 0 KM. al día sin ningún tipo de deuda. (Se vende si o si transferida).- Tratamiento cerámico en pintura, vidrios, ópticas y faroles.- Tratamiento de sellado y protección en el Cuero de los asientos marca M3.- Versión Ex-l 2wd Cvt.*** MOTOR 1.8 141 CV ***- 80.000 kms, REALES (Se puede enchufar sin problema) la mayoría de los KMS son autopista.- Transmisión automática CVT.- Mantenimientos mecánicos realizados según indica el manual, los mismos fueron realizados en tiempo y forma con repuestos originales de HONDA.- Siempre se la usa con Nafta Shell V Power.- Cubiertas con tan solo 5.000 kms. Las 4.*** INTERIOR ***- Impecable y sin descaste ni detalles, ya que la mayoría de sus KMS son de Autopista. (los asientos de atrás casi ni se usaron).- Funciona todo su equipamiento a la perfección.- La camioneta se encuentra en excelentes condiciones, lista para viajar sin tener que hacerle absolutamente nada."""" Se puede ver previo llamado telefónico en cualquier momento por la zona de Barracas C.A.B.A o Avellaneda Pcia. """"",0,0,0
4633,19500.0,"Servicios oficiales Audi que demuestran que los Km son reales y que esta mantenida en tiempo y forma como indica Audi.Primera mano, titular, dueño vende con todos los papeles al dia y lista para transferir. No la vendo si no se transfiere en el momentoSin detalles, ningún panel repintado, nunca un choque, pintura 100% original de fabricaVehículo sin uso. Igual a 0km, persona mayor de edad.Techo, cuero, automatica, Quattro, que es tracción en las 4 ruedas.Manuales, duplicado de llaves.Vidrios antivandálicos auto segurosPorta equipajes que me entregaron en Audi a comprarla, que esta sin estrenar.",0,0,0
4649,61000.0,"Bienvenido a NEOSTAR, tu Concesionario Oficial de confianza en Rosario y sus alrededores. Desde 1996, nos hemos comprometido a ofrecer asesoramiento de primera calidad a nuestros clientes, representando marcas de renombre como Jeep, Dodge, Ram, Chrysler, Nissan, Kia, Suzuki, Honda y Subaru.En NEOSTAR, nos enorgullece ofrecer una amplia gama de vehículos usados exclusivos. Con un promedio de más de 90 vehículos usados mensuales, cada uno de nuestros automóviles pasa por un riguroso proceso de peritaje mecánico para garantizar la calidad y fiabilidad. Además, todos nuestros vehículos usados vienen respaldados por una garantía y cuentan con toda la documentación necesaria para una transferencia sin complicaciones, gracias a nuestros experimentados gestores.¿Buscas cambiar tu vehículo actual? En NEOSTAR, aceptamos permutas y también compramos vehículos de todas las marcas. Confía en nosotros para obtener una valoración justa y transparente.Encuéntranos en nuestras ubicaciones en Rosario, Santa Fe (capital), Funes y Cañada de Gómez, y descubre por qué NEOSTAR es tu destino confiable para todas tus necesidades automotrices.",0,0,0
4654,65871.0,"SACUR AUTOS te ofrece una amplia variedad de Vehículos, generando seguridad y confianza en la operación, con atención personalizada y profesional.Somos una empresa que cuenta con el aval de pertenecer a la Cámara de Comercio del Automotor de Córdoba.Nuestra calificación de 4.8 estrellas avalan la calidad de nuestros vehículos, atención y eficacia.ENCONTRA TU MEJOR OPCION PARA ADQUIRIR LA FINANCIACION ADECUADA PARA VOS!COTIZA ONLINE EN ESTE MOMENTO CON NUESTROS REPRESENTANTES.¡VISUALIZA EL VIDEO DEL VEHICULO PARA VERLO EN DETALLE!",0,0,0
4656,64500.0,"INCOMPARABLE ESTADO.-SERVICES OFICIALES DEL PRIMERO AL ULTIMO. RECIEN HECHO EL ULTIMO.-4 CUBIERTAS NUEVAS RECIEN COLOCADAS.-SIN DETALLES > Contamos con gestoria propia y financiación.> Nuestras unidades son adquiridas en concesionarios oficiales: BMW, AUDI y MERCEDES BENZ, KIA, NISSAN, DODGE, JEEP, SUBARU con peritaje de sus técnicos especializados. Los vehículos exhibidos en nuestro salón poseen la documentación al día para ser transferidos.- Nos encontramos en:Eva Perón 5215Thedy 311 (Puerto Norte)- Comunícate con nosotros:3415848832 Gonzalo3415525150 Marcelo3415993330 Juan Pablo¿Querés vender tu auto? ¡Automania lo vende! Publicamos tu vehículo en diferentes plataformas de venta.",0,0,0
4663,127000.0,"Volkswagen Tiguan Allspace 2.0 TSI Comfortline DSG 4Motion – 7 Asientos – Año 2019Impecable. Único dueño. Uso exclusivo en ruta.Se vende esta SUV de alta gama en estado excepcional, con mantenimiento oficial al día y un andar suave, y sin ruidos.Ideal para quienes buscan espacio, seguridad y tecnología, en un vehículo confiable y versátil.Características principales: • Motor 2.0 TSI turbo de 212 CV – Potente, eficiente y de gran respuesta. • Caja automática DSG de 7 marchas – Conducción ágil y suave. • Tracción integral 4Motion – Seguridad total en ciudad, ruta o caminos exigentes. • Versión Allspace con 7 asientos reales – Perfecta para familias o viajes largos.Diferenciales: • Único dueño • Todos los services al día. • Andar impecable, sin detalles ni ruidos • Uso exclusivamente en ruta – nunca off-road. • Lista para transferir – papeles al día.Equipamiento destacado: • Climatizador automático tri-zona • Cámara de retroceso + sensores de estacionamiento.Sistema de estacionamiento Automático. • Pantalla táctil con App-Connect (Apple CarPlay & Android Auto) • Control de crucero • Faros LED + luces antiniebla • Modos de manejo (Normal, Eco, Sport, Nieve, Off-Road) • Llantas de aleación – neumáticos en excelente estadoDatos adicionales: • Kilometraje: [127.000] • Ubicación: [Córdoba] • Precio: [USD 35.500] • Contacto: [3513043479]Una SUV premium, cuidada con esmero. Lista para subirse y salir a la ruta.",0,0,0
4667,133000.0,"Somos una empresa familiar con mas de 30 años de experiencia en el rubro dedicándonos a vehículos de todas las gamas en excelentes condiciones tanto estéticas como de papeles. Para la tranquilidad del cliente, brindamos la opción de poder escanear y revisar ante cualquier especialista nuestras unidades. Para facilitar el proceso de compra, aceptamos permutas de menor y mayor valor, tomamos dólares y contamos con servicio de gestoría y aseguradora. además, damos la posibilidad de que el cliente presente la transferencia de manera particular para ahorrarse gastos extra. En el caso de que estes interesado en vender tu usado, nosotros te lo compramos tratando de superar cualquier oferta de manera rápida y segura encargándonos de preparar toda la documentación. Para una mejor atención, combinar una cita. los esperamos!  Grupo Scotti —> Sucursal World’s car",0,0,0
4680,28000.0,"Peugeot 3008 GT Pack THP202328.000 kmServices oficiales!Impecable, sin detalles!Recibo menor!Financió!",0,0,0
4689,96202.0,"VENDO RENAULT CAPTUR INTENS 1.6 CVT 2019. SEGUNDO DUEÑO, PRIMEROS SERVICES EN CONCESIONARIO RENAULT, INTERIOR Y EXTERIOR IMPECABLE,EXCELENTE ESTADO,LISTO PARA TRANSFERIR Y USAR.ACEPTAMOS PESOS, DÓLARES, EUROS, REALES Y CRIPTOMONEDAS A COTIZACIÓN JUSTA REAL DE MERCADO. ACEPTAMOS PERMUTAS DE MAYOR O MENOR VALOR Y TAMBIÉN FINANCIAMOS EN DÓLARES, Y EN PESOS MEDIANTE LOS PRINCIPALES BANCOS DEL PAIS.EL AUTOMÓVIL CUENTA CON DUPLICADO DE LLAVE, MANUALES, CRIQUE, LLAVE DE RUEDA, BALIZAS, MATAFUEGOS Y AUXILIO ORIGINAL, TAL COMO SALIÓ DE FÁBRICA EN 2019.—————ACERCA DE LA COMPRA Y LA TRANSFERENCIA DEL VEHÍCULO———EL COSTO DE LA TRANSFERENCIA DE TITULARIDAD DE ESTE VEHÍCULO ES DE $1.336.980. ESTE IMPORTE INCLUYE FIRMAS Y LEGALIZACIÓN EN ESCRIBANÍA, Y CUALQUIER OTRO TRÁMITE REGISTRAL QUE SEA NECESARIO. EL IMPORTE MENCIONADO ES FINAL Y NO HAY NINGÚN OTRO GASTO NI COSTO OCULTO.EL PROCEDIMIENTO DE COMPRA ES EL SIGUIENTE:1) USTED COORDINA UNA CITA Y SE ACERCA A VER Y PROBAR EL AUTOMÓVIL, Y SI LE GUSTA, PUEDE RESERVARLO EN EL MOMENTO CON $400.000.2) LUEGO, USTED TENDRÁ 7 DÍAS CORRIDOS PARA ACERCARSE A ABONAR EL VALOR DEL VEHÍCULO Y EL COSTO DE LA TRANSFERENCIA Y FIRMAR EN ESCRIBANÍA LA DOCUMENTACIÓN NECESARIA. ESE MISMO DÍA YA PODRÁ RETIRAR EN EL ACTO LA UNIDAD. NUESTRO PRODUCTOR LE PUEDE GENERAR UN SEGURO DEL AUTOMÓVIL, O BIEN PUEDE TRAER EL SUYO.3) AL CABO DE 7 DÍAS, NUESTRO EQUIPO DE GESTORES SE CONTACTARÁ CON USTED PARA HACERLE LLEGAR LA DOCUMENTACIÓN PERTINENTE.——ACERCA DE QUALIS CARS - AUTOS DE CALIDAD - CONCESIONARIA OFICIAL MULTIMARCA——LA CONCESIONARIA FUE FUNDADA EN 1973 Y HA FUNCIONADO SIN INTERRUPCIÓN DESDE ESE ENTONCES POR MAS DE 5 DÉCADAS. LOS CIMIENTOS FUNDAMENTALES FUERON SIEMPRE LOS MISMOS:1) SOLO VEHÍCULOS DE CALIDAD VERIFICADOS, HASTA 10 AÑOS DE ANTIGÜEDAD E IDEALMENTE CON MENOS DE 100.000 KM. HACEMOS EXCEPCIONES, SOLO SI VALE LA PENA EL VEHÍCULO. NO COMPRAMOS NI VENDEMOS PROBLEMAS.2) TRANSPARENCIA Y VELOCIDAD EN EL TRÁMITE DE TRANSFERENCIA. SABEMOS LO IMPORTANTE QUE ES TENER LOS PAPELES EN REGLA, Y NOS OCUPAMOS DE QUE ASÍ SEA.SI USTED COMPRA CON NOSOTROS, POR FAVOR NO SE SORPRENDA SI RECIBE VARIAS ENCUESTAS TELEFÓNICAS DE NUESTRO EQUIPO DE AUDITORES A LO LARGO DEL PROCESO DE COMPRA. BUSCAMOS ASEGURARNOS LA MISMA EXPERIENCIA PARA CADA CLIENTE Y SOBRE TODO, QUE USTED QUEDE SATISFECHO Y VUELVA.LA CONCESIONARIA SE ENCUENTRA EN ALMAGRO (CAPITAL FEDERAL, ARGENTINA) EN UN PREDIO DE 5.000M2 DONDE SE EXHIBEN ALREDEDOR DE 200 VEHÍCULOS ENTRE 0KM, IMPORTADOS, CLÁSICOS Y UTILITARIOS. EN EL PREDIO FUNCIONAN ADEMÁS TALLERES DE: POSVENTA Y MECÁNICA LIGERA, DETAILING Y CARROCERIA Y PINTURA .(POR FAVOR, PEDIR LA DIRECCION EXACTA, POR POLITICA DE MERCADOLIBRE NO PODEMOS ANUNCIARLA AQUI).",0,0,0
4693,74000.0,"Audi Q3 Quattro Stronic S Line 2.0 TFSI 2019 220 cv Full 74.000 Km, Automática, Tracción Integral, con Cuero, Llantas, Techo, 4 Levanta Vidrios, Cierre Central, Aire, Dirección, Xenón, Sensores de Estacionamiento, Ventilación Plaza Traseras, etc.Bienvenidos a Automotores España, líder en servicio y atención al cliente.Venta, permuta y consignación de autos 0 km y usados.Fundada en 1973, nuestra agencia lleva más de 40 años de experiencia en el mercado automotor. Desde la ciudad de Chivilcoy, somos líderes en el mercado local y reconocidos en toda la provincia de Buenos Aires. Contamos además con clientes en todo el país.Con un showroom de 900 mts2, en nuestros 2 locales, disponemos de un amplio stock de autos 0 km y usados. Trabajamos con todas las marcas, nacionales e importados, y vendemos autos 0 km directo de fábrica.Somos una empresa familiar manejada por sus propios dueños, con valores de transparencia y espíritu de vanguardia. Cuidamos la calidad de nuestros vehículos para proteger tu capital.",0,0,0
4699,250000.0,"Dueño titular al día vende Grand Cherokee WJ 4.0 Automática.Muy bien de mecánica, motor original sin abrir.4 cubiertas BF Goodrich All Terrain con buen dibujo.Rack de techo TK.Amortiguadores traseros Rancho RS9000 con ajuste de dureza (Made in USA).Amortiguadores delanteros Tokico (Made in USA).Estabilizador de dirección Rough Country.Bujías Champion recién colocadas.Anda todo su equipamiento eléctrico.Interior muy buen estado, salvo las butacas de cuero delanteras.La camioneta funciona muy bien, se usa a diario, es mi único vehículo. La cuido y mantengo en tiempo y forma.VTV vigente hasta noviembre 2025.Soy propietario hace casi 4 años (tercer dueño).No permuto, solo efectivo. El precio es el publicado!Respondo cualquier duda/inquietud por este medio. Se visita y se prueba sin problema por interesado y/o mecánico.",0,0,0
4704,135000.0,"Tal vez estés buscando una Camioneta de Alta Gama...que sea linda...que te de placer manejarla..que la hayan cuidado...y a un Precio razonable...te la presento...es una BMW X4..motor 3.5 x-DRIVE....año: 2016....tiene 135.000 km...con sus Servicios Oficiales...si tenés que entregar un auto en parte de pago lo tomamos...estamos para que tu Vida sea más cómoda y que sea placentero cambiar tu vehículo, no dudes en venir a conocerla...así empezás un nuevo capítulo de tu Vida con tu Nueva Camioneta...te esperamos!!!!!",0,0,0
4707,175000.0,"OSCAR AUTOMOTORES Para su confianza y tranquilidad más de 30 años en el rubro y desde el año 1991 en el mismo local avalan nuestra trayectoria. Brindamos al cliente una atención personalizada y completa incluyendo asesoramiento, gestoría y cotización de seguros. También consignamos su unidad de forma segura, para una venta rápida y transparente, Consulte!Datos de la unidad: ""AÑO 2008""FORD ECOSPORT XLT PLUS 4x2 Motor 2.0 16v 143cv Caja Manual 5taMAXIMO EQUIPAMIENTO Full + Doble Airbag, Volante regulable, tapizado y volante en cuero, llantas de aleacion, faros antinieblas, paragolpes - espejos y molduras color carroceria, Estereo con usb & bluethoot, ETC.Excelente estado general, tapizados e interiores muy cuidados. Se entregan manuales, 2da llave, VTV y grabado de autopartes.PRECIO CONTADO.- CONSULTE EN POSIBLE PERMUTAPuede encontrarnos en Google, Youtube y Mercado Libre como OSCAR AUTOMOTORES. Visite nuestro stock actualizado en nuestra web o mercado libre. Su consulta no es molestia y será respondida a la brevedad.",0,0,0
4733,160000.0,"ECOSPORT TITANIUM AUTOMATICA año 2015 con Motor DURATEC 2.0LEs la versión tope de gama de la línea 2013, la mas completa de todas. Detalles a la vista.- Asientos de cuero- Climatizador- Transmisión POWERSHIFT Automática (DPS6 197 ) 6V- Frenos de potencia ABS/ESC/TSC (Asistente en subidas)- Llanta de aluminio de 16""- Dirección asistida eléctrica (EPAS)- Levantavidrios con control eléctrico en las 4 puertas- Espejos laterales con control eléctrico- Sensor de estacionamiento trasero con visor en display de consola- Seguridad (ver fotos)- Otras características (ver fotos)Mantenimiento:- Reemplazo de embrague original (agosto de 2022) por garantía extendida- Reemplazo de pastillas de freno y discos (junio de 2023)- Reemplazo de batería original (agosto 2023)- Reemplazo de los 4 neumáticos ECOPIA (octubre 2023)- Reemplazo de modulo TCM original de la caja (abril de 2024) por garantía extendida - Servicios oficiales (enero de 2025)- Kilometraje: 160.000",0,0,0
4744,80000.0,"Jeep Renegade Longitude, motor 1.8 nafta, caja automatica, Año 2018, 80.000km -- EN EXCELENTE ESTADO-- SEGUNDO DUEÑO!Le saqué fotos de todos los angulos para corroborar que el vehiculo se encuentra sin detalle alguno. Cuenta con la llave duplicado.Se le acaba de hacer tratamiento cerámico.VTV VIGENTE.Neumaticos nuevos.Se encuentra listo para transferir, verificación policial, con todos sus papeles en regla, sin ningún tipo de deuda. Se entrega TRANSFERIDO, sin excepción.Se puede ver por Banfield, está guardada en cochera.Cualquier novedad será respondida a la brevedad.Consultas: Arturo, al teléfono de la publicación.Valor de venta contado: U$S 22.500 o su equivalente en pesos a valor blue. Se podrían evaluar permutas de vehículos en buenas condiciones..LA VENTA ES PARTICULAR! - SE ENTREGA TRANSFERIDO!",0,0,0
4763,136500.0,Unico dueñoEn excelentes condiciones mecanicasTodos los services oficialesDetalles de chapa que se ven en las fotos publicadas.Se muestra en CABA o en San Miguel.,0,0,0
4781,75000.0,"Volkswagen T-Cross 1.6 Highline At 6Precio Lista / Permuta $ 25.900.000Precio Contado Efectivo $ 23.900.000+ Aceptamos Transferencia Bancaria en Pesos y Dólares ++ Contamos con cuenta Bancaria en Estados Unidos para recibir transferencias +Mas de 25 años de experiencia en el mercado de vehículos premium• COORDINAR DÍA Y HORARIO PARA VER EL VEHÍCULO •• TOMA DE USADOS A PRECIO DE MERCADO (COTIZAMOS ONLINE)• RESERVA CON CONFIANZA :MERCADO LIBRE PROTEGE TU DINERO, ACEPTAMOS TODAS LAS TARJETAS DE DÉBITO Y BANCOS VIRTUALES• RESPUESTA INMEDIATA A TUS INQUIETUDES :Respondemos al instante mensajes y llamados. Programamos Videollamadas.• ATENCIÓN PERSONALIZADA• DOCUMENTACIÓN AL DÍA Y LISTA PARA TRANSFERIRContamos con Administración y Gestoría Integral.• COORDINAR DÍA Y HORARIO PARA VER EL VEHÍCULO •",0,0,0
4802,39200.0,EXCELENTE ESTADO !!!!SIN DETALLES !!!!IGUAL A OKM !!!!!,0,0,0
4808,23300.0,"¿Estás listo para darle un giro a tu conducción? Descubrí la excelencia de los vehículos de Autoctiy Usados. Ofrecemos una amplia gama de opciones de financiamiento diseñadas para adaptarse a tus necesidades individuales, además de la posibilidad de usar tu auto actual como parte de pago.Solo ofrecemos vehículos del 2010 en adelante, con menos de 130,000 kms recorridos y sin historial de daños estructurales.*BENEFICIOS CON AUTOCTIY USADOS:INSPECCIÓN Y GARANTÍA MECÁNICA (ISO9001): En Autoctiy Usados, la calidad es nuestra prioridad. Nuestros vehículos pasan por una exhaustiva inspección de 240 puntos realizada por nuestro equipo de expertos. Además, cuentan con kilometraje verificado y una garantía mecánica de 3 meses.*PRÓXIMOS PASOS:Contáctanos para programar una visita o reservar el vehículo de tu interés.MÉTODOS DE PAGO:    • FINANCIACIÓN A MEDIDA: Accede al auto de tus sueños con nuestro plan de financiamiento personalizado, con opciones de hasta 60 cuotas fijas.    • DEJA TU AUTO COMO PARTE DE PAGO: Cambia tu vehículo actual por uno de Autoctiy Usados.    • PAGO AL CONTADO: Realiza tu pago mediante transferencia bancaria o depósito, en pesos o dólares.¡Viví tu experiencia Autocity!",0,0,0
4811,153000.0,Distribución hecha a los 120 kms en 2023 con repuestos originales. Funciona todo el equipamiento. Prácticamente sin detalles o con muy poquitos. Muy confortable y equipada.,0,0,0
4815,143000.0,"Ford Eco sport 2.0 4x4 4WDAño:2006Con solo 143.000 kmEn excelente estado. Detalle del pintura normales por el año.Mecánica excelente.Suspensión trasera nuevaBujías y cables nuevosCable de selectora nuevoCubiertas semi nuevasEmbrague nuevoVtv al día.Tiene:- 4x4- Aire acondicionado - Cierre centralizado- Computadora a bordo - Faros antiniebla - Airbag delanteros (conductor y acompañante)- Botón para conectar la doble tracción en panel central - Portaobjetos central- Molduras laterales - Llantas de aleación - Pisaderas- Cierre automático de puertas - Radio AM / FM - plug in - Bluethoo- Alarma de luces encendidas - Espejos eléctricos - Sistema de audio con 4 parlantes - Columna de dirección ajustable en altura y profundidad - Barras portaequipajesNada para hacerle! Lista para transferir, acepto permutas.",1,0,0
4828,185000.0,"Renault Duster Privilege 2012 - Solo 185.000 km con Nafta/GNCMotor 2.0, ideal para disfrutar de potencia y confortNafta/GNC, una opción económica para tus viajes Interior espacioso y bien cuidado, para que disfrutes de cada trayectoSolo 185.000 km, ¡en excelente estado!Papeles al día¡Llévatelo ahora mismo!Retíralo con un anticipo de $6.600.000¡Cuotas fijas en pesos!Lo mejor de todo es que solo necesitas tu DNI para hacerlo tuyo.¡No dejes pasar esta oportunidad!Contactanos hoy mismo por Mercado LibreFenixCars – Tu mejor opción para adquirir el auto de tus sueños",0,0,0
4831,125000.0,"*LEER CON ATENCION*""A reparar""Le hicimos el motor nuevo. A los meses algo fallaba, compramos dos inyectores para cambiarle y antes de hacerlo un día no me encendió y así quedó. Nunca la llevamos a revisar. Nos dijeron que podia ser la distribución o algo del motor.Cualquier consulta contactarse por este medio o al teléfono publicado.No la hicimos abrir con un mecánico por problemas económicos.PRECIO U$S 6000",0,0,1
4836,84500.0,"CITROEN C4 CACTUS VTI 115 FEEL MANUAL VENDO URGENTECON GNC !!!!!JUEGO DE LLAVES, MANUALES, FUNCIONA ABSOLUTAMENTE TODO, MECANICA IMPECABLE, CUBIERTAS NUEVAS, UNIDAD REALMENTE MUY CUIDADA.INTERIOR IGUAL A NUEVO, SIN ROTURAS NI MALTRATOS.SERVICIOS REALIZADOS.LA ENTREGA ES INMEDIATA. EL PRECIO ES DE 16.500U$D.UNIDADES SELECCIONADAS. TOMAMOS PERMUTAS DE MENOR O MAYOR VALOR, CONSULTANOS A LOS TELEFONOS PUBLICADOS.EL SERVICIO DE GESTORIA ES 100% GRATIS!Para más información contáctanos.CONSULTANOS POR NUESTROS CREDITOS PRENDARIOS DIRECTOS BANCARIOS, TU CONSULTA NO MOLESTA.",0,0,0
4845,120000.0,"Renault Captur 2.0 Intens ManualTransmisión manual de 6 velocidadesControl de estabilidad ( ESP )Control de tracción ( ASR )Asistencia de frenado de urgencia ( AFU )Sensores de estacionamiento traserosCámara de retrocesoEntre las características mas destacablesVeni a conocerlo y manejarlo!Todos nuestros autos pasan por una inspección al máximo detalle. Dándote la tranquilidad que necesitas.Con California Cars» Comprá o vendé tu auto de manera fácil, rápida y de forma segura.» Autos libres de multas, sin riesgo de fraude» Opciones de financiación con la mejor tasa en CUOTAS FIJAS EN PESOS de los bancos más importantes de Argentina.» Veni a probarlo en nuestro exclusivo circuito privado.¡Hacé click en Preguntar o Whatsapp para tener asesoramiento detallado!Horarios de atención:Lunes a Sábados de 09hs a 18hs.Domingos cerrado.Parque industrial Polo HudsonAutopista Buenos Aires - La Plata, Km 30",0,0,0
4865,135000.0,"Estado impecable, todos los services y recambios de repuestos fueron realizados en services oficial de VW (guardo comprobante de cada reparacion o services). + 4 CUBIERTAS NUEVAS (menos de 3000 km) , marca Michelin Primacy 3.+ PLOTEO para proteccion de pintura, realizado desde que se saco de fabrica, renovado el ploteo hace 3 meses, con color Gris Nardo (es un gris discreto, pero impactante, que evoca la idea de lujo silencioso, utilizado en autos de alta gama en 2024/5).+ Se cambio el volante del motor (us$ 3500), repuesto que normalmente hay que cambiar a los 130.000 km en todos los motores Audi y VW.+ Bateria, frenos, amortiguadores, parrillas y bujes nuevos.+ ITV, seguro, impuestos al dia.+ UNICO DUEÑO.+ NUNCA UN CHOQUE o Toque.El precio es innegociable. Puedo aceptar permuta hasta el 40% del valor de mi vehículo.Realmente digna de entregar a un conocido.",0,0,0
4876,12000.0,Único dueñoNingún detalle.muy poco uso,0,0,0
4878,325000.0,"JAPONESA! Modelo 1999, con 325 mil km.4 cubiertas nuevas Bf-Goodrich AT de agosto 2024, con 10 mil km.Mecánicamente nada para hacerle.MANTENIMIENTO:Distribución completa a los 290 mil km.Embrague: a los 280 mil km.Amortiguadores delanteros a los 300 mil km: originales ToyotaAmortiguadores traseros: Rancho regulables.Tren delantero y trasero hecho completo 2023/2024 (bujes, barras, bieletas)Bujías de precalentamiento originales con 10 mil km.Alta y baja andando perfecto.Bateria con 2 años de antiguedad.Bomba de freno nueva.Campanas traseras nuevas.Rotulas delanteras sup. e inf. cambiadas hace 4 mil kmCaja de dirección cambiada a los 290 mil km.TODOS REPUESTOS ORIGINALES.",0,0,0
4888,87000.0,"Duster, full GNC, 2.0, excelente, año 2018FINANCIO..!!!, permutas.Ctdo. efectivo $20.990.000Podes hacer una entrega de $9.990.000 y 36 x $430.000 ajustable en pesos.También podes hacer una entrega de $9.990.000 y 36 cuotas de $690.000 fijas en pesos.Solo con DNITomamos permutas.Crédito ágil, solo DNI (no se necesita recibo de sueldo) y en 72hs. retiras la unidad.Vehículo y documentación verificada.La mejor tasa de financiación !!!20 años de trayectoria...Mónaco AutomotoresRosario",0,0,0
4895,120000.0,Honda hr.v año 2019Km 120 mil todos sus servis en honda automatica no tiene ningun detalle vtv al dia,0,0,0
4930,5300.0,"BMW X6 M 2019 ULTIMA DE ESTA LINEASOLO 5.300 KM, ESTADO DE 0KM, NINGUN DETALLEAUDIO BANG AND OLUFSENAZUL LONG BEACH BLUEUNICAFINANCIACION BANCARIA EN PESOSPRECIO DE LISTA/FINANCIACION/PERMUTA USD 169999",0,0,0
4941,47500.0,Vendo Jeep renegade longitude A/T 2019 2 do dueño.Service oficiales.Batería moura nuevaPintura de fábrica ( sin detalles)Vtv El vehículo se vende transferido.Sin deudas. Particular.No me interesan ni terrenos/ planes ni okm.U$s 23.000 o pesos al blue del día.Evaluó permuta menor valor en excelente estado. A precio considerable. Preferentemente partner hdi,0,0,0
4948,170000.0,La tengo desde 0 km. Solo uso familiar y services oficiales documentados. Alfombras trasera con pequeño daño provocado por botines de fútbol de niños. Pequeños detalles de pintura propios del uso . CubiertasMichelin con 80% vida útil.,1,0,0
4949,58000.0,"Cubiertas BF con 5000 km, llantas, barras led, doble techo, escape gibson, suspencion rancho americana, para golpe delantero más original, tomo permuta Toyota Hilux",0,0,0
4962,152300.0,"Toyota Sw4 2.8 Srx 6atExcelente estado, digna para ver.TODOS LOS SERVICES OFICIALESEquipamiento:CAJA AUTOMÁTICA DE 6TALEVAS AL VOLANTE7 AIRBAGLLANTAS DE ALEACIÓN DE 18 ""VELOCIDAD CRUCEROSENSORES DE ESTACIONAMIENTO TRASEROSCÁMARA DE ESTACIONAMIENTOFRENOS ABS + EBDCONTROL DE ESTABILIDAD Y TRACCIÓNCLIMATIZADORPANTALLA TÁCTIL DE 7""VOLANTE MULTIFUNCIÓN REVESTIDO EN CUEROTAPIZADO DE CUEROLEVANTA VIDRIOS ELÉCTRICOSESPEJOS ELÉCTRICOSFAROS ANTINIEBLA DELANTEROS Y TRASEROS",0,0,0
4963,74000.0,"Motor: V6 3.6 litros atmosférico, 300 caballos de fuerza.Transmisión: Automática Tiptronic S de ocho velocidades.Tracción: Integral.Aceleración: 0 a 100 km/h en 7.7 segundos.Velocidad máxima: 230 km/h.Escapes: AkrapovicAleron: Versión GTSSuspensión: El sistema Porsche Active Suspension Management modifica la dureza, el recorrido y la altura al piso de la suspensión, con tres posiciones: normal, deportiva y todo terreno. Este sistema funciona automáticamente, haciendo que el chasis cambie de altura según la velocidad del vehículo.El control dinámico de chasis PDCC (Porsche Dynamic Chasis Control) manipula los vaivenes laterales de la estructura mediante dos barras estabilizadoras regidas por sendos motores hidráulicos. El tránsito por un curvón rápido se ve beneficiado porque se endurece la trasera y, todo lo contrario, pone más firme la delantera cuando el volante recibe un movimiento rápido, como cambiar de carril para superara a otro vehículo.El Cayenne no rola, es decir, se mantiene paralelo al suelo si la fuerza G esgrimida en el chasis es de 0,65.El control de tracción inteligente PTM (Porsche Traction Management), que parte de una distribución de la potencia de 38% en el tren delantero y 62% en el trasero, tiene la capacidad de ir variando la entrega de torque de acuerdo con el que el eje necesita para traccionar.",0,0,0
4966,130000.0,Chevrolet Tracker 4x4 “Premier Automática” Impecable  Estado!!!!!Único DueñoInterior en óptimas condicionesSin nada roto ni mal tratadoMuy linda SuvVersión AWD 4x4 Automático Año 2018Titular al día solo mínimos detalles propios del uso y modeloCubiertas nuevasTodos sus services hechos en tiempo y formaPantalla con cámara retrovisor y sensores de estacionamientoFreno a disco en las 4 ruedasTecho corredizo eléctricoAutomática y secuencialVTV al día y grabado de autopartesSin deudasAcepto permuta de mi interés. Se vende únicamente transferida,0,0,0
4968,89000.0,"Ford Ecosport 1.5 Freestyle 2020 manual El color más lindo!!!.80.000km .unico dueño sin detalles •4 cubiertas Micheling recién colocadas hace 5.000km.•Tratamiento cerámico •VTV en vigencia •2da llave y sus manuales con su servicios realizados en ford.•Documentación al día y lista para transferir.Valor contado: $21.500.000Anticipo $10.500.000Financia $11.000.00012 meses $1.344.12018 meses $987.24024 meses $811.08036 meses$639.60048 meses $558.120Querido cliente:Nos alegra contarte que abrimos una nueva sucursal en Av. Beiró 4410, en el corazón de Devoto, a solo 10 cuadras de General Paz.Después de más de 20 años de experiencia en el rubro, seguimos creciendo gracias a la confianza de quienes nos eligen día a día.En este nuevo espacio, vas a encontrar la misma atención personalizada, el asesoramiento honesto y la calidad de siempre.Te esperamos de lunes a viernes de 9 a 19 hs y los sábados de 9 a 13 hs.También seguimos presentes en nuestra ya conocida sucursal de Puerto Madero, para estar cada vez más cerca tuyo.¿Querés dejar tu auto en parte de pago? Te hacemos una tasación inmediata por WhatsApp para que tengas una idea del valor antes de venir.Además, cada unidad incluye beneficios pensados para que vivas una experiencia única:• Te entregamos el auto con el tanque lleno, listo para salir a la ruta.• Hacemos un tratamiento acrílico para proteger la pintura y una limpieza profunda de interiores, para que sientas que estrenás un auto nuevo.• Nuestro equipo de gestoría y escribanos se encarga de todo: firmás el 08, transferimos el vehículo y te vas con todo resuelto.Gracias por confiar en nosotros. Para nosotros, cada cliente es parte de esta historia que seguimos escribiendo juntos.Pasá por cualquiera de nuestras sucursales y viví la experiencia de comprar un auto como te merecés.Tu próximo vehículo te está esperando.",0,0,0
4995,160500.0,"Vendo Renault Duster 2012, soy segundo dueño, titular, vtv vigente,  distribución recién hecha, muy buena! Pequños detalles a la vista. Precio charlable. No busco 0km, transferencia obligatoria.",1,0,0
5002,105000.0,Toyota sw4 la más full muy bien cuidada kilómetros reales 4 cubiertas nuevas titular al día funciona perfecto se escucha ofertas de contado permutaria por BMW X4 X5 se puede ver por mataderos o lanus oeste impecable ningún detalle solo uso particular es caja automática butacas de cuero 7 asientos lista para transferir sin deudas services oficiales segundo dueño permuto por vehículo de hasta 10 mil dólares,0,0,0
5003,112000.0,"• Vendo Tiguan Allspace 2018 Comfortline 2.0t 4motion, 7 asientos. • Unico dueño. • Kilometraje real y comprobable. • Services al día. • Protección de vidrios antivandálico hecha en Strong. • La camioneta esta en perfecto estado, siempre fue muy bien cuidada. • Funciona todo!!",0,0,0
5009,137000.0,"EL PRECIO PUBLICADO ES EN EFECTIVO O FINANCIACION, CONSULTAR PRECIO EN EL CASO DE QUE SEA CON PERMUTA.CUANDO PENSAS EN CAMBIAR TU USADO, PENSA EN LA CONCESIONARIA MAS VISITADA EN CORDOBA, PENSA EN LOPCAR.MAS DE 25 AÑOS DE TRAYECTORIA, TRABAJANDO PARA BRINDARLES A NUESTROS CLIENTES EL MEJOR ASESORAMIENTO A LA HORA DE ADQUIRIR O RENOVAR SU PROXIMA UNIDAD.¡BUSCAMOS LA MEJOR FINANCIACION!!¡TOMAMOS SU USADO AL MEJOR PRECIO!!SEGURIDAD, TRANQUILIDAD y HONESTIDADCUALQUIER CONSULTA NUSTROS ASESORES ESTARAN A SU DISPOSICION!!VENÍ A VISITARNOS A NUESTRO SALÓN EN BARRIO VILLA CABRERA!¿COMO SE PUEDE FINANCIAR?- Créditos personales y prendarios.- Permutas (recibimos tu usado)- Créditos en tasas fijas- Créditos Uva- Entrega mínima: 50%- Financia el saldo a una tasa desde el 16.5%LOS VALORES REFERIDOS ESTAN SUJETOS A MODIFICACION SIN PREVIO AVISOLOPCAR S.A",0,0,0
5031,122000.0,"CHERY TIGGO F2 CONFORTMUY BUEN ESTADOMINIMOS DETALLESVERSION CONFORT 1.6 4X2CAJA MANUAL122.000 KMSCUBIERTAS NUEVASTODOS LOS PAPELES AL DÍA LISTO PARA TRANSFERIR (08 FIRMADO, INFORME DE DOMINIO, LIBRE DEUDA DE INFRACCIONES, LIBRE DEUDA PATENTES, VERIFICACIÓN POLICIAL)SE ACEPTAN PERMUTASSE ESCUCHAN OFERTAS RAZONABLES DE CONTADOSE ENTREGA SI O SI TRANSFERIDOSE ENTREGA SIN DEUDA DE NINGÚN TIPOSOMOS ''VIRGILIO AUTOMOTORES'' AGENCIA UBICADA EN CAPITAL FEDERAL, BARRIO MONTE CASTRO (A METROS DE LOPE DE VEGA Y JONTE)",0,0,0
5042,140000.0,"Hyundai Tucson 4 wd Premiumla mas full de todas , doble techocuero, camara de marcha atrasautomatica, impecable",0,0,0
5083,215000.0,* AÑO 2016*215.000 KMS *SERVICE HECHO CADA 10.000 KMS*ÚNICO DUEÑO*NUNCA CHOCADA,0,0,0
5089,51000.0,"Hyundai Kona Kona 1.6T 4Wd Safety +Precio Lista / Permuta u$s 29900Precio Contado Efectivo u$s 27900+ Aceptamos Transferencia Bancaria en Pesos y Dólares ++ Contamos con cuenta Bancaria en Estados Unidos para recibir transferencias +Mas de 25 años de experiencia en el mercado de vehículos premium• COORDINAR DÍA Y HORARIO PARA VER EL VEHÍCULO •• TOMA DE USADOS A PRECIO DE MERCADO (COTIZAMOS ONLINE)• RESERVA CON CONFIANZA :MERCADO LIBRE PROTEGE TU DINERO, ACEPTAMOS TODAS LAS TARJETAS DE DÉBITO Y BANCOS VIRTUALES• RESPUESTA INMEDIATA A TUS INQUIETUDES :Respondemos al instante mensajes y llamados. Programamos Videollamadas.• ATENCIÓN PERSONALIZADA• DOCUMENTACIÓN AL DÍA Y LISTA PARA TRANSFERIRContamos con Administración y Gestoría Integral.• COORDINAR DÍA Y HORARIO PARA VER EL VEHÍCULO •",0,0,0
5104,47653.0,"PANAMER S.A. Concesionario oficial JEEP, RAM, DODGE, CHRYSLER, MITSUBISHI Y JAC.    Contamos con más de 34 años de trayectoria como concesionarios, aseguramos la más alta calidad de atención en servicios de Venta y de Post-Venta con sucursales en San Isidro, San Fernando y Campana.Empresa Certificada Normas ISO 9001-2017IMPORTANTE: Todos nuestros vehículos usados son SELECCIONADOS. Se encuentran revisados y peritados considerando más de 100 puntos de control claves. Al contar con talleres y personal experimentado, nos aseguramos de que su compra se encuentre PROTEGIDA.Sucursales Ventas:Campana: Colectora Sur 885San Fernando: Avenida del Libertador 3197Acassuso: Av. Santa Fe 907Sucursales Post-VentaCampana: San Martín 1306San Fernando: Juan N. Madero 836Acassuso: Av. Santa Fe 907Formas de Pago:-Contado (Pesos o dólares)-Financiación por Banco-Financiación por terminal-Leasing-TOMA DE USADOSi vivís a más de 150km fuera de Buenos Aires, podemos enviar tu nuevo auto a su casa.Estamos para brindarle la mejor atención.Contamos con atención física o 100% digital – Realizamos videollamadas para mostrar el vehículo de ser necesario",0,0,0
5110,38000.0,"BMW X3 2.0 Xdrive 30i XlineExcelente estado, perteneció a flota directiva. Cubiertas nuevas, ópticas actualizadas a modelo 2023, actualización del sistema de audio e insonorización completa de cabina, polarizado de seguridad. Todos los services hechos en TREPAT, se puede consultar sin problema. NO PERMUTA.",0,0,0
5115,36000.0,Primera mano excelente sin detalles,0,0,0
5121,75000.0,"FORD ECOSPORT TITANIUMAÑO 2018KILÓMETROS 75.000MOTOR 1.5 NAFTACAJA MANUALTECHO CORREDIZOTAPIZADO CUERO CAMELCÁMARA RETROCESOSomos WEST MOTORS, una empresa dedicada a la comercializacion de vehiculos usados y 0km para brindar una operacion segura y confiable a cada uno de nuestros clientes. Contamos con una amplia variedad de vehículos en óptimas condiciones para una venta satisfactoria. En caso de permuta tomamos tu usado, queres vender tu vehículo? Nosotros te lo vendemos, necesitas el dinero? Nosotros te lo compramos! No dudes en contactarnos.",0,0,0
5127,71300.0,"UNIDAD EN STOCK ONLINE. coordinar la visita previamente.Tomamos mayor y menor valor. Su consulta no molesta.FORD ECOSPORTVERSION TITANIUM MOTOR 1.5CAJA MANUALAÑO 201871.000 KMTRACCION 4X2No necesitas hacerle nada,Solo ponerlo en marcha y disfrutarlo.SI QUERES VENDER TU AUTO CON NOSOTROS, TE VENDEMOS TU AUTO SIN QUE LO DEJES DE USAR.Somos BROTHERS DRIVE CARS.Asesoramiento especializado.Atención personalizada.Permutas MAYOR Y MENOR VALOR.Consignaciones SIN QUE LO DEJES DE USAR.Financiación en cuotas FIJAS Y EN PESOS (LO ARMAMOS A TU MEDIDA)Gestoría integral del automotor.Broker de seguros.#somosconfianza #brothersforlife",0,0,0
5138,180000.0,"Titular.Al día19934x4 4WDJLX1.6 16v inyección naftaPorta equipaje adicional Alza cristales en 4 puertasCierre centralizado Dirección hidráulicaLlantas originales magnesio Espejos eléctricos Detalles como todo vehículo usado, no es un vehículo de 80.000 km .tiene su uso pero son nobles 1000%Son camionetas con mecánica Japón y son eternas con un mantenimiento adecuado.Bien de cubiertasMúltiple escape Silens5ta rueda auxilio tmb de magnecio Zona sur Temperley",0,0,0
5151,192000.0,"UNICA EN EL PAIS , IMPECABLE SIN DETALLES..FUNCIONA ABSOLUTAMENTE TODO..IMPECABLE ESTADO.. LA MEJOR DE TODAS..TODOS LOS PAPELES LISTOS PARA TRANSFERIR...ENTREGA INMEDIATA , TE LO LLEVAS EN EL DIA...TOMAMOS PERMUTA...EL PRECIO POR PERMUTA ES DE $15.000.000PODES PAGAR EN PESOS AL VALOR COMPRA DEL DOLAR BLU DEL DIA TODOS NUESTROS AUTOS ESTAN CHEQUEADOS POR NUESTRO SERVICE PROPIOSOMOS CONCESIONARIO HABILITADO ADHERIDO A LA CAMARA DE COMERCIO AUTOMOTOR.. MAS DE 10 AÑOS EN EL MISMO LUGAR..NUESTRAS CALIFICACIONES DE GOOGLE NOS AVALAN.. EL VALOR DE TRASNFERENCIA NO ESTÁ INCLUIDO Y ES DEL 5% NOS PODES BUSCAR EN GOOGLE Y VER COMO LAS OPINIONES NOS AVALAN , BUSCANOS COMO BIMOTORS AUTOMOTORES..FINANCIACION EN PESOS CUOTA FIJA..WHATSAPP: 1131160550/1130153229HORARIOS DE ATENCIOS:LUN A VIERNES DE 10 A 18HS SABADOS DE 10 A 14HS",0,0,0
5170,62000.0,"- UNICA MANO- SERVICE AL DIA- PINTURA ORIGINAL- SIN GOLPES / SIN ACCIDENTES-------- GIUMATI AUTOMOTORES --------Te ofrecemos la VERDADERA POSIBILIDAD para que te lleves aquel auto que quieras o mejor incluso! Con +15 años de trayectoria y +5000 ventas a nivel nacional, Trae tu auto para ser cotizado al mejo precio del mercado. TE FALTA UN SALDO? no te hagas problema, financiamos el faltante como te guste. Giumati ofrece un servicio de postventa/garantia con mucha dedicacion.º FINANCIACION PERSONALIZADA* ENTREGA INMEDIATA* GESTORIA EN EL 100% DEL TRAMITE",0,0,0
5182,60000.0,"MB GLC 300 4matic (caja de 9 velocidades)Impecable estado igual a nueva sin detalles y el color mas exclusivo.Tiene 4 cubiertas 0km Bridgestone cambiadas en enero 2025, también cuenta con kit herramientas y rueda de auxilio temporal, original, adquirido en cons. Mercedes Benz para mayor practicidad ya que estos vehículos se entregan de fabrica Sin rueda de auxilio, Tiene todos los servicios realizados y registrados en concesionario oficial de la marca.Para verla, otras fotos o video, comunicarse al telefonoTitular todo al día radicada en CABA",0,0,0
5198,155000.0,"BMW X1, 6cc, motor 3.0, x drive 2.8i, 265cv. Cubiertas nuevas, Vehículo muy cuidado, sin detalles, se va solo transferida. Permutas de mi interés. Soy titular.",0,0,0
5207,130000.0,"Bienvenido a NEOSTAR, tu Concesionario Oficial de confianza en Rosario y sus alrededores. Desde 1996, nos hemos comprometido a ofrecer asesoramiento de primera calidad a nuestros clientes, representando marcas de renombre como Jeep, Dodge, Ram, Chrysler, Nissan, Kia, Suzuki, Honda y Subaru.En NEOSTAR, nos enorgullece ofrecer una amplia gama de vehículos usados exclusivos. Con un promedio de más de 90 vehículos usados mensuales, cada uno de nuestros automóviles pasa por un riguroso proceso de peritaje mecánico para garantizar la calidad y fiabilidad. Además, todos nuestros vehículos usados vienen respaldados por una garantía y cuentan con toda la documentación necesaria para una transferencia sin complicaciones, gracias a nuestros experimentados gestores.¿Buscas cambiar tu vehículo actual? En NEOSTAR, aceptamos permutas y también compramos vehículos de todas las marcas. Confía en nosotros para obtener una valoración justa y transparente.Encuéntranos en nuestras ubicaciones en Rosario, Santa Fe (capital), Funes y Cañada de Gómez, y descubre por qué NEOSTAR es tu destino confiable para todas tus necesidades automotrices.",0,0,0
5227,146100.0,2 cubiertas recién cambiadasGrabado de autopartes Tapizado combinado tela y cueroTecho solarClimatizador/VENTA DE CONTADO,0,0,0
5231,61000.0,TEMPERLEY AUTOMOTORES con una trayectoria de 34 años te acerca la oportunidad que estabas esperando!¡FINANCIACIÓN EXCLUSIVA! Cuotas en pesos con y entrega inmediata. Disponibilidad real de todas las unidades. ¡Elegí el tuyo hoy mismo!El valor publicado corresponde al precio de contado mas transferencia de titularidad ¡Podes entregar tu usado y financiar la diferencia con una financiación exclusiva solo con DNI.Todas nuestras unidades se encuentran en excelente estado y totalmente al dia .Unica mano tiene 61000 km sin detalles escuchamos todas las consultas.,0,0,0
5252,110000.0,"EXCELENTE ESTADO!!Somos una empresa familiar con mas de 30 años de experiencia en el rubro dedicándonos a vehículos de todas las gamas en excelentes condiciones tanto estéticas como de papeles. Para la tranquilidad del cliente, brindamos la opción de poder escanear y revisar ante cualquier especialista nuestras unidades.Para facilitar el proceso de compra, aceptamos permutas de menor y mayor valor, tomamos dólares y contamos con servicio de gestoría y aseguradora. además, damos la posibilidad de que el cliente presente la transferencia de manera particular para ahorrarse gastos extra.En el caso de que estes interesado en vender tu usado, nosotros te lo compramos tratando de superar cualquier oferta de manera rápida y segura encargándonos de preparar toda la documentación.Para una mejor atención, combinar una cita. los esperamos!Grupo Scotti —> Sucursal World’s car",0,0,0
5255,91000.0,"KIA SPORTAGE EX AÑO 2018 MOTOR 2.0 CON 91.000 KM, EXCELENTE ESTADOFINANCIO HASTA UN 50% DEL VALOR DEL VEHICULO EN CUOTAS FIJAS SOLO CON DNIRECIBO MENORConfortAire acondicionado climatizador bizonaAlarma de luces encendidas síAsientos delanteros con ajuste eléctrico solo conductorAsientos traseros abatibles 60/40Tapizados telaCierre de puertas centralizado con comando a distanciaVidrios (del. - tras.) eléctricos - eléctricosEspejos exteriores con función de plegado eléctrico, eléctricos y térmicosEspejo interior antideslumbrante manualFaros delanteros con luces led, fijosFaros antiniebla delanterosComputadora de a bordo síControl de velocidad crucero síDirección asistida electro-hidráulica progresivaLlantas aleaciónEncendido del motor con botónLimpialuneta síPalanca de cambios revestida en cueroTecho solar no tieneVolante con ajuste en altura, multifunción revestido en cueroSensores de estacionamiento delanteros y traserosCámara de visión traseraSeguridadABS síDistribución electrónica de frenado síAsistencia en frenada de emergencia síAirbag conductor y acompañante, de cabeza delanteros y traseros (cortina), laterales delanterosAlarma e inmovilizador de motor alarma e inmovilizador de motorAnclaje para asientos infantiles síCinturones de seguridad delanteros inerciales, traseros inerciales (2) y central pélvicoOtros asistente para arranque en pendientesTercera luz de stop síSensor de lluvia síAutobloqueo de puertas con velocidad síControl de estabilidad síComunicación y entretenimientoEquipo de música AM - FM, con lector de Mp3, con comandos de audio al volanteParlantes N/DConexión auxiliar (iPod y Mp3) síConexión USB síInterfaz bluetooth síReproducción de audio vía bluetooth síPantalla táctil de 7"" colorSistema de navegación satelital (GPS)MirrorLink sí",0,0,0
5267,10000.0,Tiene PPF colocado de 0km (lamina importada transparente para protección de la pintura) Valor del mismo u$5.000Tratamiento cerámicoPodría tomar permuta de mi interés,0,0,0
5274,65000.0,"Muy bueno, sin detalles, es feel pack caja automatica motor 1,6 vti (NO THP) con apple y androidauto + camara de marcha atrasEl precio publicado es para venta de contadoNo tomo permuta, puedo financiar por medio de bancoNo doy en consignacion ni a cambio de 0kmTransferencia inmediata si ó siNo analizo ninguna oferta sin que vean el auto en persona",0,0,0
5279,137000.0,"BMW X1 2.0 Sportline – Año 2017 – Blanca – Impecable EstadoLa BMW X1 es un SUV premium que combina diseño, deportividad, tecnología y excelente comportamiento dinámico. Esta versión Sportline, modelo 2017, se presenta en inmejorables condiciones, con todo el confort y la seguridad característicos de BMW.Características Generales:	•	Año: 2017	•	Versión: Sportline	•	Motor: 2.0 litros TwinPower Turbo, 192 CV	•	Transmisión: Automática Steptronic de 8 velocidades	•	Tracción: Delantera	•	Color: Blanco	•	Kilometraje: [completar km si querés]	•	5 plazasEquipamiento Destacado:	•	Climatizador automático bizona	•	Tapizados de cuero Sportline	•	Asientos delanteros eléctricos con memoria	•	Sistema multimedia iDrive con pantalla táctil y control por mando giratorio	•	Navegador GPS integrado	•	Bluetooth y conectividad USB	•	Control de velocidad crucero	•	Sensores de estacionamiento delanteros y traseros	•	Cámara de retroceso	•	Llantas de aleación de 18” exclusivas Sportline	•	Faros LED automáticos con luz diurna	•	Control de estabilidad (DSC), control de tracción (DTC) y múltiples airbags	•	Apertura y encendido sin llave (Keyless Go)	•	Portón trasero eléctricoEstado General:	•	Mecánica impecable, con todos los servicios al día	•	Interior sin detalles, tapizados y plásticos en excelente estado	•	Carrocería sin rayones ni golpes, lista para transferir	•	Documentación completaUna SUV premium con diseño moderno, excelente rendimiento y todo el lujo y tecnología que sólo BMW ofrece. Ideal para quien busca confort, seguridad y distinción.Consultanos para más información o para coordinar una visita.",0,0,0
5301,30000.0,"Mercedes Benz GLE 450 3.0T 370cv Híbrida.TITULAR al día. Se entrega transferida. Radicada en CABA. - Fabricación 2023, modelo 2023. - Aún en GARANTÍA oficial Mercedes Benz.- No paga patente en CABA (hibrida no enchufable)- Dominio AG.- Pintura absolutamente de fábrica sin detalles, sin siniestros, estado de una camioneta 0km.Toda original.- Todos los servicios son en agencia oficial, se entrega adjunto PDF. con todos sus mantenimientos AL DIA.Es un 0km. Máximo equipo disponible en GLE:- Paquete AMG-Line.- Audio Burmester- 7 Filas de asientos.- Molduras en aluminio cepillado.- Cámaras 360° + parktronic.- Butacas calefaccionadas y refrigeradas para conductor y acompañante.Considero permutas de mí interés. .Posibilidad de ver el vehículo en Puerto Madero, CABA o Country San Diego, zona oeste Francisco Alvarez.",0,0,0
5334,130000.0,"VALOR PUBLICADO EN DOLARES. BMW  X1 AÑ0 2016  CAJA AUTOMATICA CON 3 MODOS DE CONDUCCIÓN Y 8 VELOCIDADES.     130MIL KMS       MOTOR 2.0 TWIN TURBO CON 231CVVERSION XDRIVE. (4X4) TOPE DE GAMA.SERVICIOS OFICIALES, KMS REALES, TOTALMENTE ORIGINAL  SIN DETALLES.VALOR PUBLICADO PERMUTARIA POR VEHICULO DE MI INTERES CONTACTO MATIAS ROSARIO",0,0,0
5387,150000.0,"Peugeot 2008 1.6 AllureMotor 1.6Transmisión manual.Volante multifunción.Alzacristales y retrovisores eléctricos.Veni a conocerlo y manejarlo!Todos nuestros autos pasan por una inspección al máximo detalle. Dándote la tranquilidad que necesitas.Con California Cars» Comprá o vendé tu auto de manera fácil, rápida y de forma segura.» Autos libres de multas, sin riesgo de fraude» Opciones de financiación con la mejor tasa en CUOTAS FIJAS EN PESOS de los bancos más importantes de Argentina.» Veni a probarlo en nuestro exclusivo circuito privado.¡Hacé click en Preguntar o Whatsapp para tener asesoramiento detallado!Horarios de atención:Lunes a Sábados de 09hs a 18hs.Domingos cerrado.Parque industrial Polo HudsonAutopista Buenos Aires - La Plata, Km 30",0,0,0
5392,99000.0,"FORD ECOSPORT S -.MOTOR 1.6 C/ GNC DE QUINTA GENERACIÓN - ( DOS TUBOS BAJO CHASIS CON EXCELENTE AUTONOMÍA Y CARGA EXTERNA ).MODELO 2017 ( FINES ).( 96000 KM REALES Y COMPROBABLES ) -- SE ENCUENTRA EN EXCELENTE ESTADO GENERAL - ÚNICO DUEÑO DE OKM / MUY CUIDADA MANTENIDA EN TIEMPO Y FORMA. INTERIOR INTACTO SIN DESGASTE NI DETALLES Y TODOS SUS ACCESORIOS FUNCIONANDO CORRECTAMENTE.- VTV VIGENTE / GRABADO DE AUTOPARTES -.-TRATAMIENTO EN LA PINTURA CON LOS MEJORES PRODUCTOS..PAPELES COMPLETAMENTE AL DÍA, POSEE: TODOS LOS MANUALES DE OKM, 2 LLAVES, ETC *.* CONSIDERO LA MEJOR POR SU ESTADO Y CUIDADO, DIGNA DE VER *- OFERTA CONTADO U$14.500 PERMUTO - FINANCIO. / VALOR EN PERMUTAS U$15.500 --*** SE ADJUNTAN 25 FOTOS Y UN VÍDEO DE LA UNIDAD PARA QUE PUEDA VERLA EN DETALLE",0,0,0
5401,147000.0,"Vehículo en muy buen estado, unico dueño service oficiales hasta los 110.000km comprobables, ningún detalle, batería nueva, se vende transferido si o si, posible permuta de mi interés, no me interesa agencia ni reventa",0,0,0
5421,160000.0,"CONTADO U$S 15.500------------------------------------------------------------------------------FINANCIACIÓN en pesos:MÁXIMO QUE SE PUEDE FINANCIAR POR ESTE MODELO: $11.580.000y pagarías EN CUOTAS FIJAS: 12 de $1.567.000; 24 de $997.000; 36 cuotas de $850.000 O hasta 48 cuotas fijas de $790.000------------------------------------------------------------------------------Arma vos tu plan de cuotas. SI QUERES FINANCIAR UN MONTO DISTINTO.CADA $100.000 DEVOLVES:OPCIÓN 1: 12 x $13.100 o 24 x $8100 o 36 x $6800 (TASA FIJA) CUOTAS FIJAS EN PESOS.OPCIÓN 2: 12 x $11.100* o 24 x $6400* o 36 x $4600* (TASA UVA) CUOTA VARIABLE (*valor 1era cuota)(ES CRÉDITO PRENDARIO CON MÍNIMOS REQUISITOS)------------------------------------------------------------------------------PEUGEOT 2008 FELINE 1.6 (NO es thp)AÑO 2018 || MOTOR 1.6 || 160.000kmCLIMATIZADOR, SENSORES, CAMARA, PANTALLA, TECHO CIELO, CUERO, AIRBAGS, ABS, PACK ELÉCTRICO COMPLETO Y MUCHO MAS...EXCELENTE ESTADO !! SIN DETALLES.¡¡TOMAMOS TU AUTO EN PARTE DE PAGO!!VTV, GRABADO DE AUTOPARTES, Y LIBRE DE TODO TIPO DE DEUDAS.¡¡ TENEMOS GESTORIA PROPIA PARA LA TRANSFERENCIA DEL VEHÍCULO !!HORARIO DE ATENCIÓN: LUNES A VIERNES 9.30 A 17.45hsSábados de 9.30 a 12.45hsTURDERA, LOMAS DE ZAMORA",0,0,0
5431,200000.0,Oportunidad por precio y modelo Honda Crv full original Japón la mejor calidad es 4x2 funciona bien tanto motor como caja todo original buen casco *Cuenta con todos los papeles para transferir *Detalles aire acondicionado a cargar 2 airbag delanteros a cambiar y amortiguador trasero también cazoleta crapodina de amortiguador delantero#Se ve en agencia Moktesuma en Haedo gracias,0,0,0
5434,190000.0,"Vendo Kia Sportage 2.0 Diesel 4x4 Automática 2010 con 190.000 km (A razón de 15.000 km por año)Segunda dueña Mucho mantenimiento realizado Cuatro cubiertas nuevas !!! ($1.200.000)Alineación y balanceoVtv 04/2025 Batería nueva Polarizado hecho recientementeDuplicados de llaves Cambio de aceite y filtros hechos recientementeAire acondicionado funcionando perfectamente Y mucho mantenimiento registradoPosee algunos detalles estéticos del año y del uso Ideal par quien busca una SUV 4x4 para la playa, trabajo o simplemente por gusto. Ademas con caja automática !!! Equipamiento y confort:Aire acondicionadoDirecciónLevanta cristales y espejos eléctricosAbsAirbagsVelocidad cruceroCierre centralizado y alarmaLlantas 16 pulgadasY mucho mas !!!Se vende transferido en el registro automotor (costo a cargo del comprador)Vendo - Permuto (no financio)Ricci Cars - Agencia MultimarcaEncontranos en instagram como riccicars_Su consulta no molesta!",0,0,0
5442,96634.0,"VENDO RENAULT CAPTUR ZEN 1.6 2018. VTV VIGENTE HASTA 06/2025. INTERIOR EXTERIOR IMPECABLE. EXCELENTE ESTADO. LISTO PARA USAR Y TRANSFERIR.ACEPTAMOS PESOS, DÓLARES, EUROS, REALES Y CRIPTOMONEDAS A COTIZACIÓN JUSTA REAL DE MERCADO. ACEPTAMOS PERMUTAS DE MAYOR O MENOR VALOR Y TAMBIÉN FINANCIAMOS EN DÓLARES, Y EN PESOS MEDIANTE LOS PRINCIPALES BANCOS DEL PAIS.EL AUTOMÓVIL CUENTA CON DUPLICADO DE LLAVE, MANUALES, CRIQUE, LLAVE DE RUEDA, BALIZAS, MATAFUEGOS Y AUXILIO ORIGINAL, TAL COMO SALIÓ DE FÁBRICA EN 2018.—————ACERCA DE LA COMPRA Y LA TRANSFERENCIA DEL VEHÍCULO———EL COSTO DE LA TRANSFERENCIA DE TITULARIDAD DE ESTE VEHÍCULO ES DE $988.900. ESTE IMPORTE INCLUYE FIRMAS Y LEGALIZACIÓN EN ESCRIBANÍA, Y CUALQUIER OTRO TRÁMITE REGISTRAL QUE SEA NECESARIO. EL IMPORTE MENCIONADO ES FINAL Y NO HAY NINGÚN OTRO GASTO NI COSTO OCULTO.EL PROCEDIMIENTO DE COMPRA ES EL SIGUIENTE:1) USTED COORDINA UNA CITA Y SE ACERCA A VER Y PROBAR EL AUTOMÓVIL, Y SI LE GUSTA, PUEDE RESERVARLO EN EL MOMENTO CON $400.000.2) LUEGO, USTED TENDRÁ 7 DÍAS CORRIDOS PARA ACERCARSE A ABONAR EL VALOR DEL VEHÍCULO Y EL COSTO DE LA TRANSFERENCIA Y FIRMAR EN ESCRIBANÍA LA DOCUMENTACIÓN NECESARIA. ESE MISMO DÍA YA PODRÁ RETIRAR EN EL ACTO LA UNIDAD. NUESTRO PRODUCTOR LE PUEDE GENERAR UN SEGURO DEL AUTOMÓVIL, O BIEN PUEDE TRAER EL SUYO.3) AL CABO DE 7 DÍAS, NUESTRO EQUIPO DE GESTORES SE CONTACTARÁ CON USTED PARA HACERLE LLEGAR LA DOCUMENTACIÓN PERTINENTE.——ACERCA DE QUALIS CARS - AUTOS DE CALIDAD - CONCESIONARIA OFICIAL MULTIMARCA——LA CONCESIONARIA FUE FUNDADA EN 1973 Y HA FUNCIONADO SIN INTERRUPCIÓN DESDE ESE ENTONCES POR MAS DE 5 DÉCADAS. LOS CIMIENTOS FUNDAMENTALES FUERON SIEMPRE LOS MISMOS:1) SOLO VEHÍCULOS DE CALIDAD VERIFICADOS, HASTA 10 AÑOS DE ANTIGÜEDAD E IDEALMENTE CON MENOS DE 100.000 KM. HACEMOS EXCEPCIONES, SOLO SI VALE LA PENA EL VEHÍCULO. NO COMPRAMOS NI VENDEMOS PROBLEMAS.2) TRANSPARENCIA Y VELOCIDAD EN EL TRÁMITE DE TRANSFERENCIA. SABEMOS LO IMPORTANTE QUE ES TENER LOS PAPELES EN REGLA, Y NOS OCUPAMOS DE QUE ASÍ SEA.SI USTED COMPRA CON NOSOTROS, POR FAVOR NO SE SORPRENDA SI RECIBE VARIAS ENCUESTAS TELEFÓNICAS DE NUESTRO EQUIPO DE AUDITORES A LO LARGO DEL PROCESO DE COMPRA. BUSCAMOS ASEGURARNOS LA MISMA EXPERIENCIA PARA CADA CLIENTE Y SOBRE TODO, QUE USTED QUEDE SATISFECHO Y VUELVA.LA CONCESIONARIA SE ENCUENTRA EN ALMAGRO (CAPITAL FEDERAL, ARGENTINA) EN UN PREDIO DE 5.000M2 DONDE SE EXHIBEN ALREDEDOR DE 200 VEHÍCULOS ENTRE 0KM, IMPORTADOS, CLÁSICOS Y UTILITARIOS. EN EL PREDIO FUNCIONAN ADEMÁS TALLERES DE: POSVENTA Y MECÁNICA LIGERA, DETAILING Y CARROCERIA Y PINTURA .(POR FAVOR, PEDIR LA DIRECCION EXACTA, POR POLITICA DE MERCADOLIBRE NO PODEMOS ANUNCIARLA AQUI).",0,0,0
5447,7100.0,"Inmaculadaunico dueñoPatente 2025 pagaProteccion Autoseguro Ironglass PlusTuercas de seguridad Mac GardChapón cubrecarter colocado en concesionario antes de retirar la unidad Cubre alfombras ZielProtectores de patentes, paragolpes, baúl5ta rueda homogénea aparte del auxilio de fabricaGarantia hasta 08/2027Se vende transferida",0,0,0
5490,83920.0,"VENDO RENAULT CAPTUR INTENS 1.6 CVT 2019. ÚNICO DUEÑO. SIN DETALLES ESTÉTICOS. INTERIOR Y EXTERIOR IMPECABLE. PRIMEROS SERVICES OFICIALES Y DESPUÉS PARTICULARES. LISTO PARA TRANSFERIR Y USAR.ACEPTAMOS PESOS, DÓLARES, EUROS, REALES Y CRIPTOMONEDAS A COTIZACIÓN JUSTA REAL DE MERCADO. ACEPTAMOS PERMUTAS DE MAYOR O MENOR VALOR Y TAMBIÉN FINANCIAMOS EN DÓLARES, Y EN PESOS MEDIANTE LOS PRINCIPALES BANCOS DEL PAIS.EL AUTOMÓVIL CUENTA CON DUPLICADO DE LLAVE, MANUALES, CRIQUE, LLAVE DE RUEDA, BALIZAS, MATAFUEGOS Y AUXILIO ORIGINAL, TAL COMO SALIÓ DE FÁBRICA EN 2019.—————ACERCA DE LA COMPRA Y LA TRANSFERENCIA DEL VEHÍCULO———EL COSTO DE LA TRANSFERENCIA DE TITULARIDAD DE ESTE VEHÍCULO ES DE $1.387.400. ESTE IMPORTE INCLUYE FIRMAS Y LEGALIZACIÓN EN ESCRIBANÍA, Y CUALQUIER OTRO TRÁMITE REGISTRAL QUE SEA NECESARIO. EL IMPORTE MENCIONADO ES FINAL Y NO HAY NINGÚN OTRO GASTO NI COSTO OCULTO.EL PROCEDIMIENTO DE COMPRA ES EL SIGUIENTE:1) USTED COORDINA UNA CITA Y SE ACERCA A VER Y PROBAR EL AUTOMÓVIL, Y SI LE GUSTA, PUEDE RESERVARLO EN EL MOMENTO CON $400.000.2) LUEGO, USTED TENDRÁ 7 DÍAS CORRIDOS PARA ACERCARSE A ABONAR EL VALOR DEL VEHÍCULO Y EL COSTO DE LA TRANSFERENCIA Y FIRMAR EN ESCRIBANÍA LA DOCUMENTACIÓN NECESARIA. ESE MISMO DÍA YA PODRÁ RETIRAR EN EL ACTO LA UNIDAD. NUESTRO PRODUCTOR LE PUEDE GENERAR UN SEGURO DEL AUTOMÓVIL, O BIEN PUEDE TRAER EL SUYO.3) AL CABO DE 7 DÍAS, NUESTRO EQUIPO DE GESTORES SE CONTACTARÁ CON USTED PARA HACERLE LLEGAR LA DOCUMENTACIÓN PERTINENTE.——ACERCA DE QUALIS CARS - AUTOS DE CALIDAD - CONCESIONARIA OFICIAL MULTIMARCA——LA CONCESIONARIA FUE FUNDADA EN 1973 Y HA FUNCIONADO SIN INTERRUPCIÓN DESDE ESE ENTONCES POR MAS DE 5 DÉCADAS. LOS CIMIENTOS FUNDAMENTALES FUERON SIEMPRE LOS MISMOS:1) SOLO VEHÍCULOS DE CALIDAD VERIFICADOS, HASTA 10 AÑOS DE ANTIGÜEDAD E IDEALMENTE CON MENOS DE 100.000 KM. HACEMOS EXCEPCIONES, SOLO SI VALE LA PENA EL VEHÍCULO. NO COMPRAMOS NI VENDEMOS PROBLEMAS.2) TRANSPARENCIA Y VELOCIDAD EN EL TRÁMITE DE TRANSFERENCIA. SABEMOS LO IMPORTANTE QUE ES TENER LOS PAPELES EN REGLA, Y NOS OCUPAMOS DE QUE ASÍ SEA.SI USTED COMPRA CON NOSOTROS, POR FAVOR NO SE SORPRENDA SI RECIBE VARIAS ENCUESTAS TELEFÓNICAS DE NUESTRO EQUIPO DE AUDITORES A LO LARGO DEL PROCESO DE COMPRA. BUSCAMOS ASEGURARNOS LA MISMA EXPERIENCIA PARA CADA CLIENTE Y SOBRE TODO, QUE USTED QUEDE SATISFECHO Y VUELVA.LA CONCESIONARIA SE ENCUENTRA EN ALMAGRO (CAPITAL FEDERAL, ARGENTINA) EN UN PREDIO DE 5.000M2 DONDE SE EXHIBEN ALREDEDOR DE 200 VEHÍCULOS ENTRE 0KM, IMPORTADOS, CLÁSICOS Y UTILITARIOS. EN EL PREDIO FUNCIONAN ADEMÁS TALLERES DE: POSVENTA Y MECÁNICA LIGERA, DETAILING Y CARROCERIA Y PINTURA .(POR FAVOR, PEDIR LA DIRECCION EXACTA, POR POLITICA DE MERCADOLIBRE NO PODEMOS ANUNCIARLA AQUI).",0,0,0
5494,23800.0,"Versión SEG 2.0 con caja automática CVT.Vehículo en excelente estado, con solo 23.800 km reales, único dueño y todos los services realizados en concesionario oficial Toyota (10.000 km y 20.000 km).Se encuentra en Verónica, Buenos Aires.Mecánica y mantenimiento- Motor 2.0L con 170 CV.- Caja CVT de excelente respuesta.- Service oficial al día.- Garantía vigente de fábrica.- Sin choques ni daños estructurales.Equipamiento destacado- Tapizado de cuero.- Control de velocidad crucero adaptativo.- Llantas de 18"" con grabado y tuercas antirobo.- Climatizador automático bizona.- Pantalla multimedia con conectividad Android Auto o Apple Car.- Cámara de retroceso y sensores.- Vidrios polarizados.- Soporte de matafuegos.Observaciones- No se aceptan permutas.- Se escuchan ofertas razonables.",0,0,0
5501,134000.0,"VENDO FORD KUGA TITANIUM 2.0L ECOBOOST AWD 2016. VTV VIGENTE HASTA 07/2024. TODOS LOS SERVICE OFICIALES FORD. ÚLTIMO REALIZADO A LOS 132.000KM ABRIL/2024. MÁXIMO CUIDADO, INTERIOR EN PERFECTAS CONDICIONES. CUBIERTAS NUEVAS.ACEPTAMOS DÓLARES O EUROS A COTIZACIÓN JUSTA REAL DE MERCADO, ACEPTAMOS PERMUTAS DE MAYOR O MENOR VALOR Y TAMBIÉN FINANCIAMOS.EL AUTOMÓVIL CUENTA CON DUPLICADO DE LLAVE, MANUALES, CRIQUE, LLAVE DE RUEDA, BALIZAS, MATAFUEGOS Y AUXILIO ORIGINAL, TAL COMO SALIÓ DE FÁBRICA EN 2016.—————ACERCA DE LA COMPRA Y LA TRANSFERENCIA DEL VEHÍCULO———EL COSTO DE LA TRANSFERENCIA DE TITULARIDAD DE ESTE VEHÍCULO ES DE $1.609.418. ESTE IMPORTE INCLUYE FIRMAS Y LEGALIZACIÓN EN ESCRIBANÍA, Y CUALQUIER OTRO TRÁMITE REGISTRAL QUE SEA NECESARIO. EL IMPORTE MENCIONADO ES FINAL Y NO HAY NINGÚN OTRO GASTO NI COSTO OCULTO.EL PROCEDIMIENTO DE COMPRA ES EL SIGUIENTE:1) USTED COORDINA UNA CITA Y SE ACERCA A VER Y PROBAR EL AUTOMÓVIL, Y SI LE GUSTA, PUEDE RESERVARLO EN EL MOMENTO CON $400.000.2) LUEGO, USTED TENDRÁ 7 DÍAS CORRIDOS PARA ACERCARSE A ABONAR EL VALOR DEL VEHÍCULO Y EL COSTO DE LA TRANSFERENCIA Y FIRMAR EN ESCRIBANÍA LA DOCUMENTACIÓN NECESARIA. ESE MISMO DÍA YA PODRÁ RETIRAR EN EL ACTO LA UNIDAD. NUESTRO PRODUCTOR LE PUEDE GENERAR UN SEGURO DEL AUTOMÓVIL, O BIEN PUEDE TRAER EL SUYO.3) AL CABO DE 7 DÍAS, NUESTRO EQUIPO DE GESTORES SE CONTACTARÁ CON USTED PARA HACERLE LLEGAR LA DOCUMENTACIÓN PERTINENTE.——ACERCA DE PUGLIA AUTO CONCESIONARIA OFICIAL MULTIMARCA——LA CONCESIONARIA FUE FUNDADA EN 1973 Y HA FUNCIONADO SIN INTERRUPCIÓN DESDE ESE ENTONCES POR CASI 5 DÉCADAS. LOS CIMIENTOS FUNDAMENTALES FUERON SIEMPRE LOS MISMOS:1) SOLO VEHÍCULOS DE CALIDAD VERIFICADOS, HASTA 10 AÑOS DE ANTIGÜEDAD E IDEALMENTE CON MENOS DE 100.000 KM. HACEMOS EXCEPCIONES, SOLO SI VALE LA PENA EL VEHÍCULO. NO COMPRAMOS NI VENDEMOS PROBLEMAS.2) TRANSPARENCIA Y VELOCIDAD EN EL TRÁMITE DE TRANSFERENCIA. SABEMOS LO IMPORTANTE QUE ES TENER LOS PAPELES EN REGLA, Y NOS OCUPAMOS DE QUE ASÍ SEA.SI USTED COMPRA CON NOSOTROS, POR FAVOR NO SE SORPRENDA SI RECIBE VARIAS ENCUESTAS TELEFÓNICAS DE NUESTRO EQUIPO DE AUDITORES A LO LARGO DEL PROCESO DE COMPRA. BUSCAMOS ASEGURARNOS LA MISMA EXPERIENCIA PARA CADA CLIENTE Y SOBRE TODO, QUE USTED QUEDE SATISFECHO Y VUELVA.LA CONCESIONARIA SE ENCUENTRA EN ALMAGRO (CAPITAL FEDERAL). (POR FAVOR, PEDIR LA DIRECCION EXACTA, POR POLITICA DE MERCADOLIBRE NO PODEMOS ANUNCIARLA AQUI).LOS ESPERAMOS!",0,0,0
5503,36000.0,"NISSAN KICKS EXCLUSIVE 2021 (LINEA NUEVA)UNICO DUEÑO / 36.000KM / PERMUTO/////// Comprá seguro, sin problemas y de manera simple \\\\\\\Somos AltaGamaAutos, tenemos locales físicos a la calle desde el año 2008. ¡NO VENDEMOS PROBLEMAS! Podes ver nuestra reputación en google maps. Todos nuestros vehículos están inspeccionados y certificados.* Nos ocupamos de todos los tramites, contamos con gestoría propia* Aceptamos permutasEstamos en Mar del Plata, sobre avenida colon a 15 cuadras de av. Champagnat para el lado de la costa.* El precio es el publicado",0,0,0
5509,98200.0,"¿Estás listo para darle un giro a tu conducción? Descubrí la excelencia de los vehículos de Autoctiy Usados. Ofrecemos una amplia gama de opciones de financiamiento diseñadas para adaptarse a tus necesidades individuales, además de la posibilidad de usar tu auto actual como parte de pago.Solo ofrecemos vehículos del 2010 en adelante, con menos de 130,000 kms recorridos y sin historial de daños estructurales.*BENEFICIOS CON AUTOCTIY USADOS:INSPECCIÓN Y GARANTÍA MECÁNICA (ISO9001): En Autoctiy Usados, la calidad es nuestra prioridad. Nuestros vehículos pasan por una exhaustiva inspección de 240 puntos realizada por nuestro equipo de expertos. Además, cuentan con kilometraje verificado y una garantía mecánica de 3 meses.*PRÓXIMOS PASOS:Contáctanos para programar una visita o reservar el vehículo de tu interés.MÉTODOS DE PAGO:  • FINANCIACIÓN A MEDIDA: Accede al auto de tus sueños con nuestro plan de financiamiento personalizado, con opciones de hasta 60 cuotas fijas.  • DEJA TU AUTO COMO PARTE DE PAGO: Cambia tu vehículo actual por uno de Autoctiy Usados.  • PAGO AL CONTADO: Realiza tu pago mediante transferencia bancaria o depósito, en pesos o dólares.¡Viví tu experiencia Autocity!",0,0,0
5512,37000.0,"Bienvenido a Monoceros: Tu Puente hacia Vehículos de Dueños Directos1 - Conexión Exclusiva:En MONOCEROS, cada vehículo proviene directamente de dueños, ofreciéndote una conexión única. DIFERENCIANDONOS DE LAS AGENCIAS, te brindamos la oportunidad de comprar DIRECTAMENTE A UN PROPIETARIO, asegurando una transacción más personal. Monoceros GARANTIZA una conexión exclusiva con propietarios respaldados por nuestra plataforma de confianza.2 - Chequeo Exhaustivo:Realizamos chequeos detallados para proporcionarte información precisa sobre el estado de cada vehículo, brindándote SEGURIDAD en tu compra.3 - Vendemos Transparencia:En MONOCEROS, no solo vendemos autos, vendemos transparencia. Tu confianza es nuestra prioridad.4 - Visualización en 360º:Experimenta una VISUALIZACIÓN completa con nuestro FORMATO 360º. Examina cada detalle antes de coordinar una visita.5 - Visitas Coordinadas:Programa visitas previas fácilmente mediante coordinación telefónica o por WhatsApp, adaptándonos a tu horario.6 - Informe Mecánico Completo:Proporcionamos INFORMES MECANICOS y reportes de scanner para una evaluación completa del estado del vehículo.7 - Información Legal a tu Alcance:Accede a INFORMES DE DOMINIO Y MULTAS para tomar decisiones informadas y legales.8 - Permutas Bienvenidas:Gestionamos PERMUTAS a través de agencias aliadas de confianza con una extensa trayectoria que nos vincula. Así, tu transición a un nuevo automóvil es aún más fácil y segura. ¡Haz el cambio con nosotros de manera sin complicaciones!9 - Opciones de Financiación:Explora nuestras opciones de FINANCIACIÓN para hacer más accesible la adquisición de tu vehículo.10 - Estamos aquí para responder a tus preguntas y hacer que tu búsqueda de un nuevo vehículo sea fácil y emocionante. ¡Contáctanos hoy mismo!",0,0,0
5522,68000.0,"VENDO O PERMUTO AUDI Q3 35 TFSISTRONIC AÑO 2020 CON SOLO 68.000 KM DE USO ,CUIDADA Y MANTENIDA SIEMPRE CON LO MEJOR SOY UNICO DUEÑO, ESTA MUY CUIDADA TAL CUAL SE VE EN LAS FOTOS , FUNCIONANDO A LA PERFECCIÓN SIN NADA PARA HACERLEESTÁ COMPLETAMENTEAL DÍA Y LISTA PARA TRANSFERIR ,ES DIGNA DE VER ..TIENE COMO AGREGADOS:-CHAPON CUBRECARTER -TUERCAS DE SEGURIDAD ORIGINALES-Y LAS 4CUBIERTAS MICHELIN CON 10.000KM DE USO TIENE HECHO UN TRATAMIENTO CERÁMICO PARA PROTEGER LA PINTURA Y DARLE BRILLO , NO POSEE DETALLES TANTO EN SU INTERIOR COMO EN SU EXTERIOR ESTA COMPLETAMENTE AL DÍA Y LISTA PARA TRANSFERIR . ACLARACION IMPORTANTE;SOLO PERMUTO POR AUTO O CAMIONETA CONPOCOS KM Y EN IGUALES CONDICIONES""NO ESCUCHO OFERTAS RIDÍCULAS""PRECIO CONTADO : u$s 41.000TU CONSULTA NO ES MOLESTIA SOY PARTICULAR NO AGENCIA..",0,0,0
5531,76946.0,"***USADOS SELECCIONADOS HAUSWAGEN PILAR***ASESOR COMERCIAL LEANDRO RAITICOMUNICATE CONMIGO AL WHATSAPP DE LA PUBLICACION!!!PEUGEOT 2008 FELINE 1.6 MANUALAÑO 2022 EXCELENTE ESTADO SIN DETALLES!VERIFICADA EN NUESTROS TALLERESRETÍRALA EN 24 HS!COMUNÍCATE DIRECTAMENTE CONMIGO AL WHATSAPP DE LA PUBLICACIÓN!HAUSWAGEN PILAR, concesionario Oficial Volkswagen.Te ofrecemos:- Entrega inmediata- Plan de financiación especial con tarjeta de crédito MACRO, en 6/12 cuotas sin interés- Financiamos solo con DNI- Tomamos usados en parte de pago. Mejor cotización- Crédito prendarios- Ventas corporativas- Tomamos Dólares (Consultar cotización)HAUSWAGEN PILARPanamericana, colectora este ramal pilar km 51, Pilar, BS AS.Asesor comercial",0,0,0
5543,32500.0,Unico dueño poco uso como nuevo Nunca chocado auxilio sin rodar servicio mecánico en tiempo y formaVerificacion técnica al diaEn concesionario oficial no permutoVendo transferido unicamente,0,0,0
5546,9600.0,9.600 KM SIN DETALLESTOMO AUTO O PICK UP EN PERMUTA18 AÑOS VENDIENDO EN MERCADO LIBREAVELLANEDA CENTRO. ZONA SUR,0,0,0
5553,74000.0,"Ford Ecosport 2018 SE 2018 Manual, 123 cv 4x2 Nafta. Tiene 74.000 km, titular primera mano único dueño de 0km. Auxilio sin rodar, se entrega con manual y 2 llaves originales. Tiene cambio de batería hace 16 meses (12.000 km). Tiene cambio de correa de distribución en Autobiz Ford oficial hace 14.000, se le realizó a los 60.000 km. VTV hasta 09/10/2025. Último Service realizado el 14/08/2024. Se le realizó el mantenimiento por año en tiempo y forma. 4 cubiertas al 70%, al día no debe nada ni multas ni patentes. Pintura original de fabrica. Se entrega transferido. Se puede venir con mecánico, escanear sin problema. Se puede ver por Lomas del Mirador, Mataderos o Microcentro. Precio $21.000.000",0,0,0
5558,140000.0,"MARCA FORDMODELO ECOSPORTVERSION TITANIUM 2.0AÑO 2014KMTS 140000CONSULTA AQUÍ POR CRÉDITOS BANCOR CRÉDITOS SANTANDER Y FINANCIACIÓN PROPIA DE LA CASA A MEDIDA DEL CLIENTEMEGA CARS AUTOMOTORESENTREGA INMEDIATA… EN EL DIA!!!Si el vehículo le interesó no dude en escribirnos o llamarnos para coordinar una cita y que usted pueda no solo venir a ver y revisar la unidad sino también realizar un test drive con el mismo. TODOS NUESTROS VEHÍCULOS ESTAN A SU ENTERA DISPOSICIÓN PARA QUE LOS PRUEBE, HAGA REVISAR CON SU MECANICO DE CONFIANZA O LO QUE A USTED LE PAREZCA NECESARIO PARA SU TRANQUILIDAD. Recibimos su usado en excelente precio, Financiación a medida - Distintas formas de pago.-  ————————————————————————————— Somos una agencia ícono en Córdoba capital, ubicados en el corazón del parque de venta automotriz Contamos con gran variedad de vehículos usados y cero km con entrega inmediata brindando al cliente todo lo que necesita para su tranquilidad y una operación segura y sencilla.Muchísimas gracias por elegirnos!FRANCO VACCARI",0,0,0
5591,57500.0,"RESCALA AUTOMOTORES - Multimarcas - Usados de Selección y 0KmsMAS DE 50 AÑOS de TRAYECTORIA establecidos en ALTA GRACIA!--------------------------------------------------------------------------------------------------------------- Pensaste en tener TU PRIMER VEHICULO, tal vez CAMBIARLO o Simplemente VENDERLO?- RECIBIMOS TU VEHICULO USADO EN PARTE DE PAGO.- ENTREGA INMEDIATA DEL VEHICULO QUE LLEVAS.- FINANCIAMOS EN CUOTAS FIJAS Y PESOS.- NUESTRO STOCK ESTA CONTROLADO Y PERITADO PARA DAR TRANQUILIDAD EN TU COMPRA.- SEGUINOS..----------------------------------------------------------------------------------------* VISITANOS PERSONALMENTE en nuestro SHOWROOM* LUNES A SABADOS DE 9 A 13 HS Y DE 16:30 A 20:30 HS - Feriados Consultar!",0,0,0
5597,87000.0,"¡¡¡SOMOS ME2 AUTOMOVILES!!! CONCESIONARIO PROFESIONAL PARA LA COMPRA-VENTA DE VEHICULOS; CONOCENOS, VISITANOS ASI REALIZAS UNA OPERACION PROFESIONAL, SEGURA, RESPONSABLE Y DE CALIDAD.CALIDAD 100% ASEGURADA EN VEHICULOS USADOS!-----------------------------------------------------------DESCRIPCION DEL VEHICULO Y FORMAS DE PAGO:RENAULTDUSTER PRIVILEGE NAFTA 1.6KM 87.000AÑO 2017#TOPE DE GAMA#CAMARA DE RETROCESO#PANTALLA MULTIMEDIA#VELOCIDAD CRUCERO#SISTEMA ABS#ALZA CRISTALES#ESTADO IMPECABLE#VIDEO DE LA UNIDAD DISPONIBLE-----------------------------------------------------------OPCIONES DE PAGO:1-ENTREGA $ 9.200.000 Y FINANCIA EL RESTO SOLO CON DNI.2-TOMAMOS PERMUTAS, CONSULTANOS.-----------------------------------------------------------PREGUNTAS FRECUENTES:1-CUOTAS Y PLAN DE PAGO PROMEDIO? No hay una cuota o un plan de pagos promedio ya que el plan de pagos se arma con el perfil de credito de cada cliente.2-EL PRECIO ES EL PUBLICADO? NO, es el anticipo para una posible financiacion3-TOMAMOS PERMUTAS? Si, para cotizarlo tenemos que revisar tu vehiculo.4-EL VEHICULO TIENE LOS PAPELES PARA TRANSFERIR? Si, se van transferidos del concesionario.5-PUEDO IR CON UN MECANICO? Si, podes revisarlo sin problema.6-EL AUTO SALE ASEGURADO? Brindamos servicio de seguros.7-POR DONDE ME CONTACTO? Hace clic en los enlaces para contactarnosME2 AUTOMOVILES",0,0,0
5608,60000.0,Única mano.Impecable!!Mínimos detalles de uso.Service oficiales en agencia San Nicolás.Puedo tomar permuta en similares condiciones.,0,0,0
5648,110000.0,Detalles en última foto,1,0,0
5663,38000.0,"GLC 43 AMGAÑO 2018 38.000 kmService oficiales Mercedes Benz Blindado RB3 con vidrios AGP , es un kit de blindaje especialmente diseñado para este modelo Impecable estado sin el más mínimo detalle .Cubiertas en perfecto estado .Se vende transferida.Service de blindaje realizado Valor permuta 115.000Comunicarse previamente para coordinar su visita",0,0,0
5673,365000.0,"Toyota Land Cruiser Prado, 3.0 Diesel. 4x4 con caja reductora y bloqueo de diferencial. Caja manual, tapizado de pana, tercera fila de asientos. Kilometraje mayormente de ruta. Servicio completo hecho 10/2024: tren delantero, dirección, frenos, otros servicios de control y mantenimiento programado, cambio de correa completo con tensores, filtros/aceites y todos (al 100%) líquidos y fluidos hecho 10/2024 en Toyota Prana. Todo con repuestos originales Toyota Japón, aceites semi y sintéticos Valvoline y Shell. Servicio completo de bomba y inyectores con repuestos originales Japón DENSO (11/2024). Con facturas de los servicios hechos para comprobar. Mecánicamente esta perfecta, motor perfecto, suspensión, dirección, etc. no hace falta hacer nada absolutamente, detalles de estética y algunos faltantes mínimos (unos plásticos, tapitas, etc.) Tiene VIGÍA, otros sensores/puntos de seguridad, dos vidrios laterales de la parte de atrás blindados. Siempre cuidada, con servicios oficiales y repuestos originales, guardada en el garaje, nuca en la calle. Fabricación original Japón con varios accesorios. Se entrega sin deudas con transferencia obligatoria.Viene con equipamiento original de Japón: subwoofer con potencia “Carrozeria” que comercializa solo para Japón, estéreo central SONY de AP con todas las funciones de CarPlay. Neumáticos Yokohama Geolandar AT nuevas, puestos hace poco (tengo facturas con la garantía). Protecciones (chapones) reforzados: del motor, cárter/caja y caja reductora de equipamiento profesional 4x4, marca TK (son 3 piezas).  El precio publicado con todo equipamiento y adicionales más varios repuestos de regalo (todos original Toyota Japón), también con el estéreo original de fábrica y las dos butacas de tercera fila, tengo todo guardado. Se muestra en el estacionamiento administrativo con seguridad, zona Olivos, horario a coordinar. Acepto cripto.",1,0,0
5697,71000.0,Service oficiales en FIAT.Cambio de Correa distribución con su tensor y correa Poly-V.Reemplazo de bujias.Bateria nueva año 2025Se cambiaron las 4 cubiertas año 2024.,0,0,0
5703,56118.0,"Cambiá tu auto o comprá uno semi nuevo en Kavak, compañía N°1 en venta online de autos usados en Latinoamérica. Contamos con distintos planes de financiamiento para adaptarse a tus necesidades, también podés dejar tu auto como parte de pago. Solo vendemos autos 2010 en adelante, con menos de 100.000 km, que nunca tuvieron daños estructurales ni GNC.------------------------------------------------------------->> Nissan Kicks 1.6 SENSE MY20 << 409413*BENEFICIOS KAVAK:Al comprar tu Auto Kavak contás con un PERÍODO DE PRUEBA DE 7 DÍAS o 300 KM. Si no te encantó, te devolvemos el 100% de tu dinero (incluida la transferencia)*INSPECCIÓN Y COBERTURA MECÁNICA: En Kavak, la calidad es lo más importante. Nuestros autos son mucho más que autos usados, son autos semi-nuevos reacondicionados que están revisados en 240 puntos por nuestro equipo de expertos, tienen todos los servicios al día, kilometraje real y cobertura mecánica Kavak de 3 meses con posibilidad de extensión a 1 año.*CONTRATÁ KAVAK TOTAL: Con Kavak Total tenés 9 meses adicionales de cobertura con tope según marca/modelo del auto en arreglos, en motor, transmisión, tracción delantera y trasera, batería, embrague y correa o cadena de distribución. Cuidar tu auto puede ser tan fácil como manejarlo.PRÓXIMOS PASOS:Consúltanos para agendar una visita y/o reservar tu auto de interés.*MÉTODOS DE PAGO:- FINANCIAMOS TU COMPRA: Podés acceder al auto de tus sueños con nuestro plan de financiamiento hecho a tu medida. Financialo en hasta 60 cuotas fijas.- DEJÁ TU AUTO COMO PARTE DE PAGO: Cambiá tu auto por uno Kavak.- AL CONTADO: Pagá vía transferencia bancaria o deposito. Podés pagar en pesos o en dólares.Para mayor información visitá nuestro sitio.*Ver términos y condiciones en Compra y Venta de Autos Usados en Argentina con Garantia",0,0,0
5721,96000.0,"VENDO NISSAN KICKS ADVANCE 2018. SEGUNDO DUEÑO. SERVICE COMPLETOS. INTERIOR Y EXTERIOR IMPECABLE. EXCELENTE ESTADO. CAJA AUTOMÁTICA. LLANTAS EN BUEN ESTADO. LISTO PARA TRANSFERIR Y USAR.ACEPTAMOS PESOS, DÓLARES, EUROS, REALES Y CRIPTOMONEDAS A COTIZACIÓN JUSTA REAL DE MERCADO. ACEPTAMOS PERMUTAS DE MAYOR O MENOR VALOR Y TAMBIÉN FINANCIAMOS EN DÓLARES, Y EN PESOS MEDIANTE LOS PRINCIPALES BANCOS DEL PAIS.EL AUTOMÓVIL CUENTA CON DUPLICADO DE LLAVE, MANUALES, CRIQUE, LLAVE DE RUEDA, BALIZAS, MATAFUEGOS Y AUXILIO ORIGINAL, TAL COMO SALIÓ DE FÁBRICA EN 2018.—————ACERCA DE LA COMPRA Y LA TRANSFERENCIA DEL VEHÍCULO———EL COSTO DE LA TRANSFERENCIA DE TITULARIDAD DE ESTE VEHÍCULO ES DE $983.832. ESTE IMPORTE INCLUYE FIRMAS Y LEGALIZACIÓN EN ESCRIBANÍA, Y CUALQUIER OTRO TRÁMITE REGISTRAL QUE SEA NECESARIO. EL IMPORTE MENCIONADO ES FINAL Y NO HAY NINGÚN OTRO GASTO NI COSTO OCULTO.EL PROCEDIMIENTO DE COMPRA ES EL SIGUIENTE:1) USTED COORDINA UNA CITA Y SE ACERCA A VER Y PROBAR EL AUTOMÓVIL, Y SI LE GUSTA, PUEDE RESERVARLO EN EL MOMENTO CON $400.000.2) LUEGO, USTED TENDRÁ 7 DÍAS CORRIDOS PARA ACERCARSE A ABONAR EL VALOR DEL VEHÍCULO Y EL COSTO DE LA TRANSFERENCIA Y FIRMAR EN ESCRIBANÍA LA DOCUMENTACIÓN NECESARIA. ESE MISMO DÍA YA PODRÁ RETIRAR EN EL ACTO LA UNIDAD. NUESTRO PRODUCTOR LE PUEDE GENERAR UN SEGURO DEL AUTOMÓVIL, O BIEN PUEDE TRAER EL SUYO.3) AL CABO DE 7 DÍAS, NUESTRO EQUIPO DE GESTORES SE CONTACTARÁ CON USTED PARA HACERLE LLEGAR LA DOCUMENTACIÓN PERTINENTE.——ACERCA DE QUALIS CARS - AUTOS DE CALIDAD - CONCESIONARIA OFICIAL MULTIMARCA——LA CONCESIONARIA FUE FUNDADA EN 1973 Y HA FUNCIONADO SIN INTERRUPCIÓN DESDE ESE ENTONCES POR MAS DE 5 DÉCADAS. LOS CIMIENTOS FUNDAMENTALES FUERON SIEMPRE LOS MISMOS:1) SOLO VEHÍCULOS DE CALIDAD VERIFICADOS, HASTA 10 AÑOS DE ANTIGÜEDAD E IDEALMENTE CON MENOS DE 100.000 KM. HACEMOS EXCEPCIONES, SOLO SI VALE LA PENA EL VEHÍCULO. NO COMPRAMOS NI VENDEMOS PROBLEMAS.2) TRANSPARENCIA Y VELOCIDAD EN EL TRÁMITE DE TRANSFERENCIA. SABEMOS LO IMPORTANTE QUE ES TENER LOS PAPELES EN REGLA, Y NOS OCUPAMOS DE QUE ASÍ SEA.SI USTED COMPRA CON NOSOTROS, POR FAVOR NO SE SORPRENDA SI RECIBE VARIAS ENCUESTAS TELEFÓNICAS DE NUESTRO EQUIPO DE AUDITORES A LO LARGO DEL PROCESO DE COMPRA. BUSCAMOS ASEGURARNOS LA MISMA EXPERIENCIA PARA CADA CLIENTE Y SOBRE TODO, QUE USTED QUEDE SATISFECHO Y VUELVA.LA CONCESIONARIA SE ENCUENTRA EN ALMAGRO (CAPITAL FEDERAL, ARGENTINA) EN UN PREDIO DE 5.000M2 DONDE SE EXHIBEN ALREDEDOR DE 200 VEHÍCULOS ENTRE 0KM, IMPORTADOS, CLÁSICOS Y UTILITARIOS. EN EL PREDIO FUNCIONAN ADEMÁS TALLERES DE: POSVENTA Y MECÁNICA LIGERA, DETAILING Y CARROCERIA Y PINTURA .(POR FAVOR, PEDIR LA DIRECCIÓN EXACTA, POR POLITICA DE MERCADOLIBRE NO PODEMOS ANUNCIARLA AQUÍ).",0,0,0
5726,10700.0,"El Fiat Pulse Abarth 270 es una versión deportiva del crossover compacto Pulse, desarrollado por Abarth, la división de alto rendimiento de Fiat. Este modelo cuenta con un motor turbo de 1.3 litros que genera 175 caballos de fuerza, logrando una aceleración de 0 a 100 km/h en 7,8 segundos. Su diseño incluye detalles exclusivos como un paragolpes rediseñado, doble escape, llantas oscuras y acabados interiores mejorados, lo que refuerza su carácter deportivo.",0,0,0
5739,85000.0,"Maraca: Renault Modelo: Duster Versión: privilege 2.0 4x4 Año: 2019 Km: 85.000CONSULTA AQUÍ POR CRÉDITOS BANCOR CRÉDITOS SANTANDER Y FINANCIACIÓN PROPIA DE LA CASA A MEDIDA DEL CLIENTEMEGA CARS AUTOMOTORESENTREGA INMEDIATA… EN EL DIA!!!Si el vehículo le interesó no dude en escribirnos o llamarnos para coordinar una cita y que usted pueda no solo venir a ver y revisar la unidad sino también realizar un test drive con el mismo. TODOS NUESTROS VEHÍCULOS ESTAN A SU ENTERA DISPOSICIÓN PARA QUE LOS PRUEBE, HAGA REVISAR CON SU MECANICO DE CONFIANZA O LO QUE A USTED LE PAREZCA NECESARIO PARA SU TRANQUILIDAD. Recibimos su usado en excelente precio, Financiación a medida - Distintas formas de pago.-  ————————————————————————————— Somos una agencia ícono en Córdoba capital, ubicados en el corazón del parque de venta automotriz Contamos con gran variedad de vehículos usados y cero km con entrega inmediata brindando al cliente todo lo que necesita para su tranquilidad y una operación segura y sencilla.Muchísimas gracias por elegirnos!FRANCO VACCARI",0,0,0
5744,69900.0,"¿Estás listo para darle un giro a tu conducción? Descubrí la excelencia de los vehículos de Autoctiy Usados. Ofrecemos una amplia gama de opciones de financiamiento diseñadas para adaptarse a tus necesidades individuales, además de la posibilidad de usar tu auto actual como parte de pago.Solo ofrecemos vehículos del 2010 en adelante, con menos de 130,000 kms recorridos y sin historial de daños estructurales.*BENEFICIOS CON AUTOCTIY USADOS:INSPECCIÓN Y GARANTÍA MECÁNICA (ISO9001): En Autoctiy Usados, la calidad es nuestra prioridad. Nuestros vehículos pasan por una exhaustiva inspección de 240 puntos realizada por nuestro equipo de expertos. Además, cuentan con kilometraje verificado y una garantía mecánica de 3 meses.*PRÓXIMOS PASOS:Contáctanos para programar una visita o reservar el vehículo de tu interés.MÉTODOS DE PAGO:  • FINANCIACIÓN A MEDIDA: Accede al auto de tus sueños con nuestro plan de financiamiento personalizado, con opciones de hasta 60 cuotas fijas.  • DEJA TU AUTO COMO PARTE DE PAGO: Cambia tu vehículo actual por uno de Autoctiy Usados.  • PAGO AL CONTADO: Realiza tu pago mediante transferencia bancaria o depósito, en pesos o dólares.¡Viví tu experiencia Autocity!",0,0,0
5755,97000.0,"EL PRECIO PUBLICADO ES UNA ENTREGA MAS FINANCIACION, ENTREGA DE $28.000.000 Y 48 CUOTAS DE 470.000 APROX CUANDO PENSAS EN CAMBIAR TU USADO, PENSA EN LA CONCESIONARIA MAS VISITADA EN CORDOBA, PENSA EN LOPCAR.MAS DE 25 AÑOS DE TRAYECTORIA, TRABAJANDO PARA BRINDARLES A NUESTROS CLIENTES EL MEJOR ASESORAMIENTO A LA HORA DE ADQUIRIR O RENOVAR SU PROXIMA UNIDAD.¡BUSCAMOS LA MEJOR FINANCIACION!!¡TOMAMOS SU USADO AL MEJOR PRECIO!!SEGURIDAD, TRANQUILIDAD y HONESTIDADCUALQUIER CONSULTA NUSTROS ASESORES ESTARAN A SU DISPOSICION!!¿COMO SE PUEDE FINANCIAR?- Créditos personales y prendarios.- Permutas (recibimos tu usado)- Créditos en tasas fijas- Créditos Uva- Entrega mínima: 50%- Financia el saldo a una tasa desde el 16.5%LOS VALORES REFERIDOS ESTAN SUJETOS A MODIFICACION SIN PREVIO AVISOLOPCAR S.A",0,0,0
5770,56000.0,"JEEP COMPASS 2022 LIMITED AT 1,3 270T LINEA NUEVA TABLERO DIGITAL MULTIMEDIA 10"" CUERO TECHO CAMARA SONIDO "" BEATS"" ORIGINAL CON SUB WOOFER . EXCELENTE ESTADO GENERAL SIN DETALLES TOMAMOS SU USADO AL MEJOR VALOR DE MERCADO CREDITOS A SOLA FIRMA CON DNI BSAS CARS CENTRAL AV RIVADAVIA 10240 V LURO CABA",0,0,0
5773,145909.0,Chery Tiggo 2011 confort line 145.000km otros detalles q no hacen al valor: nuevo:Dos precapsLas 4 cubiertasLas pastillas de freno La bateríaY el juego de cubiertasLíquido rápido por cuestiones estéticas Valor del mercado $10.500.000,0,0,0
5790,61600.0,"• Motor 2.0L TwinPower Turbo – 192 CV y 280 Nm• Caja automática Steptronic de doble embrague y 7 velocidades• Tracción integral• Excelente aceleración, eficiencia y comportamiento en ruta• Paquete estético M Sport X (paragolpes, molduras, llantas, detalles interiores)• Sistema iDrive con pantalla multimedia central• Apple CarPlay• Climatizador automático bizona• Encendido por botón y acceso sin llave• Cámara de retroceso y sensores de estacionamiento delanteros y traseros• 6 airbags• Control de estabilidad y tracción• Papeles al dia lista para transferir• Financiamos• Evaluamos permutas",0,0,0
5814,44000.0,"Audi Q5 45 TFSI OffroadAño (2020)Km 44000Primera manoimpecableServicios al diaPrecio USD56.000PERMUTA/MENOR/FIN USD60.000Recibimos MenorFinanciación Bancaria""Acercamos Partes""En Sellcar hacemos que la compraventa de vehículos sea transparente para ambas partes, por eso trabajamos para que tanto comprador como vendedor puedan cerrar la operación comercial, disminuyendo riesgos, tiempo y estrés para ambas partes...Realizamos todo el proceso pasando por las distintas etapas de la operatoria.",0,0,0
5835,130000.0,"CONTADO U$S 19500------------------------------------------------------------------------------FINANCIACIÓN en pesos:MÁXIMO QUE SE PUEDE FINANCIAR POR ESTE MODELO: $ 13.020.000y pagarías EN CUOTAS FIJAS: 12 de $1.706.000; 24 de $1.062.000; 36 cuotas de $891.000 o HASTA 48 cuotas fijas de $818.000o en EN CUOTAS VARIABLES tasa UVA 12 de $1.451.000*; o hasta 24 de $841.000* (*valor 1er cuota)------------------------------------------------------------------------------Arma vos tu plan de cuotas. SI QUERES FINANCIAR UN MONTO DISTINTO.CADA $100.000 DEVOLVES:OPCIÓN 1: 12 x $13.100 o 24 x $8100 o 36 x $6800 (TASA FIJA) CUOTAS FIJAS EN PESOS.OPCIÓN 2: 12 x $11.100* o 24 x $6400* o 36 x $4600* (TASA UVA) CUOTA VARIABLE (*valor 1era cuota)(ES CRÉDITO PRENDARIO CON MÍNIMOS REQUISITOS)------------------------------------------------------------------------------JEEP RENEGADE SPORT PLUS ATAÑO 2018 || MOTOR 1.8 || 130.000kmCLIMATIZADOR AUTOMATICO BIZONA, SENSORES, CAMARA, PANTALLA TACTIL, AIRBAGS, ABS, PACK ELÉCTRICO COMPLETO Y MUCHO MAS...EXCELENTE ESTADO !! SIN DETALLES.¡¡TOMAMOS TU AUTO EN PARTE DE PAGO!!VTV, GRABADO DE AUTOPARTES, Y LIBRE DE TODO TIPO DE DEUDAS.¡¡ TENEMOS GESTORIA PROPIA PARA LA TRANSFERENCIA DEL VEHÍCULO !!HORARIO DE ATENCIÓN: LUNES A VIERNES 9.30 A 17.45hsSábados de 9.30 a 12.45hsTURDERA, LOMAS DE ZAMORA",0,0,0
5856,110000.0,"*MODELO:DUSTER*MOTOR:1.6*AñO:2012*KM:90.000*UNICO DUENO? 1 MANOFINANCIAN?SI,POR BANCO A TASA FIJA O CREDITO UVA.*ESTADO DE CUBIERTAS:100%*ESTADO INTERIOR:10 PTOS*ESTADO EXTERIOR:10 PTOS*SI PAGO AUTO Y TRANSFERENCIA ME LO PUEDO LLEVAR EN EL MOMENTO:SI*LOS VEHICULOS QUE VENDEN ESTAN LIBRE DE MULTAS Y AL DIA?TODOS NUESTROS VEHICULOS SE ENTREGAN AL DIA Y LIBRE DE MULTAS.*PUEDO LLEVAR MI MECANICO Y CHAPISTA PARA INPECCIONAR?SI,NINGUN PROBLEMA.",0,0,0
5874,87000.0,"Único dueño .Excelente estado .Cubiertas nuevas .Todos los service oficiales .Tiene absolutamente todos los opcionales que se le podían colocar por catalogo al momento de compra de cero km  ,una fortuna.... gran parte del monto del precio base.Si bien es la mas cara publicada en Mercado Libre  ,por lo que menciono al principio ,  puedo asegurar que es al revés .Detalle accesorios originales pedidos aparte :- Alfombras de goma ,incluyendo la del baul .- Suspensión neumática .- Visión puntos ciegos .- Chapón de acero delantero.- Chapón de acero trasero.- 4 aires acondicionado.- 4 calienta asientos .- Techo panorámico .- Audio .- Luces.- Gancho de tariler electrico rebatible .- Llantas Spider de 20 pulgadas .- Tanque combustible de 100 litros .- Sistema de DVD traseros (uno por asiento) con auriculares inalámbricos .- Apertura de puertas con luz que refleja en el piso las letras de la marca  .- Lava faros.- Detalles cromados .Y es lo que el dueño se acuerda hasta aca ...Ultima foto ,valija de viaje porsche con sus respectivos anclajes misma marca (ej U$ 4.500 solo este accesorio en su momento  ) En caso de querer verla ,por favor comunicarse antes al celular publicado ( hay un enlace de WhatsApp directo en la publicación) para combinar día y horario .PILARAUTO ...desde 1975 en Pilar ,la agencia de usados mas antigua de la zona .",0,0,0
5877,87018.0,"PANAMER S.A. Concesionario oficial JEEP, RAM, DODGE, CHRYSLER, MITSUBISHI Y JAC.  Contamos con más de 34 años de trayectoria como concesionarios, aseguramos la más alta calidad de atención en servicios de Venta y de Post-Venta con sucursales en San Isidro, San Fernando y Campana.Empresa Certificada Normas ISO 9001-2017IMPORTANTE: Todos nuestros vehículos usados son SELECCIONADOS. Se encuentran revisados y peritados considerando más de 100 puntos de control claves. Al contar con talleres y personal experimentado, nos aseguramos de que su compra se encuentre PROTEGIDA.Sucursales Ventas:Campana: Colectora Sur 885San Fernando: Avenida del Libertador 3197Acassuso: Av. Santa Fe 907Sucursales Post-VentaCampana: San Martín 1306San Fernando: Juan N. Madero 836Acassuso: Av. Santa Fe 907Formas de Pago:-Contado (Pesos o dólares)-Financiación por Banco-Financiación por terminal-Leasing-TOMA DE USADOSi vivís a más de 150km fuera de Buenos Aires, podemos enviar tu nuevo auto a su casa.Estamos para brindarle la mejor atención.Contamos con atención física o 100% digital – Realizamos videollamadas para mostrar el vehículo de ser necesario",0,0,0
5884,48350.0,"¡Somos Surmotors!Grupo de concesionarios con 25 años de trayectoria en el mercado mendocino. Representamos oficialmente marcas reconocidas como Puegeot, Citroen, Honda y KIA. Contamos además con un departamento de usados multimarca de calidad destacable.Nuestros Usados son sometidos a revisión, escaneo computarizado, prueba de manejo, reacondicionamiento para lograr un excelente estado general. Contáctanos para realizar una prueba de manejo.Facilidades de pago:- Recibimos tu usado (Sujeto a peritaje).- Financiamos solo con DNI tasas competitivas (Sujeto a aprobación crediticia).- Recibimos moneda extrajera (Consultar cotización).¿No estás en Mendoza? ¡No hay problema!Atendemos a clientes de todo el país. Si estás en otra provincia, te guiamos paso a paso en el proceso de compra y te brindamos toda la información que necesitas para realizar una transacción segura y confiable.",0,0,0
5886,190000.0,"Excelente camioneta, funciona todo, no hace ruidos, detalles esteticos minimos de los años, tiene suplementos de altura traseros, Tuercas de seguridad, Luces LED, 2 juegos de llaves, manuales, Grabado de autopartes, VTV recien hecha, Soy titular, patentes y papeles al dia, multas de dueños anteriores (se firma la negativa), verificacion policial ya realizadaPosible permuta por vehiculo con caja automatica JaponesEscucho ofertasMantenimiento realizado en 2024Bujias nuevas - MarzoBieletas delanteras nuevas - JunioCambio de aceite y filtros de aceite, aire y habitaculo - JulioAceite de caja (original Honda) y filtro - Agosto (182.000km)Bateria nueva - Septiembre2 cubiertas nuevas Yokohama - OctubreRadicada en Haedo, se puede ver por Moron cercano a mi domicilio, Don Torcuato o La Boca (lugares de trabajo) coordinacion previa.",1,0,0
5900,92000.0,"BETA AUTOMOTORESConcesionario Oficial ChevroletLíder en ventas y calidad de atención, la opinión de nuestros clientes y 27 años en la marca, nos avala. ***Solo vendemos usados seleccionados***¡SUPER OPORTUNIDAD POR PRECIO Y ESTADO!**NOVEDADES DE MAYO***¡¡¡NUEVA FINANCIACION EXCLUSIVA PARA USADOS, CON UNA TASA FIJA DEL 29% ANUAL!!!SI, FIJA Y DESDE EL 29% ANUAL (LE GANAS AMPLIAMENTE A LA INFLACIÓN). Y EXCLUSIVA, PORQUE SOLO NOSOTROS TE LA PODEMOS OFRECER, YA QUE ES DE CHEVROLET GPAT PARA LOS VEHICULOS USADOS DE TODAS LAS MARCAS QUE OFRECEMOS.¡SOLO POR CUPOS LIMITADOS, CONSULTA AHORA!EL VEHICULO-Se encuentra en inmejorable estado ya que está muy cuidado, y posee todos los service al día. Cada vehículo que entra y sale a la venta en nuestro concesionario, pasa por un exhaustivo chequeo realizado por nuestros técnicos, luego se selecciona y se exhibe.-Posee vtv al día, grabado de autopartes, informes de dominio y de infracciones, verificación policial, manuales, 2da llave, etc.LA DOCUMENTACIONNuestra área administrativa se encarga de que la documentación este al día, completa y lista, para que puedas hacer el trámite de transferencia de manera inmediata, y sin necesitar intermediarios. Además te acompañan y asesoran en el proceso de solicitud de tramites.FORMAS DE PAGO-Permutamos por tu vehículo usado. ¡Cotiza en línea, ahora!-Recibimos dólares y los pagamos al mejor precio de mercado, para una compra mas segura, sin que tengas que buscar lugar, y cambiarlos vos.-CREDITOS CHEVROLET GPAT (para usados multimarca)Financiamos a tasa 0% ajustable, y fija solo con DNI, sin comprobar ingresos. Aprobación inmediata. ¡Consúltanos en línea ahora, con tu DNI!",0,0,0
5903,185000.0,"NISSAN X-TRAIL 4WD 2.2 MTUsado único dueñoNingún detalle de pintura y listo para transferirMotor 2.2 potenteConsulta para poder verlo, tenemos el mejor asesoramientoPodes coordinar tu cita para verlo estamos en CaserosMR",0,0,0
5912,74000.0,"Chery Tiggo 3 Luxury 1.6Caja automatica/SecuencialModelo 2017 con 74000KM realesColor Bordo, impecable estado generalSin ningun tipo de detalles - Muy cuidadaUnico dueño, Poseo manualesy duplicado de llaveEquipamiento de serie:*Climatizador automatico*Direccion electrica*Espejos retrovisores electricos*Cierre centralizado de puertas con comando a distancia en la llave*Alarma volumetrica*Techo panoramico electrico*Levanta cristales electricos en las 4 puertas*Stereo con pantalla tactil: Radio AM/FM, Mp3, entrada USB, Bluetooth, GPS, camara de retroceso y comando satelital al volante*Doble airbag*ABS*Led diurnos*Faros auxiliares delanteros y trasero*Llantas de aleacion de 17 pulgadas*5 apoyacabezas*Volante y butacas regulables*Apoyabrazos central delantero y trasero*Anclajes isofix*Lavaluneta termica con 3er stop*Sensores de estacionamiento traseros*EtcAgregados:*Polarizado tono intermedioMantenimientos:*Service oficiales (Proximo a los 80000KM)*Grabado de autopartes hecho*VTV vigente hasta 31/07/2025*Bateria nueva (29/04/2025)Se encuentra realmente impecable, como se puede observar en las fotos.Considero en excelente estado. Digna de ver!Totalmente al dia (Patentes e infracciones) y lista para transferir.(Transferencia obligatoria, servicio de gestoria, el costo es aparte)El valor publicado, corresponde al valor final del vehiculo.-Permuto por vehiculo de mi interes-Financiacion: Anticipo minimo del 70% + cuotas fijas (Consultar)",0,0,0
5940,55000.0,"Jeep Compass 1.3 T270 SportMotor 1.3 Turbonafta.Caja automática de 6 marchas.Comandos al volante.Pantalla flotante Uconnect.Airbags laterales y frontales.Control de tracción y estabilidad.Cámara de reversa y sensores.Todo esto y muchos otros detalles deseguridad y confort!!!!!AUXILIO SIN RODAR!!!Veni a conocerlo y manejarlo!Todos nuestros autos pasan por una inspección al máximo detalle. Dándote la tranquilidad que necesitas.Con California Cars» Comprá o vendé tu auto de manera fácil, rápida y de forma segura.» Autos libres de multas, sin riesgo de fraude» Opciones de financiación con la mejor tasa en CUOTAS FIJAS EN PESOS de los bancos más importantes de Argentina.» Veni a probarlo en nuestro exclusivo circuito privado.¡Hacé click en Preguntar o Whatsapp para tener asesoramiento detallado!Horarios de atención:Lunes a Sábados de 09hs a 18hs.Domingos cerrado.Parque industrial Polo HudsonAutopista Buenos Aires - La Plata, Km 30",0,0,0
5948,72000.0,Vendo Chevrolet Traker Awd LTZ + Automática 6 marchas CarPlay inalámbrico Impecable estado Service recién echo Sin detalles,0,0,0
5950,84737.0,"PANAMER S.A. Concesionario oficial JEEP, RAM, DODGE, CHRYSLER, MITSUBISHI Y JAC.    Contamos con más de 34 años de trayectoria como concesionarios, aseguramos la más alta calidad de atención en servicios de Venta y de Post-Venta con sucursales en San Isidro, San Fernando y Campana.Empresa Certificada Normas ISO 9001-2017IMPORTANTE: Todos nuestros vehículos usados son SELECCIONADOS. Se encuentran revisados y peritados considerando más de 100 puntos de control claves. Al contar con talleres y personal experimentado, nos aseguramos de que su compra se encuentre PROTEGIDA.Sucursales Ventas:Campana: Colectora Sur 885San Fernando: Avenida del Libertador 3197Acassuso: Av. Santa Fe 907Sucursales Post-VentaCampana: San Martín 1306San Fernando: Juan N. Madero 836Acassuso: Av. Santa Fe 907Formas de Pago:-Contado (Pesos o dólares)-Financiación por Banco-Financiación por terminal-Leasing-TOMA DE USADOSi vivís a más de 150km fuera de Buenos Aires, podemos enviar tu nuevo auto a su casa.Estamos para brindarle la mejor atención.Contamos con atención física o 100% digital – Realizamos videollamadas para mostrar el vehículo de ser necesario",0,0,0
5952,99999.0,"Somos Opa-Locka Market SRL. Desarmadero Oficial RUDAC, División de Autos Siniestrados. Operaciones al contado. Ford Ecosport Titanium 4x2 2.0 AT Powershift$11.000.000Solo al contado, sin permuta ni financiación.Unidad con daños de inundación.Sin puesta en marcha.Sin revisiónTiene GNCEl vehículo se vende en las condiciones vistas y que se encuentra.",0,1,1
5960,215000.0,"Pongo a la venta mi Chevrolet Grand Vitara 2002 2.0 Automática 4x4 con 215000kms, NUNCA GNC.Todo funciona y perfecto, Aire, levantavidrios, cierre centralizado, techo solar, apertura remota de tanque de nafta, stereo pionner con control remoto, acceso usb.Se va transferida, está a mi nombre, al día, municipalizada en Tigre, y se entrega inciada la transferencia y pagada.Puedo evaluar alguna permuta de mi interes, mayor o menor valor.Siempre Automatico, si es moto solo VOGE DSX 525...Respondo a todas las consultas serias y educadas.No la regalo, ni estoy necesitado del dinero.... Paso de cualquier oferta de valor inferior, GRACIAS!ChevoletGrand Vitara 2.0 Automatica 2002Motor : En línea 4Combustible : GasolinaAlimentación : MPISituación : LongitudinalCilindrada : 1995 cm3 / 121.7 cu-inDiámetro x Carrera : 84.0 x 90.0 mmVálvulas : 16 VálvulasRelación de Compresión : 9.3Potencia : 128 PS / 126 HP / 94 kW @ 6000 rpmPar máximo : 174 Nm / 128 lb-ft @ 4300 rpmTracción : AWDCaja de Cambios : 4 velocidades AutomaticaConsumos - Medio: 9.3 L/100 KmConsumos - extraurbano: 7.8 L/100 KmConsumos - Urbano: 12 L/100 KmAutonomia : 709 KmCapacidad del Depósito : 66 LVelocidad Máxima : 160 Km/hNum. de Puertas : 5Batalla : 248.0 cm / 97.64 inLongitud : 420.0 cm / 165.35 inAnchura : 178.0 cm / 70.08 inAltura : 174.0 cm / 68.5 inFrenos Delanteros : Disco ventiladoFrenos Traseros : TamborNeumáticos Delanteros : 235/60 R16Neumáticos Traseros : 235/60 R16Peso : 1330 Kg / 2932 lbsRelación Peso/Potencia : 10.4 kg/hpVolúmenes de maletero : 277 L / 9.8 cu-ftSuspensión Delantera : Independent. McPherson. coil springs. anti-roll barSuspensión Trasera : De Dion axle. Coil springsDetalles Especificos....Espaciadores en las llantas de 4cms.Elevada por suspension 2 pulgadasElevada por carroceria 1 pulgadaAmortiguadores traseros hechos a medidaPortaequipajesLuces antinieblasBarra GrafLed con 36 luces Led4 Cubiertas Bridgestone Dueler H/T 235/60 R164 Cubiertas Pirelli Scorpion MTR 215/80 R16",0,0,0
5969,76000.0,"EL PRECIO PUBLICADO ES EN EFECTIVO O FINANCIACION, CONSULTAR PRECIO EN EL CASO DE QUE SEA CON PERMUTA.CUANDO PENSAS EN CAMBIAR TU USADO, PENSA EN LA CONCESIONARIA MAS VISITADA EN CORDOBA, PENSA EN LOPCAR.MAS DE 25 AÑOS DE TRAYECTORIA, TRABAJANDO PARA BRINDARLES A NUESTROS CLIENTES EL MEJOR ASESORAMIENTO A LA HORA DE ADQUIRIR O RENOVAR SU PROXIMA UNIDAD.¡BUSCAMOS LA MEJOR FINANCIACION!!¡TOMAMOS SU USADO AL MEJOR PRECIO!!SEGURIDAD, TRANQUILIDAD y HONESTIDADCUALQUIER CONSULTA NUSTROS ASESORES ESTARAN A SU DISPOSICION!!VENÍ A VISITARNOS A NUESTRO SALÓN EN BARRIO VILLA CABRERA!¿COMO SE PUEDE FINANCIAR?- Créditos personales y prendarios.- Permutas (recibimos tu usado)- Créditos en tasas fijas- Créditos Uva- Entrega mínima: 50%- Financia el saldo a una tasa desde el 16.5%LOS VALORES REFERIDOS ESTAN SUJETOS A MODIFICACION SIN PREVIO AVISOLOPCAR S.A",0,0,0
6003,120400.0,"¿Estás listo para darle un giro a tu conducción? Descubrí la excelencia de los vehículos de Autoctiy Usados. Ofrecemos una amplia gama de opciones de financiamiento diseñadas para adaptarse a tus necesidades individuales, además de la posibilidad de usar tu auto actual como parte de pago.Solo ofrecemos vehículos del 2010 en adelante, con menos de 130,000 kms recorridos y sin historial de daños estructurales.*BENEFICIOS CON AUTOCTIY USADOS:INSPECCIÓN Y GARANTÍA MECÁNICA (ISO9001): En Autoctiy Usados, la calidad es nuestra prioridad.  Nuestros vehículos pasan por una exhaustiva inspección de 240 puntos realizada por nuestro equipo de expertos. Además, cuentan con kilometraje verificado y una garantía mecánica de 3 meses.*PRÓXIMOS PASOS:Contáctanos para programar una visita o reservar el vehículo de tu interés.MÉTODOS DE PAGO:    • FINANCIACIÓN A MEDIDA: Accede al auto de tus sueños con nuestro plan de financiamiento personalizado, con opciones de hasta 60 cuotas fijas.    • DEJA TU AUTO COMO PARTE DE PAGO: Cambia tu vehículo actual por uno de Autoctiy Usados.    • PAGO AL CONTADO: Realiza tu pago mediante transferencia bancaria o depósito, en pesos o dólares.¡Viví tu experiencia Autocity!",0,0,0
6024,145000.0,MUY BUENA - SIN DETALLES - DIGNA DE VER - LOS ESPERAMOS,0,0,0
6030,137000.0,"BMW X1 2.0 Sportline – Año 2017 – Blanca – Impecable EstadoLa BMW X1 es un SUV premium que combina diseño, deportividad, tecnología y excelente comportamiento dinámico. Esta versión Sportline, modelo 2017, se presenta en inmejorables condiciones, con todo el confort y la seguridad característicos de BMW.Características Generales:	•	Año: 2017	•	Versión: Sportline	•	Motor: 2.0 litros TwinPower Turbo, 192 CV	•	Transmisión: Automática Steptronic de 8 velocidades	•	Tracción: Delantera	•	Color: Blanco	•	Kilometraje: [completar km si querés]	•	5 plazasEquipamiento Destacado:	•	Climatizador automático bizona	•	Tapizados de cuero Sportline	•	Asientos delanteros eléctricos con memoria	•	Sistema multimedia iDrive con pantalla táctil y control por mando giratorio	•	Navegador GPS integrado	•	Bluetooth y conectividad USB	•	Control de velocidad crucero	•	Sensores de estacionamiento delanteros y traseros	•	Cámara de retroceso	•	Llantas de aleación de 18” exclusivas Sportline	•	Faros LED automáticos con luz diurna	•	Control de estabilidad (DSC), control de tracción (DTC) y múltiples airbags	•	Apertura y encendido sin llave (Keyless Go)	•	Portón trasero eléctricoEstado General:	•	Mecánica impecable, con todos los servicios al día	•	Interior sin detalles, tapizados y plásticos en excelente estado	•	Carrocería sin rayones ni golpes, lista para transferir	•	Documentación completaUna SUV premium con diseño moderno, excelente rendimiento y todo el lujo y tecnología que sólo BMW ofrece. Ideal para quien busca confort, seguridad y distinción.Consultanos para más información o para coordinar una visita.",0,0,0
6042,195000.0,"EXPONORTE AUTOSMas de 20 años en el mercado y mas de 5.700 clientesContamos con un amplio stock de mas de 100 vehículos seleccionados MOTOS,AUTOS,UTILITARIOS Y PICK-UPATENDEMOS DE LUNES A VIERNES DE 9 A 18 Y LOS SABADOS DE 9 A 14TOMAMOS TU USADO AL MEJOR PRECIOFinanciamos hasta el 60% de tu próximo auto,credito prendario,tasa fija,en pesos y a sola firma.... hasta en 36 cuotas con la mejor tasa del mercadoEL PRECIO DE LA UNIDAD PUEDE CAMBIAR CONSUNTE ANTES DE VISITARNOSPRECIO",0,0,0
6050,10000.0,"Autogringo Automotores--------------------------------------------------------------------------------------------------------------------------!!!!!!!!!!!!!!!MEJOR CONTADO !!!!!!!!!!!!!!!!!Contado $ 32.500.000Anticipo $ 10.000.000 + Gastos24 X $ 1.400.000 36 X $ 1.100.000 48 X $ 900.000 Excelente unidadSin detallesTodo al díaTomo usados ( Pago mas)--------------------------------------------------------------------------------------------------------------------------Somos una empresa dedicada a la venta de autos usados seleccionados, nos destacamos por la atención personalizada, ya que contamos con un equipo de profesionales capacitados para brindar con seriedad el mejor asesoramiento.",0,0,0
6060,48000.0,Excelente estado sin detallesPrimer dueño Acepto permuta Anticipo %50 el resto hasta 48 cuotasMÁS DE 39 AÑOS DE TRAYECTORIA EN EL MERCADO AUTOMOTOR NOS AVALAN...,0,0,0
6065,88000.0,"Estamos trabajando para vos.Atención personalizada y online, para brindarte todo lo que necesitas.Financiación? Te ofrecemos formas de financiar tu nuevo auto. Recibimos tu usado en parte de pago. Consultanos",0,0,0
6067,70300.0,"RESCALA AUTOMOTORES - Multimarcas - Usados de Selección y 0KmsMAS DE 50 AÑOS de TRAYECTORIA establecidos en ALTA GRACIA!--------------------------------------------------------------------------------------------------------------- Pensaste en tener TU PRIMER VEHICULO, tal vez CAMBIARLO o Simplemente VENDERLO?- RECIBIMOS TU VEHICULO USADO EN PARTE DE PAGO.- ENTREGA INMEDIATA DEL VEHICULO QUE LLEVAS.- FINANCIAMOS EN CUOTAS FIJAS Y PESOS.- NUESTRO STOCK ESTA CONTROLADO Y PERITADO PARA DAR TRANQUILIDAD EN TU COMPRA.- SEGUINOS..----------------------------------------------------------------------------------------* VISITANOS PERSONALMENTE en nuestro SHOWROOM* LUNES A SABADOS DE 9 A 13 HS Y DE 16:30 A 20:30 HS - Feriados Consultar!",0,0,0
6074,131000.0,"MUY BUEN ESTADO, SIN DETALLES !!!! 1° dño real. Pantalla digital. un verdadero familiar a bajo costo.",0,0,0
6077,121800.0,"Soy segundo dueño. Pertenecía a Gerencia de Forcam. Se compró con 65mil km hace 4 años.Todos los mantenimientos realizados en tiempo y forma por SMK incluyendo servicio de caja automática hace 3 semanas. (No es powershift, es AT convencional)Batería cambiada hace 2 meses.4 Brisdgestone Dueler H/P Sport Made in Spain.2 cubiertas con menos de mil km.2 cubiertas con menos de diez mil km.El vehículo se encuentra en excelente estado.Se puede revisar y escanear sin ningún problema.Tiene 240hp, tracción integral permanente, frena sola cuando detecta cosas adelante o atrás, estaciona sola y muchas cosas más. No se aceptan permutas.",0,0,0
6079,140000.0,"CONTADO U$S 9.500-------------------------------NO FINANCIABLE-------------------------------ECOSPORT 2008 ¡¡¡PRIMERA MANO DE 0KM!!!AÑO 2008 || MOTOR 1.6 CADENERO || 146.000 KM REALES COMPROBABLESAIRE, DOBLE AIRBAG, DIRECCION, CIERRE CENTRALIZADO, ALARMAEXCELENTE ESTADO !! SIN DETALLES.¡¡TOMAMOS TU AUTO EN PARTE DE PAGO!!VTV VIGENTE, GRABADO DE AUTOPARTES Y LIBRE DE TODO TIPO DE DEUDAS.¡¡ TENEMOS GESTORIA PROPIA PARA LA TRANSFERENCIA DEL VEHÍCULO !!HORARIO DE ATENCIÓN: LUNES A VIERNES 9.30 A 17.45hsSabados de 9.30 a 12.45hsTURDERA, LOMAS DE ZAMORA",0,0,0
6098,65000.0,"Somos M Automotores!!!Atención Personalizada!!PERMUTASTomamos tu usado en parte de pago sin problemas. Podes acercarte al concesionario y lo cotizamos.No aumentamos el precio de venta por la toma de usados.CONSIGNACIONESTE VENDEMOS TU AUTO SIN QUE LO DEJES DE USAR.FINANCIACION-Trabajamos con los principales Bancos y Financieras para que puedas acceder al mejor crédito.-Tenemos opciones de Cuotas Fijas, en Pesos congeladas.-Tenemos créditos UVA con cuotas variables.-Tenemos créditos Personales.ENTREGA INMEDIATAGestoría Integral del automotor. Llevate tu auto transferido. Garantía de documentación avalada por Mautomotores.BROKER DE SEGUROS.MAUTOMOTORES 17 AÑOS DE EXPERIENCIA!!!Lunes a Viernes de 9.30hs a 18.30hs. Sábados de 9.30hs a 14.30hs",0,0,0
6100,164000.0,"Muy buena en general ,sana ,unica mano ! Cubiertas impecables ,VTV al dia ,lista para irse de vacaciones !Tiene cuero ,que no todas traian .Algún que otro detalle domestico ,normal del uso cotidiano .Dependiendo de marca ,estado y modelo ,aceptamos permutas ...consultar ....Financiación bancaria ,mínimos requisitos .PILARAUTO desde 1975 en Pilar ,la agencia de usados mas antigua de la zona ....",0,0,0
6124,109000.0,SANCARS CONCESIONARIA - NACCAR TALLER INTEGRAL*ATENCION HASTA EN EL ÚLTIMO DETALLE*-Asesoría pre y post- venta-Detailing -Puesta a punto vehicular para su venta -Gestoría integral-Gestión de multas y seguros (Consultar por financiación y permutas ) !•Renault Oroch Duster Outsider 1.6 IMPECABLEPick up - Cabina doblePerfecto estado - Vende dueño directoTapa lona para Caja Muy bien de cubiertas (Michelin) Services y papeles al día,0,0,0
6125,125000.0,Con detalles de chapa sin deuda radicada en caba pocos km ningun choque fuerte.,1,0,0
6143,26050.0,"Cambiá tu auto o comprá uno semi nuevo en Kavak, compañía N°1 en venta online de autos usados en Latinoamérica. Contamos con distintos planes de financiamiento para adaptarse a tus necesidades, también podés dejar tu auto como parte de pago. Solo vendemos autos 2010 en adelante, con menos de 100.000 km, que nunca tuvieron daños estructurales ni GNC.------------------------------------------------------------->> Nissan Kicks 1.6 SENSE << 390591*BENEFICIOS KAVAK:Al comprar tu Auto Kavak contás con un PERÍODO DE PRUEBA DE 7 DÍAS o 300 KM. Si no te encantó, te devolvemos el 100% de tu dinero (incluida la transferencia)*INSPECCIÓN Y COBERTURA MECÁNICA: En Kavak, la calidad es lo más importante. Nuestros autos son mucho más que autos usados, son autos semi-nuevos reacondicionados que están revisados en 240 puntos por nuestro equipo de expertos, tienen todos los servicios al día, kilometraje real y cobertura mecánica Kavak de 3 meses con posibilidad de extensión a 1 año.*CONTRATÁ KAVAK TOTAL: Con Kavak Total tenés 9 meses adicionales de cobertura con tope según marca/modelo del auto en arreglos, en motor, transmisión, tracción delantera y trasera, batería, embrague y correa o cadena de distribución. Cuidar tu auto puede ser tan fácil como manejarlo.PRÓXIMOS PASOS:Consúltanos para agendar una visita y/o reservar tu auto de interés.*MÉTODOS DE PAGO:- FINANCIAMOS TU COMPRA: Podés acceder al auto de tus sueños con nuestro plan de financiamiento hecho a tu medida. Financialo en hasta 60 cuotas fijas.- DEJÁ TU AUTO COMO PARTE DE PAGO: Cambiá tu auto por uno Kavak.- AL CONTADO: Pagá vía transferencia bancaria o deposito. Podés pagar en pesos o en dólares.Para mayor información visitá nuestro sitio.*Ver términos y condiciones en Compra y Venta de Autos Usados en Argentina con Garantia",0,0,0
6150,35381.0,"Cambiá tu auto o comprá uno semi nuevo en Kavak, compañía N°1 en venta online de autos usados en Latinoamérica. Contamos con distintos planes de financiamiento para adaptarse a tus necesidades, también podés dejar tu auto como parte de pago. Solo vendemos autos 2010 en adelante, con menos de 100.000 km, que nunca tuvieron daños estructurales ni GNC.------------------------------------------------------------->> Ford Territory 1.5 TITANIUM CVT << 412242*BENEFICIOS KAVAK:Al comprar tu Auto Kavak contás con un PERÍODO DE PRUEBA DE 7 DÍAS o 300 KM. Si no te encantó, te devolvemos el 100% de tu dinero (incluida la transferencia)*INSPECCIÓN Y COBERTURA MECÁNICA: En Kavak, la calidad es lo más importante. Nuestros autos son mucho más que autos usados, son autos semi-nuevos reacondicionados que están revisados en 240 puntos por nuestro equipo de expertos, tienen todos los servicios al día, kilometraje real y cobertura mecánica Kavak de 3 meses con posibilidad de extensión a 1 año.*CONTRATÁ KAVAK TOTAL: Con Kavak Total tenés 9 meses adicionales de cobertura con tope según marca/modelo del auto en arreglos, en motor, transmisión, tracción delantera y trasera, batería, embrague y correa o cadena de distribución. Cuidar tu auto puede ser tan fácil como manejarlo.PRÓXIMOS PASOS:Consúltanos para agendar una visita y/o reservar tu auto de interés.*MÉTODOS DE PAGO:- FINANCIAMOS TU COMPRA: Podés acceder al auto de tus sueños con nuestro plan de financiamiento hecho a tu medida. Financialo en hasta 60 cuotas fijas.- DEJÁ TU AUTO COMO PARTE DE PAGO: Cambiá tu auto por uno Kavak.- AL CONTADO: Pagá vía transferencia bancaria o deposito. Podés pagar en pesos o en dólares.Para mayor información visitá nuestro sitio.*Ver términos y condiciones en Compra y Venta de Autos Usados en Argentina con Garantia",0,0,0
6152,13200.0,UNIDAD EN STOCK ONLINE. Coordinar la visita previamente.Tomamos mayor y menor valor. Su consulta no molesta.CHEVROLET TRACKERVERSION TURBO ATCAJA AUTOMATICAMOTOR 1.2AÑO 202413.200 KMSomos BROTHERS DRIVE CARS.Asesoramiento especializado.Atención personalizada.Permutas MAYOR Y MENOR VALOR.Consignaciones SIN QUE LO DEJES DE USAR.Financiación en cuotas FIJAS Y EN PESOS (LO ARMAMOS A TU MEDIDA)Gestoría integral del automotor.Broker de seguros.#somosconfianza #brothersforlife,0,0,0
6163,102900.0,"EL PRECIO PUBLICADO ES UNA ENTREGA MAS FINANCIACION, ENTREGA DE $26.000.000 Y 48 CUOTAS DE 300.000 APROXCUANDO PENSAS EN CAMBIAR TU USADO, PENSA EN LA CONCESIONARIA MAS VISITADA EN CORDOBA, PENSA EN LOPCAR.MAS DE 25 AÑOS DE TRAYECTORIA, TRABAJANDO PARA BRINDARLES A NUESTROS CLIENTES EL MEJOR ASESORAMIENTO A LA HORA DE ADQUIRIR O RENOVAR SU PROXIMA UNIDAD.¡BUSCAMOS LA MEJOR FINANCIACION!!¡TOMAMOS SU USADO AL MEJOR PRECIO!!SEGURIDAD, TRANQUILIDAD y HONESTIDADCUALQUIER CONSULTA NUSTROS ASESORES ESTARAN A SU DISPOSICION!!¿COMO SE PUEDE FINANCIAR?- Créditos personales y prendarios.- Permutas (recibimos tu usado)- Créditos en tasas fijas- Créditos Uva- Entrega mínima: 50%- Financia el saldo a una tasa desde el 16.5%LOS VALORES REFERIDOS ESTAN SUJETOS A MODIFICACION SIN PREVIO AVISOLOPCAR S.A",0,0,0
6171,55000.0,"- Peugeot 2008 Feline L/22- Año: 2022 - Km: 55.000- Motor: 1.6 Nafta | Caja: ManualUnidad 100% Original sin detalles de primera mano, auxiliar sin pisar, cubiertas 50% de dibujo con alineado, balanceado y rotación realizado.Equipamiento Destacado: polarizado, pantalla multimedia con navegador, techo de vidrio, comandos al volante, velocidad crucero, sensor de estacionamiento y cámara marcha atrás, tapizado cuero, llantas diamantadas, faros con lupas, climatizador bizona, pack eléctrico completo, etc.- Más Info en Web Oficial: ferreroautomotores - Financiación Prendaria hasta en 36 meses, entregando mínimo el 50% del valor de la unidad, el resto a Cuotas FIJAS y en pesos, aprobación en 24hs.- Recibimos tu Auto como parte de pago (Sólo en excelente estado). - Carpeta al día y lista para transferir en el momento- Seriedad y Garantía en la documentación, con Gestoría Propia.- Ciudad de Oncativo (Prov. de Córdoba) - Coordiná tu visita- Somos FERRERO Automotores. ¡No cerramos ventas, Abrimos relaciones!Te bridamos la solución completa a la hora de cambiar tu auto -- Nos respaldan 25 años de trayectoria, más de 4,7 estrellas en Google y más de 200 calificaciones positivas en nuestras redes.- Somos de confianza, Vení a FERRERO Automotores, comprá seguro y volvé manejando... Nosotros nos encargamos de todo.",0,0,0
6181,150000.0,"No hay una mejor que esta * Distribución hecha * Cubiertas 0km* Le agregué estereo con Android auto y Apple carplay* Todos los parlantes Sony* Le acabo de cambiar el aceite sintético y filtro. Tengo 2L que me sobraron * Le acabo de cambiar el filtro del habitáculo * Luces ledLa entrego como siempre espere que me entreguen un auto y nunca recibí Está para transferir y disfrutar, no necesita nada.Motor Volvo poderoso e indestructible 4x4Techo solar panorámicoBusca tranquilo que no vas a encontrar otra en mejor estado, que no necesite más que ser disfrutada",0,0,0
6184,240000.0,"FORD ECOSPORT XLT PLUS 2.0 DIGNA DE VER. TODO AL DIASE ENTREGA CON PANTALLA TACTIL, APOYABRAZOS Y LLANTA CON NEUMATICO SIN USAR NUEVO. HACE MENOS DE UN AÑO SE LE HIZO: - TREN DELANTERO COMPLETO: AMORTIGUADORES, BUJES, PATAS TENSORAS, BIELETAS, ALINEACION, BALANCEO Y ROTACION- FRENOS: RECTIFICACION DE DISCOS Y PASTILLAS NUEVAS ADELANTE. CILINDROS TRASEROS Y RULEMANES TRASEROS. - MOTOR: BOBINA, CABLES DE BUJIAS, BUJIAS Y LIMPIEZA DE CUERPO DE MARIPOSAS- SE LE CAMBIARON LAMPARAS DE STOP, FAROS DELANTEROS DE ALTA Y BAJA. NO SE ACEPTAN PERMUTAS.",0,0,0
6197,135345.0,"IMPECABLE ESTADO EXTERIOR E INTERIORSOY EL UNICO DUEÑO Y ADEMAS EL TITULARPINTURA COMPLETA 100% ORIGINALCUBIERTAS BRIDGESTONE RUN FLAT SEMINUEVAS + AUXILIO SIN RODARMOTOR M57 (245cv) TURBO DIESELTRANSMISION AUTOMATICA Y SECUENCIAL DE 8 MARCHAS CON LEVAS AL VOLANTETRACCION XDRIVE (TODO TERRENO)CONSUMO MIXTO 11 Ltrs/100kmMATAFUEGO, BALIZAS Y BOTIQUIN ORIGINAL BMWVTV AL DIAVERSION MAXIMO EQUIPAMIENTO:• PACK VISION (CAMARAS DELANTERAS, TRASERAS Y LATERALES)•    SOFT CLOSE (PUERTAS CIERRAN SOLAS)•    PORTON TRASERO ELECTRICO• LLAVE PRESENCIA CON BOTON START/STOP• SISTEMA COMPLETO NAVEGACION (ACTUALIZADO MERCOSUR) Y BLUETHOOT• SENSORES DE ESTACIONAMIENTO DELANTEROS Y TRASEROS• TECHO SOLAR CORREDIZO• BUTACAS ELECTRICAS CON MEMORIAS• TAPIZADOS DE CUERO • INDICADOR PRESION INFLADO NEUMATICOS• CONTROL VELOCIDAD CRUCERO Y REGULADOR VELOCIDAD• LUCES DE LEDS, FAROS BIXENON Y LUCES DIRECCIONABLES• VOLANTE MULTIFUNCION• HEAD UP DISPLAY• LLANTAS 19’’• MUCHOS MAS...SERVICIOS AL DIA (NADA PARA HACERLE SIN NINGUN DEFECTO NI FALLA)LA DOCUMENTACION ESTA TOTALMENTE AL DIAACEPTO PERMUTA DE MI INTERESDIGNA DE VER",0,0,0
6212,101100.0,"¿Estás listo para darle un giro a tu conducción? Descubrí la excelencia de los vehículos de Autoctiy Usados. Ofrecemos una amplia gama de opciones de financiamiento diseñadas para adaptarse a tus necesidades individuales, además de la posibilidad de usar tu auto actual como parte de pago.Solo ofrecemos vehículos del 2010 en adelante, con menos de 130,000 kms recorridos y sin historial de daños estructurales.*BENEFICIOS CON AUTOCTIY USADOS:INSPECCIÓN Y GARANTÍA MECÁNICA (ISO9001): En Autoctiy Usados, la calidad es nuestra prioridad. Nuestros vehículos pasan por una exhaustiva inspección de 240 puntos realizada por nuestro equipo de expertos. Además, cuentan con kilometraje verificado y una garantía mecánica de 3 meses.*PRÓXIMOS PASOS:Contáctanos para programar una visita o reservar el vehículo de tu interés.MÉTODOS DE PAGO:  • FINANCIACIÓN A MEDIDA: Accede al auto de tus sueños con nuestro plan de financiamiento personalizado, con opciones de hasta 60 cuotas fijas.  • DEJA TU AUTO COMO PARTE DE PAGO: Cambia tu vehículo actual por uno de Autoctiy Usados.  • PAGO AL CONTADO: Realiza tu pago mediante transferencia bancaria o depósito, en pesos o dólares.¡Viví tu experiencia Autocity!",0,0,0
6214,170000.0,"Somos M Automotores!!!Atención Personalizada!!PERMUTASTomamos tu usado en parte de pago sin problemas. Podes acercarte al concesionario y lo cotizamos.No aumentamos el precio de venta por la toma de usados.CONSIGNACIONESTE VENDEMOS TU AUTO SIN QUE LO DEJES DE USAR.FINANCIACION-Trabajamos con los principales Bancos y Financieras para que puedas acceder al mejor crédito.-Tenemos opciones de Cuotas Fijas, en Pesos congeladas.-Tenemos créditos UVA con cuotas variables.-Tenemos créditos Personales.ENTREGA INMEDIATAGestoría Integral del automotor. Llevate tu auto transferido. Garantía de documentación avalada por Mautomotores.BROKER DE SEGUROS.MAUTOMOTORES 17 AÑOS DE EXPERIENCIA!!!Lunes a Viernes de 9.30hs a 18.30hs. Sábados de 9.30hs a 14.30hs",0,0,0
6215,134000.0,KILOMETROS REALESESTADO IMPECABLE2 CUBIERTAS OKM LAS OTRAS 2 EXCELENTES CONDICIONESMUY CUIDADASIN DETALLES DE PINTURAVTV VIGENTE TRANSFERENCIA OBLIGATORIA,0,0,0
6230,12000.0,"Vendo Jeep Compass Longitude 1.3 T270 At6 en perfecto estado, sin detalles con tan solo 12mil Kilometros. Primer Service oficial recien hecho. Unico dueño, retirada en Noviembre del 24. En Garantia.",0,0,0
6239,91000.0,"Nissan Kicks 1.6 Exclusive Cvt F2IMPECABLE!!!+ Aceptamos Transferencia Bancaria en Pesos y Dólares ++ Contamos con cuenta Bancaria en Estados Unidos para recibir transferencias +Mas de 25 años de experiencia en el mercado de vehículos premium• COORDINAR DÍA Y HORARIO PARA VER EL VEHÍCULO •• TOMA DE USADOS A PRECIO DE MERCADO (COTIZAMOS ONLINE)• RESERVA CON CONFIANZA :MERCADO LIBRE PROTEGE TU DINERO,ACEPTAMOS TODAS LAS TARJETAS DE DÉBITO Y CRÉDITO• RESPUESTA INMEDIATA A TUS INQUIETUDES :Respondemos al instante mensajes y llamados. Programamos Videollamadas.• ATENCIÓN PERSONALIZADA• DOCUMENTACIÓN AL DÍA Y LISTA PARA TRANSFERIRContamos con Administración y Gestoría Integral.• COORDINAR DÍA Y HORARIO PARA VER EL VEHÍCULO• CORNER MOTORSInstagram: cornermotorsTwitter: CornerMotors",0,0,0
6243,119000.0,"Automotores PalacioEstamos ubicados en Los polvorines, Zona norteUNICO DUEÑO 0km4 CUBIERTAS NUEVAS.SERVICIOS OFICIALES Valor publicado efectivoDólar billete!Valor permuta u$s 17.000Excelente unidad Listo para usar y disfrutar Toda su documentación al día Sin deudas de patentes Sin deudas de multas Listo para transferir sin problemas.",0,0,0
6247,80000.0,UNICO DUEÑO - PINTURA ORIGINAL DE FABRICA - JAMAS GOLPEADA - CUBIERTAS YOKOHAMA NUEVAS - EXCELENTE UNIDAD - LISTA PARA TRANSFERIR! SUCURSAL ÚNICA - LA CONCESIONARIA TRADICIONAL DE PALERMO DESDE 1988 EN EL BARRIO OFRECIENDO LOS MEJORES VEHÍCULOS USADOS SELECCIONADOS . NO UTILIZAMOS INSTAGRAM NI FACEBOOK - NO TENEMOS VENDEDORES NI COMPRADORES EN LA CALLE - NO TENEMOS SUCURSALES - NO PEDIMOS DATOS BANCARIOS A NUESTROS CLIENTES!,0,0,0
6252,108000.0,"CONCESIONARIO OFICIAL NAVEMOTORSCALIDAD Y SERVICIO QUE MARCAN LA DIFERENCIA                        - Financiación Parcial (cuotas fijas o UVA)- SOLO CON DNI- Recibimos tu vehiculo como parte de pago- Cotización y presupuestos online. ¡¡¡ENTREGA INMEDIATA GARANTIZADA!!!-Trabajamos con usados seleccionados con garantía.-contamos con amplio stock físico.-No es plan de ahorro (Solo venta convencional).Ofrecemos toda la línea completa en 0KM como concesionario oficial de:RENAULT - FIAT - CITROEN - PEUGEOT - JEEPConsulta con nosotros para obtener más detalles sobre esta operación y el precio asociado.En nuestro concesionario oficial, nos dedicamos a proporcionar una experiencia integral, asegurando la satisfacción de nuestros clientes. ¡Comunícate con nosotros!",0,0,0
6253,247000.0,"Suzuki Grand Vitara 2.0 4x4 nafta año 2004, 247.000 kmFunciona todo perfecto: alta, baja, aire acondicionado. 5 cubiertas BF Goodrich KO2 AT colocadas en 2021 (hace 50.000 km). VTV al día (hecha en abril 2025). Todos los servicios hechos en tiempo y forma. Planilla de mantenimiento a disposición.Modificaciones* Levantada adelante con suplementos en los amortiguadores y espirales reforzados* Amortiguadores delanteros Sadar p/suzuki grand vitara (marzo 2022)* Levantada atrás con espirales reforzados One (febrero 2023)* Amortiguadores traseros Sadar p/toyota rav (julio 2022)* Bumper y cubre ruedas delantero requerido p/pasar VTV* Rock Sliders* Roof Rack TK* Snorkel AirflowExtras* Chapón cubre carter* Gancho remolque y perno c/instalación eléctrica* Cubos mágicos avm* Bulones excéntricos p/corregir comba* 2 faros led traseros* Filtro aire KyN, no necesita reemplazo anual o c/10.000, se limpiaNo incluye* 2 faros hella 500 + 2 faros led en el roof rack (si incluye la instalación eléctrica)",0,0,0
6256,18000.0,NISSAN KICKS ADVANCE PLUS CVT 100% ORIGINAL IGUAL A 0KM SIN DETALLES ANTICIPO $22.500.000 Y CUOTAS FIJAS EN $                             ACEPTAMOS PERMUTA                                                     AUTOMOTORES  YAMI,0,0,0
6296,72000.0,"Soy Titular, está al día, excelente estado, en enero se le realizó cambio de aceite (sintético) y todos los filtros, se puede ver en la zona de Ituzaingó.Se vende transferida sin excepción.Precio rebajado dado que hay que cambiarle dos cubiertas.No respondo consultas de agencias…",0,0,0
6301,20300.0,"Único dueño,titular,services al día ,sin detalles.Tratamiento cerámico.La tercer fila de asientos está sin uso,la entrego con los asientos colocados.ATENCIÓN!!! Si Ud ve el aviso es porque el vehículo está disponible.",0,0,0
6314,75000.0,"traker 1.2 ltz 2020 , inmaculada no tiene ningún detalle, igual a okm, dueño al día, 75000 km, 4 cubiertas nuevas.permuta por menor valor según vehículo. Dos llaves de presencia",0,0,0
6319,170000.0,"Tiguan 2010 Exclusive 4x4 2.0 tsi Automatica ""Blindada""Muy linda SuvVersión AWD 4x4 Automático Año 2010Titular al día solo mínimos detalles propios del uso y modeloCubiertas delanteras nuevasTodos sus services hechos en tiempo y formaSr vende únicamente TransferidaPantalla con cámara retrovisora y sensores de estacionamientoFreno a disco en las 4 ruedasTecho corredizoAutomática y secuencialVtv al día y grabado de autopartesSin deudasAcepto permuta de mi interés. Se vende únicamente Transferida",0,0,0
6332,60000.0,FORD 	ECOSPORT	1.5 MT TITANIUM 	2018	$20.900.000 (VALOR EXPRESADO EN PESOS)60.000KMS	EXCELENTE ESTADO - SIN DETALLESVTV AL DIA - LISTA PARA TRANSFERIR TOMAMOS PERMUTA DE MENOR Y MAYOR VALOR DE NUESTRO INTRERESTASA FIJA EN PESOSNZ AUTOMOTORES,0,0,0
6339,52000.0,ÚNICA MANOSIN DETALLES PINTURA ORIGINAL LISTO PARA TRANSFERIR,0,0,0
6346,76000.0,"EL PRECIO PUBLICADO ES EN EFECTIVO O FINANCIACION, CONSULTAR PRECIO EN EL CASO DE QUE SEA CON PERMUTA.CUANDO PENSAS EN CAMBIAR TU USADO, PENSA EN LA CONCESIONARIA MAS VISITADA EN CORDOBA, PENSA EN LOPCAR.MAS DE 25 AÑOS DE TRAYECTORIA, TRABAJANDO PARA BRINDARLES A NUESTROS CLIENTES EL MEJOR ASESORAMIENTO A LA HORA DE ADQUIRIR O RENOVAR SU PROXIMA UNIDAD.¡BUSCAMOS LA MEJOR FINANCIACION!!¡TOMAMOS SU USADO AL MEJOR PRECIO!!SEGURIDAD, TRANQUILIDAD y HONESTIDADCUALQUIER CONSULTA NUSTROS ASESORES ESTARAN A SU DISPOSICION!!¿COMO SE PUEDE FINANCIAR?- Créditos personales y prendarios.- Permutas (recibimos tu usado)- Créditos en tasas fijas- Créditos Uva- Entrega mínima: 50%- Financia el saldo a una tasa desde el 16.5%LOS VALORES REFERIDOS ESTAN SUJETOS A MODIFICACION SIN PREVIO AVISOLOPCAR S.A",0,0,0
6356,155000.0,"rd Kuga SEL 2.0T AWD – Año 2014 – Negra – 155.000 km – Full EquipoLa Ford Kuga es una SUV mediana que combina excelente confort, seguridad y un desempeño dinámico notable gracias a su motor turbo y tracción integral. Esta versión SEL automática se encuentra en muy buen estado general, lista para usar.Características Generales:• Año: 2014• Versión: SEL 2.0 EcoBoost AWD• Motor: 2.0 litros Turbo, 240 CV• Transmisión: Automática secuencial de 6 marchas• Tracción: Integral (AWD)• Color: Negro• Kilometraje: 155.000 km• 5 puertas – 5 plazasEquipamiento Destacado:• Climatizador automático bizona• Tapizados de cuero• Asientos delanteros calefaccionados• Sistema multimedia con pantalla táctil• Bluetooth, USB y entrada auxiliar• Cámara de retroceso y sensores de estacionamiento• Control de velocidad crucero• Llantas de aleación de 17”• Control de estabilidad (ESC) y control de tracción (TCS)• Frenos ABS con EBD• Doble airbag frontal + laterales y de cortina• Faros antiniebla• Techo panorámico eléctrico• Portón trasero con apertura eléctrica• Cierre centralizado y apertura sin llave (Keyless Entry)• Alzacristales eléctricos en las 4 puertasEstado General:• Mecánica en muy buen estado• Mantenimiento al día• Interior completo y bien conservado• Carrocería sin detalles importantes• Documentación lista para transferirUna SUV potente, cómoda y muy equipada, ideal para quienes buscan seguridad, espacio y prestaciones.Consultanos para coordinar una visita o recibir más información.",0,0,0
6359,63800.0,"Renault Duster fase 2, modelo privilegie, segundo dueño, todo original, no tiene daños, funciona todo perfecto. Vehículo muy confiable, VTV al día, patentes al día. Imperdible!!!",0,0,0
6360,13500.0,Vendo sin detalles,0,0,0
6365,61500.0,"Segudno dueño, todos los services oficiales. Siempre usada en ciudad. Muy cuidada. Todos los papeles al día, lista para transferir. Hubo un error en la publicación y es 2020, no 2021. No me deja cambiar el año.",0,0,0
6372,107000.0,"KIA SOUL EX 1.6 ATAño 2016Km 107.000•Vtv vigente•Grabado de autopartes•Comando al volante•Control crucero•Levanta vidrios electricos•Espejos electricos•Cubiertas en excelente estado•Camara retrocesoEXPERIENCIA MERAK- Podes abonar el vehículo mediante transferencia bancaria, efectivo, USS. -- Para tu tranquilidad, podes venir con tu mecánico de confianza a ver el auto, escanearlo y que puedas salir a probarlo.- No aumentamos el valor del vehículo en permuta, manejamos precios reales tanto para nosotros como para el cliente.- En el mismo momento que abonas, retiras el vehículo y nuestra gestoría se encarga de tomar la firma en el 08 para poder realizar todos los tramites.- Todos nuestros vehículos se entregan con permiso de circulación o cedula vigente para la tranquilidad del cliente. Es primordial para nosotros que el auto se vaya transferido en el menor tiempo posible. A diferencia de otros concesionarios, esto lo podemos llevar a cabo gracias a que contamos con gestoría propia, con mandatarios matriculados cubriendo todas las zonas.¿TOMAMOS VEHICULOS EN PARTE DE PAGO?- -Si tomamos, y es nuestra prioridad que quieras dejarlo en nuestras manos.- Podes enviarnos fotos, detalles, kilómetros y nuestro equipo de ventas se encarga de cotizarlo en el momento.- Te damos la posibilidad de encargarnos y gestionar toda la documentación necesaria para entregar tu vehículo y que no tengas que moverte de tu casa, sin ningún tipo de honorarios, solamente abonando los aranceles correspondientes.- En ningún momento te quedas sin vehículo, llave contra llave.FINANCIACIÓN- Trabajamos con financieras directas, contamos con las mejores tasas. Cuotas fijas y en pesos.- Podes pedir vía WhatsApp la cotización del crédito a tu medida.- Financiamos hasta el 40% de la unidad.- Hacemos revisión de veras en el ACTO.- Señas el vehículo, la financiera se contacta con vos en el transcurso de 24hs, se arma el crédito y en 72hs estas firmando toda la documentación y retirando el vehículo en el concesionario.SEGURO- Podemos cotizarte el seguro con nuestra productora sin ningún tipo de compromiso, le brindamos a nuestros clientes el precio más bajo del mercado de las compañías más prestigiosas. Si te interesa nuestro presupuesto nos encargamos de gestionar todo para que no tengas que preocuparte y salir cubierto del concesionario. No tiene ningún tipo de honorarios ni adicional, buscamos brindarles todos los servicios en un mismo lugar.¿QUIENES SOMOS?- Somos un equipo joven que viene de una familia ligada al rubro automotor de toda la vida, decidimos dar el paso de abrir un concesionario con un concepto diferente al tradicional. Nuestro principal objetivo es que nuestros clientes se sientan cómodos desde el primer contacto con nosotros, que puedan sacarse todas las dudas sin ningún compromiso, brindarles todas nuestras herramientas para que encuentren el auto que buscan, que no tengan ninguna preocupación más que disfrutar el proceso. ¡Nos encantaría que nos conozcas y que puedas vivir la experiencia con nosotros!""",0,0,0
6379,119000.0,Jeep Wrangler 3.6 Sport 284hp Mtx- 1 rueda para calle con llanta extra igual a la que tiene puesta.- 1 juego de ruedas All terrain - Bumper rhino- Malacate- Portaequipajes de hierro- Protector de capo con logo jeep- Excelente Estado- Tomamos Permutas- FinanciamosR*A,0,0,0
6413,11038.0,"Cambiá tu auto o comprá uno semi nuevo en Kavak, compañía N°1 en venta online de autos usados en Latinoamérica. Contamos con distintos planes de financiamiento para adaptarse a tus necesidades, también podés dejar tu auto como parte de pago. Solo vendemos autos 2010 en adelante, con menos de 100.000 km, que nunca tuvieron daños estructurales ni GNC.------------------------------------------------------------->> Jeep Compass 1.3 T270 SPORT AUTO << 410139*BENEFICIOS KAVAK:Al comprar tu Auto Kavak contás con un PERÍODO DE PRUEBA DE 7 DÍAS o 300 KM. Si no te encantó, te devolvemos el 100% de tu dinero (incluida la transferencia)*INSPECCIÓN Y COBERTURA MECÁNICA: En Kavak, la calidad es lo más importante. Nuestros autos son mucho más que autos usados, son autos semi-nuevos reacondicionados que están revisados en 240 puntos por nuestro equipo de expertos, tienen todos los servicios al día, kilometraje real y cobertura mecánica Kavak de 3 meses con posibilidad de extensión a 1 año.*CONTRATÁ KAVAK TOTAL: Con Kavak Total tenés 9 meses adicionales de cobertura con tope según marca/modelo del auto en arreglos, en motor, transmisión, tracción delantera y trasera, batería, embrague y correa o cadena de distribución. Cuidar tu auto puede ser tan fácil como manejarlo.PRÓXIMOS PASOS:Consúltanos para agendar una visita y/o reservar tu auto de interés.*MÉTODOS DE PAGO:- FINANCIAMOS TU COMPRA: Podés acceder al auto de tus sueños con nuestro plan de financiamiento hecho a tu medida. Financialo en hasta 60 cuotas fijas.- DEJÁ TU AUTO COMO PARTE DE PAGO: Cambiá tu auto por uno Kavak.- AL CONTADO: Pagá vía transferencia bancaria o deposito. Podés pagar en pesos o en dólares.Para mayor información visitá nuestro sitio.*Ver términos y condiciones en Compra y Venta de Autos Usados en Argentina con Garantia",0,0,0
6419,140000.0,"JEEP COMPASS LONGITUD 4X4 AT 2.4 20134X4 CON MODOS CON BLOQUEO * CAJA AUTOMATICA ** TAPIZADO DE CUERO * VOLANTE MULTI FUNCION * STEREO CON PANTALLA ** TOPE DE LINEA * CUBIERTAS NUEVAS * EQUIPO DE AUDIO BOSTON * BUTACAS CALEFACCIONADAS --------------------------------------------------------------------------------------------------------------------Concesionario Charliebrokers Multimarcas, Av Las Magnolias 834, Autopista Panamericana Ramal Pilar Km 50, Pilar.(A 3 Cuadras de Panamericana, Bordeando Palmas de Pilar. A metros de Ruta 8)Lunes a viernes de 9.00Hs a 19.00Hs Horario de Corrido Sab 9.00 A 14.00Hs.TOMAMOS PERMUTA (Envíanos fotos y detalles para su cotización)Consultanos por nuestras facilidades! Cuotas fijas y en pesos sistema francés, mínimos requisitos!(No valido para vehículos menor al año 2008 o Motos)* 30 Años de experiencia + De 100 Vehículos en Stock! *| Venda su auto con nosotros! Libre de comisión",0,0,0
6434,81000.0,"- Renault Duster Dynamique- Año: 2018 - Km: 81.000- Motor: 1.6 Nafta | Caja: Manual- Características Destacadas:Excelente estado general, bien de cubiertas (50% dibujo), manuales y segunda llave de fábrica. (Original Nunca gnc). Vehículo conocido ya que fue vendido con anterioridad por el concesionario, ITV 03/2026, polarizado.Equipamiento Destacado: computadora, airbag, pack eléctrico completo, comando satelital, etc.- Más Info en Web Oficial: ferreroautomotores - Financiación Prendaria hasta en 36 meses, entregando mínimo el 50% del valor de la unidad, el resto a Cuotas FIJAS y en pesos, aprobación en 24hs.- Recibimos tu Auto como parte de pago (Sólo en excelente estado). - Carpeta al día y lista para transferir en el momento- Seriedad y Garantía en la documentación, con Gestoría Propia.- Ciudad de Oncativo (Prov. de Córdoba) - Coordiná tu visita- Somos FERRERO Automotores. ¡No cerramos ventas, Abrimos relaciones!Te bridamos la solución completa a la hora de cambiar tu auto -- Nos respaldan 25 años de trayectoria, más de 4,7 estrellas en Google y más de 200 calificaciones positivas en nuestras redes.- Somos de confianza, Vení a FERRERO Automotores, comprá seguro y volvé manejando... Nosotros nos encargamos de todo.",0,0,0
6435,37799.0,"PANAMER S.A. Concesionario oficial JEEP, RAM, DODGE, CHRYSLER, MITSUBISHI Y JAC.    Contamos con más de 34 años de trayectoria como concesionarios, aseguramos la más alta calidad de atención en servicios de Venta y de Post-Venta con sucursales en San Isidro, San Fernando y Campana.Empresa Certificada Normas ISO 9001-2017IMPORTANTE: Todos nuestros vehículos usados son SELECCIONADOS. Se encuentran revisados y peritados considerando más de 100 puntos de control claves. Al contar con talleres y personal experimentado, nos aseguramos de que su compra se encuentre PROTEGIDA.Sucursales Ventas:Campana: Colectora Sur 885San Fernando: Avenida del Libertador 3197Acassuso: Av. Santa Fe 907Sucursales Post-VentaCampana: San Martín 1306San Fernando: Juan N. Madero 836Acassuso: Av. Santa Fe 907Formas de Pago:-Contado (Pesos o dólares)-Financiación por Banco-Financiación por terminal-Leasing-TOMA DE USADOSi vivís a más de 150km fuera de Buenos Aires, podemos enviar tu nuevo auto a su casa.Estamos para brindarle la mejor atención.Contamos con atención física o 100% digital – Realizamos videollamadas para mostrar el vehículo de ser necesario",0,0,0
6436,86750.0,"VENDO PEUGUEOT 2008 FELINE 1.6 2016. ÚNICO DUEÑO. SERVICES OFICIALES Y PARTICULARES. SIN DETALLES. CAJA MANUAL. CUBIERTAS EN EXCELENTE ESTADO.ACEPTAMOS PESOS, DÓLARES, EUROS, REALES Y CRIPTOMONEDAS A COTIZACIÓN JUSTA REAL DE MERCADO. ACEPTAMOS PERMUTAS DE MAYOR O MENOR VALOR Y TAMBIÉN FINANCIAMOS EN DÓLARES, Y EN PESOS MEDIANTE LOS PRINCIPALES BANCOS DEL PAIS.EL AUTOMÓVIL CUENTA CON DUPLICADO DE LLAVE, MANUALES, CRIQUE, LLAVE DE RUEDA, BALIZAS, MATAFUEGOS Y AUXILIO ORIGINAL, TAL COMO SALIÓ DE FÁBRICA EN 2016.—————ACERCA DE LA COMPRA Y LA TRANSFERENCIA DEL VEHÍCULO———EL COSTO DE LA TRANSFERENCIA DE TITULARIDAD DE ESTE VEHÍCULO ES DE $792.876. ESTE IMPORTE INCLUYE FIRMAS Y LEGALIZACIÓN EN ESCRIBANÍA, Y CUALQUIER OTRO TRÁMITE REGISTRAL QUE SEA NECESARIO. EL IMPORTE MENCIONADO ES FINAL Y NO HAY NINGÚN OTRO GASTO NI COSTO OCULTO.EL PROCEDIMIENTO DE COMPRA ES EL SIGUIENTE:1) USTED COORDINA UNA CITA Y SE ACERCA A VER Y PROBAR EL AUTOMÓVIL, Y SI LE GUSTA, PUEDE RESERVARLO EN EL MOMENTO CON $400.000.2) LUEGO, USTED TENDRÁ 7 DÍAS CORRIDOS PARA ACERCARSE A ABONAR EL VALOR DEL VEHÍCULO Y EL COSTO DE LA TRANSFERENCIA Y FIRMAR EN ESCRIBANÍA LA DOCUMENTACIÓN NECESARIA. ESE MISMO DÍA YA PODRÁ RETIRAR EN EL ACTO LA UNIDAD. NUESTRO PRODUCTOR LE PUEDE GENERAR UN SEGURO DEL AUTOMÓVIL, O BIEN PUEDE TRAER EL SUYO.3) AL CABO DE 7 DÍAS, NUESTRO EQUIPO DE GESTORES SE CONTACTARÁ CON USTED PARA HACERLE LLEGAR LA DOCUMENTACIÓN PERTINENTE.——ACERCA DE QUALIS CARS - AUTOS DE CALIDAD - CONCESIONARIA OFICIAL MULTIMARCA——LA CONCESIONARIA FUE FUNDADA EN 1973 Y HA FUNCIONADO SIN INTERRUPCIÓN DESDE ESE ENTONCES POR MAS DE 5 DÉCADAS. LOS CIMIENTOS FUNDAMENTALES FUERON SIEMPRE LOS MISMOS:1) SOLO VEHÍCULOS DE CALIDAD VERIFICADOS, HASTA 10 AÑOS DE ANTIGÜEDAD E IDEALMENTE CON MENOS DE 100.000 KM. HACEMOS EXCEPCIONES, SOLO SI VALE LA PENA EL VEHÍCULO. NO COMPRAMOS NI VENDEMOS PROBLEMAS.2) TRANSPARENCIA Y VELOCIDAD EN EL TRÁMITE DE TRANSFERENCIA. SABEMOS LO IMPORTANTE QUE ES TENER LOS PAPELES EN REGLA, Y NOS OCUPAMOS DE QUE ASÍ SEA.SI USTED COMPRA CON NOSOTROS, POR FAVOR NO SE SORPRENDA SI RECIBE VARIAS ENCUESTAS TELEFÓNICAS DE NUESTRO EQUIPO DE AUDITORES A LO LARGO DEL PROCESO DE COMPRA. BUSCAMOS ASEGURARNOS LA MISMA EXPERIENCIA PARA CADA CLIENTE Y SOBRE TODO, QUE USTED QUEDE SATISFECHO Y VUELVA.LA CONCESIONARIA SE ENCUENTRA EN ALMAGRO (CAPITAL FEDERAL, ARGENTINA) EN UN PREDIO DE 5.000M2 DONDE SE EXHIBEN ALREDEDOR DE 200 VEHÍCULOS ENTRE 0KM, IMPORTADOS, CLÁSICOS Y UTILITARIOS. EN EL PREDIO FUNCIONAN ADEMÁS TALLERES DE: POSVENTA Y MECÁNICA LIGERA, DETAILING Y CARROCERIA Y PINTURA .(POR FAVOR, PEDIR LA DIRECCION EXACTA, POR POLITICA DE MERCADOLIBRE NO PODEMOS ANUNCIARLA AQUI).",0,0,0
6437,18000.0,"Vendo Chevrolet Tracker Premier 1.2T Automatica del año 2021 con tan solo 18.000 km realesSolo 4.500 km de uso anualÚNICO DUEÑO DE 0KM !!!Todos los services oficiales hechos por año (facturados y sellados)Pintura original de fabrica Cubiertas en excelente estado de conservacion Interior igual a nuevo sin detallesVersion tope de gamaAlgunas marquitas pequeñas de garageUnica en su estado Por precio, km y estado es la mas barata publicada !!! Precio de 0km $37.800.000 + flete y formularios + patentamientos abusivosAcá pagas el mismo estado que un 0km a un precio extremadamente inferior$30.900.000 o U$D 27.000 !!!Oportunidad de compra !AGENDA TU VISITA CON 24 HS DE ANTICIPACIÓN Equipamiento y confort:Equipamiento y confort:Climatizador automático, dirección eléctrica (es un placer conducirla), Doble techo solar, navegador satelital, Estacionamiento automatico, cámara retroceso y sensores, Airbags, Abs, Esp, Butacas de cuero, Velocidad crucero y limitador y mas equipamiento de confort y calidad como solo acustambre la version PREMIER !Radicada en Capital Federal y se vende únicamente transferida VENDO - PERMUTO - FINANCIORICCI CARS - CONCESIONARIO MULTIMARCAEncontranos en instagram como riccicars_Su consulta no molesta!",1,0,0
6456,51000.0,Muy muy y buena y cuidada - no tiene detalle - tomo menor valor - es ver comprar ! Tranf obligatoria- para ver solo en bella vista -( se financia ),0,0,0
6471,108000.0,La mejor!!!!Pintura de fábrica Servicios oficiales Cubiertas nuevasTitular en CABASIN DETALLES,0,0,0
6474,180000.0,"GLK 300 2013 4Matic c/180.000kmEs la versión con motor nuevo 3.5 V6 247hpCon kilometraje real, conozco la camioneta desde su primer dueño.Soy titular, tercer dueño. Está radicada en CABA.Tiene 4 cubiertas dunlop aprox al 75%Nada por hacerle.Se puede ver en Puerto MaderoTomo posible permuta",0,0,0
6491,140000.0,CHEVROLET TRACKER 1.8 LTZ AT AWDAÑO: 2017KM: 148.000IMPECABLE! PRIMERA MANO!- MAS DE 20 AÑOS EN EL MERCADO- TOMAMOS PERMUTAS- CONTAMOS CON FINANCIACION CON DNI- DOCUMENTACION AL DIA LISTA PARA TRANSFERIR- LIBRE DEUDA DE INFRACCIONES Y PATENTES- VTV AL DIA- GARANTIA DE 3 MESES EN MOTOR Y CAJAHORARIOS DE ATENCION DE LUNES A VIERNES DE 9 HS A 18 HS Y SABADOS DE 9 HS A 14 HSSU CONSULTA NO ES MOLESTIA!FH AUTOMOTORES,0,0,0
6495,315000.0,Cubiertas con 5100km. RTO al día. Paragolpes originales incluído. Recibo permuta modelo 2015 en adelante.,0,0,0
6515,6000.0,"Sin detalles. Impecable. Tiene polarizado 3M, tuercas de seguridad y chapón cubre cárter original con factura.",0,0,0
6517,103000.0,"Muy buen estado general. Con GNC.Valor publicado por pago contado Documentación al día, transferencia obligatoria no incluida en el valor.Tomamos permutas de nuestro interés desde el año 2010 y con hasta km200.000.FINANCIAMOSSomos Rial Motors, la agencia de usados con mejor reputación del mercado. 100% de calificaciones positivas.EN RIAL MOTORS UD PUEDE CONFIAR, SOMOS UNA FAMILIA DEDICADA ÍNTEGRAMENTE AL RUBRO AUTOMOTOR DESDE 1975.HACEMOS GESTORIA, COMPRA-VENTA DE 0KM Y USADOS, SEGUROS, Y CRÉDITOS PRENDARIOS. NO DUDE EN CONSULTARESTAMOS CERQUITA DE LA CANCHA DE VELEZATENDEMOS DE LUNES A VIERNES DE 12:30 A 18:00HS, Y SABADOS DE 9 A 12:30HS.POR FAVOR COORDINAR SIEMPRE LA VISITA AUNQUE SEA DENTRO DE NUESTRO HORARIO DE ATENCION. SI NO LE ES POSIBLE DENTRO DE ESOS HORARIOS PODEMOS ARREGLAR PUNTUALMENTE POR FUERA DE LOS MISMOS. GRACIAS POR VISITAR NUESTRA PUBLICACION. ESPERAMOS SU CONSULTA Y SUMARLO A NUESTROS CLIENTES/AMIGOS!!!!!!",0,0,0
6544,45542.0,"Cambiá tu auto o comprá uno semi nuevo en Kavak, compañía N°1 en venta online de autos usados en Latinoamérica. Contamos con distintos planes de financiamiento para adaptarse a tus necesidades, también podés dejar tu auto como parte de pago. Solo vendemos autos 2010 en adelante, con menos de 100.000 km, que nunca tuvieron daños estructurales ni GNC.------------------------------------------------------------->> Ford EcoSport 1.5 TITANIUM << 406525*BENEFICIOS KAVAK:Al comprar tu Auto Kavak contás con un PERÍODO DE PRUEBA DE 7 DÍAS o 300 KM. Si no te encantó, te devolvemos el 100% de tu dinero (incluida la transferencia)*INSPECCIÓN Y COBERTURA MECÁNICA: En Kavak, la calidad es lo más importante. Nuestros autos son mucho más que autos usados, son autos semi-nuevos reacondicionados que están revisados en 240 puntos por nuestro equipo de expertos, tienen todos los servicios al día, kilometraje real y cobertura mecánica Kavak de 3 meses con posibilidad de extensión a 1 año.*CONTRATÁ KAVAK TOTAL: Con Kavak Total tenés 9 meses adicionales de cobertura con tope según marca/modelo del auto en arreglos, en motor, transmisión, tracción delantera y trasera, batería, embrague y correa o cadena de distribución. Cuidar tu auto puede ser tan fácil como manejarlo.PRÓXIMOS PASOS:Consúltanos para agendar una visita y/o reservar tu auto de interés.*MÉTODOS DE PAGO:- FINANCIAMOS TU COMPRA: Podés acceder al auto de tus sueños con nuestro plan de financiamiento hecho a tu medida. Financialo en hasta 60 cuotas fijas.- DEJÁ TU AUTO COMO PARTE DE PAGO: Cambiá tu auto por uno Kavak.- AL CONTADO: Pagá vía transferencia bancaria o deposito. Podés pagar en pesos o en dólares.Para mayor información visitá nuestro sitio.*Ver términos y condiciones en Compra y Venta de Autos Usados en Argentina con Garantia",0,0,0
6545,30000.0,"BMW X1 18i Sdrive 150cv, sin detalles, 30.000km comprobables, service oficiales hasta que venció la garantía.",0,0,0
6563,150000.0,"MERCEDES ML500 4 MATIC 2008, 180MIL KLM MUU BUEN ESTADO GENERAL, CUBIERTAS MICHELIN SEMI NUEVAS, INTERIOR INPECABLE SIM DETALLES",0,0,0
6579,230000.0,*RODRIGEZ CARS*NISSAN X-TERRA 2.8 se -230.000km-4x4 alta y baja -malacate-cierre centralizado -levanta cristales -aire y dirección-paragolpes reforzado -cubre cárter aluminio 5 cubiertas BF Goodrich all terrain nuevas -pilar bs as,0,0,0
6586,36000.0,"""TOYOTA COROLLA CROSS 1.8 XEI HEV CVTAño 2022Km 36000•Vtv vigente •Cubiertas en excelente estado •Pantalla táctil•Cámara retroceso•Navegador•Sensores de estacionamiento•Comando al volante•Control crucero•Climatizador•Botón de arranque•Llave presencial •Levanta vidrios eléctricos•Espejos eléctricosEXPERIENCIA MERAK- Podes abonar el vehículo mediante transferencia bancaria, efectivo, USS. -- Para tu tranquilidad, podes venir con tu mecánico de confianza a ver el auto, escanearlo y que puedas salir a probarlo.- No aumentamos el valor del vehículo en permuta, manejamos precios reales tanto para nosotros como para el cliente.- En el mismo momento que abonas, retiras el vehículo y nuestra gestoría se encarga de tomar la firma en el 08 para poder realizar todos los tramites.- Todos nuestros vehículos se entregan con permiso de circulación o cedula vigente para la tranquilidad del cliente. Es primordial para nosotros que el auto se vaya transferido en el menor tiempo posible. A diferencia de otros concesionarios, esto lo podemos llevar a cabo gracias a que contamos con gestoría propia, con mandatarios matriculados cubriendo todas las zonas.¿TOMAMOS VEHICULOS EN PARTE DE PAGO?- -Si tomamos, y es nuestra prioridad que quieras dejarlo en nuestras manos.- Podes enviarnos fotos, detalles, kilómetros y nuestro equipo de ventas se encarga de cotizarlo en el momento.- Te damos la posibilidad de encargarnos y gestionar toda la documentación necesaria para entregar tu vehículo y que no tengas que moverte de tu casa, sin ningún tipo de honorarios, solamente abonando los aranceles correspondientes.- En ningún momento te quedas sin vehículo, llave contra llave.FINANCIACIÓN- Trabajamos con financieras directas, contamos con las mejores tasas. Cuotas fijas y en pesos.- Podes pedir vía WhatsApp la cotización del crédito a tu medida.- Financiamos hasta el 40% de la unidad.- Hacemos revisión de veras en el ACTO.- Señas el vehículo, la financiera se contacta con vos en el transcurso de 24hs, se arma el crédito y en 72hs estas firmando toda la documentación y retirando el vehículo en el concesionario.SEGURO- Podemos cotizarte el seguro con nuestra productora sin ningún tipo de compromiso, le brindamos a nuestros clientes el precio más bajo del mercado de las compañías más prestigiosas. Si te interesa nuestro presupuesto nos encargamos de gestionar todo para que no tengas que preocuparte y salir cubierto del concesionario. No tiene ningún tipo de honorarios ni adicional, buscamos brindarles todos los servicios en un mismo lugar.¿QUIENES SOMOS?- Somos un equipo joven que viene de una familia ligada al rubro automotor de toda la vida, decidimos dar el paso de abrir un concesionario con un concepto diferente al tradicional. Nuestro principal objetivo es que nuestros clientes se sientan cómodos desde el primer contacto con nosotros, que puedan sacarse todas las dudas sin ningún compromiso, brindarles todas nuestras herramientas para que encuentren el auto que buscan, que no tengan ninguna preocupación más que disfrutar el proceso. ¡Nos encantaría que nos conozcas y que puedas vivir la experiencia con nosotros!""",0,0,0
6588,273000.0,"Decidimos vender nuestra querida Nissan X-Terra 4x4, a la que con cariño llamamos “La Gorda”.No es solo una camioneta. La Gorda fue nuestra compañera fiel durante años, cruzó rutas, montañas y ciudades con nosotros. Nos llevó y nos trajo en incontables aventuras, fue refugio en viajes largos, testigo de charlas profundas, silencios compartidos y muchas risas.La Gorda está en excelente estado, siempre cuidada y lista para seguir recorriendo caminos con alguien que la disfrute tanto como nosotros. Tiene detalles estéticos, son las marcas de una historia de aventuras.Si estás buscando una 4x4 confiable, con historia y alma viajera, escribinos.",1,0,0
6591,114000.0,HONDA CRV 2.4 LX 4x2 AT 2014 - SERVICES OFICIALES - AIRE ACONDICIONADO - DIRECCIÓN ASISTIDA - FRENOS A DISCO EN LAS 4 RUEDAS CON ABS - AIRBAGS - CRISTALES Y ESPEJOS ELÉCTRICOS - RADIO CD - COMPUTADORA DE A BORDO - CRISTALES POLARIZADOS - NEUMÁTICOS REEMPLAZADOS Y MAS!ASESORAUTOS COM AR / SOCIO DE LA CÁMARA DEL COMERCIO AUTOMOTOR - 18 AÑOS EN EL MERCADO AUTOMOTOR*SÓLO CONTADO*---------------------------------------------------------------------AirbagsAire AcondicionadoApoyacabezas en Asientos TraserosAsiento Conductor Regulable en AlturaCaja AutomáticaCentral de InformaciónCierre Cent. de Puertas con Apertura a Dist.Cinturones InercialesControl de Velocidad CruceroCristales PolarizadosDirección AsistidaEspejos Exteriores con Comando EléctricoFaros Antiniebla DelanterosFrenos a Disco en las 4 Ruedas con ABSLevantacristales Eléctricos en las 4 PuertasLimpia/Lava LunetaLlantas de AleaciónRadio AM/FM con Reproductor de CD/MP3Tapizado de PanaTercera Luz StopVolante RegulableBluetoothServices en Concesionario OficialVolante MultifunciónParagolpes Color CarroceríaApoyabrazos Central DelanteroApoyabrazos Central TraseroEquipo de Audio con Comando RemotoNeumáticos ReemplazadosSegundo Dueño,0,0,0
6605,90000.0,"UNICA MANO, EXCELENTE POR DONDE LA MIRES, TOTALMENTE ORIGINAL, SIN DETALLES, ESTADO GENERAL OPTIMO, SOLO DE USO FAMILIAR, CUBIERTAS NUEVAS, FUNCIONANDO TODO PERFECTAMENTE, LISTO PARA TRANSFERIR, MENDOCINA, DIGNO DE VER, TE ESPERAMOS-GIUMATI AUTOMOTORES S. A. S.Con una trayectoria de mas de 15 años, atendida por su dueño, disponemos un stock importante de vehículos usados seleccionados, UTILITARIOS, SUV, DOBLE CABINA, VEHICULOS DE ALTA GAMA.--Te ofrecemos un trato personalizado, de la mano de nuestro personal especializado y capacitado en atención.--Financiación del tan solo con tu DNI COMO REQUISITO-Contamos con diferentes planes de financiación, PERSONALES, PROPIOS, BANCARIOS Y PRENDARIOS-Recibimos tu usado como parte de pago, con la mejor cotización.--Test de manejo en el vehículo q elijas.--Cobertura de seguro desde el momento que retiras, con el mejor precio de mercado.--Gestoria del Automotor en cualquier parte del país.-",0,0,0
6616,50000.0,AutoDrive***** USADOS SELECCIONADOS *****Ford Territory 1.5 Titanium At202150.000 km • Unidad en excelente estado• Papeles al día – Listo para transferir• Garantía de 3 meses por inconvenientes en motor o caja• Aceptamos permutas• Tenemos financiación¡Tu nuevo auto te está esperando!Podes venir con tu mecánico sin problemas para revisarloDejame tu consulta y me comunico a la brevedad,0,0,0
6674,202000.0,"$10.500 usd Vendo camioneta honda crv ex at  4wd(es integral) modelo 2005 motor 2.4 automatica 202.000 km service hecho hace 300 km cuero, techo, levantavidros.Detalles estéticos, buena mecánica, bien de cubiertas. Tiene la mesaEscucho oferta, no permutoZona polvorines, malvinas argentinas",0,0,0
6685,12000.0,Excelente estado. Sin detalles. Tomamos permutas menor valor.Tracker Premier Automatica 1.2 Turbo.Financiamos con entrega minima y cuotas fijas.,0,0,0
6704,93000.0,"Bienvenidos a Pointcars, tu concesionaria de confianza.Disponemos de un amplio stock de vehículos, tanto nuevos como usados, de todas las marcas, listos para que encuentres el que mejor se adapte a tus necesidades.Te brindamos la posibilidad de vendernos tu auto y acceder a una financiación de hasta el 80% del valor, para que estrenes el vehículo que querés con total facilidad.Cada uno de nuestros autos pasa por un riguroso proceso de revisión mecánica, limpieza interior y embellecimiento exterior, garantizando calidad y seguridad en cada entrega.Mientras nuestro equipo administrativo gestiona la documentación, nos ocupamos de cada detalle para que tu compra sea rápida, transparente y sin complicaciones.¡Te esperamos en Pointcars, el lugar de tu auto!",0,0,0
6708,200000.0,"Honda crv año 1998 motor impecable, caja rota, es automática, se llevó a reparar y falta pagar para retirarla, tengo titulo, cédula, informe de dominio, formulario 03 ya que estaba prendada y se pago todo,",0,0,1
6717,71000.0,"Jeep Wrangler, Automático/Secuencial, Unlimited, 4x4, 5 puertas, Con todos los opcionales, Tapisados de cuero, Techo rígido desmontable, Capota original sin uso, Llantas Rod 20, 4 Cubiertas Yokohama Geolander, Kit de Ensanchado Americano 30 cm, Service oficial, Amortiguador Fox de dirección, Escape Mopar con doble salida de Carbono Akrapovic, Techo/Fenders/Estribos/Paragolpes delantero y trasero pintados de color carroceria, Opticas Mopar Full Led, Parrilla Angry Bird pintada color carrocería, Soportes de Led marca Rygid Americano con 3 barras Cree Led, Filtro K&N Carbono, Chip de Admisión, Tapa Cubremotor de Carbono, Faros traseros Led, Pantalla de audio Sony con Potencia Monster mas Cajon Slim Alpine, Camara de marcha atras, Gancho de remolque Original Mopar, Tapa de nafta Mopar, Portapatente trasero Mopar, Antena Mopar Bala, Vidrios Antibandalicos 3M, Alfombras de interior Mopar, Manual/Duplicado de llave, Optimo estado solo para entendidos.",0,0,0
6727,105000.0,"Cambiá tu auto o comprá uno semi nuevo en Kavak, compañía N°1 en venta online de autos usados en Latinoamérica. Contamos con distintos planes de financiamiento para adaptarse a tus necesidades, también podés dejar tu auto como parte de pago. Solo vendemos autos 2010 en adelante, con menos de 100.000 km, que nunca tuvieron daños estructurales ni GNC.------------------------------------------------------------->> Kia Sportage 2.0 GDI 2WD EX AUTO << 407728*BENEFICIOS KAVAK:Al comprar tu Auto Kavak contás con un PERÍODO DE PRUEBA DE 7 DÍAS o 300 KM. Si no te encantó, te devolvemos el 100% de tu dinero (incluida la transferencia)*INSPECCIÓN Y COBERTURA MECÁNICA: En Kavak, la calidad es lo más importante. Nuestros autos son mucho más que autos usados, son autos semi-nuevos reacondicionados que están revisados en 240 puntos por nuestro equipo de expertos, tienen todos los servicios al día, kilometraje real y cobertura mecánica Kavak de 3 meses con posibilidad de extensión a 1 año.*CONTRATÁ KAVAK TOTAL: Con Kavak Total tenés 9 meses adicionales de cobertura con tope según marca/modelo del auto en arreglos, en motor, transmisión, tracción delantera y trasera, batería, embrague y correa o cadena de distribución. Cuidar tu auto puede ser tan fácil como manejarlo.PRÓXIMOS PASOS:Consúltanos para agendar una visita y/o reservar tu auto de interés.*MÉTODOS DE PAGO:- FINANCIAMOS TU COMPRA: Podés acceder al auto de tus sueños con nuestro plan de financiamiento hecho a tu medida. Financialo en hasta 60 cuotas fijas.- DEJÁ TU AUTO COMO PARTE DE PAGO: Cambiá tu auto por uno Kavak.- AL CONTADO: Pagá vía transferencia bancaria o deposito. Podés pagar en pesos o en dólares.Para mayor información visitá nuestro sitio.*Ver términos y condiciones en Compra y Venta de Autos Usados en Argentina con Garantia",0,0,0
6733,60000.0,"MARCA JEEPMODELO RENEGADEVERSIÓN LONGITUDE ATKM 60.000AÑO 2020CONSULTA AQUÍ POR CRÉDITOS BANCOR CRÉDITOS SANTANDER Y FINANCIACIÓN PROPIA DE LA CASA A MEDIDA DEL CLIENTEMEGA CARS AUTOMOTORESENTREGA INMEDIATA… EN EL DIA!!!Si el vehículo le interesó no dude en escribirnos o llamarnos para coordinar una cita y que usted pueda no solo venir a ver y revisar la unidad sino también realizar un test drive con el mismo.TODOS NUESTROS VEHÍCULOS ESTÁN A SU ENTERA DISPOSICIÓN PARA QUE LOS PRUEBE, HAGA REVISAR CON SU MECANICO DE CONFIANZA O LO QUE A USTED LE PAREZCA NECESARIO PARA SU TRANQUILIDAD.Recibimos su usado en excelente precio, Financiación a medida - Distintas formas de pago.-—————————————————————————————Somos una agencia ícono en Córdoba capital, ubicados en el corazón del parque de venta automotrizContamos con gran variedad de vehículos usados y cero km con entrega inmediata brindando al cliente todo lo que necesita para su tranquilidad y una operación segura y sencilla.¡Muchísimas gracias por elegirnos!FRANCO VACCARI",0,0,0
6735,138000.0,"-Bumper delantero y trasero RHINO-Protectores de luces traseras, tapa tanque-Conexión para trailer-Bocha de arrastre-Estribos-5 ruedas 315/65/17 con 7.000 km-Amortiguador de dirección FOX.-Luces: busca huellas en bumper halógenas-Opticas led alto alcance-Auxiliares laterales-Encendido independientemente-Barra led de techo alto alcance encendido independientementeTodos los servicios en concesionarioTecho SoftPantalla 10 pulgadas car playÚltima generaciónCamara marcha atrazContado US 42.900Permuta Us 43.900Pepe Magnano autos una empresa que está en el rubro hace más de 40 años en la compra y venta de usados y 0kmAgencia multimarca!!Mas de 60 autos en stockCompramos, tasamos Permutamos tu usado o 0km en el momentoTambién ofrecemos un lugar en nuestra agencia para dejarlo como consignación,para venderlo al precio que vos consideres.Contamos con stock de vehículos 0km multimarcas Peugeot,Jeep,Toyota,RenaultEntre otrasContamos con Gestoria personalizada para la transferencia de tu vehículoFinanciamiento cuota fija en $$$ de la primera a la últimaAdemás somos productores de seguros directo de la caja y otras compañias másCoordine y venga a ver su próximo vehículo!!Podes Comunícarte por wpp para tener una respuesta a la instante",0,0,0
6740,48000.0,"Nissan Kicks 1.6 Exclusive CvtPrecio Lista / Permuta u$s 24900Precio Contado Efectivo u$s 22900+ Aceptamos Transferencia Bancaria en Pesos y Dólares ++ Contamos con cuenta Bancaria en Estados Unidos para recibir transferencias +Mas de 25 años de experiencia en el mercado de vehículos premium• COORDINAR DÍA Y HORARIO PARA VER EL VEHÍCULO •• TOMA DE USADOS A PRECIO DE MERCADO (COTIZAMOS ONLINE)• RESERVA CON CONFIANZA :MERCADO LIBRE PROTEGE TU DINERO, ACEPTAMOS TODAS LAS TARJETAS DE DÉBITO Y CRÉDITO• RESPUESTA INMEDIATA A TUS INQUIETUDES :Respondemos al instante mensajes y llamados. Programamos Videollamadas.• ATENCIÓN PERSONALIZADA• DOCUMENTACIÓN AL DÍA Y LISTA PARA TRANSFERIRContamos con Administración y Gestoría Integral.• COORDINAR DÍA Y HORARIO PARA VER EL VEHÍCULO •",0,0,0
6751,88000.0,"BETA AUTOMOTORESConcesionario Oficial ChevroletLíder en ventas y calidad de atención, la opinión de nuestros clientes y 27 años en la marca, nos avala. ***Solo vendemos usados seleccionados***¡SUPER OPORTUNIDAD POR PRECIO Y ESTADO!**NOVEDADES DE MAYO***¡¡¡NUEVA FINANCIACION EXCLUSIVA PARA USADOS, CON UNA TASA FIJA DEL 29% ANUAL!!!SI, FIJA Y DESDE EL 29% ANUAL (LE GANAS AMPLIAMENTE A LA INFLACIÓN). Y EXCLUSIVA, PORQUE SOLO NOSOTROS TE LA PODEMOS OFRECER, YA QUE ES DE CHEVROLET GPAT PARA LOS VEHICULOS USADOS DE TODAS LAS MARCAS QUE OFRECEMOS.¡SOLO POR CUPOS LIMITADOS, CONSULTA AHORA!EL VEHICULO-Se encuentra en inmejorable estado ya que está muy cuidado, y posee todos los service al día. Cada vehículo que entra y sale a la venta en nuestro concesionario, pasa por un exhaustivo chequeo realizado por nuestros técnicos, luego se selecciona y se exhibe.-Posee vtv al día, grabado de autopartes, informes de dominio y de infracciones, verificación policial, manuales, 2da llave, etc.LA DOCUMENTACIONNuestra área administrativa se encarga de que la documentación este al día, completa y lista, para que puedas hacer el trámite de transferencia de manera inmediata, y sin necesitar intermediarios. Además te acompañan y asesoran en el proceso de solicitud de tramites.FORMAS DE PAGO-Permutamos por tu vehículo usado. ¡Cotiza en línea, ahora!-Recibimos dólares y los pagamos al mejor precio de mercado, para una compra mas segura, sin que tengas que buscar lugar, y cambiarlos vos.-CREDITOS CHEVROLET GPAT (para usados multimarca)Financiamos a tasa 0% ajustable, y fija solo con DNI, sin comprobar ingresos. Aprobación inmediata. ¡Consúltanos en línea ahora, con tu DNI!",0,0,0
6786,40000.0,"NISSAN KICKS EXCLUSIVE BT CVT -VERSION TOPE DE GAMA C/ CUERO, ARRANQUE POR BOTÓN, FAROS CON BI XENON DE FABRICA Y CÁMARA 360ª -.MOTOR 1.6 CAJA AUTOMÁTICA CVT -.MODELO 2021 - ( TODOS LOS SERVICIOS OFICIALES ).( 40000 KM REALES Y COMPROBABLES ).- INMEJORABLE ESTADO, TOTALMENTE ORIGINAL... ÚNICO DUEÑO DE OKM, TODOS LOS SERVICIOS OFICIALES REALIZADOS EN CONCESIONARIO NISSAN. SIN DETALLES. IGUAL A OKM.- VIDRIOS POLARIZADOS.- TRATAMIENTO VIDRIO LIQUIDO EN LA PINTURA CON LOS MEJORES PRODUCTOS..PAPELES COMPLETAMENTE AL DÍA, POSEE: TODOS LOS MANUALES DE OKM, 2 LLAVES, ETC *- GRABADO DE AUTOPARTES REALIZADO.* IGUAL A OKM, DIGNA DE VER *- OFERTA CONTADO U$25.500 PERMUTO - FINANCIO. / VALOR EN PERMUTAS U$26.500-*** SE ADJUNTAN 25 FOTOS Y UN VÍDEO DE LA UNIDAD PARA QUE PUEDA VERLA EN DETALLE ***",0,0,0
6821,26050.0,"Cambiá tu auto o comprá uno semi nuevo en Kavak, compañía N°1 en venta online de autos usados en Latinoamérica. Contamos con distintos planes de financiamiento para adaptarse a tus necesidades, también podés dejar tu auto como parte de pago. Solo vendemos autos 2010 en adelante, con menos de 100.000 km, que nunca tuvieron daños estructurales ni GNC.------------------------------------------------------------->> Nissan Kicks 1.6 SENSE << 390591*BENEFICIOS KAVAK:Al comprar tu Auto Kavak contás con un PERÍODO DE PRUEBA DE 7 DÍAS o 300 KM. Si no te encantó, te devolvemos el 100% de tu dinero (incluida la transferencia)*INSPECCIÓN Y COBERTURA MECÁNICA: En Kavak, la calidad es lo más importante. Nuestros autos son mucho más que autos usados, son autos semi-nuevos reacondicionados que están revisados en 240 puntos por nuestro equipo de expertos, tienen todos los servicios al día, kilometraje real y cobertura mecánica Kavak de 3 meses con posibilidad de extensión a 1 año.*CONTRATÁ KAVAK TOTAL: Con Kavak Total tenés 9 meses adicionales de cobertura con tope según marca/modelo del auto en arreglos, en motor, transmisión, tracción delantera y trasera, batería, embrague y correa o cadena de distribución. Cuidar tu auto puede ser tan fácil como manejarlo.PRÓXIMOS PASOS:Consúltanos para agendar una visita y/o reservar tu auto de interés.*MÉTODOS DE PAGO:- FINANCIAMOS TU COMPRA: Podés acceder al auto de tus sueños con nuestro plan de financiamiento hecho a tu medida. Financialo en hasta 60 cuotas fijas.- DEJÁ TU AUTO COMO PARTE DE PAGO: Cambiá tu auto por uno Kavak.- AL CONTADO: Pagá vía transferencia bancaria o deposito. Podés pagar en pesos o en dólares.Para mayor información visitá nuestro sitio.*Ver términos y condiciones en Compra y Venta de Autos Usados en Argentina con Garantia",0,0,0
6824,270000.0,"Toyota RAV4 2.0 16v 4x4 Año 1997Caja manual Tracción integral permanente Service recién hechoBujías, cables y bobinas nuevos.Batería nueva.Motor e interior joya.Detalles de chapa y pintura.Se entrega transferida.",1,0,0
6825,165000.0,"Ford Ecosport 2006 TDCI XLS165.000 kmParticularExcelente estado general, detalles de chapa por uso",1,0,0
6829,100000.0,"TOYOTA RAV4 2.5 VX HYBRIDA 2019IMPECABLE ESTADOSIN DETALLESVERSION VX LIMITED 4x2CAJA AUTOMATICA100.000 KILOMETROSTODOS LOS SERVICES OFICIALESCUBIERTAS NUEVASAUXILIO SIN RODARÚNICO DUEÑOCRISTALES BLINDADOS TODOS LOS PAPELES AL DÍA LISTO PARA TRANSFERIR (08 FIRMADO, INFORME DE DOMINIO, LIBRE DEUDA DE INFRACCIONES, LIBRE DEUDA PATENTES, VERIFICACIÓN POLICIAL)SE ACEPTAN PERMUTASSE ESCUCHAN OFERTAS RAZONABLES DE CONTADOSE ENTREGA SI O SI TRANSFERIDOSE ENTREGA SIN DEUDA DE NINGÚN TIPOSOMOS ''VIRGILIO AUTOMOTORES'' AGENCIA UBICADA EN CAPITAL FEDERAL, BARRIO MONTE CASTRO (A METROS DE LOPE DE VEGA Y JONTE)",0,0,0
6845,99000.0,Tracker 1.8 LTZ 4WDAño 2014 99.000 kmDistribución y Service de aceite completo realizado hace 5.000 km Muy buen estado general Único dueño Cubiertas nuevas Full equipamiento Manuales y duplicado de llave Mantenimiento siempre realizado en tiempo y forma .Funcionamiento correcto de todo su equipamiento .Tomo permuta,0,0,0
6856,220000.0,Ssangyong Actyon Automatico 2012Unica mano de 0km220 mil kms realesMuy buen estadoDetalles en porton trasero y espejo derecho a la vista4 cubiertas impecables Mecanica excelente Titular al dia. Transferencia obligatoriaPrecio en dólares efectivo,0,0,0
6869,282000.0,"Honda Cr-v 2.4 Lx At 2wd (mexico) 2011 - 4x2 TitularPrecio Negociable .      TIENE TODOS LOS MANTENIMIENTOS EN HONDA ACTUALMENTE SE HIZO COMPLETO EL TREN DELANTERO. SE CAMBIO.1- AMBOS ESPIRALES Y AMORTIGUADORES , AMBAS CAZOLETAS SUPERIORES DE LOS RESORTES DE AMORTIGUACION .2- TODOS LOS TACOS DE GOMA INCLUSIVE LOS DE LA BARRA ESTABILIZADORA .3- SE CABIARON AMBOS DISCOS DE FRENO ( FREMAX ). RECOMENDACION EN EL MANTENIMIENTO DE LOS DISCOS DE FRENO : Como regla general, los discos de freno deberían cambiarse cada dos cambios de pastillas. Los discos de freno delanteros suelen cambiarse más rápido porque están más propensos a desgastes, cada 120.000 km es la cifra estándar.4- SE CABIARON AMBAS PASTILLAS DE FRENO .5- MOTOR NO CONSUME ACEITE .¿Cuántos kilómetros por litro da una CR-V 2011?Prestaciones y consumos homologadosCiclo de consumo NEDCVelocidad máxima 190 km/hAceleración 0-100 km/h 10.2 sConsumo extraurbano 6.9 l/100 kmConsumo urbano 10.5 l/100 km¿Cuántos kilómetros por litro da una Honda CR-V?CONSUMO DE COMBUSTIBLERendimiento en Ciudad: 11.20 km/LRendimiento en Carretera: 16.60 km/lEl Honda CR-V es hecho por primera vez en el año 2011. El estilo de carrocería de este coche es vehículo todoterreno (off-road) con 5 asientos], 5 puertas y [Model_drive. El Honda CR-V es de 4529.00 mm de largo. Su anchura y altura son de 1821.00 mm y 1644.00 mm respectivamente. Las dimensiones de la distancia entre ejes de este modelo, de su vía delantera y su vía trasera son 2620.00 mm, 1563.00 mm, 1563.00 mm respectivamente. El altura de marcha es de 160.00 mm. Su masa/propio peso es de 1500 kg. El Honda CR-V está equipado con un motor de 4 cilindros y el desplazamiento del motor es de 2354 cc. Los cilindros tiene una disposición en línea y 4 válvulas por cilindro. El diámetro de los cilindros es de 87.00 mm y la carrera del pistón tiene una longitud de 99.00 mm. La relación de compresión en este motor es 10.00:1. Además, este motor atmosférico (con aspiración natural/compresor de aire) es de tipo DOHC (doble árbol de levas a la cabeza) con cárter húmedo como un sistema de engrase. Él está situado en la parte delantera del coche tiene una orientación transversal. Él emplea inyección programable como sistema de combustión. El par máximo (torque) y la potencia máxima suministrados por el motor son respectivamente 222 Nm por 4400 rpm y 138 kW / 188 hp por 7000 rpm. El tanque de combustible puede contener 58.00 l. La transmisión de este modelo es automática de 5 cambios. La relación de desmultiplicación es de 0.54:1. El desmultiplicación de la dirección es de 0.54:1. La sistema de frenado delantero utiliza frenos de discos ventilados. Las ruedas traseras se han frenos de discos, servo-frenos, sistema antibloqueo de ruedas (ABS). El diámetro de los frenos delanteros y traseros es respectivamente 300.00 mm y 305.00 mm. La dimensión de las llantas delanteras es 6.5 x 16. Las llantas traseras son de 6.5 x 16 de dimensión. El código para el tamaño y tipo de las ruedas delanteras es 215/70 R 16 100S. El tamaño y tipo de los neumáticos traseros es 215/70 R 16 100S. El sistema de dirección de este modelo emplea de piñón y cremallera con asistencia eléctrica. El volante realiza 3.16 vueltas de tope a tope.MarcaLa denominación de la compañía, fabricante del automóvil. HondaSerieLa serie a la que pertenece este modelo. CR-VModeloEl modelo de automóvil. CR-VCódigoUn código que identifica el modelo. -FamiliaLa familia a la cual pertenece el modelo. -Inicio de la fabricaciónEl año en el cual empieza la fabricación de este modelo. 2011Carrocería / LatoneríaInformación sobre el tipo de carrocería/latonería de este automóvil. vehículo todoterreno (off-road)Tipo de sistema de tracciónEl tipo de sistema de tracción, que es utilizado en el vehículo. FWD (tracción delantera)AsientosNúmero de asientos con las cuales dispone el automóvil. 5PuertasNúmero de puertas con las cuales dispone el automóvil. 5LongitudLongitud del automóvil - la distancia entre el punto más posterior del automóvil hasta el punto más delantero. 4529.00 mm (milímetros)178.3071 in (pulgadas)14.8589 ft (pies)AnchuraAnchura del automóvil - espejos, manijas de las puertas, luces y demás dispositivos no están incluidos en las mediciónes. El ancho se mide a puertas cerradas y las ruedas de posición hacia adelante. 1821.00 mm (milímetros) 71.6929 in (pulgadas)5.9744 ft (pies)AlturaAltura del automóvil - la distancia entre el punto más bajo, junto a la tierra, y el punto más alto del automóvil. 1644.00 mm (milímetros)64.7244 in (pulgadas)5.3937 ft (pies)Distancia entre ejesLa distancia entre los centros de las ruedas delanteras y traseras; la distancia entre el eje delantero y trasero. 2620.00 mm (milímetros)103.1496 in (pulgadas)8.5958 ft (pies)Vía delanteraLa distancia entre las ruedas del eje delantero. 1563.00 mm (milímetros)61.5354 in (pulgadas)5.1280 ft (pies)Vía traseraLa distancia entre las ruedas del eje trasero. 1563.00 mm (milímetros)61.5354 in (pulgadas 5.1280 ft (pies)Altura de marcha / ClearanceLa distancia entre el punto más bajo del chasis/el cuadro del automóvil y el suelo. 160.00 mm (milímetros) 6.2992 in (pulgadas) 0.5249 ft (pies)PesoEl peso propio del automóvil se mide por medio de equipo estándar y en presencia de todos los materiales necesarios, sin la presencia de pasajeros y de equipaje adicional. 1500 kg (kilos)3306.93 lb (libras)Peso-distribuciónPorcentaje de distribución del peso sobre las ruedas delanteras y traseras del automóvil. 59.00% / 41.00%Fabricante del motorDenominación de la compañía–fabricante del motor. HondaCódigo del motorInformación sobre el código del motor. -Cilindrada / Desplazamiento / Capacidad del motorLa capacidad máxima de la mezcla de combustible que el motor puede manejar en un ciclo completo. El desplazamiento del motor es la suma de los desplazamiento de los pistónes (la parte del cilindro entre el punto muerte superior y el punto muerte inferior). ~ 2.4 l (litros)2354 cc (centímetros cúbicos)Número de cilindrosEl número total de los cilindros en el motor. El cilindro es el espacio en el cual el pistón se mueve entre el PMS (punto muerte superior) y el PMI (punto muerte inferior). 4Disposición de cilindrosInformación sobre el orden/la disposición de los cilindros en el motor. Las más frecuentes disposiciónes de los cilindros son: en linea, en V y en oposición (boxer). en líneaNúmero de válvulas por cilindroLa mayoría de los motores de combustión interna contemporáneos tienen dos o más válvulas por cilindro que controlan los procesos en el cilindro. Las válvulas de admisión sirven para controlar el aire y el combustible entrando en el cilindro. Las válvulas de escape garantizan la limpieza del cilindro de los gases de escape. 4Diámetro del cilindroInformación sobre el diámetro de los cilindros en el motor. En la mayoría de los motores contemporáneos el diámetro del cilindro varia en los marcos de 70 mm - 105 mm. 87.00 mm (milímetros) 3.4252 in (pulgadas) 0.2854 ft (pies)Carrera del pistónLa distancia de movimiento del pistón entre el punto muerto superior y el punto muerto inferior dentre el cilindro. 99.00 mm (milímetros) 3.8976 in (pulgadas) 0.3248 ft (pies)Relación de compresiónLa relación de compresión indica cuántas veces la mezcla de combustión reduce su volumen durante el movimiento del pistón del punto muerte inferior al punto muerte superior. La relación de compresión es un parámetro firmemente integrado en el diseño del motor y no cambia con el tiempo. . 10.00:1PME / BMEP""Presión media efectiva"" o ""Break mean efficiency pressure"" es la presión sobre el pistón de los motores de combustión interna. En el caso de los motores con turbo esta presión es siempre mayor que la presión en los motores atmosféricos. 171.05 psi (libras por pulgada cuadrada) 1179.35 kPa (kilopascales) 11.79 bar (bares)LlenadoSegún el tipo de llenado el motor puede ser atmosférico (naturalmente aspirado) y sobrealimentado (turbo/supercargado). atmosférico (con aspiración natural/compresor de aire)Tipo de motorEl tipo del motor según el número y la disposición de los árboles de levas, las válvulas de admisión, las válvulas de escape, etc. DOHC (doble árbol de levas a la cabeza)Sistema de engrase / lubricaciónLa sistema de engrase sirve para lubricar los elementos del motor. La lubricación reduce la fricción y, respectivamente, el desgaste de los elementos encontrándose en contacto durante el trabajo del motor. Existen dos tipos principales de sistemas de lubricación – cárter seco y cárter húmedo. cárter húmedoNúmero de cojinetes del cigüeñalEl cigüeñal efectúa un movimiento de rotación con la ayuda de los cojinetes. El número de los cojinetes depiende del tipo de motor. -RefrigeraciónPrincipalmente se utilizan dos tipos de refrigeración del motor – refrigeración por aire y refrigeración por agua. En el caso de la refrigeración por aire el calor se libera a través del contacto con el aire, mientras que en el caso de refrigeración por agua se utilizan fluidos líquidos con compuestos anticongelantes. refrigeración por aguaIntercoolerEl intercooler se instala entre el turbocompresor y el colector de aspiración y sirve para la refrigeración de aire entrando de la turbina. A través de disminución de la temperatura aumenta la densidad del aire y de ese modo en el motor entran más moléculas de oxígeno. no está disponiblePosición del motorInformación sobre si el motor se posicióne al frente (motor delantero), detrás (motor trasero) o en la mitad del automóvil (motor central). en la parte delanteraOrientación del motorInformación sobre si el motor es orientado de manera longitudinal o transversal del vehículo. transversalSistema de combustiónEl sistema de combustión sirve para formar, transportar y alimentar los cilindros con mezcla de combustible. inyección programableConvertidor catalítico / CatalizadorEl convertidor catalítico (catalizador) maneja los gases de escape del motor antes de dejar el automóvil. Que elimina una parte de las emisiones nocivas de gases a través de una reacción química. disponiblePotencia máximaLa potencia máxima que puede desarrollar el motor. 138 kW (kilovatios)188 hp (caballos de fuerza-métricos)185 bhp (caballos de fuerza-británicos)Revoluciones (potencia máxima)Las revoluciones por minuto necesarias para que el motor desarrole su potencia máxima. 7000 rpm (rotación por minuto)Par motor máximoEl par máximo que puede ser generado por el motor. 222 Nm (newton-metros)163 ft-lb (pie-libras)22 kgm (kilogram-metros)Revoluciones (par máximo)Las revoluciones por minuto necesarias para que el motor desarrole su par máximo. 4400 rpm (rotación por minuto)Velocidad máximaLa velocidad máxima que puede ser desarrollada por el automóvil. -Revoluciones máximos por minutoEl número máximo de revoluciones que puede ser efectuado por el árbol cigüeñal por un minuto. -0 - 60 mphEl tiempo en segundos, necesario al automóvil para acelerar de 0 a 60 millas por hora. -0 - 100 km/hEl timpo en segundos, necesario al vehículo para acelerar de 0 a 100 kilómetros por hora. -Cuarto de milla - tiempoEl tiempo en segundos, necesario al automóvil para pasar un cuarto de milla. -Coeficiente de arrastre / resistencia (Cd/Cx/Cw)El coeficiente de resistencia del aire muestra el grado en el cual la forma del automóvil tiene una mejora aerodinámica que un paralelepipedo con las mismas proporciones. La mayoría de los automóviles tienen un coeficiente de arrastre entre 0.30 y 0.35 Cd es también conocido como Cx en Francia y como Cw en Alemania. -Área frontal / Superficie de referencia (A)La área de la parte delantera del automóvil, entrando en contacto con el flujo de aire contrario. -Superficie de arrastre / resistencia (CdA)Refleja la eficiencia del automóvil en cuanto a la aerodinámica y se obtiente multiplicando el coeficiente de arrastre (Cd) y la superficie frontal (A). Cuanto más pequeño sea este valor, mejor es la aerodinámica del vehículo. -Volumen / capacidad de depósito /tanqueLa cantidad máxma de combustible/carburante que el depósito/tanque del automóvil puede contener. 58.00 l (litros)15.32 US gal (galones estadounidenses)12.76 UK gal (galónes británicos)Consumo de combustible - urbanoLa cantidad de combustible, necesaria para para recorrer 100 km en condiciones urbanas, donde la velocidad varia entre 0 y 50 km/h. -Consumo de combustible - extraurbanoLa cantidad de combustible, necesaria para recorrer 100 km en condiciones extraurbanas, donde la velocidad varia de 80 a 120 km/h. -Consumo de combustible - combinadoEl valor combinado del consumo de combustible del vehículo en condiciones urbanas y extraurbanas. -CO2 emisionesInformación sobre la cantidad de dióxido de carbono, emitido por el vehículo. El valor medio del CO2 emitido por los automóviles contemporáneos es de 167 gramos por kilómetro. -Suspensión delanteraInformación sobre la suspensión delantera. La suspensión es el sistema que relaciona las ruedas y los ejes al cuadro/el cupé del automóvil. La suspensión aisla el cupé de las influencias externas tales como vibraciones en resultado de rugosidades, etc. -Suspensión traseraInformación sobre los elementos, utilizados en la suspensión trasera del automóvil. -TransmisiónLa transmisión/caja de velocidades/caja de cambios transmite el par de rotación del motor a las ruedas del automóvil. automáticaCambios / EngranajesEl número de los cambios/engranajes de la caja de velocidades del automóvil. 5Relación de los engranajes / Relación de desmultiplicación / Relación de transmisiónLa relación de los engranajes o la relación de transmisión/desmultiplicación exprime la relación entre el número de dientes de la corona/rueda y de dientes del piñón. 0.54:1Desmultiplicación de la direcciónLa desmultiplicación de la dirección exprime la relación entre las rotaciones del árbol de salida de caja de cambios y las rotaciones de la rueda accionada. 4.44:1Sistema de frenado - ruedas delanterasSistema de frenado, utilizada para las ruedas delanteras. El sistema de frenado sirve para tardar el movimiento del automóvil, así como para su parada completa. frenos de discos ventiladosSistema de frenado - ruedas traserasSistema de frenado, utilizada para las ruedas traseras. frenos de discos servo-frenossistema antibloqueo de ruedas (ABS)Discos de freno delanterosDiámetro de los discos de freno delanteros. 300.00 mm (milímetros)11.8110 in (pulgadas) 0.9843 ft (pies)Discos de freno traserosDiámetro de los discos de freno traseros. 305.00 mm (milímetros) 12.0079 in (pulgadas)1.0007 ft (pies)Llantas delanterasDiámetro/tipo de las llantas delanteras. Ejemplo: en el caso de la indicación ""7.5J x 16"", la segunda cifra indica el diámetro en pulgadas, y la letra J señala el contorno de la llanta. 6.5 x 16Llantas traserasDiámetro/tipo de las llantas traseros, utilizadas en el automóvil. 6.5 x 16Neumáticos delanterosDimensión/tipo de los neumáticos delanteros. Ejemplo: en el caso de indicación ""225/55 R 16"" la primera cifra indica la anchura en milímetros, la segunda refleja la relación de porcentaje entre la altura y la anchura, R indica el tipo de la construcción (radial), y 16 indica el diámetro en pulgadas. 215/70 R 16 100SNeumáticos traserosDimensión/tipo de los neumáticos traseros, utilizados en el automóvil. 215/70 R 16 100SDiámetro de giroEl mínimo diámetro posible del círculo que se describe por las ruedas externas del automóvil al efectuar una vuelta con volante encontrándose en posición final. -Sistema de direcciónEl sistema de dirección es el sistema a través del cual se puede cambiar la dirección de movimiento del automóvil. de piñón y cremallera con asistencia eléctricaMáximo número de vueltas del volanteEl número de vueltas de volante de tope a tope, por ejemplo de la extrema derecha a la extrema izquierda. 3.16Honda CR-V (2011) - potencia máximaHonda Element 4WD (2011) 124 kW / 169 hpHonda CR-V (2011) - el par Honda CR-V (2011) 222 NmTIENE TODOS LOS MANTENIMIENTOS EN HONDA ACTUALMENTE SE HIZO COMPLETO EL TREN DELANTERO. SE CAMBIO.1- AMBOS ESPIRALES Y AMORTIGUADORES , AMBAS CAZOLETAS SUPERIORES DE LOS RESORTES DE AMORTIGUACION .2- TODOS LOS TACOS DE GOMA INCLUSIVE LOS DE LA BARRA ESTABILIZADORA .3- SE CABIARON AMBOS DISCOS DE FRENO 4- SE CABIARON AMBAS PASTILLAS DE FRENO 5- MOTOR NO CONSUME ACEITE",0,0,0
6876,36000.0,"UNIDAD EN STOCK ONLINE. coordinar la visita previamente.Tomamos mayor y menor valor. Su consulta no molesta.TOYOTA COROLLA CROSSVERSION XLI CVTMOTOR 2.0CAJA AUTOMATICAAÑO 202136.500 KMSERVICES OFICIALESNo necesitas hacerle nada,Solo ponerlo en marcha y disfrutarlo.SI QUERES VENDER TU AUTO CON NOSOTROS, TE VENDEMOS TU AUTO SIN QUE LO DEJES DE USAR.Somos BROTHERS DRIVE CARS.Asesoramiento especializado.Atención personalizada.Permutas MAYOR Y MENOR VALOR.Consignaciones SIN QUE LO DEJES DE USAR.Financiación en cuotas FIJAS Y EN PESOS (LO ARMAMOS A TU MEDIDA)Gestoría integral del automotor.Broker de seguros.#somosconfianza #brothersforlife",0,0,0
6880,90000.0,Vehículo en muy buen estado. Solo tiene un detalle debajo de la óptica trasera derecha. Todos los service en concesionaria oficial. Sin deudas listo para transferir.,1,0,0
6889,150000.0,"UNICO ! USADO SELECCIONADO.-KM REALES, TODO RUTA. NUNCA ANDUVO EN ARENA NI AGUA SALADA. -FINANCIAMOS CON: DECREDITOS,SANTANDER RIO,BANCO FORMOSA.-RECIBIMOS PERMUTAS U$ 44.000-kit barra led.-parrilla angry birds. -kit luces completo led -Kit paragolpes chapa -Stereo pioneer -kit sonido con caja potenciada. -chip potenciación bank power. -escape completo acero inox bank power. - cubiertas 35’. -llantas pro americanas -filtro Kyn cartón -estribos 4x4 -guardabarros chapa -Suspension rough country completa -Suspencion de dirección rough country-Plata y disco de embrague Competicion Y más accesorios...Saavedra Motors es una empresa dedicada a la comercialización de motos y autos con más de 4 años de experiencia, durante los cuales hemos logrado consolidar una cartera de clientes quienes siguen premiando la calidad, precio y servicio post venta, garantizando una excelente experiencia en cada adquisición de algunos de nuestros vehículos. Les deseamos el mayor de los éxitos en su nueva experiencia con su unidad 0km/Usado.Manejamos todas las marcas líderes del mercado en un mismo lugar. Además, también contamos con vehículos seleccionados al mejor precio del mercado para vos.VISITANOS EN NUESTRAS REDES. www . saavedra motors . com",0,0,0
6891,180000.0,"Audi Q5 Quattro 2.0 Turbo 2011 Full con 6ta, Llantas, 4 Levanta Vidrios, Climatizador, Cierre Central, Aire, Dirección, etc. Bienvenidos a Automotores España, líder en servicio y atención al cliente.Venta, permuta y consignación de autos 0 km y usados.Fundada en 1973, nuestra agencia lleva más de 40 años de experiencia en el mercado automotor. Desde la ciudad de Chivilcoy, somos líderes en el mercado local y reconocidos en toda la provincia de Buenos Aires. Contamos además con clientes en todo el país.Con un showroom de 900 mts2, en nuestros 2 locales, disponemos de un amplio stock de autos 0 km y usados. Trabajamos con todas las marcas, nacionales e importados, y vendemos autos 0 km directo de fábrica.Somos una empresa familiar manejada por sus propios dueños, con valores de transparencia y espíritu de vanguardia. Cuidamos la calidad de nuestros vehículos para proteger tu capital.",0,0,0
6896,70000.0,"Autogringo Automotores--------------------------------------------------------------------------------------------------------------------------!!!!!!!!!!!!!!!MEJOR CONTADO !!!!!!!!!!!!!!!!!Contado $ 21.900.000Anticipo $ 9.000.000 + Gastos24 X $ 800.000 36 X $ 600.000 48 X $ 500.000 Excelente unidadSin detallesTodo al díaTomo usados ( Pago mas)--------------------------------------------------------------------------------------------------------------------------Somos una empresa dedicada a la venta de autos usados seleccionados, nos destacamos por la atención personalizada, ya que contamos con un equipo de profesionales capacitados para brindar con seriedad el mejor asesoramiento.",0,0,0
6909,222800.0,"RESCALA AUTOMOTORES - Multimarcas - Usados de Selección y 0KmsMAS DE 50 AÑOS de TRAYECTORIA establecidos en ALTA GRACIA!--------------------------------------------------------------------------------------------------------------- Pensaste en tener TU PRIMER VEHICULO, tal vez CAMBIARLO o Simplemente VENDERLO?- RECIBIMOS TU VEHICULO USADO EN PARTE DE PAGO.- ENTREGA INMEDIATA DEL VEHICULO QUE LLEVAS.- FINANCIAMOS EN CUOTAS FIJAS Y PESOS.- NUESTRO STOCK ESTA CONTROLADO Y PERITADO PARA DAR TRANQUILIDAD EN TU COMPRA.- SEGUINOS..----------------------------------------------------------------------------------------* VISITANOS PERSONALMENTE en nuestro SHOWROOM* LUNES A SABADOS DE 9 A 13 HS Y DE 16:30 A 20:30 HS - Feriados Consultar!",0,0,0
6930,85000.0,"AUTOMIX ALTAGAMA PRECIO SOLO DE CONTADO u$31500dolar billetePermuta 33000ESTAMOS UBICADOS SOBRE AV RIVADAVIA EN RAMOS MEJIA, COORDINAMOS TURNO MEDIANTE LLAMADA O WP, HORARIOS Y DIAS COMERCIALES.Vendo Audi Q7 3.0t QUATTRO, LINEA NUEVA, volante perforado, tablero blanco, audio bose 3 FILAS DE ASIENTOS, tapizados de cuero sin detalles, LLANTAS 20” CON CUBIERTAS okm, camara reversa, suspensión adaptativa, opticas con leds, climatización bizona, portón eléctrico, techo solar open sky x3, funciona todo, impoluta.",0,0,0
6939,73000.0,BMW X1 25I XDRIVEUNICA MANOSERVICE OFICIALESCAJA AUTOMATICAASIENTOS DE CUEROTECHO ELECTRICOBOTON DE ARRANQUECLIMATIZADORNAVEGADORCAMARASENSORES DE ESTACIONAMIENTOVEHÍCULO EN EXCELENTE ESTADO	DOCUMENTACION AL DÍA	LISTO PARA TRANSFERIR		AÑO 2017	SOLO 73.000 KILÓMETROS		VENTA PARTICULAR	PODRIA ACEPTAR PERMUTA!!!		ACEPTO DÓLARES Y PESOS.	SE PUEDE VER EN BELGRANO. CABA	TEL: 47821144,0,0,0
6942,124000.0,"KIA SORENTO EX 2.2 A/T 4X4 CRDI, EN EXCELENTES CONDICIONES.- 7 ASIENTOS.- TODOS LOS KM EN PANAMERICANA.- CRISTALES CON TRATAMIENTO STRONG. - PRIMERA MANO, IMPECABLE, KM REAL, TODOS LOS SERVICIOS REALIZADO EN KIA DE PILAR.- TODOS LO PAÑOS CON PINTURA ORIGINAL SALVO EL PARAGOLPE DELANTERO DERECHO POR RASPON DE ESTACIONAMIENTO. - 4 CUBIERTAS HANKOOK VENTUS S1 Evo3 CON 30.000KM DE USO (VER FOTO Y DETALLES), LA MEJOR CUBIERTA PARA ESTE RODADO (MUY SUPERIOR A LAS DE FABRICA).iMPECABLE ESTADO POR DONDE SE LO MIRE.",1,0,0
6963,80000.0,"Mercedes Benz glc 300 off road 2017 con 80.000kms. El vehículo es primera mano y tiene todo su mantenimiento al día. Cubiertas nuevas. Se aceptan permutas<< Somos una empresa familiar la cual tiene como principal objetivo brindar una experiencia de compra y venta distinguida. Todo nuestro equipo trabaja para que cada cliente tenga la mayor comodidad y tranquilidad posible durante todo el proceso comprando unidades de primera. >> << Al momento de tener un nuevo ingreso, nos ocupamos de llevar a cabo las revisiones que sean correspondientes y de que nuestro sector de gestoría se encargue de preparar la documentación para que la transferencia sea inmediata. Para la tranquilidad del cliente, se pude escanear y revisar ante cualquier especialista nuestras unidades. >><< Si bien damos la opción de presentar el tramite de traspaso de dominio  de manera particular con el fin de evitarse gastos extra, nuestro equipo de gestores y grupo asegurador, se encuentran a entera disposición para lograr una compra rápida y totalmente prolija. >><< Los invitamos a leer nuestras reviews en Google y los esperamos en nuestro salon de ventas ubicado en La Lucila sobre Av Libertador ! >>  Grupo Scotti —> Sucursal Gt Automotores",0,0,0
6969,245000.0,"OPORTUNIDAD VENDO URGENTEUna CRV no necesita presentación: espaciosa, robusta y la más noble del segmento.Muy cuidada, bien mantenida (todos los servicios al día), es de 3ra mano, es 4x4 con caja automática. Un lujo.Uso particular, sin hijos asi que el interior esta impecable :)Va bien donde la pongas: ideal para familias, viajes o quien busca un auto que responde siempre. MUCHO confort para el precio que tiene, en esta gama no lo conseguís de otra manera. Con el espacio infinito interior que tienen las hondas es super cómoda.Que no te asuste el kilometraje. Lo que importa es cómo se usó y esto es equiparable a cualquier otro auto con 100mil. Este señor auto está listo para seguir sumando kilómetros con vos.Está en Cordoba Capital. Vení a verla y manejala— si no sabés lo que es una CR-V no dejes de probarla!",0,0,0
6984,250000.0,Si realmente estás interesado en la última foto está la dirección Honda CRV 2012 full 4x4 Con techo corredizo Impecable muy original Nunca golpes Anda todo y muy bien Permutaría menor valor De 2 dueño del 2018 Con toda su documentación a la vista para ir hoy mismo al registro a transferirVer de lunes a viernes de 9 a 12 y de 15 a 18 hs En la ultima foto esta la dirección Jorgemaquez,0,0,0
6985,74000.0,Vehículo súper cuidado. Segundo dueño. Lo compré cuando tenía poco rodado. Sin golpes ni choques. Todos los Services oficiales en su garantía. Como nuevo,0,0,0
6992,180000.0,"jeep gran cherokee 2004 limited v8 4.7 excelente estado ,muy cuidada segunda mano, titular , todo al dia ,cubiertas todo terreno , vtv supencion regulable ,amortiguadores especiales, levantada 2 pulgadas, motor y caja 10 puntos, aceites y filtro recien cambiados,pintura sin detalles, interior impecable ,anda todo ,vendo por viaje,",0,0,0
7002,50700.0,"UNIDAD EN STOCK ONLINE. Coordinar la visita previamente.Tomamos mayor y menor valor. Su consulta no molesta.PEUGEOT 3008 GTPACK HYBRID4AÑO 202250.700KMSERVICE OFICIALESCUBIERTAS NUEVAS MICHELIN CON 4000KMPASTILLAS DE FRENO RECIEN COLOCADASHIBRIDA ENCHUFABLE (TIENE SU RESPECTIVO CARGADOR PARA INSTALAR)No necesitas hacerle nada,Solo ponerlo en marcha y disfrutarlo.TE VENDEMOS TU AUTO SIN QUE LO DEJES DE USAR.Somos BROTHERS DRIVE CARS.Asesoramiento especializado.Atención personalizada.Permutas MAYOR Y MENOR VALOR.Consignaciones SIN QUE LO DEJES DE USAR.Financiación en cuotas FIJAS Y EN PESOS (LO ARMAMOS A TU MEDIDA)Gestoría integral del automotor.Broker de seguros.#somosconfianza #brothersforlife",0,0,0
7027,78000.0,"- Chevrolet Tracker LTZ AT Turbo- Año: 2021 - Km: 78.000- Motor: 1.2T Nafta | Caja: Automática - Características Destacadas:SIN detalles de ningún tipo, Cubiertas 50% dibujo, alineado y balanceado realizado, con sus manuales completos y segunda llave, polarizado nuevo, tratamiento teflonado en pintura.Equipamiento Destacado: arranque botón, Caja automática, sensor de estacionamiento y cámara, pantalla multimedia, llantas y faros led, pack eléctrico completo, velocidad crucero, sensor de luz, etc.- Más Info en Web Oficial: ferreroautomotores - Financiación Prendaria hasta en 36 meses, entregando mínimo el 50% del valor de la unidad, el resto a Cuotas FIJAS y en pesos, aprobación en 24hs.- Recibimos tu Auto como parte de pago (Sólo en excelente estado). - Carpeta al día y lista para transferir en el momento- Seriedad y Garantía en la documentación, con Gestoría Propia.- Ciudad de Oncativo (Prov. de Córdoba) - Coordiná tu visita- Somos FERRERO Automotores. ¡No cerramos ventas, Abrimos relaciones!Te bridamos la solución completa a la hora de cambiar tu auto -- Nos respaldan 25 años de trayectoria, más de 4,7 estrellas en Google y más de 200 calificaciones positivas en nuestras redes.- Somos de confianza, Vení a FERRERO Automotores, comprá seguro y volvé manejando... Nosotros nos encargamos de todo.",0,0,0
7037,34500.0,"UNIDAD EN STOCK ONLINE. coordinar la visita previamente.Tomamos mayor y menor valor. Su consulta no molesta.CITROEN C4 CACTUSVERSION FEELCAJA MANUALAÑO 202234.500 KMNo necesitas hacerle nada,Solo ponerlo en marcha y disfrutarlo.SI QUERES VENDER TU AUTO CON NOSOTROS, TE VENDEMOS TU AUTO SIN QUE LO DEJES DE USAR.Somos BROTHERS DRIVE CARS.Asesoramiento especializado.Atención personalizada.Permutas MAYOR Y MENOR VALOR.Consignaciones SIN QUE LO DEJES DE USAR.Financiación en cuotas FIJAS Y EN PESOS (LO ARMAMOS A TU MEDIDA)Gestoría integral del automotor.Broker de seguros.#somosconfianza #brothersforlife",0,0,0
7066,7700.0,"TOYOTA SW4 2.8 TDI AT 7 ASIENTOS DIAMOND. IMPECABLE. 7700 KM REALES.VENTA POR MUDANZA DE PAIS.GARANTIA DE FABRICA HASTA 100.000 KM O 3 AÑOSCOMO NUEVA, TAPIZADOS DE CUERO Y DETALLES EN PUERTA Y TABLERO.SISTEMA DE VELOCIDAD CRUCERO, CON FRENADO Y CORRECCION DE CARRIL AUTOMATICOCAMARAS 360 EN FRENTE, TRASERA Y EN LOS ESPEJOS.SUPER COMODO Y CONFIABLE.",0,0,0
7083,137000.0,"La camioneta se encuentra en perfecto estado, 3 detalles de pintura, 2 en el paragolpe delantero y otro pequeño en la puertade atrás del lado del acompañante ( fotos)  ,  km reales , interior impecable , mantenimiento en tiempo y forma con el aceite que corresponde.",1,0,0
7092,67000.0,"Chevrolet Tracker 1.2 Turbo AT LTZ – Impecable estadoAño: 2021Kilómetros: 67.000 kmUbicación: Bragado, Provincia de Buenos AiresVendo Tracker LTZ 1.2 Turbo automática en excelente estado.Único dueño, sin choques, sin problemas mecánicos.Mantenimiento al día. Interior y exterior en perfecto estado, lista para transferir y usar.Ideal para quien busca una SUV cómoda, segura y con muy buen rendimiento.Se puede coordinar para verla en Bragado.",0,0,0
7120,64000.0,"Vendo Jeep compass Limited Plus AtCubiertas al 90%Interior igual a nuevoFunciona todo su equipamiento a la perfecciónPreparación total con pulido y abrillantado inclusiveMotor 2.4, levanta vidrios en 4 puertas, sistema de audio, aire acondicionado, direccion, Consumo promedio en ciudad 12/100KM, en ruta 10.4/100km circulando, 7 airbagsSe vende únicamente transferida en el registro automotor (costo a cargo del comprador)Vendemos - Permutamos - Financiamos¿Tenes un vehículo actual que quieras cambiar? Aceptamos permutas. Contanos sobre tu auto actual y te proporcionaremos una valoración justa en la Permuta.Financiamos hasta el 80% del valor total del vehiculo, en cuotas fijas o en creditos uva, la mejor modalidad del 2025Comunícate con nosotros para programar una visita, hacer preguntas adicionales o consultar opciones de financiamiento y permuta. Estamos acá para ayudarte a tomar la mejor decisión.T&R GARAGEAvellanedaConsulta es todo un placer!",0,0,0
7155,11000.0,"Auto con 11 mil km, rodado en Noviembre 2024. No muchos más que agregar. Con olor a nuevo aun. Agregados. PPF mate importado por eso el color se ve así, sirve para proteger la pintura de por vida y además le da un toque visual único. Me salió 3000 dólares ese trabajo. También polarizado antivandalico 3M. Cubre carter de chapa original. Entrego Junio /Julio.",0,0,0
7157,5808.0,***USADOS SELECCIONADOS HAUSWAGEN PILAR***ASESOR COMERCIAL LEANDRO RAITICOMUNICATE CONMIGO AL WHATSAPP DE LA PUBLICACION!!!NISSAN KICKS EXCLUSIVE CVTEXCELENTE ESTADO!!!MODELO 2024 SOLAMENTE 5.808 KMS SIN DETALLES IGUAL A NUEVALISTA PARA TRANSFERIRRETIRALO EN 24HS!COMPRA CON CONFIANZA MAS DE 20 AÑOS NOS RESPALDAN!!COMUNÍCATE DIRECTAMENTE CONMIGO AL WHATSAPP DE LA PUBLICACIÓN!,0,0,0
7184,87100.0,"ATENCION!! COORDINAR CITA PREVIA PARA VER ESTA UNIDAD!!!!El precio publicado es de contado y es a tipo de cambio blue del momento.FINANCIACIÓN disponible a través de crédito prendario.Jeep Grand Cherokee Limited- Año 2014- 87100km.Excelente unidad, super cuidada!Servicios en tiempo y forma, 4 neumáticos en excelente estado.Impecable estado!TOMAMOS UNO O MÁS USADOS EN PARTE DE PAGO.¿QUERES VENDER TU AUTO, PERO NECESITAS SEGUIR USANDOLO?¡PODEMOS TRABAJARLO DE ESA FORMA!TAMBIEN PODEMOS COMPRAR TU AUTO!Para más información contactanos.ESTACIONAMIENTO: Contamos con cocheras de cortesia enfrente.AUTOEMOCION",0,0,0
7188,205000.0,"KIA Sorento EX 2.4 Aut Premium Año (2010) Km 2050004x4 permanenteCubiertas off rod 7 AsientosPantalla 10 pulgadas de ultima generacionDetalles esteticos en Plastidip (se puede remover)Llantas en Gris grafitointerior con detalles en simil carbonoPrecio usd15.900.Precio Permuta usd17.000.Entrega $Saldo hasta en 48 cuotas $Recibimos MenorFinanciación Bancaria""Acercamos Partes""En Sellcar hacemos que la compraventa de vehículos sea transparente para ambas partes, por eso trabajamos para que tanto comprador como vendedor puedan cerrar la operación comercial, disminuyendo riesgos, tiempo y estrés para ambas partes...Realizamos todo el proceso pasando por las distintas etapas de la operatoria.",1,0,0
7200,200000.0,VENDO o PERMUTO FORD Explorer Limited full cuero automática 4x4 autopartes titular. Se le cambio flotante y bomba combustible original USA. Caja cambios a nuevo igual kit distribucion. Solo detalles de uso y de sus años.,0,0,0
7201,85000.0,"Jeep Wrangler Sport 3ptas 2016.- 85.000 Km.- 3.6L V6 284cv Nafta | Manual 6ta.Impecable estado | Con accesorios.Techo duro desmontable.- Snorkel.- Malacate.- Paragolpes Bumper delantero y trasero.- Escape.- Cubiertas 0Km 315/17.- Documentación lista para transferir.- Aceptamos permuta. (Se puede entregar mas de un vehículo)- Financiamos. Av. Bartolome Mitre 994. Paso del Rey, Moreno.(Se puede ver por P. Madero previa cita)Lunes a Viernes de 10.00 a 18.00hs. Sábados de 10.00 a 15.00hs. Coordinar visita.Seguinos en nuestras redes y enterate de las ultimas novedades.FM Autos.",0,0,0
7209,31000.0,FULL FULL UNICA MANO IMPECABLE SIN DETALLES,0,0,0
7215,103000.0,DIQUE AUTOMOTORESUsados Seleccionados0klms MultimarcasCréditos PrendariosCréditos PersonalesCréditos UVA AutosMínimos requisitos para retirarSólo DNI y te lo llevas!Gestoría PropiaAmplias compañías de SeguroTomamos tu usado al Mejor precio,0,0,0
7223,68282.0,"VENDO TOYOTA COROLLA CROSS SEG HEV 1.8 ECVT 2022. UNICO DUEÑO. SERVICE OFICIALES. INTERIOR Y EXTERIOR IMPECABLE. EXCELENTE ESTADO. LISTO PARA TRANSFERIR Y USAR.ACEPTAMOS PESOS, DÓLARES, EUROS, REALES Y CRIPTOMONEDAS A COTIZACIÓN JUSTA REAL DE MERCADO. ACEPTAMOS PERMUTAS DE MAYOR O MENOR VALOR Y TAMBIÉN FINANCIAMOS EN DÓLARES, Y EN PESOS MEDIANTE LOS PRINCIPALES BANCOS DEL PAIS.EL AUTOMÓVIL CUENTA CON DUPLICADO DE LLAVE, MANUALES, CRIQUE, LLAVE DE RUEDA, BALIZAS, MATAFUEGOS Y AUXILIO ORIGINAL, TAL COMO SALIÓ DE FÁBRICA EN 2022.—————ACERCA DE LA COMPRA Y LA TRANSFERENCIA DEL VEHÍCULO———EL COSTO DE LA TRANSFERENCIA DE TITULARIDAD DE ESTE VEHÍCULO ES DE $1.932.660. ESTE IMPORTE INCLUYE FIRMAS Y LEGALIZACIÓN EN ESCRIBANÍA, Y CUALQUIER OTRO TRÁMITE REGISTRAL QUE SEA NECESARIO. EL IMPORTE MENCIONADO ES FINAL Y NO HAY NINGÚN OTRO GASTO NI COSTO OCULTO.EL PROCEDIMIENTO DE COMPRA ES EL SIGUIENTE:1) USTED COORDINA UNA CITA Y SE ACERCA A VER Y PROBAR EL AUTOMÓVIL, Y SI LE GUSTA, PUEDE RESERVARLO EN EL MOMENTO CON $400.000.2) LUEGO, USTED TENDRÁ 7 DÍAS CORRIDOS PARA ACERCARSE A ABONAR EL VALOR DEL VEHÍCULO Y EL COSTO DE LA TRANSFERENCIA Y FIRMAR EN ESCRIBANÍA LA DOCUMENTACIÓN NECESARIA. ESE MISMO DÍA YA PODRÁ RETIRAR EN EL ACTO LA UNIDAD. NUESTRO PRODUCTOR LE PUEDE GENERAR UN SEGURO DEL AUTOMÓVIL, O BIEN PUEDE TRAER EL SUYO.3) AL CABO DE 7 DÍAS, NUESTRO EQUIPO DE GESTORES SE CONTACTARÁ CON USTED PARA HACERLE LLEGAR LA DOCUMENTACIÓN PERTINENTE.——ACERCA DE QUALIS CARS - AUTOS DE CALIDAD - CONCESIONARIA OFICIAL MULTIMARCA——LA CONCESIONARIA FUE FUNDADA EN 1973 Y HA FUNCIONADO SIN INTERRUPCIÓN DESDE ESE ENTONCES POR MAS DE 5 DÉCADAS. LOS CIMIENTOS FUNDAMENTALES FUERON SIEMPRE LOS MISMOS:1) SOLO VEHÍCULOS DE CALIDAD VERIFICADOS, HASTA 10 AÑOS DE ANTIGÜEDAD E IDEALMENTE CON MENOS DE 100.000 KM. HACEMOS EXCEPCIONES, SOLO SI VALE LA PENA EL VEHÍCULO. NO COMPRAMOS NI VENDEMOS PROBLEMAS.2) TRANSPARENCIA Y VELOCIDAD EN EL TRÁMITE DE TRANSFERENCIA. SABEMOS LO IMPORTANTE QUE ES TENER LOS PAPELES EN REGLA, Y NOS OCUPAMOS DE QUE ASÍ SEA.SI USTED COMPRA CON NOSOTROS, POR FAVOR NO SE SORPRENDA SI RECIBE VARIAS ENCUESTAS TELEFÓNICAS DE NUESTRO EQUIPO DE AUDITORES A LO LARGO DEL PROCESO DE COMPRA. BUSCAMOS ASEGURARNOS LA MISMA EXPERIENCIA PARA CADA CLIENTE Y SOBRE TODO, QUE USTED QUEDE SATISFECHO Y VUELVA.LA CONCESIONARIA SE ENCUENTRA EN ALMAGRO (CAPITAL FEDERAL, ARGENTINA) EN UN PREDIO DE 5.000M2 DONDE SE EXHIBEN ALREDEDOR DE 200 VEHÍCULOS ENTRE 0KM, IMPORTADOS, CLÁSICOS Y UTILITARIOS. EN EL PREDIO FUNCIONAN ADEMÁS TALLERES DE: POSVENTA Y MECÁNICA LIGERA, DETAILING Y CARROCERIA Y PINTURA .(POR FAVOR, PEDIR LA DIRECCION EXACTA, POR POLITICA DE MERCADOLIBRE NO PODEMOS ANUNCIARLA AQUI).",0,0,0
7229,5300.0,"BMW X6 M 2019 ULTIMA DE ESTA LINEASOLO 5.300 KM, ESTADO DE 0KM, NINGUN DETALLEAUDIO BANG AND OLUFSENAZUL LONG BEACH BLUEUNICAFINANCIACION BANCARIA EN PESOSPRECIO DE LISTA/FINANCIACION/PERMUTA USD 169999",0,0,0
7257,10000.0,"Chevrolet Tracker LT A/T 2024,tiene 5700 kms, agregado en concesionara protector de carter camara de retroceso, sensor de estacionamiento y soporte de baul. impecable ,por supuesto, tomo autos en parte de pago.",0,0,0
7310,105900.0,DIQUE AUTOMOTORESUsados Seleccionados0klms MultimarcasCréditos PrendariosCréditos PersonalesCréditos UVA AutosMínimos requisitos para retirarSólo DNI y te lo llevas!Gestoría PropiaAmplias compañías de SeguroTomamos tu usado al Mejor precio,0,0,0
7315,37000.0,"Se vende Toyota Corolla Cross SEG -HEV Híbrido 1.8 CVT El más full de todos, impecable en su estado.Primera mano con solo 37.000km y todos tus mantenimientos oficiales en concesionario Toyota. Podes verlo y probarlo en Córdoba Capital, zona sur. Manual, llaves, garantía y sin un detalle. $39.500.000 Se recibe menor, podemos financiar y de contado escuchamos oferta. Saludos!",0,0,0
7342,24000.0,PEUGEOT 2008AÑO 202224000 KMUNICO DUEÑO SIN DETALLESTOMAMOS TU USADOFINACIAMOS CON DNI,0,0,0
7354,84000.0,"CHEVROLET TRACKER LTZ+ AT AWD AÑO 2017 CON 84.000 kmts IMPECABLE.PRECIO: USD 17.900.-NO SE ACEPTAN PERMUTAS. GRACIASChevrolet Tracker LTZ Plus TRACCIÓN INTEGRAL 2017 - Excelente Estado Kilometraje: 84,000 kmCaracterísticas Principales:Modelo: Chevrolet TrackerAño: 2017Versión: LTZ PlusMotor: 1.8 NaftaTransmisión: AutomáticaPapeles: Al día.SEGURIDAD:Doble airbag frontal delanteroDoble airbag lateral delanteroDoble airbag de cortinaFrenos ABS con EBDControl de estabilidadControl de tracciónControl de descenso de pendientesSistema de alerta visual y sonora de riesgo de colisión frontalSistema de alerta visual de cambio de carrilSistema de alerta visual en punto ciegoSistema de alerta visual y sonora de tráfico de cruce trasero (hasta nueve metros)Alarma antirrobo.Sistema de asistencia en ascenso de pendientesFaros antiniebla delanteros y traserosCONFORT:Regulación interna de altura de los farosChapón protector de cárterBarras longitudinales portaequipaje de aluminioAire acondicionadoComputadora de abordoControl de velocidad cruceroSensores de estacionamiento traseroCámara de visión traseraTecho solar eléctricoEncendido automático de luces con sensor crepuscularCierre centralizado de puertas con comando a distanciaSistema de acceso y arranque sin llaveLevantavidrios eléctricos delanteros y traseros (express up/down)Asiento del conductor con regulación en altura y ajuste lumbar.Espejos exteriores eléctricos calefaccionadosEspejo retrovisor interno con oscurecimiento automáticoTecnología My Link: Pantalla táctil de 7"", Bluetooth, USB, AUX IN, compatible con Android Auto y Apple Car PlayComandos de radio en el volanteTapizado en cueroSE PUEDE VER EN VILLA CARLOS PAZ.",0,0,0
7390,103000.0,"COOL CARSAV. PTE ILLIA 1451, GRAL SAN MARTIN. BS AS.$10.000.000 ANTICIPO EL RESTO EN CTAS FIJAS Y EN PESOS SOLO CON DNI, CONSULTAR EL PRECIO DE CONTADO!!HYUNDAI TUCSON 2.0 Gl 6at 2wdAÑO 2013KM 103.000SEGUNDO DUEÑO, ESTADO IMPECABLE, SERVICE RECIEN REALIZADO.TOMO PERMUTA Y FINANCIO EN CTAS FIJAS Y EN PESOS SOLO CON DNI!!NO TE PIERDAS LA TASA DEL 60% FIJA Y EN PESOS.",0,0,0
7403,89000.0,"Somos una empresa familiar con mas de 30 años de experiencia en el rubro dedicándonos a vehículos de todas las gamas en excelentes condiciones tanto estéticas como de papeles. Para la tranquilidad del cliente, brindamos la opción de poder escanear y revisar ante cualquier especialista nuestras unidades. Para facilitar el proceso de compra, aceptamos permutas de menor y mayor valor, tomamos dólares y contamos con servicio de gestoría y aseguradora. además, damos la posibilidad de que el cliente presente la transferencia de manera particular para ahorrarse gastos extra. En el caso de que estes interesado en vender tu usado, nosotros te lo compramos tratando de superar cualquier oferta de manera rápida y segura encargándonos de preparar toda la documentación. Para una mejor atención, combinar una cita. los esperamos!",0,0,0
7404,19000.0,EcoSport Titanium 2021 19000kmAún conserva los plásticos protectores de fabrica.Único dueño.Estado impecable.Manual de revisiones al día.No posee deudas de ningún tipo.Lista para transferir.Caja manual,0,0,0
7428,71000.0,"ALFA ROMEO STELVIO Q42020 | 71.000 kms | Motor 2.0T | 200cv | Caja ATPRECIO:- En efectivo: U$S 45.000- En permuta: U$S 47.000CARACTERÍSTICAS DESTACADAS:- Unica mano de 0KM, sin detalles.- Servicios oficiales al día (en garantia hasta junio del 2025).- 4 cubiertas Michelin nuevas.- Tratamiento ceramico recién realizado.ENCONTRANOS EN LIBERTADOR Y GRAL. PAZ:Visitá nuestro exclusivo salón boutique de 500 m2 dentro del complejo Al Río.GESTORÍA Y ESCRIBANÍA PROPIA:Resolvé todos los trámites en nuestro salón de forma rápida y segura.TOMAMOS VEHÍCULOS COMO PARTE DE PAGO:Tasamos tu auto al mejor valor para que puedas dar el salto que buscás.¿QUERES VENDER TU AUTO DE ALTA GAMA?Consigná tu vehículo con nosotros y hacé que la venta sea rápida, segura y sin esfuerzo.¡SEGUINOS EN REDES!",0,0,0
7429,60000.0,"Chevrolet spin 2015, ltz,  5 pasajeros, 1.8, manual, con 60.000 km reales. Único dueño, muy bien estado, distribución recién hecha, con cambio de correas, tensores, bomba de agua, termostato, retenes, bujías, cables de bujías. Tren delantero recién hecho, cbio de parrillas completas, amortiguadores delanteros y traseros, precaps, extremos, bieletas, bujes de barra estabilizadora. Frenos hechos hace un año. Interior en muy buen estado, exterior en buen estado, con algunos detalles de pintura. Cubiertas en buen estado. Se entrega transferido y al día. Lo s.costos.de transferencia a cargo del comprador. Se puede ver en Ituzaingó centro, buenos aires.",1,0,0
7445,163000.0,Vendo Tiguan Automática secuencial. Cuero. Detalles a la vista. Titular al día. lista para transferir. Escucho oferta.,1,0,0
7448,150000.0,"Único dueño, detalle para golpe delantero.",1,0,0
7493,33606.0,"¿Buscás un SUV que combine diseño robusto, confort y espíritu aventurero? Esta Jeep Renegade Sport 1.8L con caja manual de 5ta es la opción perfecta para quienes quieren diferenciarse en la calle sin renunciar a la practicidad diaria.DETALLES PRINCIPALES:Motor: 1.8 E. torQ Evo, económico y confiableCaja: Manual de 5ta velocidad, ideal para quienes aman manejarAño: 2020 (Comprado el 11 de marzo)Kilometraje: 33.606 km (¡muy poco uso!)Tracción: DelanteraColor: Negro brillante – ¡elegancia y presencia!EQUIPAMIENTO DESTACADO:Pantalla táctil multimedia con conectividad Bluetooth y USBComando satelital al volanteClimatizador con aire acondicionadoLevantavidrios eléctricos delanteros y traserosSensor de presión de neumáticosControl de tracción y estabilidad (ESP)Asientos con excelente tapizado, sin desgasteComputadora de abordo multifunciónLlanta de aleación original JeepSEGURIDAD Y CONFIANZA:Frenos ABS con EBDAirbags frontalesControl de arranque en pendienteSistema de anclaje ISOFIX para sillitas infantilesEstructura reforzada con estándar Jeep ESTADO GENERAL:Interior: Impecable. Siempre cuidada y limpia.Exterior: Carrocería sin detalles, sin rayones. Pintura en excelente estado.Mecánica: Motor suave, sin ruidos. Lista para salir a la ruta.Mantenimiento: Al día. Lista para transferir y usar. ¡Las fotos hablan por sí solas!Te llevás una SUV con alma de off-road y corazón urbano, ideal para familias, parejas o simplemente para quien quiere disfrutar de una experiencia Jeep auténtica sin pagar de más.UNICO DUEÑO.",0,0,0
7511,40700.0,"Único dueño y maniático del cuidado, con todos los service realizados en el Concesionario Peugeot Oficial y sellados. Estado único, con 40500Kms casi sin uso, estado impecable. Este auto es solo para quienes conocen la marca y valoran los vehículos en perfecto estado. Entrego con repuestos para el próximo service y detalle del último service realizado hace poco, batería nueva comprada en diciembre 2024. Entrego transferido, no acepto permutas. Peugeot 2008 Feline Full año 2019 Color Rouge Noire.",0,0,0
7535,98000.0,JEEP COMPASS LONGITUDE 2.4 AT9 AWDAño: 2018Combustible: NAFTAKilometros: 98.000EL GARAGE AUTOMOTORESRECIBO MENORFINANCIO,0,0,0
7539,88000.0,"Las 4 cubiertas son nuevas, cambiadas el 29 de abril de 2025. Vehículo listo para transferir. Service al día. Sin detalles. Muy cuidado",0,0,0
7542,134000.0,"Excelente vehiculo!!!Con central multimedia agregada. 4 neumáticos Firestone nuevos.Verla es comprarla.Documentación al día, transferencia obligatoria no incluida en el valor.Valor en us billete, se puede abonar con pesos.Tomamos permutas de nuestro interés desde el año 2010 y con hasta KM 200.000Financiamos.Somos Rial Motors, la agencia de usados con mejor reputación del mercado. 100% de calificaciones positivas.EN RIAL MOTORS UD PUEDE CONFIAR, SOMOS UNA FAMILIA DEDICADA ÍNTEGRAMENTE AL RUBRO AUTOMOTOR DESDE 1975.HACEMOS GESTORIA, COMPRA-VENTA DE 0KM Y USADOS, SEGUROS, Y CRÉDITOS PRENDARIOS. NO DUDE EN CONSULTARESTAMOS CERQUITA DE LA CANCHA DE VELEZATENDEMOS DE LUNES A VIERNES DE 12:30 A 18:00HS, Y SABADOS DE 9 A 12:30HS.POR FAVOR COORDINAR SIEMPRE LA VISITA AUNQUE SEA DENTRO DE NUESTRO HORARIO DE ATENCION. SI NO LE ES POSIBLE DENTRO DE ESOS HORARIOS PODEMOS ARREGLAR PUNTUALMENTE POR FUERA DE LOS MISMOS. GRACIAS POR VISITAR NUESTRA PUBLICACION. ESPERAMOS SU CONSULTA Y SUMARLO A NUESTROS CLIENTES/AMIGOS!!!!!!",0,0,0
7545,230000.0,Se puede mostrar sin problema.Camioneta eco sport XLs 4x2,0,0,0
7554,34051.0,"PANAMER S.A. Concesionario oficial JEEP, RAM, DODGE, CHRYSLER, MITSUBISHI Y JAC.  Contamos con más de 34 años de trayectoria como concesionarios, aseguramos la más alta calidad de atención en servicios de Venta y de Post-Venta con sucursales en San Isidro, San Fernando y Campana.Empresa Certificada Normas ISO 9001-2017IMPORTANTE: Todos nuestros vehículos usados son SELECCIONADOS. Se encuentran revisados y peritados considerando más de 100 puntos de control claves. Al contar con talleres y personal experimentado, nos aseguramos de que su compra se encuentre PROTEGIDA.Sucursales Ventas:Campana: Colectora Sur 885San Fernando: Avenida del Libertador 3197Acassuso: Av. Santa Fe 907Sucursales Post-VentaCampana: San Martín 1306San Fernando: Juan N. Madero 836Acassuso: Av. Santa Fe 907Formas de Pago:-Contado (Pesos o dólares)-Financiación por Banco-Financiación por terminal-Leasing-TOMA DE USADOSi vivís a más de 150km fuera de Buenos Aires, podemos enviar tu nuevo auto a su casa.Estamos para brindarle la mejor atención.Contamos con atención física o 100% digital – Realizamos videollamadas para mostrar el vehículo de ser necesario",0,0,0
7562,75000.0,"1ºDueño * Única en su estado, jamás un detalle, 100 % Original * Tapizado de cuero como sin uso * Sin dudas la mejor que vas a encontrar en su mejor color * Solo usada circunstancialmente para viajes en familia * Año 2014 patentada 2015 (Línea 2015) * Vení a verla y compará calidad * -Precio de lista para operaciones con Permuta y/o Crédito $ 29.000.000.--Precio Contado por tiempo limitado $ 26.500.000.-**OFERTA CADUCA. Solo disponible al precio de lista de publicación para cualquier medio de pago.****Consulte por otra igual versión y año sin tapizado de cuero****Consulte por otra unidad fuera de nuestra SELECCIÓN PREMIUM, en oferta y sin garantía, con 175.000 kms. de características similares, además de un amplio stock de más de 160 vehículos a la venta, entre seleccionados premium con garantía y de ocasión****ESTIMADO CLIENTE: TENGA EN CUENTA QUE TRABAJAMOS TODO CON TURNOS PREVIOS. NO SE ATIENDE SIN CONCERTAR UNA CITA PREVIA CON UN VENDEDOR EXCLUSIVAMENTE VIA WHATSAPP. MUCHAS GRACIAS***40 años de presencia en el  mercado automotor imponiendo nuestro apellido como ""MARCA REGISTRADA"".*Mas de 150 vehículos en stock, rigurosamente chequeados y seleccionados.*Taller propio para controlar y garantizar el correcto funcionamiento de nuestras unidades, brindándole ademas, el mejor servicio Post-venta.*Sector de Administración, Escribanía, Gestoría y Seguros, atendido por profesionales, para que su compra sea una ""compra segura"".*Tomamos permutas con tasaciones ""lógicas y coherentes"".*La mejor línea de créditos UVA del mercado, sin letra chica ni sorpresas, con aprobación y entrega en 24 hs.",0,0,0
7575,19000.0,"Volskwagen Taos Comfortline El auto tiene 19.000 kms, único dueño.Se encuentra en excelentes condiciones, sin ningún tipo de detalle exterior ni interior.Cuenta con un amplio equipamiento: car play inalamabrico, Tablero digital, cámara de reversa, llave con prescencia, arranque por botón, freno de mano electrónico, etc. Podría llegar a tomar auto o camioneta de menor valor en parte de pago Cualquier consulta a mi wsap, será respondida.",0,0,0
7600,220000.0,"Vehículo en muy buen estado, motor muy bueno, distribución nueva, turbo en excelente estado, al igual que poleas, tensores y correa poli-v. Todo original. Siempre bien mantenida. Capacidad 5 pasajeros. Climatizador bi-zona. Luces de xenón. Motor 2.0 diésel de 177cv. 220.000 km. Año 2010. Titular. Toda la documentación lista para transferir. Detalle: a revisar problema eléctrico que impide que llegue el combustible a los inyectores. Se puede ver todos los días en horario a coordinar. Permutas.",0,1,0
7613,340000.0,"Pathfinder R51 estado general bueno, digna de ver, le funciona todo pequeños detalles estéticos de los años.",1,0,0
7616,147500.0,"AUDI Q5 , 2016 . IMPECABLE ESTADO ! .. LAS 4 CUBIERTAS TIENEN SOLO 10 MIL KM DE RODAJE. TRATAMIENTO CERAMICO DUEÑO DIRECTO , AUTO EN USO POR MI. (DUEÑO) , LO TENGO EN OPTIMAS CONDICIONES. NO TIENE NADA QUE HACERLE. EL VALOR DE US$ 27.900 CONTADO,Permutas se evalúan mediante toma de agencia amiga .  Se puede hacer una ""pequeña atención.."" SOLO PERSONALMENTE  NO HAY PROBLEMA CONSULTAS , PERO SOLO CONTESTO POR WAHTSAPP.",0,0,0
7621,75000.0,"Jeep Renegade 2017 - 75mil kmUso particular, para llevar a mi hija al colegio a 15 cuadras y vacaciones. La compre en agosto 2022 con 50mil km. Aceite cada 10mil km (el ultimo en feb 2025)A los 50mil km le hice pastillas de freno. A los 60mil le hice cambio de correa de accesorios y bomba de agua.A los 65mil km bateria willard.Tiene dos bollos, uno en el porton del baul y otro en la puerta trasera acompañante, la compre asi y nunca me anime a sacarselos porque tiene pintura de fabrica.Es un auto sano para el que busca algo cuidado, bien mantenido y con pocos km. Esta para subirse y viajar. Se vende transferida si o si.Radicada en caba, se puede ver en parque centenario / caballito. No permuto, ya compre otro vehiculo.",1,0,0
7631,60000.0,"Volkswagen Tiguan 1.4 Tsi DSG 2019 con 60.000 km! Impecable estadoSe aceptan permutas<< Somos una empresa familiar la cual tiene como principal objetivo brindar una experiencia de compra y venta distinguida. Todo nuestro equipo trabaja para que cada cliente tenga la mayor comodidad y tranquilidad posible durante todo el proceso comprando unidades de primera. >> << Al momento de tener un nuevo ingreso, nos ocupamos de llevar a cabo las revisiones que sean correspondientes y de que nuestro sector de gestoría se encargue de preparar la documentación para que la transferencia sea inmediata. Para la tranquilidad del cliente, se pude escanear y revisar ante cualquier especialista nuestras unidades. >><< Si bien damos la opción de presentar el tramite de traspaso de dominio  de manera particular con el fin de evitarse gastos extra, nuestro equipo de gestores y grupo asegurador, se encuentran a entera disposición para lograr una compra rápida y totalmente prolija. >><< Los invitamos a leer nuestras reviews en Google y los esperamos en nuestro salon de ventas ubicado en La Lucila sobre Av Libertador ! >>  Grupo Scotti —> Sucursal Gt Automotores",0,0,0
7637,250000.0,"Renault Koleos Privilege 2.5 MT 4x4año 2010 titular CABA250.000km (practicamente de ruta, viajo una vez por semana a la costa atlantica por trabajo)dos juegos de sensor/llaves y manual originales.excelente vehiculo, fiel, hermoso viajarel de mayor confort en su gamamuy buen andar, cubiertas en muy buen estadouso particular radicado en CABAdetalles a la vista propios del uso y de su añose puede ver en Capital Federal (liniers) o en la costa atlantica (San Clemente del tuyu).",0,0,0
7665,88700.0,"Duster 2016 En EXCELENTE estado, soy 2do dueño pero la camioneta está como nueva.Se le cambiaron TODAS las ruedas hace 2 meses, así que están nuevas, lo mismo con la batería, que se le cambió a principio de año, así que no te tenés que preocupar por nada durante un buen tiempo!",0,0,0
7680,129000.0,"VENDO DUSTER PRIVILEGE 2.0 FULL FULL mod 2017 4x2. CON FINANCIACIÓN (no permuto)Excelente Estado.Todos los services al día y en casas oficiales (siempre en Renault Minuto, lo último q se hizo fue:- service de los 10000 km a los 121000.- pastillas de freno a los 117000 km- Bateria 02/12/2024- Bujias 117000 km- cubiertas delanteras 25000 km, traseras 30000- rotación + alineado a los 121000 km- kit de distribución + bomba de agua a los 121000 km)Km reales 130000 km. Único DueñoU$S 14.500 / $17.800.000NO SE RECIBEN LLAMADAS POR WHATSAPP (por estafas).CÓRDOBA CAP.FINANCIACIÓN CON BANCO SANTANDEREscucho Ofertas Razonables.",0,0,0
7686,93000.0,"IMPECABLE ESTADO...SIN DETALLES!!UNICO DUEÑO!!PERMUTO...MENOR/MAYOR VALOR...!!FINANCIACION BANCARIA...HASTA 60 MESES DE PLAZO...CUOTAS FIJAS!!MARCELO DEHENEN AUTOMOVILES...40 AÑOS EN ADROGUE,BRINDANDO CONFIANZA!!",0,0,0
7713,38000.0,UNICA POR SU ESTADO! MOTOR NAFTERO 2.0 AT 38000 KM SIN DETALLES!! PARA VERLA COMBINAR VIA WATHSAPP,0,0,0
7735,142000.0,JEEP GRAND CHEROKEE OVERLANDVERSION: OVERLANDAÑO: 2012KMS: 142.000MOTOR: 3.6TRANSMISION: AUTOMATICAACEPTAMOS PERMUTAS.ESTAMOS UBICADOS EN KM 40.5 DE RAMAL PILAR,0,0,0
7739,210000.0,"BLINDADA. Motor 2.9, Turbo Diesel Intercooler fabricada en 2003, rodada 2004. Soy Titular. Condicion de venta: SE ENTREGA DESPUES DE HABER SIDO TRANSFERIDA. Kilometraje real. Caja Automatica con tres modos de manejo Normal, Sport y Winter, con service de caja hecho en julio 2024. 4 Amortiguadores nuevos, cambio de correa poli-V y viscoso. Cubiertas traseras al 99%, delanteras 80% Detalles de pintura (rayones) y en el techo de granizo. Tapizado de cuero sin roturas ni cortes. 5 plazas con sus respectivos cinturones. Nunca se abrio el motor. Aire acondicionado, calefaccion, desempañador de luneta y espejos retrovisores externos, faros auxiliares led, estereo Sony, todo funcionando correctamente. Bocha y conexion electrica para remolque. 4x4 electromecanica funciona sin detalles. Conversion a Led en instrumental de tablero y luces de interior. Manual de usuario original en castellano. Sin perdidas de fluidos. Le funciona todo. Puedo asesorarlo respecto a los tramites de manera presencial. Venga a verla con su mecánico de confianza.",1,0,0
7740,42602.0,"Chevrolet Tracker 1.2 Ltz Turbo AtAño 202242.602 kmPrecio Lista / Permuta $ 27.500.000-.Precio Contado Efectivo $ 26.500.000-.• GRIFF CARS | SUCURSAL ITUZAINGO | SUCURSAL CASTELAR •Mas de 20 años de experiencia en el mercado de vehículos• COORDINAR POR WHATSAPP DÍA Y HORARIO PARA VER EL VEHÍCULO •• TOMA DE USADOS A PRECIO DE MERCADO (COTIZAMOS ONLINE)• RESERVA CON CONFIANZA MERCADO LIBRE PROTEGE TU DINERO, ACEPTAMOS TODAS LAS TARJETAS DE DÉBITO Y CRÉDITO• RESPUESTA INMEDIATA A TUS INQUIETUDES POR WHASTAPP:Respondemos al instante mensajes y llamados. Programamos Videollamadas.• LOS VEHICULOS SON ENTREGADOS TRANSFERIDOSContamos con Administración y Gestoría Integral.• COORDINAR POR WHATSAPP DÍA Y HORARIO PARA VER EL VEHÍCULO •Contamos con;• Financiación del 50% / 60% con crédito bancario delbanco Santander cuotas fijas y en pesos",0,0,0
7748,90000.0,- - CAPTUR 1.6 LIFE MT 2020 - - - Única Mano- Toda pintura original sin detalles- Recibo Menor / Mayor- Financiación bancaria con DNI en cuotas fijas o UVA,0,0,0
7753,145000.0,Renault Duster Confort Plus 1.6 4x2 ABS. 2013.145000 kmGNCUnico dueñoTodo al día.Perfecto estado. Detalles mínimos normales de uso.,0,0,0
7806,13500.0,"Excepciónal estado, muy pocas en el país. Versión Competition.510CvTodos los opcionales de carbono posibles en exterior e interior.Film PPF trompa completa. Pintura enteramente de fábrica sin detalles, llantas sin detalles.Se vende de contadoSe puede ver en Palermo o Puerto MaderoKirs Motors",0,0,0
7814,105541.0,"FORD SE 2020Manual - 105.500kmsNafta/Gnc 5ta generación. Único dueño.Mantenimientos recientes:Distribución Completa Cambio de aceite y filtros.Prueba hidráulica de los tubos de GncSin detalles de ningún tipo, sin de pérdidas de fluidos, cuenta con VTV, grabado de autopartes y verificación policial.Listo para transferirPermuta a evaluar",0,0,0
7832,10000.0,"International Motors - Hyundai*TOMAMOS PERMUTAS*OPORTUNIDAD POR SU PRECIO Y ESTADO!¡TENEMOS EL MEJOR PRECIO Y PRODUCTO DEL MERCADO!NOS ENCONTRAMOS EN PALERMO, DONDE SE PUEDE VER EL VEHÍCULO HASTA EL DETALLE*CONSIGNAMOS TU VEHÍCULO, PUBLICAMOS Y MOSTRAMOS PARA VENDERLO DE FORMA RÁPIDA, SEGURA Y CONFIABLE",0,0,0
7840,124000.0,"Peugeot 2008 Feline 1.6 FULL-FULL (Climatizador , techo panorámico eléctrico y corredizo, sensores adelante y atrás con cámara, etc.) Mod. 2021 ( línea nueva) con GNC (5a.). Absolutamente como nuevo. Sin un detalle. Primera Mano.",0,0,0
7843,67500.0,"BMW X1 sDrive 25i xLine 2.0 Turbo Automática - ¡Impecable! Motor: 2.0L TwinPower Turbo, 231 CV Transmisión: Automática de 8 velocidades Tracción: Delantera (sDrive) Diseño xLine con estilo premium y terminaciones de alta gama. Faros LED adaptativos con regulación automática de altura. Cámara de retroceso + sensores de estacionamiento delanteros y traseros (PDC). Interior con tapizado en cuero, pantalla multimedia, y climatizador bi-zona. Llantas de aleación de 18"" y detalles cromados exclusivos de la línea xLine. Sistema Start/Stop, control de crucero y modos de conducción. Batería AGM de alto rendimiento, ideal para vehículos con alta demanda eléctrica. Equipamiento completo y en excelente estado, lista para transferir. Todos los papeles al día.  ¡Consultá sin compromiso y coordinamos una visita para verla! Ubicación: General Pico, La Pampa Respondemos rápido por chat de MercadoLibre",0,0,0
7848,160520.0,"RENAULT DUSTER OROCH 2.0 OUTSIDER PLUS 2017 UNICO DUEÑO! EXCELENTE ESTADO!!!! SIN DETALLES, MUY BUEN INTERIOR!TOMAMOS MEJOR SU USADO! FINANCIACION EXCLUSIVA EN PESOSROYCAN SA SAN JUSTO (CONCESIONARIO OFICIAL)",0,0,0
7849,90000.0,Documentación lista para transferir Tiene algunos detalles estéticos Tomamos tu usadoFinanciamos hasta el 60% del valor del auto Se puede financiar en cuotas fijas o con créditos Uva. En cualquiera de los 2 casos la entrega del vehiculo se realiza a los 5 dias de realizada la operación.Compras de contado la entrega se realiza a las 24hsCaClass Multimarca Av Nazca 2381 (Villa del Parque) CABAHorarios de atenciónLunes a Viernes de 10 a 18.00hs115095-3000 / 113360-4677,1,0,0
7859,61000.0,"VENDO NISSAN KICKS. IMPECABLE ESTADO. PERFECTO FUNCIONAMIENTO, COMO NUEVA. CAMIONETA IDEAL PARA CUALQUIER USO, ESPACIOSA Y COMODA, BAJO CONSUMOACEPTAMOS PESOS, DÓLARES, EUROS, REALES Y CRIPTOMONEDAS A COTIZACIÓN JUSTA REAL DE MERCADO. ACEPTAMOS PERMUTAS DE MAYOR O MENOR VALOR Y TAMBIÉN FINANCIAMOS EN DÓLARES, Y EN PESOS MEDIANTE LOS PRINCIPALES BANCOS DEL PAIS.EL VEHICULO CUENTA CON DUPLICADO DE LLAVE Y MANUALES DE LA UNIDAD Y RADIO, CRIQUET, LLAVE CRUZ Y AUXILIO, ASI COMO MATAFUEGOS Y KIT DE SEGURIDAD, TAL COMO SALIÓ DE FÁBRICA EL PROCEDIMIENTO DE COMPRA ES EL SIGUIENTE:1) USTED COORDINA UNA CITA Y SE ACERCA A VER Y PROBAR EL VEHICULO, Y SI LE GUSTA, PUEDE RESERVARLO EN EL MOMENTO CON $400.000.2) LUEGO, USTED TENDRÁ 7 DÍAS CORRIDOS PARA ACERCARSE A ABONAR EL VALOR DEL VEHÍCULO Y EL COSTO DE LA TRANSFERENCIA Y FIRMAR EN ESCRIBANÍA LA DOCUMENTACIÓN NECESARIA. ESE MISMO DÍA YA PODRÁ RETIRAR EN EL ACTO LA UNIDAD. NUESTRO PRODUCTOR LE PUEDE GENERAR UN SEGURO DEL VEHICULO, O BIEN PUEDE TRAER EL SUYO.3) AL CABO DE 7 DÍAS, NUESTRO EQUIPO DE GESTORES SE CONTACTARÁ CON USTED PARA HACERLE LLEGAR LA DOCUMENTACIÓN PERTINENTE.——ACERCA DE AL AUTOMOTORES PARQUE CHACABUCO——LA CONCESIONARIA FUE FUNDADA EN 2014 Y HA FUNCIONADO SIN INTERRUPCIÓN DESDE ESE ENTONCES. LOS CIMIENTOS FUNDAMENTALES FUERON SIEMPRE LOS MISMOS:1) SOLO VEHÍCULOS DE CALIDAD VERIFICADOS, HASTA 10 AÑOS DE ANTIGÜEDAD E IDEALMENTE CON MENOS DE 100.000 KM. HACEMOS EXCEPCIONES, SOLO SI VALE LA PENA EL VEHÍCULO. NO COMPRAMOS NI VENDEMOS PROBLEMAS.2) TRANSPARENCIA Y VELOCIDAD EN EL TRÁMITE DE TRANSFERENCIA. SABEMOS LO IMPORTANTE QUE ES TENER LOS PAPELES EN REGLA, Y NOS OCUPAMOS DE QUE ASÍ SEA.SI USTED COMPRA CON NOSOTROS, SEPA QUE RECIBIRA VARIAS ENCUESTAS TELEFÓNICAS DE NUESTRO EQUIPO DE AUDITORES A LO LARGO DEL PROCESO DE COMPRA. BUSCAMOS ASEGURARNOS LA MISMA EXPERIENCIA PARA CADA CLIENTE Y SOBRE TODO, QUE USTED QUEDE SATISFECHO Y VUELVA.LA CONCESIONARIA SE ENCUENTRA EN PARQUE CHACABUCO (CAPITAL FEDERAL, ARGENTINA)(POR FAVOR, PEDIR LA DIRECCION EXACTA, POR POLITICA DE MERCADOLIBRE NO PODEMOS ANUNCIARLA AQUI).",0,0,0
7885,123792.0,"Cambiá tu auto o comprá uno semi nuevo en Kavak, compañía N°1 en venta online de autos usados en Latinoamérica. Contamos con distintos planes de financiamiento para adaptarse a tus necesidades, también podés dejar tu auto como parte de pago. Solo vendemos autos 2010 en adelante, con menos de 100.000 km, que nunca tuvieron daños estructurales ni GNC.------------------------------------------------------------->> Peugeot 2008 1.6 ALLURE << 407809*BENEFICIOS KAVAK:Al comprar tu Auto Kavak contás con un PERÍODO DE PRUEBA DE 7 DÍAS o 300 KM. Si no te encantó, te devolvemos el 100% de tu dinero (incluida la transferencia)*INSPECCIÓN Y COBERTURA MECÁNICA: En Kavak, la calidad es lo más importante. Nuestros autos son mucho más que autos usados, son autos semi-nuevos reacondicionados que están revisados en 240 puntos por nuestro equipo de expertos, tienen todos los servicios al día, kilometraje real y cobertura mecánica Kavak de 3 meses con posibilidad de extensión a 1 año.*CONTRATÁ KAVAK TOTAL: Con Kavak Total tenés 9 meses adicionales de cobertura con tope según marca/modelo del auto en arreglos, en motor, transmisión, tracción delantera y trasera, batería, embrague y correa o cadena de distribución. Cuidar tu auto puede ser tan fácil como manejarlo.PRÓXIMOS PASOS:Consúltanos para agendar una visita y/o reservar tu auto de interés.*MÉTODOS DE PAGO:- FINANCIAMOS TU COMPRA: Podés acceder al auto de tus sueños con nuestro plan de financiamiento hecho a tu medida. Financialo en hasta 60 cuotas fijas.- DEJÁ TU AUTO COMO PARTE DE PAGO: Cambiá tu auto por uno Kavak.- AL CONTADO: Pagá vía transferencia bancaria o deposito. Podés pagar en pesos o en dólares.Para mayor información visitá nuestro sitio.*Ver términos y condiciones en Compra y Venta de Autos Usados en Argentina con Garantia",0,0,0
7897,198000.0,"Primer dueño, gasolero, linea premium alemana. Tiene unos detalles, consultar para saber antes. Acepto permuta por mayor valor. Es un autaso realmente 4x4 no falla nunca tiene gps incorporado, bluetooth, estacionamiento asistido, sonido de primera, asientos de cuero y butaca electrónica solo del conductor.",1,0,0
7901,210000.0,BMW X4 35i año 2016 - Turbo con 306 cv210.000 km (Ruta real Rosario/Bs As )Huen estado gralÚnica mano - Todos los service oficialesCaja automática de octavaEquipamiento fullPrecio Lista / Permuta u$s 40.000 dólaresPrecio Contado u$s 37.500 dólaresSuper oportunidad en efectivoNo aceptamos ofertasPreguntas sobre la unidad:Estado de neumáticos: BuenoInterior: Muy buenoEstado de llantas: Con detallesEstado de pintura: Trompa con marcasHay que hacerle algo: NoEs la mejor del mercado: NoTiene informe de dominio? SiTiene libre deuda de infracciones? SiTiene el 08 firmado? SiTiene verificación policial? SiLa compro tranquilo?Obviamente. Somos concesionario oficial BMW• TOMA DE USADOS: Deberá mandarnos por whatsapp fotos - Km - VersiónEl usado puede ser de cualquier marca nacional o importadoLa toma del usado se hace sobre el precio de listaDesde el botón del aviso q dice WHATSAPP se puede contactar con nosotros de forma directa y rápida.•Respondermos su consulta por whatsapp en el momento •+ Aceptamos Transferencia Bancaria en Pesos o Dólares ++ Cuentas bancarias en todos los bancos a nombre del concesionario para su seguridad +• ATENCIÓN PERSONALIZADA• DOCUMENTACIÓN AL DÍA Y LISTA PARA TRANSFERIRContamos con Administración y Gestoría en el concesionario para hacerle mas simple los trámites.,1,0,0
7913,205000.0,"Jeep Cherokee Limited 2009 – Full fullMuy cuidada, con 205.000 km reales.Motor 3.7 V6, tracción 4x4, versión Limited con todo el confort y equipamiento.Interior completo en cueroButacas delanteras eléctricas y calefaccionadasClimatizador bi-zonaLlantas originalesFaros antinieblaControl de velocidad cruceroExcelente equipo de sonidoPolarizado completoParrilla y detalles cromados pintados en negro mateFumé en ópticas, estilo más agresivo y modernoPintura en llantasSoy el único dueño, la compré 0km y siempre le hice los servicios en tiempo y forma. La uso todos los días y funciona perfecto.Todos los papeles al día, sin deudas, lista para transferir.Se puede ver en Santa Fe Capital.Consultame sin compromiso.",0,0,0
7919,100000.0,"¡Vendo Ford EcoSport Freestyle 2015 Full con GNC!Oportunidad Única: Ford EcoSport 1.6 Freestyle 2015, equipadísima y con GNC de 5ta generación (2 años de uso) para un ahorro increíble. * Radicada en CABA. * VTV vigente. * Documentación al día, lista para transferir. * Dueño directo. * Excelente estado general. ¡Vení a verla en Flores! * Mantenimiento clave realizado: Cambio de correa de distribución y bomba de agua hace 2 años (25.000 km).¿Por qué te la llevás sin dudarlo? * Economía garantizada: GNC de 5ta generación para que ahorres en cada kilómetro. * Lista para disfrutar: Sin trámites pendientes ni VTV por hacer. * Cuidado al detalle: Mantenimiento importante recién hecho. * Full y confortable: Disfrutá de todo el equipamiento Freestyle.Contactame para verla en Flores. Tu consulta es bienvenida.",0,0,0
7923,71500.0,"JEEP GRAN CHEROKEE SRT 465 CV AÑO 2018Automática con 71.500 KM Inmaculado estado - Única mano Todos los service oficialesCaja automática de octavaEquipamiento fullPrecio Lista / Permuta u$s 85.000 dólaresPrecio Contado u$s 79.500 dólaresSuper oportunidad en efectivoNo aceptamos ofertasPreguntas sobre la unidad:Estado de neumáticos: Muy buenoInterior: ExcelenteEstado de llantas: Inmaculado, sin un solo detalleEstado de pintura: ExcelenteHay que hacerle algo: NoEs la mejor del mercado: SiTiene informe de dominio? SiTiene libre deuda de infracciones? SiTiene el 08 firmado? SiTiene verificación policial? SiLa compro tranquilo?Obviamente. Somos concesionario oficial BMW• TOMA DE USADOS: Deberá mandarnos por whatsapp fotos - Km - VersiónEl usado puede ser de cualquier marca nacional o importadoLa toma del usado se hace sobre el precio de listaDesde el botón del aviso q dice WHATSAPP se puede contactar con nosotros de forma directa y rápida.•Respondermos su consulta por whatsapp en el momento •+ Aceptamos Transferencia Bancaria en Pesos o Dólares ++ Cuentas bancarias en todos los bancos a nombre del concesionario para su seguridad +• ATENCIÓN PERSONALIZADA• DOCUMENTACIÓN AL DÍA Y LISTA PARA TRANSFERIRContamos con Administración y Gestoría en el concesionario para hacerle mas simple los trámites.Concesionario oficial BMWMisael Ferrer",0,0,0
7925,100000.0,"Kia Sorento 2.4 Ex At 4x2 2018- Excelente estado, sin detalles- Service oficiales- Techo, sensores y cámara de estacionamiento- Documentación al día, lista para transferir",0,0,0
7926,137000.0,"-TOYOTA RAV4- 2013 / 4X2 CVT-Espectacular camioneta,única mano, estado insuperable,no tiene detalles ,pocos km, muy bien de cubiertas ,en líneas generales una joya ,para aprovecharla!!Permutas / FacilidadesSur Automotores,Lomas de zamora.Garantía y seguridad total ,45 años en el mismo lugar.",0,0,0
7929,118000.0,"AUDI Q3 1.4 TFSI Automática 2016Todos los servicios realizados en Audi OficialImpecable, solo detalles en el ploteado.Pintura original protegida por el ploteado.Batería Moura cambiada hace menos de un año.Cubiertas Pirelli 16""Sensor de estacionamiento traseroSistema Star-StopAlfombras originales de interior y baúlVTV vigente hasta septiembre",1,0,0
7936,52000.0,ford bronca unica por su estado! completamente original. Cubiertas Originales.Puede solicitar factura A Sin detalles Zona para ver Villa del Parque,0,0,0
7943,110000.0,Renault Duster Privilege Nav 1.6.119.000 km.Kilometros REALES. Lo vas a comprobar solo mirando el volante y la palanca de cambios ORIGINALES.Service recien hecho.Interior sin detalles.Bien de cubiertas.VTV Hasta noviembre 2025.Titular y al día.Permuto por vehículo de mí interés.,0,0,0
7958,156000.0,"Vendo Volkswagen Touareg 2009 156.000 km,4x4 integral con alta y baja con bloqueo de diferencial .Service caja .service motor y filtros .service pulmones suspensión neumática .4 gomas xbri con 10.000 km con llantas vw rodado 19 pintadas a fuego en color negro.estereo con pantalla pionner con Apple CarPlay y Android auto .exterior 9 puntos (mínimos detalles de los años).interior 9,5 puntos .mecanica 9 puntos Soy titular radicada en Florencio Varela , se entrega al día y transferida , espero tu consulta para despejar todas las dudas ya que es un vehículo que hay pocos y lleva mucho cariño mantenerlo en este estado",0,0,0
7982,290000.0,"GNC de 5ta, TA. Con toda la electrónica dentro del habitáculo. La compu de GNC tiene programación de molerpa. En ruta rinde alrededor de 200 KM. Este mes se realizó la prueba hidráulica de los tubos y el correspondiente cambio de válvulas.Tiene detalles que están a la vista, son del uso. No tiene choques grandes ni nada raro. Se puede ir con Bumper o Paragolpe originales como se en las fotosPuedo tomar auto chico de menor valor, de mi interés. Soy particular no reventa, así que se va transferida si o sí.Se va como se ve en las fotos• con el Bumper delantero con bandeja para malacate, cáncamos, etc.• también con el Bumper trasero (que no lo tiene puesto)• entrego los dos paragolpes originales.• Rock Liders• Esta levantada 2” con suplementos, los espirales son nuevos.• Tiene el refuerzo de la caja de dirección, por si se quiere poner rodado más grande.Excelente para comenzar un proyecto OFF ROAD.Y otras cosas más que el que esté interesado me puede preguntar sin problema.Podría tomar auto de mi interés. Escucho ofertas RAZONABLES en efectivo",1,0,0
7997,52000.0,VehiculoListo para transferir 52 mil km unica mano services oficiales en auto Múnich se puede enchufar y revisar con quien quieras no tiene golpes rayas ni marcas,0,0,0
8016,168000.0,"Si estás interesado en esta unidad, por favor, coordiná una visita con 24h de anticipación para poder prepararla para la venta y reubicarse para una mayor comodidad a la hora de revisar el vehículo. Muchas gracias!En Sote Automotores tenemos disponibilidad física de más de 100 vehículos de las marcas más importantes del mundo. Transparencia, eficiencia y siempre con el cliente como principal prioridad.- Consignaciones- Permutas- Asesoría- Gestoría- DetailingTu consulta siempre es bienvenida.",0,0,0
8020,76800.0,"EL PRECIO PUBLICADO ES EN EFECTIVO O FINANCIACION, CONSULTAR PRECIO EN EL CASO DE QUE SEA CON PERMUTA.CUANDO PENSAS EN CAMBIAR TU USADO, PENSA EN LA CONCESIONARIA MAS VISITADA EN CORDOBA, PENSA EN LOPCAR.MAS DE 25 AÑOS DE TRAYECTORIA, TRABAJANDO PARA BRINDARLES A NUESTROS CLIENTES EL MEJOR ASESORAMIENTO A LA HORA DE ADQUIRIR O RENOVAR SU PROXIMA UNIDAD.¡BUSCAMOS LA MEJOR FINANCIACION!!¡TOMAMOS SU USADO AL MEJOR PRECIO!!SEGURIDAD, TRANQUILIDAD y HONESTIDADCUALQUIER CONSULTA NUSTROS ASESORES ESTARAN A SU DISPOSICION!!¿COMO SE PUEDE FINANCIAR?- Créditos personales y prendarios.- Permutas (recibimos tu usado)- Créditos en tasas fijas- Créditos Uva- Entrega mínima: 50%- Financia el saldo a una tasa desde el 16.5%LOS VALORES REFERIDOS ESTAN SUJETOS A MODIFICACION SIN PREVIO AVISOLOPCAR S.A",0,0,0
8026,66000.0,"Km reales , cambio de aceite y filtros en tiempo y forma comprobable con facturas, funciona todo ningún problema, el techo está afectado por un golpe de 0km se compró así directo a Ford también comprobable con factura, entrego las barras de techo nuevas sin costo, detalles estéticos en las fotos se puede ver en Palermo o en Benavidez/ Villanueva.",1,0,0
8034,51000.0,"SEGUNDO DUEÑO – SERVICES OFICIALESALFOMBRAS RIGIDAS ORIGINALES BMWCARPLAYPPF EN TROMPA, BAUL Y PARAGOLPESUNIDAD FISICA EN SUCURSAL CANNINGTOMAMOS TU USADO EN PARTE DE PAGO",0,0,0
8058,17000.0,(200 TSI)Mod. 2023. impecable 17.000 km reales. Color Gris Indy.1 Service realizado. Levas al Volante. Faros Antinieblas. Pedalera Deportiva. Patente 2025 pagada.Chapón Cubre Cárter.Protector Zócalos. Polarizado. Listo para Transferir. NO PERMUTO,0,0,0
8062,200000.0,"Nada por hacerle , nunca gnc . Le anda todo , no pierde ningun fluido . IMPECABLE !! Trae tu mecanico NUNCA CHOCADA !!!Auxilio 0km con los pelitos.",0,0,0
8067,150000.0,"MARCA LAND ROVERMODELO EVOQUEVERSIÓN COUPE DYNAMICMOTOR 2.O T NAFTAAUTOMÁTICO INTEGRALKM 150.000AÑO 2013CONSULTA AQUÍ POR CRÉDITOS BANCOR CRÉDITOS SANTANDER Y FINANCIACIÓN PROPIA DE LA CASA A MEDIDA DEL CLIENTEMEGA CARS AUTOMOTORESENTREGA INMEDIATA… EN EL DIA!!!Si el vehículo le interesó no dude en escribirnos o llamarnos para coordinar una cita y que usted pueda no solo venir a ver y revisar la unidad sino también realizar un test drive con el mismo.TODOS NUESTROS VEHÍCULOS ESTAN A SU ENTERA DISPOSICIÓN PARA QUE LOS PRUEBE, HAGA REVISAR CON SU MECANICO DE CONFIANZA O LO QUE A USTED LE PAREZCA NECESARIO PARA SU TRANQUILIDAD.Recibimos su usado en excelente precio, Financiación a medida - Distintas formas de pago.-—————————————————————————————Somos una agencia ícono en Córdoba capital, ubicados en el corazón del parque de venta automotrizContamos con gran variedad de vehículos usados y cero km con entrega inmediata brindando al cliente todo lo que necesita para su tranquilidad y una operación segura y sencilla.Muchísimas gracias por elegirnos!FRANCO VACCARI",0,0,0
8092,100000.0,"Ford Ecosport Titanium, año 2013 con 100.000 kms. Unidad realmente inmaculada, sin detalles.ACEPTAMOS PERMUTAS // FINANCIAMOS 50% SOLO CON DNING AUTOMOTORESAvellaneda 1991 / 2015 (esq. Ituzaingó)Lunes a viernes de 10 a 18hs",0,0,0
8113,101000.0,"Chevrolet Tracker AWD 2018 LTZ+ Premier automáticaVendo Tracker AWD 2018 versión LTZ+ Premier, caja automática, en excelente estado general.Motor 1.8 nafta, tracción integral inteligente (AWD), equipamiento full:Tapizado de cueroTecho solarCámara de retrocesoSensor de estacionamientoPantalla táctil con Android Auto / Apple CarPlayLlantas de aleaciónControl de estabilidad (ESP) y más.Segundo dueño, con service recién hechos (fluídos, filtros, batería nueva), documentación al día, VTV y grabado de autopartes vigente.Lista para transferir. No hay que hacerle nada.Ubicación: General Roca, Río Negro.Consultas por privado.",0,0,0
8124,100000.0,"VENDO TOYOTA SW4 SRX 2.8 7as ATTodos los servicios oficiales, en garantía hasta 10 años o 200.000km. Todo en perfectas condiciones. Ningún detalle. Tiene neumáticos nuevos. Vehiculo muy cuidado!!",0,0,0
8130,63000.0,"Mercedes-Benz Clase GLA 1.6 Gla250 Amg-line 211cvPrecio Lista / Permuta u$s 33.900Precio Contado Efectivo u$s 31.900+ Aceptamos Transferencia Bancaria en Pesos y Dólares ++ Contamos con cuenta Bancaria en Estados Unidos para recibir transferencias +Mas de 25 años de experiencia en el mercado de vehículos premium• COORDINAR DÍA Y HORARIO PARA VER EL VEHÍCULO •• TOMA DE USADOS A PRECIO DE MERCADO (COTIZAMOS ONLINE)• RESERVA CON CONFIANZA :MERCADO LIBRE PROTEGE TU DINERO, ACEPTAMOS TODAS LAS TARJETAS DE DÉBITO Y BANCOS VIRTUALES• RESPUESTA INMEDIATA A TUS INQUIETUDES :Respondemos al instante mensajes y llamados. Programamos Videollamadas.• ATENCIÓN PERSONALIZADA• DOCUMENTACIÓN AL DÍA Y LISTA PARA TRANSFERIRContamos con Administración y Gestoría Integral.• COORDINAR DÍA Y HORARIO PARA VER EL VEHÍCULO •",0,0,0
8131,51112.0,"Cambiá tu auto o comprá uno semi nuevo en Kavak, compañía N°1 en venta online de autos usados en Latinoamérica. Contamos con distintos planes de financiamiento para adaptarse a tus necesidades, también podés dejar tu auto como parte de pago. Solo vendemos autos 2010 en adelante, con menos de 100.000 km, que nunca tuvieron daños estructurales ni GNC.------------------------------------------------------------->> Chery Tiggo 3 1.6 LUXURY AT << 411792*BENEFICIOS KAVAK:Al comprar tu Auto Kavak contás con un PERÍODO DE PRUEBA DE 7 DÍAS o 300 KM. Si no te encantó, te devolvemos el 100% de tu dinero (incluida la transferencia)*INSPECCIÓN Y COBERTURA MECÁNICA: En Kavak, la calidad es lo más importante. Nuestros autos son mucho más que autos usados, son autos semi-nuevos reacondicionados que están revisados en 240 puntos por nuestro equipo de expertos, tienen todos los servicios al día, kilometraje real y cobertura mecánica Kavak de 3 meses con posibilidad de extensión a 1 año.*CONTRATÁ KAVAK TOTAL: Con Kavak Total tenés 9 meses adicionales de cobertura con tope según marca/modelo del auto en arreglos, en motor, transmisión, tracción delantera y trasera, batería, embrague y correa o cadena de distribución. Cuidar tu auto puede ser tan fácil como manejarlo.PRÓXIMOS PASOS:Consúltanos para agendar una visita y/o reservar tu auto de interés.*MÉTODOS DE PAGO:- FINANCIAMOS TU COMPRA: Podés acceder al auto de tus sueños con nuestro plan de financiamiento hecho a tu medida. Financialo en hasta 60 cuotas fijas.- DEJÁ TU AUTO COMO PARTE DE PAGO: Cambiá tu auto por uno Kavak.- AL CONTADO: Pagá vía transferencia bancaria o deposito. Podés pagar en pesos o en dólares.Para mayor información visitá nuestro sitio.*Ver términos y condiciones en Compra y Venta de Autos Usados en Argentina con Garantia",0,0,0
8146,70300.0,"RESCALA AUTOMOTORES - Multimarcas - Usados de Selección y 0KmsMAS DE 50 AÑOS de TRAYECTORIA establecidos en ALTA GRACIA!--------------------------------------------------------------------------------------------------------------- Pensaste en tener TU PRIMER VEHICULO, tal vez CAMBIARLO o Simplemente VENDERLO?- RECIBIMOS TU VEHICULO USADO EN PARTE DE PAGO.- ENTREGA INMEDIATA DEL VEHICULO QUE LLEVAS.- FINANCIAMOS EN CUOTAS FIJAS Y PESOS.- NUESTRO STOCK ESTA CONTROLADO Y PERITADO PARA DAR TRANQUILIDAD EN TU COMPRA.- SEGUINOS..----------------------------------------------------------------------------------------* VISITANOS PERSONALMENTE en nuestro SHOWROOM* LUNES A SABADOS DE 9 A 13 HS Y DE 16:30 A 20:30 HS - Feriados Consultar!",0,0,0
8147,104000.0,"Subite a tu	OROCH	sólo con DNI y un anticipo y/o usado de		$ 9.926.064(Anticipo incluye Transferencia, Inscripción de Prenda, Sellado de Prenda) Click Aquí para más detalles.				…...................................................................................................................................................								l||ll||l Asesor: CARLOS TORRES l||ll||l (011) 6835 1001				====================================				Para recibir asesoramiento detallado, hacé click en el botón de Whatsapp.				Enviá la palabra SELECTION por WhatsApp y te enviamos el Stock de Usados Seleccionados Actualizado.				El precio publicado no incluye Transferencia en el Registro Automotor								Click Aquí para más detalles.				…………………………………………………………………………..				l||ll||l RENAULT SELECTION l||ll||l				====================================				División Usados seleccionados de RENAULT ARGENTINA,				Somos Filial Comercial directa del Grupo Renault, la única del país,				con una trayectoria comercial desde 1970. Somos líderes de mercado y N° 1 en Ventas y Servicios.				No somos otro concesionario más de la red, somos Renault Central y es nuestra mayor garantía 				Asesor: CARLOS TORRES………………………….								NUEVO INGRESO!				RENAULT	OROCH	1.6 DYNAMIQUE		Año	2016			Combustible	Nafta			Kilometraje	104800			AA323JL				OFERTA CONTADO			$ 16.390.260	Final (Transferencia Incluida)*				Este precio incluyen VTV, Grabado de Autopartes, Libre Deuda de Infracciones, 				Libre Deuda de Patentes, F.08, Certificación de firmas y Transferencia en Registro Automotor.								>>>  OPCIÓN TRANSFERENCIA A CARGO DE CLIENTE: Precio de la unidad			$ 15.343.000	<<<				////// FINANCIACIÓN RENAULT CREDIT //////				Te lo llevas sólo con DNI y un anticipo y/o usado de:			$ 9.926.064	más Cuotas Fijas y en Pesos(Incluye Transferencia, Inscripción de Prenda, Sellado de Prenda)								Tomamos tu usado al mejor precio de mercado | LLAVE contra LLAVE				Se entrega Transferido				Todos los autos de RENAULT SELECTION pasan por una previa Inspección Mecánica. 								Nuestro objetivo es ofrecerte una transparente y excelente experiencia de compra segura de principio a fin. Contamos con:				• Asesores y técnicos profesionales formados en RENAULT DE ARGENTINA.				• El salón de exhibición más grande de Capital Federal de más de 200 usados seleccionados.				• Créditos directos de fábrica a través de RENAULT CREDIT ARGENTINA diseñados a su medida y a sola firma, con tasas fijas, 				en pesos y sólo con DNI.				• Atención administrativa personalizada.				• Gastos de Gestoria Automotor integral ya incluidos en el precio.				• Aseguramos su auto con los mejores precios, coberturas y compañías.								• VALORIZAMOS INMEJORABLEMENTE SU AUTO USADO.												CARLOS TORRES /// Enviá la palabra SELECTION y te enviamos el Stock Actualizado.								Oferta válida hasta el 24/05/2025 o hasta agotar stock				Precio y bonificaciones sujetas a stock. Imágenes no contractuales. Por bases y condiciones consultar en concesionario.",0,0,0
8149,92000.0,"VENDO PEUGEOT 2008 SPORT 1.6 THP 2017. 2DO DUEÑO. VTV AL DÍA. AUXILIO SIN RODAR. SIEMPRE GUARDADA EN GARAGE. MUY BIEN CUIDADA. ROTACIÓN DE CUBIERTAS.ACEPTAMOS PESOS, DÓLARES, EUROS, REALES Y CRIPTOMONEDAS A COTIZACIÓN JUSTA REAL DE MERCADO. ACEPTAMOS PERMUTAS DE MAYOR O MENOR VALOR Y TAMBIÉN FINANCIAMOS EN DÓLARES, Y EN PESOS MEDIANTE LOS PRINCIPALES BANCOS DEL PAIS.EL AUTOMÓVIL CUENTA CON DUPLICADO DE LLAVE, MANUALES, CRIQUE, LLAVE DE RUEDA, BALIZAS, MATAFUEGOS Y AUXILIO ORIGINAL, TAL COMO SALIÓ DE FÁBRICA EN 2017.—————ACERCA DE LA COMPRA Y LA TRANSFERENCIA DEL VEHÍCULO———EL COSTO DE LA TRANSFERENCIA DE TITULARIDAD DE ESTE VEHÍCULO ES DE $897.432. ESTE IMPORTE INCLUYE FIRMAS Y LEGALIZACIÓN EN ESCRIBANÍA, Y CUALQUIER OTRO TRÁMITE REGISTRAL QUE SEA NECESARIO. EL IMPORTE MENCIONADO ES FINAL Y NO HAY NINGÚN OTRO GASTO NI COSTO OCULTO.EL PROCEDIMIENTO DE COMPRA ES EL SIGUIENTE:1) USTED COORDINA UNA CITA Y SE ACERCA A VER Y PROBAR EL AUTOMÓVIL, Y SI LE GUSTA, PUEDE RESERVARLO EN EL MOMENTO CON $400.000.2) LUEGO, USTED TENDRÁ 7 DÍAS CORRIDOS PARA ACERCARSE A ABONAR EL VALOR DEL VEHÍCULO Y EL COSTO DE LA TRANSFERENCIA Y FIRMAR EN ESCRIBANÍA LA DOCUMENTACIÓN NECESARIA. ESE MISMO DÍA YA PODRÁ RETIRAR EN EL ACTO LA UNIDAD. NUESTRO PRODUCTOR LE PUEDE GENERAR UN SEGURO DEL AUTOMÓVIL, O BIEN PUEDE TRAER EL SUYO.3) AL CABO DE 7 DÍAS, NUESTRO EQUIPO DE GESTORES SE CONTACTARÁ CON USTED PARA HACERLE LLEGAR LA DOCUMENTACIÓN PERTINENTE.——ACERCA DE QUALIS CARS - AUTOS DE CALIDAD - CONCESIONARIA OFICIAL MULTIMARCA——LA CONCESIONARIA FUE FUNDADA EN 1973 Y HA FUNCIONADO SIN INTERRUPCIÓN DESDE ESE ENTONCES POR MAS DE 5 DÉCADAS. LOS CIMIENTOS FUNDAMENTALES FUERON SIEMPRE LOS MISMOS:1) SOLO VEHÍCULOS DE CALIDAD VERIFICADOS, HASTA 10 AÑOS DE ANTIGÜEDAD E IDEALMENTE CON MENOS DE 100.000 KM. HACEMOS EXCEPCIONES, SOLO SI VALE LA PENA EL VEHÍCULO. NO COMPRAMOS NI VENDEMOS PROBLEMAS.2) TRANSPARENCIA Y VELOCIDAD EN EL TRÁMITE DE TRANSFERENCIA. SABEMOS LO IMPORTANTE QUE ES TENER LOS PAPELES EN REGLA, Y NOS OCUPAMOS DE QUE ASÍ SEA.SI USTED COMPRA CON NOSOTROS, POR FAVOR NO SE SORPRENDA SI RECIBE VARIAS ENCUESTAS TELEFÓNICAS DE NUESTRO EQUIPO DE AUDITORES A LO LARGO DEL PROCESO DE COMPRA. BUSCAMOS ASEGURARNOS LA MISMA EXPERIENCIA PARA CADA CLIENTE Y SOBRE TODO, QUE USTED QUEDE SATISFECHO Y VUELVA.LA CONCESIONARIA SE ENCUENTRA EN ALMAGRO (CAPITAL FEDERAL, ARGENTINA) EN UN PREDIO DE 5.000M2 DONDE SE EXHIBEN ALREDEDOR DE 200 VEHÍCULOS ENTRE 0KM, IMPORTADOS, CLASICOS Y UTILITARIOS. EN EL PREDIO FUNCIONAN ADEMAS TALLERES DE: POSVENTA Y MECÁNICA LIGERA, DETAILING Y CARROCERIA Y PINTURA .(POR FAVOR, PEDIR LA DIRECCION EXACTA, POR POLITICA DE MERCADOLIBRE NO PODEMOS ANUNCIARLA AQUI).",0,0,0
8152,53000.0,"Vendo Jeep Compass Sport 2.4 MT6.Modelo 2020. Cuenta con 53000 km. Sólo Nafta. Cuenta con muchas funciones clásicas de la línea nueva de Jeep. Entre ellas; pantalla de 10"" con cámara de retroceso; sensor de estacionamiento; velocidad crucero; espejos y levantavidrios eléctrico; cierre centralizado con botón de acercamiento. Arranque con botón y freno de mano eléctrico. Computadora a bordo; y sensor de lluvia para limpiaparabrisas. La camioneta es en su totalidad electrónica, por lo que cada detalle y uso de la camioneta es registrado en la computadora.La camioneta tipo SUV. se encuentra en muy buenas condiciones. Se cuida mucho y se mantiene con los services necesarios y más, para su óptimo funcionamiento. También incluye los barrales de portaequipaje.Tiene VTV vigente hasta febrero del 2026. Documentación al día y lista para transferir. Cualquier duda o consulta, no es molestia.",0,0,0
8164,130000.0,"*No permuto*Todos los servicios de mantenimiento hechos en concesionario oficial.Kilómetros realizados en ruta.* Velocidad crucero* Cierre centralizado y alarma*Limitador de velocidad*2 airbag*Levanta cristales eléctricos 4 puertas*Apertura tapa tanque combustible interior*Pantalla multimedia*Llantas de aleación* Sin fallas, funciona todo perfecto*Asientos traseros rebatibles.",0,0,0
8165,50000.0,NISSAN KICKS 1.6 SENSE MT GNC 2020 ÚNICA DUEÑA - AIRE ACONDICIONADO - DIRECCIÓN ASISTIDA - FRENOS CON ABS - AIRBAGS - CRISTALES Y ESPEJOS ELÉCTRICOS - RADIO MP3 BLUETOOTH USB - COMPUTADORA DE A BORDO - CRISTALES POLARIZADOS Y MAS!ASESORAUTOS COM AR / SOCIO DE LA CÁMARA DEL COMERCIO AUTOMOTOR - 17 AÑOS EN EL MERCADO AUTOMOTOR*SÓLO CONTADO*---------------------------------------------------------------------AirbagsAire AcondicionadoAlarma de Luces EncendidasApoyacabezas en Asientos TraserosCentral de InformaciónCierre Cent. de Puertas con Apertura a Dist.Cinturones InercialesCristales PolarizadosDirección AsistidaEspejos Exteriores con Comando EléctricoFaros Antiniebla DelanterosFrenos con ABSLevantacristales EléctricosLimpia/Lava LunetaLlantas de AleaciónGNCRadio con Reproductor de MP3Sensores de EstacionamientoTercera Luz StopBluetoothÚnico DueñoUSBParagolpes Color CarroceríaBarras Portaequipaje de FábricaEquipo de Audio con Comando Remoto,0,0,0
8173,80000.0,"Jeep Renegade 1.8 SportEl Jeep Renegade 1.8 Sport es un SUV compactoque se destaca por su diseño moderno y robusto,su motor 1.8 de 130 CV y su tracción 4x2 o 4x4según versión.Su interior combina comodidad y tecnología unbuen espacio para pasajeros y equipamiento deconfort.Veni a conocerlo y manejarlo!Todos nuestros autos pasan por una inspección al máximo detalle. Dándote la tranquilidad que necesitas.Con California Cars» Comprá o vendé tu auto de manera fácil, rápida y de forma segura.» Autos libres de multas, sin riesgo de fraude» Opciones de financiación con la mejor tasa en CUOTAS FIJAS EN PESOS de los bancos más importantes de Argentina.» Veni a probarlo en nuestro exclusivo circuito privado.¡Hacé click en Preguntar o Whatsapp para tener asesoramiento detallado!Horarios de atención:Lunes a Sábados de 09hs a 18hs.Domingos cerrado.Parque industrial Polo HudsonAutopista Buenos Aires - La Plata, Km 30",0,0,0
8192,118000.0,"Toyota Hilux SW4 2.8 Srx 177cv 4x4 7as At 2020- Único dueño- Excelente estado, sin detalles- Service oficiales - Documentación al día, lista para transferir",0,0,0
8199,233000.0,Con detalles de carrocería evidenciados en las fotos.,1,0,0
8210,144000.0,"Renault KOLEOS EXPRESSION 4x2 - Motor 2.5L - Año 2009 - Transmisión Manual• 144.000 km reales• 4 cubiertas nuevas• Servicie al día y VTV vigente• Muy cuidada• Mecánica e interior en excelente estadoEquipamiento destacado:• Aire acondicionado funcionando perfectamente• Control de velocidad crucero y limitador de velocidad• Espejos eléctricos• Sensor de estacionamiento trasero• Transmisión manual• Amplio baúl y gran confort de marchaObservaciones:Tiene algunos detalles de pintura propios del uso, que se pueden ver claramente en las fotos. No afecta en absoluto su funcionamiento.Vehículo confiable, ideal para uso familiar o viajes largos. Muy cómoda, segura y con excelente rendimiento.Se puede ver en Ituzaingó – Zona Oeste.Consulta sin compromiso. Escucho ofertas razonables. Lista para transferir y usar.",1,0,0
8227,397000.0,"Excelente EstadoEl motor fue rectificado y ahora se sopló la junta de tapa de válvula y no da para más reparacionesModelo: Honda CR-VAño: 1999Motor: 2.0L naftaTransmisión: ManualKilometraje: 370000Tracción: AWDDocumentación: Al día, lista para transferirUbicación: Azul, Pcia de Buenos AiresCaracterísticas destacadas:Motor no funcionaAire acondicionado y calefacción funcionandoInterior en buen estado, sin detalles importantesLlantas en buen estado con neumáticos nuevosSuspensión firme",0,1,1
8228,126131.0,"Esta es una Kia Sorento 2019 2.4 AT, unico dueño y todos los servicios oficiales que acreditan el kilometraje real del vehiculo y el mantenimiento preventivo que ha tenido.los unicos detalles esteticos que tiene son en el paragolpes trasero del lado derecho y la parrilla delantera. Mecanicamente el auto anda perfecto y funciona todo.El auto se muestra en Belgrano con cita previa.",1,0,0
8239,100000.0,"Si estás interesado en esta unidad, por favor, coordiná una visita con 24h de anticipación para poder prepararla para la venta y reubicarse para una mayor comodidad a la hora de revisar el vehículo. Muchas gracias!En Sote Automotores tenemos disponibilidad física de más de 100 vehículos de las marcas más importantes del mundo. Transparencia, eficiencia y siempre con el cliente como principal prioridad. - Consignaciones- Permutas- Asesoría- Gestoría- DetailingTu consulta siempre es bienvenida.",0,0,0
8252,141000.0,"Hyundai Tucson 2011 GLS 2.0 N AT 4WD140.500kmsExcelente estadoMotor nafta 2.0Equipamiento fullCaja automatica4x4Tapizados en cueroToda la documentacion en reglaPodes venir revisar la unidad con tu asesor o mecanico de confianzaFinanciamos hasta el 35% en cuotas fijas en pesosSolo con DNISin requisitos, aprobacion inmediataTomamos mejor tu buen usado en parte de pagoSportAutos, mas de 20 años de trayectoria en Villa Urquiza, avalan nuestro prestigio",0,0,0
8263,193000.0,JEEP WRANGLER UNLIMITED SPORT ATXAÑO 2008193.000 KILÓMETROSMOTOR 3.8 V6 NAFTA - 208CV - ATX¡MUCHOS AGREGADOS!ÓPTICAS FULL LEDLUCES AUXILIARES LEDLLANTAS RHINO ION R17ESTRIBOS JEEPESCAPE COMPLETO MAGNA FLOWAMORTIGUADORES PRO COMPPANTALLA ALPINE TÁCTIL 11”APPLE CARPLAY INALÁMBRICOANDROID AUTO INALÁMBRICOPEDAL BOXPOTENCIA DE AUDIO ALPINEPARAGOLPE DELANTERO RHINOPARAGOLPE TRASERO RHINOTAPA DE NAFTA ALUMINIO NEGROVINILO NEGRO MATEANTENA TIPO BALANAVEGADORBUTACAS DE CUERO4X4 ALTA Y BAJACAMARA DE RETROCESO3 TECHOS DESMONTABLES:CAPOTA RÍGIDACAPOTA DE TELACAPOTA REBATIBLECUBIERTAS BF GOODRICH SEMI NUEVASAUXILIO BF GOODRICH SIN RODAREVALUO PERMUTAFINANCIO¡¡CONTACTANOS!! (QUADSTORE EXALTACIÓN),0,0,0
8264,54000.0,Muy muy buena - sin detalle alguno - doc al día - tranf obligatoria- tomo menor valor - para verla solo en bella vista de lunes a sábado ( se financia ),0,0,0
8286,260000.0,"Renault DusterMotor 2.0 4x2 Privilege 138cv Caja 6ta.Nafta/GNC (tubo de 60 en baúl)263.500 kmVTV hasta 03/2026Bomba de agua, correa distribución, poly V, tensores (kit completo Original cambiado a los 263.450 km.) Junto a rectificación de campanas, cintas, autorregules, cilindros de frenos.Detalles a la vista propios del año.Precio: $13.500.000",0,0,0
8300,80000.0,"PEUGEOT 2008 1.6 16v FELINE MT 2017 - ÚNICO DUEÑO - CUERO - TECHO - CLIMATIZADOR AUTOMÁTICO - DIRECCIÓN ASISTIDA ELÉCTRICA - AIRBAGS FRONTALES, LATERALES Y DE CORTINA - FRENOS A DISCO EN LAS 4 RUEDAS CON ABS - LLANTAS DE ALEACIÓN - CRISTALES Y ESPEJOS ELÉCTRICOS - RADIO USB BLUETOOTH ENTRADA AUXILIAR - CIERRE CENTRALIZADO DE PUERTAS CON APERTURA A DISTANCIA - TAPIZADO DE CUERO Y TELA - SENSORES DE ESTACIONAMIENTO Y MAS!ASESORAUTOS COM AR / 17 AÑOS JUNTO A VOS / SOCIO DE LA CÁMARA DEL COMERCIO AUTOMOTOR* SÓLO CONTADO *---------------------------------------------------------------------------Airbags Conductor y AcompañanteAirbags LateralesAlarma de Luces EncendidasApoyacabezas en Asientos TraserosAsiento Conductor Regulable en AlturaAsiento Trasero RebatibleCentral de InformaciónCierre Cent. de Puertas con Apertura a Dist.Cinturones InercialesClimatizador AutomáticoControl de Velocidad CruceroCristales PolarizadosEspejos Exteriores con Comando EléctricoFaros Antiniebla DelanterosFrenos a Disco en las 4 Ruedas con ABSFullLevantacristales Eléctricos en las 4 PuertasLimpia/Lava LunetaLlantas de AleaciónRadio con Reproductor de MP3Faros Antinieblas TraserosSensores de EstacionamientoTercera Luz StopVolante RegulableBluetoothÚnico DueñoVolante Revestido en CueroUSBVolante MultifunciónControl de EstabilidadSpoiler Trasero OriginalTecho PanorámicoParagolpes Color CarroceríaAirbags de CortinaApoyabrazos Central DelanteroBarras Portaequipaje de FábricaNavegadorPantalla TáctilTapizado de Cuero y TelaLuces Led Diurnas DelanterasDirección Asistida EléctricaEquipo de Audio con Comando Remoto",0,0,0
8321,85000.0,"Estoy vendiendo mi T-Cross Highline 2020, caja automática, en excelente estado. Tiene 85.000 km reales y es la versión full full, con todos los detalles de confort y tecnología que hacen que manejarla sea un placer.Es un auto muy cómodo para usar todos los días, pero también ideal para salir a la ruta. Tiene muy buen andar, es silencioso y viene con todo el equipamiento que se puede esperar de un SUV moderno:Pantalla multimedia con Android Auto y Apple CarPlayCámara de retrocesoControl de cruceroClimatizadorFaros full LEDInterior impecableLa compré hace poco, soy el segundo dueño. La vendo solo por un cambio personal. Tiene los papeles al día, lista para transferir.",0,0,0
8324,209000.0,No tiene detalles de pintura,0,0,0
8343,75000.0,"HONDA HR-V CHOCADO EN MARCHA 75.000 KM EXCELENTE ESTADO AIRBAGS EXPLOTADOS FACIL REPERACION , NO DOBLO EL CHASISSE RETIRA TRANSFERIDO",0,0,1
8374,53000.0,AUTOS AL RIOVICENTE LOPEZJEEP COMPASS LIMITED PLUS 4X4201853.000 KMSUNICA MANOSERVICIOS OFICIALESCAJA AUTOMATICATECHO CORREDIZO ELECTRICOCUEROTOMAMOS TU USADONO FINANCIAMOSEL PRECIO ES EL PUBLICADO DOLAR BILLETE,0,0,0
8377,68000.0,"Solo Whatsapp, no llamadas.Se puede arreglar para ver en Caballito o Villa Luro",0,0,0
8381,100000.0,Hay que arreglar la suspensión que se rompió por el peso del blindaje,0,1,0
8394,76000.0,"""VEHICULO DISPONIBLE EN SUCURSAL NORCENTER, COORDINAR CITA PREVIAPEUGEOT 2008 FELINE 1.6 TIPTRONICAño 2019Km 76.000•Vtv vigente•Grabado de autopartes•Techo solar•Pantalla táctil•Navegador•Sensores de estacionamiento•Cámara retroceso•Cubiertas en excelente estado•Butacas de cuero•Comando al volante•Control crucero•ClimatizadorEXPERIENCIA MERAK- Podes abonar el vehículo mediante transferencia bancaria, efectivo, USS. -- Para tu tranquilidad, podes venir con tu mecánico de confianza a ver el auto, escanearlo y que puedas salir a probarlo.- No aumentamos el valor del vehículo en permuta, manejamos precios reales tanto para nosotros como para el cliente.- En el mismo momento que abonas, retiras el vehículo y nuestra gestoría se encarga de tomar la firma en el 08 para poder realizar todos los tramites.- Todos nuestros vehículos se entregan con permiso de circulación o cedula vigente para la tranquilidad del cliente. Es primordial para nosotros que el auto se vaya transferido en el menor tiempo posible. A diferencia de otros concesionarios, esto lo podemos llevar a cabo gracias a que contamos con gestoría propia, con mandatarios matriculados cubriendo todas las zonas.¿TOMAMOS VEHICULOS EN PARTE DE PAGO?- -Si tomamos, y es nuestra prioridad que quieras dejarlo en nuestras manos.- Podes enviarnos fotos, detalles, kilómetros y nuestro equipo de ventas se encarga de cotizarlo en el momento.- Te damos la posibilidad de encargarnos y gestionar toda la documentación necesaria para entregar tu vehículo y que no tengas que moverte de tu casa, sin ningún tipo de honorarios, solamente abonando los aranceles correspondientes.- En ningún momento te quedas sin vehículo, llave contra llave.FINANCIACIÓN- Trabajamos con financieras directas, contamos con las mejores tasas. Cuotas fijas y en pesos.- Podes pedir vía WhatsApp la cotización del crédito a tu medida.- Financiamos hasta el 40% de la unidad.- Hacemos revisión de veras en el ACTO.- Señas el vehículo, la financiera se contacta con vos en el transcurso de 24hs, se arma el crédito y en 72hs estas firmando toda la documentación y retirando el vehículo en el concesionario.SEGURO- Podemos cotizarte el seguro con nuestra productora sin ningún tipo de compromiso, le brindamos a nuestros clientes el precio más bajo del mercado de las compañías más prestigiosas. Si te interesa nuestro presupuesto nos encargamos de gestionar todo para que no tengas que preocuparte y salir cubierto del concesionario. No tiene ningún tipo de honorarios ni adicional, buscamos brindarles todos los servicios en un mismo lugar.¿QUIENES SOMOS?- Somos un equipo joven que viene de una familia ligada al rubro automotor de toda la vida, decidimos dar el paso de abrir un concesionario con un concepto diferente al tradicional. Nuestro principal objetivo es que nuestros clientes se sientan cómodos desde el primer contacto con nosotros, que puedan sacarse todas las dudas sin ningún compromiso, brindarles todas nuestras herramientas para que encuentren el auto que buscan, que no tengan ninguna preocupación más que disfrutar el proceso. ¡Nos encantaría que nos conozcas y que puedas vivir la experiencia con nosotros!""",0,0,0
8396,71525.0,"VENDO FORD ECOSPORT SE 1.6L MT N 2017. EXCELENTE ESTADO. INTERIOR Y EXTERIOR IMPECABLE. LISTO PARA TRANSFERIR Y USAR.ACEPTAMOS PESOS, DÓLARES, EUROS, REALES Y CRIPTOMONEDAS A COTIZACIÓN JUSTA REAL DE MERCADO. ACEPTAMOS PERMUTAS DE MAYOR O MENOR VALOR Y TAMBIÉN FINANCIAMOS EN DÓLARES, Y EN PESOS MEDIANTE LOS PRINCIPALES BANCOS DEL PAIS.EL AUTOMÓVIL CUENTA CON DUPLICADO DE LLAVE, MANUALES, CRIQUE, LLAVE DE RUEDA, BALIZAS, MATAFUEGOS Y AUXILIO ORIGINAL, TAL COMO SALIÓ DE FÁBRICA EN 2017.—————ACERCA DE LA COMPRA Y LA TRANSFERENCIA DEL VEHÍCULO———EL COSTO DE LA TRANSFERENCIA DE TITULARIDAD DE ESTE VEHÍCULO ES DE $851.964. ESTE IMPORTE INCLUYE FIRMAS Y LEGALIZACIÓN EN ESCRIBANÍA,  Y CUALQUIER OTRO TRÁMITE REGISTRAL QUE SEA NECESARIO. EL IMPORTE MENCIONADO ES FINAL Y NO HAY NINGÚN OTRO GASTO NI COSTO OCULTO.EL PROCEDIMIENTO DE COMPRA ES EL SIGUIENTE:1) USTED COORDINA UNA CITA Y SE ACERCA A VER Y PROBAR EL AUTOMÓVIL, Y SI LE GUSTA, PUEDE RESERVARLO EN EL MOMENTO CON $400.000.2) LUEGO, USTED TENDRÁ 7 DÍAS CORRIDOS PARA ACERCARSE A ABONAR EL VALOR DEL VEHÍCULO Y EL COSTO DE LA TRANSFERENCIA Y FIRMAR EN ESCRIBANÍA LA DOCUMENTACIÓN NECESARIA. ESE MISMO DÍA YA PODRÁ RETIRAR EN EL ACTO LA UNIDAD. NUESTRO PRODUCTOR LE PUEDE GENERAR UN SEGURO DEL AUTOMÓVIL, O BIEN PUEDE TRAER EL SUYO.3) AL CABO DE 7 DÍAS, NUESTRO EQUIPO DE GESTORES SE CONTACTARÁ CON USTED PARA HACERLE LLEGAR LA DOCUMENTACIÓN PERTINENTE.——ACERCA DE QUALIS CARS - AUTOS DE CALIDAD - CONCESIONARIA OFICIAL MULTIMARCA——LA CONCESIONARIA FUE FUNDADA EN 1973 Y HA FUNCIONADO SIN INTERRUPCIÓN DESDE ESE ENTONCES POR MAS DE 5 DÉCADAS. LOS CIMIENTOS FUNDAMENTALES FUERON SIEMPRE LOS MISMOS:1) SOLO VEHÍCULOS DE CALIDAD VERIFICADOS, HASTA 10 AÑOS DE ANTIGÜEDAD E IDEALMENTE CON MENOS DE 100.000 KM. HACEMOS EXCEPCIONES, SOLO SI VALE LA PENA EL VEHÍCULO. NO COMPRAMOS NI VENDEMOS PROBLEMAS.2) TRANSPARENCIA Y VELOCIDAD EN EL TRÁMITE DE TRANSFERENCIA. SABEMOS LO IMPORTANTE QUE ES TENER LOS PAPELES EN REGLA, Y NOS OCUPAMOS DE QUE ASÍ SEA.SI USTED COMPRA CON NOSOTROS, POR FAVOR NO SE SORPRENDA SI RECIBE VARIAS ENCUESTAS TELEFÓNICAS DE NUESTRO EQUIPO DE AUDITORES A LO LARGO DEL PROCESO DE COMPRA. BUSCAMOS ASEGURARNOS LA MISMA EXPERIENCIA PARA CADA CLIENTE Y SOBRE TODO, QUE USTED QUEDE SATISFECHO Y VUELVA.LA CONCESIONARIA SE ENCUENTRA EN ALMAGRO (CAPITAL FEDERAL, ARGENTINA) EN UN PREDIO DE 5.000M2 DONDE SE EXHIBEN ALREDEDOR DE 200 VEHÍCULOS ENTRE 0KM, IMPORTADOS, CLÁSICOS Y UTILITARIOS. EN EL PREDIO FUNCIONAN ADEMÁS TALLERES DE: POSVENTA Y MECÁNICA LIGERA,  DETAILING Y CARROCERIA Y PINTURA . (POR FAVOR, PEDIR LA DIRECCION EXACTA, POR POLITICA DE MERCADOLIBRE NO PODEMOS ANUNCIARLA AQUI).",0,0,0
8401,105000.0,"Vendo Toyota rav4 .Caja automática .Motor nafta , cadenero con el último service oficial realizado hace una semana .Única mano .Impecable estado , inobjetable .Ni un solo detalle .Cubiertas con 10000 km .Cuidada y mantenida como pocas .Soy de Balnearia interior de Córdoba . Modelo 2018 , 105000 km de fábrica . Versión TX 4x2 .Velocidad crucero opcional .RECIBO VEHÍCULO DE MI INTERÉS.",0,0,0
8406,105000.0,"Vendo Nuvus 2021 – Excelente estado 106.000 km – Único dueño Service al día 4 neumáticos nuevos Auxilio sin rodar Batería nueva Correa cambiada a los 65.000 km Bomba de agua nueva a los 90.000 km Discos y pastillas de freno delanteros nuevos Mayoría de los kilómetros hechos en ruta Detalles exteriores propios del uso típico, nada fuera de lo normalAuto muy cuidado, listo para transferir y seguir andando sin gastos. ¡Ideal para quien busca un vehículo confiable y bien mantenido!",1,0,0
8409,54000.0,CITROEN C4 CACTUS 1.6 THP 165 AT6 SHINE 2020 - FULL CUERO - ÚNICO DUEÑO - CLIMATIZADOR AUTOMÁTICO - DIRECCIÓN ASISTIDA ELÉCTRICA - AIRBAGS - FRENOS A DISCO EN LAS 4 RUEDAS CON ABS - TAPIZADO DE CUERO - LLANTAS DE ALEACIÓN - CRISTALES Y ESPEJOS ELÉCTRICOS - RADIO USB BLUETOOTH - CIERRE CENTRALIZADO DE PUERTAS CON APERTURA A DISTANCIA - BOTÓN START/STOP - SENSORES Y CÁMARA DE ESTACIONAMIENTO Y MAS!ASESORAUTOS COM AR / 17 AÑOS JUNTO A VOS / SOCIO DE LA CÁMARA DEL COMERCIO AUTOMOTOR* SÓLO CONTADO *---------------------------------------------------------------------------Airbags Conductor y AcompañanteAirbags LateralesAlarma de Luces EncendidasApoyacabezas en Asientos TraserosAsiento Conductor Regulable en AlturaAsiento Trasero RebatibleCaja AutomáticaCentral de InformaciónCierre Cent. de Puertas con Apertura a Dist.Cinturones InercialesClimatizador AutomáticoControl de Velocidad CruceroCristales PolarizadosEspejos Exteriores con Comando EléctricoFaros Antiniebla DelanterosFrenos a Disco en las 4 Ruedas con ABSFullLevantacristales Eléctricos en las 4 PuertasLimpia/Lava LunetaLlantas de AleaciónRadio con Reproductor de MP3Faros Antinieblas TraserosSensores de EstacionamientoSistema de AlarmaTapizado de CueroTercera Luz StopVolante RegulableBluetoothÚnico DueñoVolante Revestido en CueroUSBVolante MultifunciónSpoiler Trasero OriginalParagolpes Color CarroceríaApoyabrazos Central DelanteroBarras Portaequipaje de FábricaPantalla TáctilTurboCaja Tiptronic 6ATLuces Led Diurnas DelanterasCámara de RetrocesoDirección Asistida EléctricaEquipo de Audio con Comando RemotoBotón Start / Stop,0,0,0
8411,96000.0,"FAMILY CAR, una empresa familiar...- Hyundai Tucson INMACULADA en muy buenas condiciones!Valor contado $17.500.000 O RETIRA CON ANTICIPO Y CUOTAS-Preguntar precio permuta.-Transferencia incluida en la financiación-Financiamos/Permutamos-Banco Santander Rio, Tasas preferenciales!-LLEVATE TU NUEVO AUTO TRANSFERIDO A TU NOMBRE!-GARANTIZAMOS LA DOCUMENTACION DE CADA UNIDAD.-ACEPTAMOS TU USADO, AL MEJOR PRECIO.-FINANCIAMOS POR BANCO SOLO CON DNI!-ÚNICO REQUISITO, NO POSEER ANTECEDENTES NEGATIVOS EN VERAZ.-APROBADO EN EL ACTO.-NUESTRO DEPARTAMENTO DE GESTORÍA, SE OCUPA DE TODO, PARA QUE CAMBIAR EL AUTO SEA FÁCIL.-ENTREGA A DOMICILIO,NO PODES VENIR A BUSCAR TU NUEVO VEHICULO? NOSOTROS TE LA LLEVAMOS...(Máximo 400km)",0,0,0
8433,85000.0,"Gran oportunidad...!Renault Duster 2.0 año 2018 4x2 Dakar Edición limitada.El vehículo está impecable, en excelente condiciones tanto por fuera como interior.Los mantenimientos de filtros siempre se hicieron cada 10.000km, lo último que se hizo hace poco fue el recambio de la correa Poli V y se recambiaron las bujias de encendido. A los 60.000km se recambio los discos y las pastillas de freno. Siempre se usaron repuestos originales, nada alternativo. Las cubiertas están en muy buen estado.La VTV se hizo hace poco Marzo 2025.La Camioneta está impecable, no hay nada para hacerle, solamente para disfrutarla y cuidarla con mucho amor.Se puede pasar a ver por la zona de Bernal/Wilde/Quilmes. Soy Particular. Agencias o consecionaria, por favor evitar porque no estoy interesado.",0,0,0
8445,47000.0,"VENDO O PERMUTO FORD ECOSPORT SE PLUS AÑO 2017 CON  SOLO 47.000 KM  DE USO ,CUIDADA Y MANTENIDA SIEMPRE CON LO MEJOR SOY UNICO DUEÑO, ESTA MUY CUIDADA TAL CUAL SE VE EN LAS FOTOS , FUNCIONANDO A LA PERFECCIÓN SIN NADA PARA HACERLE, POSEE TODA LA PINTURA ORIGINAL DE FÁBRICA ,MECÁNICAMENTE ESTÁ 10 PUNTOS ..ES DIGNA DE VER ..TIENE COMO AGREGADOS:-POLARIZADO ANTIBANDALICO CON LÁMINA DE SEGURIDAD 3 M -CHAPON CUBRECARTER -ESTRIBOS LATERALES -DEFENSA DELANTERA -CREELED EN FAROS -ALFOMBRAS DE HABITÁCULO TERMOSELLADAS-SENSOR DE ESTACIONAMIENTO -COBERTOR DE RUEDA DE AUXILIO-ALARMA VOLUMÉTRICA TIENE HECHO UN TRATAMIENTO CERÁMICO PARA PROTEGER LA PINTURA Y DARLE BRILLO , NO POSEE DETALLES TANTO EN SU INTERIOR COMO EN SU EXTERIOR ESTA COMPLETAMENTE AL DÍA Y LISTA PARA TRANSFERIR . ACLARACION IMPORTANTE;SOLO PERMUTO POR AUTO O CAMIONETA CONPOCOS KM Y EN IGUALES CONDICIONES""NO ESCUCHO OFERTAS RIDÍCULAS""PRECIO CONTADO : u$s 16.000TU CONSULTA NO ES MOLESTIA SOY PARTICULAR NO AGENCIA..",0,0,0
8450,88090.0,"Honda HR-V 1.8 Lx 2wd CvtAño 201980.090 kmPrecio Lista / Permuta $ 29.900.000-.Precio Contado Efectivo $ 28.900.000-.• GRIFF CARS | SUCURSAL ITUZAINGO | SUCURSAL CASTELAR •Mas de 20 años de experiencia en el mercado de vehículos• COORDINAR POR WHATSAPP DÍA Y HORARIO PARA VER EL VEHÍCULO •• TOMA DE USADOS A PRECIO DE MERCADO (COTIZAMOS ONLINE)• RESERVA CON CONFIANZA MERCADO LIBRE PROTEGE TU DINERO, ACEPTAMOS TODAS LAS TARJETAS DE DÉBITO Y CRÉDITO• RESPUESTA INMEDIATA A TUS INQUIETUDES POR WHASTAPP:Respondemos al instante mensajes y llamados. Programamos Videollamadas.• LOS VEHICULOS SON ENTREGADOS TRANSFERIDOSContamos con Administración y Gestoría Integral.• COORDINAR POR WHATSAPP DÍA Y HORARIO PARA VER EL VEHÍCULO •Contamos con;• Financiación del 50% / 60% con crédito bancario delbanco Santander cuotas fijas y en pesos",0,0,0
8453,148000.0,"Somos M Automotores!!!Atención Personalizada!!PERMUTASTomamos tu usado en parte de pago sin problemas. Podes acercarte al concesionario y lo cotizamos.No aumentamos el precio de venta por la toma de usados.CONSIGNACIONESTE VENDEMOS TU AUTO SIN QUE LO DEJES DE USAR.FINANCIACION-Trabajamos con los principales Bancos y Financieras para que puedas acceder al mejor crédito.-Tenemos opciones de Cuotas Fijas, en Pesos congeladas.-Tenemos créditos UVA con cuotas variables.-Tenemos créditos Personales.ENTREGA INMEDIATAGestoría Integral del automotor. Llevate tu auto transferido. Garantía de documentación avalada por Mautomotores.BROKER DE SEGUROS.MAUTOMOTORES 17 AÑOS DE EXPERIENCIA!!! Lunes a Viernes de 9.00hs a 19.00hs. Sábados de 9.00hs a 15.00hs",0,0,0
8462,36000.0,Taos Highline 2021. Estado impecable. 36.000 kms. Services efectuados en concesionario oficial VW. Sin detalles. Muy cuidada. No se aceptan permutas ni se entrega en consignación.,0,0,0
8470,91000.0,"Bienvenidos a Pointcars, tu concesionaria de confianza.Disponemos de un amplio stock de vehículos, tanto nuevos como usados, de todas las marcas, listos para que encuentres el que mejor se adapte a tus necesidades.Te brindamos la posibilidad de vendernos tu auto y acceder a una financiación de hasta el 80% del valor, para que estrenes el vehículo que querés con total facilidad.Cada uno de nuestros autos pasa por un riguroso proceso de revisión mecánica, limpieza interior y embellecimiento exterior, garantizando calidad y seguridad en cada entrega.Mientras nuestro equipo administrativo gestiona la documentación, nos ocupamos de cada detalle para que tu compra sea rápida, transparente y sin complicaciones.¡Te esperamos en Pointcars, el lugar de tu auto!",0,0,0
8476,329000.0,Modelo 1995 japonesa1.6 16 válvulas nafta 4x4 alta y bajaSoy tercer dueño . Titular y al día Tiene 329.000 km reales Cubierta de auxilio nueva . 4 cubiertas firestone destination 225/75/15 0km Batería nueva recién puesta Distribución completa nueva Tren delantero nuevo . Tapa echa a nueva con las 16v nuevas y juntas originales . Cambio de filtro y aceite recién echo .Vtv recién echa . Hasta marzo 2026Detalles de pintura varios y laca del techo quemada .,1,0,0
8510,30000.0,"Única mano de 0km.Todos los servive oficiales (incluye el de los 30.000).Toda la pintura de fábrica, sin detalles.",0,0,0
8511,142000.0,"Cambiá tu auto o comprá uno semi nuevo en Kavak, compañía N°1 en venta online de autos usados en Latinoamérica. Contamos con distintos planes de financiamiento para adaptarse a tus necesidades, también podés dejar tu auto como parte de pago. Solo vendemos autos 2010 en adelante, con menos de 100.000 km, que nunca tuvieron daños estructurales ni GNC.------------------------------------------------------------->> Chevrolet Tracker 1.8 LTZ MT << 406554*BENEFICIOS KAVAK:Al comprar tu Auto Kavak contás con un PERÍODO DE PRUEBA DE 7 DÍAS o 300 KM. Si no te encantó, te devolvemos el 100% de tu dinero (incluida la transferencia)*INSPECCIÓN Y COBERTURA MECÁNICA: En Kavak, la calidad es lo más importante. Nuestros autos son mucho más que autos usados, son autos semi-nuevos reacondicionados que están revisados en 240 puntos por nuestro equipo de expertos, tienen todos los servicios al día, kilometraje real y cobertura mecánica Kavak de 3 meses con posibilidad de extensión a 1 año.*CONTRATÁ KAVAK TOTAL: Con Kavak Total tenés 9 meses adicionales de cobertura con tope según marca/modelo del auto en arreglos, en motor, transmisión, tracción delantera y trasera, batería, embrague y correa o cadena de distribución. Cuidar tu auto puede ser tan fácil como manejarlo.PRÓXIMOS PASOS:Consúltanos para agendar una visita y/o reservar tu auto de interés.*MÉTODOS DE PAGO:- FINANCIAMOS TU COMPRA: Podés acceder al auto de tus sueños con nuestro plan de financiamiento hecho a tu medida. Financialo en hasta 60 cuotas fijas.- DEJÁ TU AUTO COMO PARTE DE PAGO: Cambiá tu auto por uno Kavak.- AL CONTADO: Pagá vía transferencia bancaria o deposito. Podés pagar en pesos o en dólares.Para mayor información visitá nuestro sitio.*Ver términos y condiciones en Compra y Venta de Autos Usados en Argentina con Garantia",0,0,0
8538,46000.0,Vehículo sin detalles estéticos 4 cubiertas nuevas Tomamos menor o mayor valor Financiamos Es manual no tiptronic,0,0,0
8546,86000.0,"Somos M Automotores!!!Atención Personalizada!!PERMUTASTomamos tu usado en parte de pago sin problemas. Podes acercarte al concesionario y lo cotizamos.No aumentamos el precio de venta por la toma de usados.CONSIGNACIONESTE VENDEMOS TU AUTO SIN QUE LO DEJES DE USAR.FINANCIACION-Trabajamos con los principales Bancos y Financieras para que puedas acceder al mejor crédito.-Tenemos opciones de Cuotas Fijas, en Pesos congeladas.-Tenemos créditos UVA con cuotas variables.-Tenemos créditos Personales.ENTREGA INMEDIATAGestoría Integral del automotor. Llevate tu auto transferido. Garantía de documentación avalada por Mautomotores.BROKER DE SEGUROS.MAUTOMOTORES 17 AÑOS DE EXPERIENCIA!!! Lunes a Viernes de 9.00hs a 19.00hs. Sábados de 9.00hs a 15.00hs",0,0,0
8547,114000.0,"Tiene un pequeño golpe en la puerta trasera del lado derecho, se ve en la foto.",1,0,0
8549,105475.0,"Automarket | Startup especializada en comercialización de automóviles premium.Sucursales en Parque Leloir y Nordelta.HONDA HR-V 1.8 EXL CVTAño 2017 | 105.375 kilómetros- Segundo dueño.- Excelente estado, prácticamente sin detalles.- Pintura original de fábrica en su totalidad.- Cuatro neumáticos nuevos Bridgestone Turanza.- Manual y duplicado de llaves.- Apto a peritaje y scanner.Solicite turno para conocer el vehículo en nuestra sucursal de Parque Leloir.- El valor expresado en la publicación es válido únicamente para operaciones de contado.- Aceptamos tanto dólares como pesos tomando como referencia la cotización del dólar blue al día de la operación.- Recibimos vehículos de mayor y menor valor que cumplan con nuestros estándares de calidad.- Brindamos financiación con tasa fija y mínimos requisitos.Todos nuestros vehículos se entregan transferidos a nombre del comprador con documentación garantizada en 72 horas.- Libre deuda de infracciones.- Libre deuda de patentes.- Verificación técnica vehicular.- Verificación policial.- Grabado de autopartes y cristales.",0,0,0
8553,90000.0,Excelente estado. Vehículo muy cuidado. Único dueño Sin detalles. Sin ruidos. Acepto permuta Anticipo %50 el resto hasta 48 cuotasMÁS DE 38 AÑOS DE TRAYECTORIA EN EL MERCADO AUTOMOTOR NOS AVALAN...,0,0,0
8569,62000.0,"Nissan Kicks Advance CVT 1.6 2021 Automática Full, con 62.300 Km, Llantas, Pantalla Táctil, Aire, 4 Levanta Vidrios, Cierre Central, Aire, Dirección, Sensores de Estacionamiento, Camara de Retroceso, Control de Crucero, etc.Blanca Perlada.Bienvenidos a Automotores España, líder en servicio y atención al cliente.Venta, permuta y consignación de autos 0 km y usados.Fundada en 1973, nuestra agencia lleva más de 40 años de experiencia en el mercado automotor. Desde la ciudad de Chivilcoy, somos líderes en el mercado local y reconocidos en toda la provincia de Buenos Aires. Contamos además con clientes en todo el país.Con un showroom de 900 mts2, en nuestros 2 locales, disponemos de un amplio stock de autos 0 km y usados. Trabajamos con todas las marcas, nacionales e importados, y vendemos autos 0 km directo de fábrica.Somos una empresa familiar manejada por sus propios dueños, con valores de transparencia y espíritu de vanguardia. Cuidamos la calidad de nuestros vehículos para proteger tu capital.",0,0,0
8578,92000.0,"¿Estás listo para darle un giro a tu conducción? Descubrí la excelencia de los vehículos de Autoctiy Usados. Ofrecemos una amplia gama de opciones de financiamiento diseñadas para adaptarse a tus necesidades individuales, además de la posibilidad de usar tu auto actual como parte de pago.Solo ofrecemos vehículos del 2010 en adelante, con menos de 130,000 kms recorridos y sin historial de daños estructurales.*BENEFICIOS CON AUTOCTIY USADOS:INSPECCIÓN Y GARANTÍA MECÁNICA (ISO9001): En Autoctiy Usados, la calidad es nuestra prioridad. Nuestros vehículos pasan por una exhaustiva inspección de 240 puntos realizada por nuestro equipo de expertos. Además, cuentan con kilometraje verificado y una garantía mecánica de 3 meses.*PRÓXIMOS PASOS:Contáctanos para programar una visita o reservar el vehículo de tu interés.MÉTODOS DE PAGO:  • FINANCIACIÓN A MEDIDA: Accede al auto de tus sueños con nuestro plan de financiamiento personalizado, con opciones de hasta 60 cuotas fijas.  • DEJA TU AUTO COMO PARTE DE PAGO: Cambia tu vehículo actual por uno de Autoctiy Usados.  • PAGO AL CONTADO: Realiza tu pago mediante transferencia bancaria o depósito, en pesos o dólares.¡Viví tu experiencia Autocity!",0,0,0
8584,44000.0,Única mano Services oficiales. Impecable sin detalles,0,0,0
8585,126000.0,"Vendo Honda HR-V año 2018 - Único dueño - Todos los service oficiales en Honda - Cubiertas en excelentes condiciones - Interior en perfecto estado, sin detalles- Pintura de fábrica - Adicionales de fábrica: cuero, sensores de estacionamiento, cámara de retroceso y chapón de metal cubre cárter. Se puede ver en Palermo, se entrega libre de deudas y SI O SI se transfiere. NO permuto.",0,0,0
8598,175000.0,Perfecto estado mecánico tanto de motor como  y dirección hidráulica .Vtv al día todos los cambios de aceite y filtros cada 10 000 km y el aire acondicionado funciona sin problemas también fue realizada la distribución no tiene perdidas de aceite ni nada por el estilo el kilometraje es de 175000 modelo 2014 con llantas originales de aluminio.NO ME INTERESAN PLANES DE RENAULT NI NADA DE CONCESIONARIOS!,0,0,0
8600,90200.0,"¿Estás listo para darle un giro a tu conducción? Descubrí la excelencia de los vehículos de Autoctiy Usados. Ofrecemos una amplia gama de opciones de financiamiento diseñadas para adaptarse a tus necesidades individuales, además de la posibilidad de usar tu auto actual como parte de pago.Solo ofrecemos vehículos del 2010 en adelante, con menos de 130,000 kms recorridos y sin historial de daños estructurales.*BENEFICIOS CON AUTOCTIY USADOS:INSPECCIÓN Y GARANTÍA MECÁNICA (ISO9001): En Autoctiy Usados, la calidad es nuestra prioridad. Nuestros vehículos pasan por una exhaustiva inspección de 240 puntos realizada por nuestro equipo de expertos. Además, cuentan con kilometraje verificado y una garantía mecánica de 3 meses.*PRÓXIMOS PASOS:Contáctanos para programar una visita o reservar el vehículo de tu interés.MÉTODOS DE PAGO:  • FINANCIACIÓN A MEDIDA: Accede al auto de tus sueños con nuestro plan de financiamiento personalizado, con opciones de hasta 60 cuotas fijas.  • DEJA TU AUTO COMO PARTE DE PAGO: Cambia tu vehículo actual por uno de Autoctiy Usados.  • PAGO AL CONTADO: Realiza tu pago mediante transferencia bancaria o depósito, en pesos o dólares.¡Viví tu experiencia Autocity!",0,0,0
8601,74000.0,"Vendo Nissan mod 2019,primera mano,se vende únicamente transferido,todo los servicios oficiales,74.000kilometros reales,sin detalles digno de ver,",0,0,0
8605,80000.0,"Vehículo en impecable condiciones y estado, motor nafta 1.2 turbo, caja automática,interior en tela con infinidad de detalles,pantalla touch con cámara color llantas, equipamiento full, documentación al día listo para transferir",0,0,0
8607,90000.0,"""CHEVROLET TRACKER PREMIER + AWDAño 2019Km 90000•Vtv vigente•Grabado de autopartes •Pantalla táctil•Cámara retroceso•Sensores de estacionamiento•Techo corredizo •Comando al volante•Control crucero•Butacas de cuero•Levanta vidrios eléctricos •Espejos eléctricosEXPERIENCIA MERAK- Podes abonar el vehículo mediante transferencia bancaria, efectivo, USS. -- Para tu tranquilidad, podes venir con tu mecánico de confianza a ver el auto, escanearlo y que puedas salir a probarlo.- No aumentamos el valor del vehículo en permuta, manejamos precios reales tanto para nosotros como para el cliente.- En el mismo momento que abonas, retiras el vehículo y nuestra gestoría se encarga de tomar la firma en el 08 para poder realizar todos los tramites.- Todos nuestros vehículos se entregan con permiso de circulación o cedula vigente para la tranquilidad del cliente. Es primordial para nosotros que el auto se vaya transferido en el menor tiempo posible. A diferencia de otros concesionarios, esto lo podemos llevar a cabo gracias a que contamos con gestoría propia, con mandatarios matriculados cubriendo todas las zonas.¿TOMAMOS VEHICULOS EN PARTE DE PAGO?- -Si tomamos, y es nuestra prioridad que quieras dejarlo en nuestras manos.- Podes enviarnos fotos, detalles, kilómetros y nuestro equipo de ventas se encarga de cotizarlo en el momento.- Te damos la posibilidad de encargarnos y gestionar toda la documentación necesaria para entregar tu vehículo y que no tengas que moverte de tu casa, sin ningún tipo de honorarios, solamente abonando los aranceles correspondientes.- En ningún momento te quedas sin vehículo, llave contra llave.FINANCIACIÓN- Trabajamos con financieras directas, contamos con las mejores tasas. Cuotas fijas y en pesos.- Podes pedir vía WhatsApp la cotización del crédito a tu medida.- Financiamos hasta el 40% de la unidad.- Hacemos revisión de veras en el ACTO.- Señas el vehículo, la financiera se contacta con vos en el transcurso de 24hs, se arma el crédito y en 72hs estas firmando toda la documentación y retirando el vehículo en el concesionario.SEGURO- Podemos cotizarte el seguro con nuestra productora sin ningún tipo de compromiso, le brindamos a nuestros clientes el precio más bajo del mercado de las compañías más prestigiosas. Si te interesa nuestro presupuesto nos encargamos de gestionar todo para que no tengas que preocuparte y salir cubierto del concesionario. No tiene ningún tipo de honorarios ni adicional, buscamos brindarles todos los servicios en un mismo lugar.¿QUIENES SOMOS?- Somos un equipo joven que viene de una familia ligada al rubro automotor de toda la vida, decidimos dar el paso de abrir un concesionario con un concepto diferente al tradicional. Nuestro principal objetivo es que nuestros clientes se sientan cómodos desde el primer contacto con nosotros, que puedan sacarse todas las dudas sin ningún compromiso, brindarles todas nuestras herramientas para que encuentren el auto que buscan, que no tengan ninguna preocupación más que disfrutar el proceso. ¡Nos encantaría que nos conozcas y que puedas vivir la experiencia con nosotros!""",0,0,0
8616,89000.0,"Hyundai Tucson 2.0 Gl 154cv 6mt 2wdPrecio Lista / Permuta u$s 21000Precio Contado Efectivo u$s 19000+ Aceptamos Transferencia Bancaria en Pesos y Dólares ++ Contamos con cuenta Bancaria en Estados Unidos para recibir transferencias +Mas de 25 años de experiencia en el mercado de vehículos premium• COORDINAR DÍA Y HORARIO PARA VER EL VEHÍCULO •• TOMA DE USADOS A PRECIO DE MERCADO (COTIZAMOS ONLINE)• RESERVA CON CONFIANZA :MERCADO LIBRE PROTEGE TU DINERO, ACEPTAMOS TODAS LAS TARJETAS DE DÉBITO Y CRÉDITO• RESPUESTA INMEDIATA A TUS INQUIETUDES :Respondemos al instante mensajes y llamados. Programamos Videollamadas.• ATENCIÓN PERSONALIZADA• DOCUMENTACIÓN AL DÍA Y LISTA PARA TRANSFERIRContamos con Administración y Gestoría Integral.• COORDINAR DÍA Y HORARIO PARA VER EL VEHÍCULO •",0,0,0
8634,168500.0,"Vendo Ford Kuga Titanium año 2012 con 168.500km.Es el modelo mas full de toda la gama.Personalizada con llantas y detalles de la carrocería en color gris grafito.Interior muy bueno.4 cubiertas Michelin nuevas, colocadas en EneroBateria Moura nueva, colocada en Mayo.Se puede revisar y escanear en caso de estar realmente interesado/a.",0,0,0
8652,123000.0,Vehículo listo para transferir. Segundo dueño. Services oficiales. Cuenta con algunos detalles en el paragolpe trasero y delantero. Muy buen estado interior. 7 ASIENTOS. Precio dólar billete o su equivalente en pesos según tipo de cambio dólar blue del día. NO FINANCIAMOS. Aceptamos permutas de mayor o menor valor. VISITAS ÚNICAMENTE CON CITA PREVIA. GRACIAS.,1,0,0
8679,290000.0,"Único dueño, buen estado de mantenimiento, detalles del paso de los años los cuales valoro en el precio final. Acepto permuta por coche de menor valor + dinero...Una nave espacial!",0,0,0
8686,89000.0,Volkswagen Taos Highline Hero 202289.000km reales TOPE DE GAMAColor Beige Mohave Bitono (Dorada con Techo Negro)Excelente estado - La mas cuidada de todas- 4 Cubiertas Hankook Nuevas - Kit Distribución Completo recien Realizado- Service Recien Realizado- Todos los Services Realizados en Tiempo y FormaDetalles de fabrica de la Highline Hero:- Equipo de Sonido marca Beats de fabrica - Llantas y techo oscurecidos de fabrica- Interior Bitono de fabricaNo acepto permutas,0,0,0
8698,105085.0,"Cambiá tu auto o comprá uno semi nuevo en Kavak, compañía N°1 en venta online de autos usados en Latinoamérica. Contamos con distintos planes de financiamiento para adaptarse a tus necesidades, también podés dejar tu auto como parte de pago. Solo vendemos autos 2010 en adelante, con menos de 100.000 km, que nunca tuvieron daños estructurales ni GNC.------------------------------------------------------------->> Renault Duster 1.6 EXPRESSION << 409368*BENEFICIOS KAVAK:Al comprar tu Auto Kavak contás con un PERÍODO DE PRUEBA DE 7 DÍAS o 300 KM. Si no te encantó, te devolvemos el 100% de tu dinero (incluida la transferencia)*INSPECCIÓN Y COBERTURA MECÁNICA: En Kavak, la calidad es lo más importante. Nuestros autos son mucho más que autos usados, son autos semi-nuevos reacondicionados que están revisados en 240 puntos por nuestro equipo de expertos, tienen todos los servicios al día, kilometraje real y cobertura mecánica Kavak de 3 meses con posibilidad de extensión a 1 año.*CONTRATÁ KAVAK TOTAL: Con Kavak Total tenés 9 meses adicionales de cobertura con tope según marca/modelo del auto en arreglos, en motor, transmisión, tracción delantera y trasera, batería, embrague y correa o cadena de distribución. Cuidar tu auto puede ser tan fácil como manejarlo.PRÓXIMOS PASOS:Consúltanos para agendar una visita y/o reservar tu auto de interés.*MÉTODOS DE PAGO:- FINANCIAMOS TU COMPRA: Podés acceder al auto de tus sueños con nuestro plan de financiamiento hecho a tu medida. Financialo en hasta 60 cuotas fijas.- DEJÁ TU AUTO COMO PARTE DE PAGO: Cambiá tu auto por uno Kavak.- AL CONTADO: Pagá vía transferencia bancaria o deposito. Podés pagar en pesos o en dólares.Para mayor información visitá nuestro sitio.*Ver términos y condiciones en Compra y Venta de Autos Usados en Argentina con Garantia",0,0,0
8716,170965.0,"VENDO FORD ECOSPORT 1.6 L 4X2 XLST 2008. INTERIOR IMPECABLE, ALFOMBRAS ORIGINALES, SIN DETALLES, AUXILIO SIN RODAR, LISTA PARA ENTREGAR!. COORDINAR VISITA CON 48HS DE ANTICIPACIÓN.ACEPTAMOS PESOS, DÓLARES, EUROS, REALES Y CRIPTOMONEDAS A COTIZACIÓN JUSTA REAL DE MERCADO. ACEPTAMOS PERMUTAS DE MAYOR O MENOR VALOR Y TAMBIÉN FINANCIAMOS EN DÓLARES, Y EN PESOS MEDIANTE LOS PRINCIPALES BANCOS DEL PAIS.EL AUTOMÓVIL CUENTA CON DUPLICADO DE LLAVE, MANUALES, CRIQUE, LLAVE DE RUEDA, BALIZAS, MATAFUEGOS Y AUXILIO ORIGINAL, TAL COMO SALIÓ DE FÁBRICA EN 2008.—————ACERCA DE LA COMPRA Y LA TRANSFERENCIA DEL VEHÍCULO———EL COSTO DE LA TRANSFERENCIA DE TITULARIDAD DE ESTE VEHÍCULO ES DE $465.610. ESTE IMPORTE INCLUYE FIRMAS Y LEGALIZACIÓN EN ESCRIBANÍA, Y CUALQUIER OTRO TRÁMITE REGISTRAL QUE SEA NECESARIO. EL IMPORTE MENCIONADO ES FINAL Y NO HAY NINGÚN OTRO GASTO NI COSTO OCULTO.TODOS NUESTROS VEHÍCULOS SON INSPECCIONADOS PREVIAMENTE Y CUENTAN CON COBERTURA MECÁNICA POR TRES MESES DESDE EL DIA DE LA ENTREGA.EL PROCEDIMIENTO DE COMPRA ES EL SIGUIENTE:1) USTED COORDINA UNA CITA Y SE ACERCA A VER Y PROBAR EL AUTOMÓVIL, Y SI LE GUSTA, PUEDE RESERVARLO EN EL MOMENTO CON $400.000.2) LUEGO, USTED TENDRÁ 7 DÍAS CORRIDOS PARA ACERCARSE A ABONAR EL VALOR DEL VEHÍCULO Y EL COSTO DE LA TRANSFERENCIA Y FIRMAR EN ESCRIBANÍA LA DOCUMENTACIÓN NECESARIA. ESE MISMO DÍA YA PODRÁ RETIRAR EN EL ACTO LA UNIDAD. NUESTRO PRODUCTOR LE PUEDE GENERAR UN SEGURO DEL AUTOMÓVIL, O BIEN PUEDE TRAER EL SUYO.3) AL CABO DE 7 DÍAS, NUESTRO EQUIPO DE GESTORES SE CONTACTARÁ CON USTED PARA HACERLE LLEGAR LA DOCUMENTACIÓN PERTINENTE.——ACERCA DE QUALIS CARS - AUTOS DE CALIDAD - CONCESIONARIA OFICIAL MULTIMARCA——LA CONCESIONARIA FUE FUNDADA EN 1973 Y HA FUNCIONADO SIN INTERRUPCIÓN DESDE ESE ENTONCES POR MAS DE 5 DÉCADAS. LOS CIMIENTOS FUNDAMENTALES FUERON SIEMPRE LOS MISMOS:1) SOLO VEHÍCULOS DE CALIDAD VERIFICADOS, HASTA 10 AÑOS DE ANTIGÜEDAD E IDEALMENTE CON MENOS DE 100.000 KM. HACEMOS EXCEPCIONES, SOLO SI VALE LA PENA EL VEHÍCULO. NO COMPRAMOS NI VENDEMOS PROBLEMAS.2) TRANSPARENCIA Y VELOCIDAD EN EL TRÁMITE DE TRANSFERENCIA. SABEMOS LO IMPORTANTE QUE ES TENER LOS PAPELES EN REGLA, Y NOS OCUPAMOS DE QUE ASÍ SEA.SI USTED COMPRA CON NOSOTROS, POR FAVOR NO SE SORPRENDA SI RECIBE VARIAS ENCUESTAS TELEFÓNICAS DE NUESTRO EQUIPO DE AUDITORES A LO LARGO DEL PROCESO DE COMPRA. BUSCAMOS ASEGURARNOS LA MISMA EXPERIENCIA PARA CADA CLIENTE Y SOBRE TODO, QUE USTED QUEDE SATISFECHO Y VUELVA.LA CONCESIONARIA SE ENCUENTRA EN ALMAGRO (CAPITAL FEDERAL, ARGENTINA) EN UN PREDIO DE 5.000M2 DONDE SE EXHIBEN ALREDEDOR DE 200 VEHÍCULOS ENTRE 0KM, IMPORTADOS, CLÁSICOS Y UTILITARIOS. EN EL PREDIO FUNCIONAN ADEMÁS TALLERES DE: POSVENTA Y MECÁNICA LIGERA, DETAILING Y CARROCERIA Y PINTURA . (POR FAVOR, PEDIR LA DIRECCION EXACTA, POR POLITICA DE MERCADOLIBRE NO PODEMOS ANUNCIARLA AQUI).",0,0,0
8721,17000.0,"Bienvenido a NEOSTAR, tu Concesionario Oficial de confianza en Rosario y sus alrededores. Desde 1996, nos hemos comprometido a ofrecer asesoramiento de primera calidad a nuestros clientes, representando marcas de renombre como Jeep, Dodge, Ram, Chrysler, Nissan, Kia, Suzuki, Honda y Subaru.En NEOSTAR, nos enorgullece ofrecer una amplia gama de vehículos usados exclusivos. Con un promedio de más de 90 vehículos usados mensuales, cada uno de nuestros automóviles pasa por un riguroso proceso de peritaje mecánico para garantizar la calidad y fiabilidad. Además, todos nuestros vehículos usados vienen respaldados por una garantía y cuentan con toda la documentación necesaria para una transferencia sin complicaciones, gracias a nuestros experimentados gestores.¿Buscas cambiar tu vehículo actual? En NEOSTAR, aceptamos permutas y también compramos vehículos de todas las marcas. Confía en nosotros para obtener una valoración justa y transparente.Encuéntranos en nuestras ubicaciones en Rosario, Santa Fe (capital), Funes y Cañada de Gómez, y descubre por qué NEOSTAR es tu destino confiable para todas tus necesidades automotrices.",0,0,0
8737,62000.0,"JEEP COMPASS LONGITUDE 2,4 AT6 UNICO DUEÑOKM 62.000TRATAMIENTO DE ACRILICO REALIZADO SIN DETALLES DE PINTURA Y SIN DETALLES DE MECANICA.SERVICIOS REALIZADOS EN TIEMPO DE FORMA EN CONCESIONARIA.TOMAMOS TODOS LOS USADOS EN FORMA DE PAGO.FINANCIACION EXCLUSIVA UVA O CUOTA FIJALAS CONSULTAS NO MOLESTAN",0,0,0
8740,80200.0,"¿Estás listo para darle un giro a tu conducción? Descubrí la excelencia de los vehículos de Autoctiy Usados. Ofrecemos una amplia gama de opciones de financiamiento diseñadas para adaptarse a tus necesidades individuales, además de la posibilidad de usar tu auto actual como parte de pago.Solo ofrecemos vehículos del 2010 en adelante, con menos de 130,000 kms recorridos y sin historial de daños estructurales.*BENEFICIOS CON AUTOCTIY USADOS:INSPECCIÓN Y GARANTÍA MECÁNICA (ISO9001): En Autoctiy Usados, la calidad es nuestra prioridad. Nuestros vehículos pasan por una exhaustiva inspección de 240 puntos realizada por nuestro equipo de expertos. Además, cuentan con kilometraje verificado y una garantía mecánica de 3 meses.*PRÓXIMOS PASOS:Contáctanos para programar una visita o reservar el vehículo de tu interés.MÉTODOS DE PAGO:  • FINANCIACIÓN A MEDIDA: Accede al auto de tus sueños con nuestro plan de financiamiento personalizado, con opciones de hasta 60 cuotas fijas.  • DEJA TU AUTO COMO PARTE DE PAGO: Cambia tu vehículo actual por uno de Autoctiy Usados.  • PAGO AL CONTADO: Realiza tu pago mediante transferencia bancaria o depósito, en pesos o dólares.¡Viví tu experiencia Autocity!",0,0,0
8749,240000.0,"Vendo urgente y escucho mejor oferta: Land Rover Freelander 2 en excelente estado. Motivo: mudanza al exterior (regreso a Europa). Precio negociable! Solo para aficionados.Cubiertas Dunlop AT5 NUEVAS instaladas Marzo 2024, valor 2.5millonesEl auto viene con un stock de repuestos, incluso 5 llantas de magnesio, 4x filtros de aire, 4x filtros de aceite, 4x filtro de habitáculo, 2 llaves con baterías nuevas.Vehículo completamente restaurado en mecánica interna y exterior por un aficionado Land Rover. Repuestos conseguidos desde Europa. Mantenimiento exhaustivo realizado en 2023-2024. Componentes nuevos incluidos:• Tren delantero: Amortiguadores, parrillas, extremos de dirección, bieletas, precaps, rótulas.• Amortiguadores traseros.• Parabrisas térmico (auto-desempañante) y sapitos limpia-parabrisas térmicos.• Faros delanteros: Renovados con técnica acrílica y xenón nuevo.• Bomba de agua, termostato y correa de servicios Bosch.• Bomba de dirección hidráulica, tanque de fluido hidráulico y fluido hidráulico CH 212.• Sistema multimedial, de navegación y entretenimiento con cámara delantera.• Soportes de motor.• Rulemanes.• Antibarro.• Y mucho más. Se ha realizado todo el mantenimiento necesario y adicional para asegurar el óptimo funcionamiento del vehículo.Otros detallesMotor: Volvo 3.2 de 6 cilindros en línea, muy rendidor con 233 caballos. ¡Una camioneta adelantada a su tiempo! Máxima calificación en seguridad pasiva y activa, funciona todo su equipamiento, sin golpes, lista para viajar a cualquier lado. ¡Verla es comprarla!Equipamiento de serie incluye:Seguridad:- 7 airbags (frontales, laterales, de cortina y de rodilla para el conductor) con posibilidad de desactivación automática por sensor de peso en el asiento o manualmente con llave el airbag del acompañante.- Frenos a disco ventilados en las cuatro ruedas, con ABS y asistencia al frenado de emergencia.- Control de estabilidad y control de descenso.Ruedas:- Llantas de aleación de 18 pulgadas con auxilio de la misma medida y llanta de aleación.Confort y tecnología:- Encendido con botón, 2 juegos de llaves y manual de usuario y mantenimiento.- Sistema de tracción Terrain Response exclusivo de Land Rover, que proporciona una configuración de tracción para cada tipo de terreno.- Apertura y cierre de puertas y cristales laterales a distancia.- Sistema de alarma e inmovilizador de motor original de fábrica.- Sistema de cierre automático en movimiento.- Espejos externos eléctricos y calefaccionados, rebatibles automáticamente al cerrar el vehículo.- Sensor crepuscular (enciende las luces automáticamente cuando oscurece) y parabrisas con sensor de lluvia.- Sensores de estacionamiento delanteros y traseros con alarmas sonoras independientes.- Faros de xenón autorregulables en altura, con luces LED y faros antiniebla traseros.- Sistema Follow Me (proporciona luminosidad para ingresar de noche a casa, y luego se apaga automáticamente).Interior:- Volante multifunción con control de crucero y alerta de velocidad, con regulación en altura y profundidad.- Asientos de cuero ventilados, con regulación electrónica de altura, lumbar, adelante/atrás, con 3 memorias.- Asiento del acompañante regulable electrónicamente, ambos con apoya brazos regulables y rebatibles.- Asientos traseros con ganchos ISOFIX, apoyabrazos y posavasos incorporado, los mismos pueden rebatirse en 1/3 y 2/3, quedando una capacidad de carga increíble, además de un baúl enorme con tapa rebatible.- Climatizador bi-zona independiente.- Sistema de audio hi-fi Alpine original, con 6 parlantes, 2 tweeters y un subwoofer.- Equipo de audio con cargador de 6 CD/MP3, sistema de manos libres telefónico y conexión auxiliar para Bluetooth (incluido).- Cenicero (nunca utilizado para fumar).- Doble techo panorámico con apertura eléctrica en modo ventilación o abierto, con cortinas parasol independientes.Para más detalles, no dudes en contactarme.Mi whatsapp es: +44 7727 060872",0,0,0
8757,133000.0,"VENDOuso Particular: Renault Duster 1.6 4x2 año 2016 expressión tiene modo ECO, mejora el consumo.La SUV se encuentra en excelente estado, desde 0km hasta los 100mil km se realizaron todos los servicios en Renault (ver en carpeta) yo la compre con 113mil km y luego realice lo detallado. nada por hacer solo cargar nafta y conducir, le detallo todo lo realizado para el que compre no se preocupe de hacerle algo hasta sus próximos vencimientos en kilómetros o años lo que ocurra primero.DETALLE REALIZADO:1.	Cambio de correa dentada 117.178km. 25/03/2022.2.	Cambio de Batería original Renault/Nissan de 60ª 27/03/2022.3.	Cambio de bomba y fluido refrigerante 117.178km.25/03/20224.	Cambio de grapodina(bombín)hidráulico 117.178km.25/03/20225.	Cambio de líquido original en todo el sistema de freno 117.000km.6.	Cambio de conjunto de embrague original Valeo (Brasil) 117.000km.7.	Cambio de bujías NGK Iridium (duran entre 120mil y 160mil km).20228.	Cambio de aceite de caja 3 litros 75w80 elf 117.178km.9.	Cambio de 2 reten de lado caja homocinética 117.178km.10.	Cambio de juego de admisión y limpieza de cuerpo de aceleración 05/06/23.11.	Ultimo servicio 133.168km (filtros: aceite, aire, combustible, habitáculo)25/02/25.",0,0,0
8768,115000.0,"Renault Duster Oroch: La Pick Up Para Todos Los TerrenosMotor y Transmisión:2.0 de 143 CV. El motor 2.0 se asocia a una caja manual de seis velocidades,Comportamiento:La Renault Duster Oroch se presenta como una pick up versátil y robusta, ideal tanto para el trabajo como para actividades al aire libre en familia. Su diseño atractivo y funcional la posiciona estratégicamente entre las pick ups medianas y compactas, ofreciendo un equilibrio entre tamaño, capacidad de carga y maniobrabilidad.DiseñoLa Duster Oroch conserva la estética frontal de la SUV Duster, con su parrilla en negro brillante y ópticas rectas. Los guardabarros prominentes y las llantas de aluminio de 16"" refuerzan su aspecto robusto. La caja de carga de 1,36 metros de largo ofrece una capacidad de 650 kilos y cuenta con ocho anillos de sujeción para asegurar la carga.La pantalla de a bordo presenta apliques en piano black y una pantalla táctil de 7"" con el sistema Multimedia Media NAV Evolution. El espacio interior es generoso, tanto en las plazas delanteras como traseras, aunque el asiento trasero podría ser más cómodo debido al ángulo del respaldo.Seguridad:Ofrece airbags frontales, frenos ABS con EBD y asistente de frenado de urgencia. Sin embargo, carece de elementos como airbags laterales o de cortina, control de tracción y estabilidad, y anclajes ISOFIX para sillas infantiles.La Renault Duster Oroch es una pick up versátil y funcional, ideal para aquellos que buscan un vehículo para el trabajo y el tiempo libre. Si bien su equipamiento de seguridad podría ser más completo, sus puntos fuertes son su diseño atractivo, espacio interior generoso, capacidad de carga y comportamiento dinámico equilibrado.Veni a conocerlo y manejarlo!Todos nuestros autos pasan por una inspección al máximo detalle. Dándote la tranquilidad que necesitas.Con California Cars» Comprá o vendé tu auto de manera fácil, rápida y de forma segura.» Autos libres de multas, sin riesgo de fraude» Opciones de financiación con la mejor tasa en CUOTAS FIJAS EN PESOS de los bancos más importantes de Argentina.» Veni a probarlo en nuestro exclusivo circuito privado.4 CUBIERTAS NUEVAS!!!!!!!!!!!¡Hacé click en Preguntar o Whatsapp para tener asesoramiento detallado!Horarios de atención:Lunes a Sábados de 09hs a 18hs.Domingos cerrado.Parque industrial Polo HudsonAutopista Buenos Aires - La Plata, Km 30",0,0,0
8793,135000.0,"Chevrolet Tracker Premier FWD 2019Titular, al dia Sin deudas de patentes ni infraccionesDistribucion recien hecha con repuestos originalesKm reales comprobables en su mayoria ruta Se puede escanear o chequear con mecanicoVehiculo particular uso familiarMecanica impecable 100% no consume aceite ni refrigeranteNo golpea ni ventea2 cubiertas al 80% y 2 cubiertas al 50%, las 4 marca Continental.Solo permuto por Pick Up doble cabina preferentemente (no excluyente) que sea 4x4 2020 en adelante.Respondo cualquier consulta por Whatsapp.Aclaracion, lo que se ve en el tapizado del asiento del conductos es agua del lavado, no estra manchado.",0,0,0
8795,54000.0,"FORD TERRITORY TITANIUM 2021 AT 1,5 TURBO SOLO 54000KM REALES ...MUY CUIDADA SIN DETALLES 100% ORIGINAL LISTA PARA VIAJAR SIN PROBLEMAS TOMAMOS SU VEHICULO USADO AL MEJOR VALOR DE MERCADO BSAS CARS CASA CENTRALAV RIVADAVIA 10240 V LURO CABA",0,0,0
8800,106000.0,"-CHEVROLET TRACKER 2015- LTZ 1.8 / 140 CV-impecable estado, unica mano, pocos km, muy bien cuidada,interior muy bien cuidado,exterior no tiene detalles, cubiertas muy buenas ...Realmente unica por su estado.!! para exigentes !!Permutas/facilidades.Sur automotores,LOMAS DE ZAMORA.Garantia total, 45 años son los que avalan su seguridad.",0,0,0
8803,111111.0,"Toyota SW4 2.8 Srx 204Cv 4X4 7As AtAño 20250 kmPrecio Lista / Permuta $ 74.500.000-.Precio Contado Efectivo $ 73.500.000-.• GRIFF CARS | SUCURSAL ITUZAINGO | SUCURSAL CASTELAR •Mas de 20 años de experiencia en el mercado de vehículos• COORDINAR POR WHATSAPP DÍA Y HORARIO PARA VER EL VEHÍCULO •• TOMA DE USADOS A PRECIO DE MERCADO (COTIZAMOS ONLINE)• RESERVA CON CONFIANZA MERCADO LIBRE PROTEGE TU DINERO, ACEPTAMOS TODAS LAS TARJETAS DE DÉBITO Y CRÉDITO• RESPUESTA INMEDIATA A TUS INQUIETUDES POR WHASTAPP:Respondemos al instante mensajes y llamados. Programamos Videollamadas.• LOS VEHICULOS SON ENTREGADOS TRANSFERIDOSContamos con Administración y Gestoría Integral.• COORDINAR POR WHATSAPP DÍA Y HORARIO PARA VER EL VEHÍCULO •Contamos con;• Financiación del 50% / 60% con crédito bancario delbanco Santander cuotas fijas y en pesos",0,0,0
8804,37500.0,"Captur 2020 Life con 37.500 km Cámara retroceso, velocidad Crucero. sin detalles. Financ Bancaria de 12 a 60 ctas fijas en pesos",0,0,0
8812,18000.0,"Única mano. Impecable sin detalles, service oficiales, en garantía de fábrica. Uso urbano como nuevaEspecificaciones Técnicas:* Motor: 1.8L E.torQ EVO, 4 cilindros en línea* Potencia: 130 CV a 6.250 rpm* Torque: 182 Nm a 3.750 rpm* Transmisión: Automática de 6 velocidades (AT6)* Tracción: Delantera (4x2)* Dirección: Asistida eléctricamente* Suspensión: Tipo McPherson en ambos ejes* Frenos: Discos en las cuatro ruedas con ABS y EBDEquipamiento Destacado:Seguridad:* Airbags frontales, laterales, de cortina y de rodilla para el conductor* Control de estabilidad (ESC) y tracción (TCS)* Asistente de arranque en pendientes (HSA)* Frenos con sistema antibloqueo (ABS) y distribución electrónica de frenado (EBD)* Anclajes ISOFIX para sillas infantilesConfort y Tecnología:* Aire acondicionado manual* Volante multifunción regulable en altura y profundidad* Sistema de audio con pantalla táctil de 5” con conectividad Bluetooth* Control de velocidad crucero* Levas al volante para cambios manuales* Computadora de a bordoExterior:* Llantas de aleación de 17”* Faros antiniebla delanteros y traseros* Barras portaequipajes",0,0,0
8814,198000.0,"Excelente estado detalles propios del uso, tiene DVD, y pantalla TáctilSe entrega con el sistema de audio original también Service al día Cámara de retrocesoTe sentis tan cómodo cómoEn elLiving de tu casa",0,0,0
8857,78900.0,UNIDAD EN STOCK FISICO. Coordinar la visita previamente.Tomamos mayor y menor valor. Su consulta no molesta.PEUGEOT 2008VERSION 1.6 FELINECAJA MANUALMOTOR 1.678.900 KMSomos BROTHERS DRIVE CARS.Asesoramiento especializado.Atención personalizada.Permutas MAYOR Y MENOR VALOR.Consignaciones SIN QUE LO DEJES DE USAR.Financiación en cuotas FIJAS Y EN PESOS (LO ARMAMOS A TU MEDIDA)Gestoría integral del automotor.Broker de seguros#somosconfianza #brothersforlife,0,0,0
8864,106000.0,Vendo Honda Hrv Ex CVT 2016 con 104.000 km Titular al día . Vehículo sin detalles su consulta no molesta .,0,0,0
8875,141000.0,"Es 4x4 automática, cuero, tope de gama. La caja automática es con palanca de alta y bajaToyota Hilux Sw4 3.0 Srv Cuero 4x4 AutomáticaAl ver el video no le quedaran dudas del estado único del vehículo y menos cuanda la vea personalmente.4 amortiguadores nuevos.El vehículo no se uso por 5 años. La mayoría de los km son de ruta, esta en el estado de un vehículo de 60.000kmPuerto USB, pantalla táctil con todas las aplicaciones. GPS, camara de retroceso, sensor de estacionamiento.Llave de la Hilux nueva, el duplicado es el original, viene también con control a distancia. Manuales de fábrica, con funda Toyota que esta como nueva. manual de mantenimiento en Toyota.Funciona todo perfecto $0 a gastarle, invitado a que su mecánico la revise y escanee, le dirá que no existen autos en este estado.Gomas con solo 10.000km, ver bien el estado en las fotos. Tuercas de seguridad alemanas, traen hasta un código.Polarizado recién hechoSeguro para rueda de auxilio inviolable, ver foto.Alfombras originales y las protectorasLuces led.La puede transferir a su nombre de la manera más económica posible. No la entrego si no se transfiere en el momento.Todos los papeles al día y lista para transferir.Grabado de autopartes y cristales.Nunca usada en la arenaSoy un enfermo y molesto del auto, persona de 60 años de edad, cuidada como a una hija menor.VTV al día, vence en oct/25Nunca un golpe, ningún panel repintado menos los paragolpes por detalles mínimosSi quiere pagar poco de patente, de seguro, de transferencia y tener un vehículo más que económico para mantenerlo, dado que no se rompen nunca y que este en el estado de un 0 km, no lo va a encontrar excepto que venga a ver este vehículo.Cadena de distribución cambiada a los 90.000 Km. Filtro de caja cambiado el 22/8/22Alineación y balanceo 17/1/2508 ya firmado en el registro, verificación policial.Ultimo servicio en ene/25:SERVICIO DE MANTENIMIENTO PERIODICO KM ACTUAL 136200Reemplazo de Aceite de motor motul francés x 6.5 litrosReemplazo de filtro de aire de motor Reemplazo de filtro de aceite de motor Reemplazo de filtro de combustible gasoil Reposición de todos los fluidos y control de los mismosEscaneo de todos los sistemas electrónicos mediante equipo de diagnóstico y reset de los mismos Control de estado y calibración de neumáticosRevisión de frenos delanteros y traserosControl de correa de accesorios de motor y reemplazo descripción abajoRevisión de tren delantero y trasero y estado de la suspensión y servicio descripción abajo Revisión de lámparasReemplazo de filtro de habitáculo alternativo carbón activado para sistemas calefacción/aire acondicionado y descontaminación de tuberías mediante aerosol alemán liquy Mollyreemplazo de articulación axial precap delantero izquierdo más media hora de mano de obra colocando abrazaderas metálicas no precintosreemplazo de suspensión delantera ambos lados más dos horas de mano de obra reemplazo de suspensión trasera más una hora de mano de obrareemplazo de bujes de barra estabilizadora ambos lados más una hora de mano de obra reemplazo de correa de accesorios multivida original más una hora de mano de obra.",0,0,0
8882,57000.0,"C4 Cactus Bitono (Gris oscuro y blanco), impecable y excelente por dónde se lo mire, no tiene detalles alguno de ningún tipo.  (57.000 kms)- 6 airbags- Encendido con botón- Automático de 6 marchas- Encendido automático de luces y sensor de lluvia- Pack Drive Assist- Grip Control- Llantas de aleación Cross 17”- Barras de techo longitudinales- Tapizados de cuero- Volante de cuero bitono- Acceso y arranque manos libres- Regulador y limitador de velocidad- Cámara de retroceso- Consola central con apoyabrazos deslizante- Velocidad Crucero- Alerta cambio de carril- Alerta fatiga- Sensor de presión de aire en neumáticos- Centro multimedia con Android Auto y Apple Carplay<<<<<<Todos los services hechos en AVEC Oficial cada 10mil kilómetros con los mejores productos como recomienda la marca.Batería nueva, tiene 1 mes.>>>>>> #### Digno de ver #####",0,0,0
8908,78000.0,Sin un solo detalleExcelente estadoSe vende si o si transferidaSe puede ver en La Plata o en HudsonSe puede tomar alguna permuta de mi interes.,0,0,0
8915,82947.0,"Mercedes Benz Glc 300 Off-roadAño 2018Service oficialesÚnica mano, muy buen estadoTomamos permuta  Listo para transferirNo financiamosCoordine una visita por WhatsAppSe puede ver en Vicente López",0,0,0
8927,408000.0,"DUEÑO VENDE, PRIMERA MANO! La camioneta es unica mano, 400 mil km en su gran mayoria de ruta.  Mantenimientos al día y sin pendientes.  Cubiertas michelin impecables, 4 amortiguadores nuevos.  Funciona a la perfección y puede hacerse revisar sin problema.",0,0,0
8960,15000.0,"----------------------------------------------------------------------------                   PANNUNZIO JOSE E HIJOS-----------------------------------------------------------------------------VW Taos Highline 250TSI At 2024 --- --- TOMAMOS PERMUTAS, CONSULTENOS ----LINEA NUEVA, LLantas 19"", Sensores de estacionamiento laterales, Estacionamiento Asistido, Camara de colisiones delantera y trasera, Reconocimiento de Carril, Volante Digital, Climatizdor Digital y masImpecable, sin detalles y con Garantia Oficial VWTOMAMOS PERMUTAS, CONSULTENOS ----",0,0,0
8985,115000.0,"FORD KUGA SEL 2.0L 240CV AUTOMATICA con 115,000km realesMuy buen estado, todo bien mantenido, filtros, líquidos, anda todo 100%. VTV al dia. Carplay/Android, Camara Trasero.Hay pequeñas detalles en la carrocería del lado derecho que se pueden quitar puliendo.OPORTUNIDAD. MEJOR PRECIO POR SU ESTADO!",1,0,0
8994,216000.0,"Toyota Land Cruiser VX Año 1998km 216.000------------------------------------------------------------Mecánicamente anda todo, tiene detalles, hay que hacerle el interior,Papeles al dia,lista para transferir. Tomamos Permuta, NO FINANCIAMOS -------------------------------------------------------------SOMOS AUTOS PALERMO",1,0,0
9007,76000.0,"Exelente estado general sin detalles, muy cuidada, lista para hacer la transferencia al momento de la entrega (si ó si) si lo ve pubicado es que esa disponible, el precio publicado es por venta al contado, no tomo permuta, no analizo ni respondo ofertas por este medio, no entrego en consignacion ni a cambio de 0km",0,0,0
9013,146000.0,"Kia Soul 1.6l 2014 Automatica. Excelente vehiculo. - Tapizado de cuero, techo de vidrio panorámico, llantas 16. Original 100x100. - 2do Mano. 145.000 Kms reales. - Todos los services oficiales en Kia desde Okm. (Comprobable por manual) - 4 cubiertas nuevas Good Year recien puestas. - Pintura original - Detalles propios del uso.El auto esta muy bueno. Se puede ver por San Fernando o por Pilar.No comunicarse por favor de agencias, no deseo planes de ahorro, ni lotes, ni credito fiscal.",0,0,0
9014,105000.0,"Soy titular, tercer dueño. Service al dia con todos sus comprobantes. Sin detalles, pintura de fabrica. Cubiertas Run Flat con 5.000 km. Solo uso de fin de semana. NO PERMUTO",0,0,0
9025,73000.0,"Vendo Audi Q3 Sportback 2020, 73.000 km, en impecable estado, siempre mantenido con services oficiales en Audi. Soy el segundo dueño y lo cuidé con mucho detalle, por lo que está listo para disfrutar sin preocupaciones.Este SUV combina elegancia y deportividad, con un diseño moderno y un andar que es una verdadera delicia, suave en la ciudad y firme en la ruta. Es automático, con un interior refinado que incluye asientos de cuero, techo corredizo y toda la tecnología de Audi para hacer cada viaje más placentero.Un auto versátil, ágil y con mucha personalidad, ideal para quien busca comodidad, estilo y una experiencia de manejo premium.",0,0,0
9045,278000.0,Vendo crv ex 4x4 automatica 2005278.000 km Muy buen estado por los años que tieneDetalles de uso cotidianoTiene el motor hecho completo hace 1 añoEn una de las fotos esta el detalleBomba hidraulica nuevaBujes de parrilla delantera nuevosServices aceite y filtro recientementeCubiertas practicamente nuevasFunciona todoTitular / se entrega al dia Se puede ver en avellaneda,0,1,0
9062,84000.0,"PRECIO NEGOCIABLE EN PERSONA!CON GARANTÍA INTEGRALJEEP RENEGADE SPORT 1.8 2018 84.000KMMANUAL, PACK ELECTRICO COMPLETO CON ALZACRISTALES ELECTRICOS, CLIMATIZADOR, CIERRE CENTRALIZADO, ALARMA, CAMARA MARCHA ATRAS, SENSORES DE ESTACIOMIENTO TRASEROS, SISTEMA CARPLAY CON NAVEGADOR, LLANTAS DE ALEACION RECIEN PINTADAS DE NEGRO CON CUBIERTAS CON 90% DE VIDA UTIL, TAPIZADO IMPECABLE SIN DETALLES NI MARCAS Y POLARIZADO COMO AGREGADO. EL COLOR MAS BUSCADO Y EN UN ESTADO INMEJORABLE. CUENTA CON LAS DOS LLAVES ORIGINALES NAVAJA, SUS MANUALES Y SU QUINTA LLANTA DE AUXILIO IMPECABLE.NO TE LA PIERDAS VENI A KAIZENCARSPermuta +$1.500 dólares",0,0,0
9066,240000.0,"Se vende con el motor roto. Me hicieron mal una rectificacion de tapa de cilindro, no kedo bien y se me clavo. Soy dueño, patente al dia, sin multas, con RTO.",0,0,1
9087,97800.0,"¡OPORTUNIDAD ÚNICA! Ford EcoSport 2018 Automática - Uso Familiar, Único Dueño* Único dueño – Mantenida con cuidado y cariño, siempre con uso familiar.* Transmisión automática – Perfecta para la ciudad y trayectos largos.* Motor eficiente – Excelente balance entre potencia y consumo. Gasta muy poco en ruta. Con 3/4 de tanque hace 400 kms.* Buen estado general – Se conserva en muy buenas condiciones mecánicas y estéticas. * Detalles por el uso, nada fuera de lo esperable.Una gran opción si buscas un SUV con respaldo de marca, bien cuidado y listo para seguir rodando por muchos kilómetros más. ¡No dejes pasar esta oportunidad!",0,0,0
9107,70000.0,"Segunda mano, servís oficiales.Cambio de transmisión, aceite y filtros hace menos de 1000 km.Sin ningún detalle importante o notorio.",0,0,0
9140,65000.0,"PRECIO NEGOCIABLE EN PERSONA!CON GARANTÍA INTEGRALCITROEN CACTUS SHINE 1.6 THP 2020 65.000KM AUTOMATICOUNICA MANO,PACK ELECTRICO FULL LED, INTERIOR TAPIZADO DE CUERO IMPECABLE, SIN NINGUN TIPO DE DESGASTE, CIERRE CENTRALIZADO, ALARMA, ALZA CRISTALES ELECTRICOS, SISTEMA MULTIMEDIA CARPLAY CON NAVEGADOR,CAMARA MARCHA ATRAS, LLANTAS DE ALEACION RECIEN PINTADAS IMPECABLES, CLIMATIZADOR, CAJA AUTOMATICA Y TODOS SUS ACCESORIOS FUNCIONANDO EN PERFECTO ESTADO, CONTROL DE TRACCION, CONTROL DE ESTABILIDAD Y TERRENO PARA ARENA-NIEVA Y PENDIENTES, VELOCIDAD CRUCERO, PINTURA IMPECABLE SIN DETALLES DE BOLLOS NI RAYAS, ESTADO INCREIBLE TAL CUAL COMO SE VE EN LAS FOTOS.2 LLAVES PRESCENCIAS, MANUALES. CUBIERTAS NUEVAS RECIEN COLOCADAS CON FACTURA.IMPECABLE, VENI A CONOCERLO CON LA SEÑA POR QUE TE LO LLEVAS.KAIZEN CARSPermuta +1.500uss",0,0,0
9164,46000.0,"**PRECIO SIN IMPUESTOS NACIONALES: $22.148.760Comprá tu usado en Francisco Pesado Castro, concesionario oficial Volkswagen. - Usados revisados y listos para ser vendidos y transferidos- Armamos la propuesta a tu medida- Tomamos tu usado en parte de pago, cotizamos sin compromiso- Aceptamos USDEscribinos y consultá lo que necesites, llevamos más de 80 años en el rubro.Los precios pueden cambiar sin previo aviso. Sujeto a disponibilidad.",0,0,0
9169,71000.0,"Me presento, soy una BMW X6, x Drive 3.5, soy 4x4, Hermosa por supuesto, tengo sólo 71.000 km, siempre me cuidaron mucho, me hicieron lo Services y estoy en Perfecto Estado, tal vez tenés una Hermosa Familia y necesitas un vehículo de calidad..confortable..pero siempre quisiste darte el gusto de tener una camioneta BMW...soy confortable y potente!...no lo pienses más...vení a buscarme...escribamos juntos una nueva historia...tomamos tu auto en parte de pago..Te esperamos!",0,0,0
9188,79000.0,"Nuevo Ingreso Impecable Unidad , sin detalles , muy bien Cuidada. -Tomamos Permuta.-Entrega Inmediata.-Garantía. -Financiación Cuotas Fijas.- Asesor: Cristian Coria.",0,0,0
9202,77000.0,"En excelente estado, lista para transferir. Servicios de mantenimiento realizados en tiempo y forma. Neumaticos y amortiguadores 0km x 4 unidades, ambas facturas disponibles. Interior impecable, sin detalles estéticos.Ver Video, repaso general sobre estado real de vehículo. impecable!",0,0,0
9215,25000.0,"Bienvenido a Monoceros: Tu Puente hacia Vehículos de Dueños Directos1 - Conexión Exclusiva:En MONOCEROS, cada vehículo proviene directamente de dueños, ofreciéndote una conexión única. DIFERENCIANDONOS DE LAS AGENCIAS, te brindamos la oportunidad de comprar DIRECTAMENTE A UN PROPIETARIO, asegurando una transacción más personal. Monoceros GARANTIZA una conexión exclusiva con propietarios respaldados por nuestra plataforma de confianza.2 - Chequeo Exhaustivo:Realizamos chequeos detallados para proporcionarte información precisa sobre el estado de cada vehículo, brindándote SEGURIDAD en tu compra.3 - Vendemos Transparencia:En MONOCEROS, no solo vendemos autos, vendemos transparencia. Tu confianza es nuestra prioridad.4 - Visualización en 360º:Experimenta una VISUALIZACIÓN completa con nuestro FORMATO 360º. Examina cada detalle antes de coordinar una visita.5 - Visitas Coordinadas:Programa visitas previas fácilmente mediante coordinación telefónica o por WhatsApp, adaptándonos a tu horario.6 - Informe Mecánico Completo:Proporcionamos INFORMES MECANICOS y reportes de scanner para una evaluación completa del estado del vehículo.7 - Información Legal a tu Alcance:Accede a INFORMES DE DOMINIO Y MULTAS para tomar decisiones informadas y legales.8 - Permutas Bienvenidas:Gestionamos PERMUTAS a través de agencias aliadas de confianza con una extensa trayectoria que nos vincula. Así, tu transición a un nuevo automóvil es aún más fácil y segura. ¡Haz el cambio con nosotros de manera sin complicaciones!9 - Opciones de Financiación:Explora nuestras opciones de FINANCIACIÓN para hacer más accesible la adquisición de tu vehículo.10 - Estamos aquí para responder a tus preguntas y hacer que tu búsqueda de un nuevo vehículo sea fácil y emocionante. ¡Contáctanos hoy mismo!",0,0,0
9225,110000.0,"Se trata de la versión GLA 200 Urban automática motor 1.6, con adicional de techo corredizo y portón eléctrico, impecable sin detalles , servicios oficiales hasta los 90.000 km . Se puede scanear sin problemas. Documentación al día lista para transferir. Precio publicado contado . Precio permuta Usd 32.500",0,0,0
9226,134000.0,QUINTANA GARAGEDODGE JOURNEY SXT AT MOD 2018KMS 134.000EXCELENTE UNIDADDVD - NAV - TECHO2DA MANOSIN DETALLESLISTA PARA TRANSFERIRTOMAMOS USADOSNO FINANCIAMOS,0,0,0
9233,90000.0,"Honda Hrv exl 2018 con 92.000kms. La unidad es única mano y tiene todo su mantenimiento al día. Cubiertas en perfecto estado y vidrios antivandálicos.Se aceptan permutas<< Somos una empresa familiar la cual tiene como principal objetivo brindar una experiencia de compra y venta distinguida. Todo nuestro equipo trabaja para que cada cliente tenga la mayor comodidad y tranquilidad posible durante todo el proceso comprando unidades de primera. >> << Al momento de tener un nuevo ingreso, nos ocupamos de llevar a cabo las revisiones que sean correspondientes y de que nuestro sector de gestoría se encargue de preparar la documentación para que la transferencia sea inmediata. Para la tranquilidad del cliente, se pude escanear y revisar ante cualquier especialista nuestras unidades. >><< Si bien damos la opción de presentar el tramite de traspaso de dominio  de manera particular con el fin de evitarse gastos extra, nuestro equipo de gestores y grupo asegurador, se encuentran a entera disposición para lograr una compra rápida y totalmente prolija. >><< Los invitamos a leer nuestras reviews en Google y los esperamos en nuestro salon de ventas ubicado en La Lucila sobre Av Libertador ! >>  Grupo Scotti —> Sucursal Gt Automotores",0,0,0
9266,75000.0,"UNIDAD EN STOCK ONLINE. coordinar la visita previamente.Tomamos mayor y menor valor. Su consulta no molesta.PEUGEOT 2008VERSION FELINE MOTOR 1.6CAJA MANUALAÑO 202175.000 KMNo necesitas hacerle nada,Solo ponerlo en marcha y disfrutarlo.SI QUERES VENDER TU AUTO CON NOSOTROS, TE VENDEMOS TU AUTO SIN QUE LO DEJES DE USAR.Somos BROTHERS DRIVE CARS.Asesoramiento especializado.Atención personalizada.Permutas MAYOR Y MENOR VALOR.Consignaciones SIN QUE LO DEJES DE USAR.Financiación en cuotas FIJAS Y EN PESOS (LO ARMAMOS A TU MEDIDA)Gestoría integral del automotor.Broker de seguros.#somosconfianza #brothersforlife",0,0,0
9272,80300.0,"¿Estás listo para darle un giro a tu conducción? Descubrí la excelencia de los vehículos de Autoctiy Usados. Ofrecemos una amplia gama de opciones de financiamiento diseñadas para adaptarse a tus necesidades individuales, además de la posibilidad de usar tu auto actual como parte de pago.Solo ofrecemos vehículos del 2010 en adelante, con menos de 130,000 kms recorridos y sin historial de daños estructurales.*BENEFICIOS CON AUTOCTIY USADOS:INSPECCIÓN Y GARANTÍA MECÁNICA (ISO9001): En Autoctiy Usados, la calidad es nuestra prioridad. Nuestros vehículos pasan por una exhaustiva inspección de 240 puntos realizada por nuestro equipo de expertos. Además, cuentan con kilometraje verificado y una garantía mecánica de 3 meses.*PRÓXIMOS PASOS:Contáctanos para programar una visita o reservar el vehículo de tu interés.MÉTODOS DE PAGO:  • FINANCIACIÓN A MEDIDA: Accede al auto de tus sueños con nuestro plan de financiamiento personalizado, con opciones de hasta 60 cuotas fijas.  • DEJA TU AUTO COMO PARTE DE PAGO: Cambia tu vehículo actual por uno de Autoctiy Usados.  • PAGO AL CONTADO: Realiza tu pago mediante transferencia bancaria o depósito, en pesos o dólares.¡Viví tu experiencia Autocity!",0,0,0
9275,39200.0,"Ford Bronco Wildtrack 4x4. Full Tope de gama. Año 2021.Motor 2.0 turbo de 253 CV, tracción 4x4 y trasmisión automática de 8 marchas.39.200 kms Estado ImpecableSin detalles como nueva.Asientos de cuero Alcántara con calefacción, comandos digitales de última generación, CarPlay, pantalla digital y comandos por vozTitularTecho eléctrico.Encendido a distancia.Manuales. Dos llaves.Service realizado a los 30.000 km. en concesionario oficial.Tratamiento protector pintura recientemente realizado.Tuercas antibandálicas.Polarizado antibandálico 3M.Acepto permuta",0,0,0
9281,25000.0,Vendo Toyota Sw4 Srx 2024 Full PPF Llantas pintura Manijas y bajo paragolpe delantero plateados Titular al día puedo hacer factura A Se vende transferidaPrecio en pesos o U$s 55.000,0,0,0
9293,30572.0,"Toyota Corolla Cross 1.8 HYBRID SEG ECVTAño 202330.572 kmPrecio Lista / Permuta u$d 37.000-.Precio Contado Efectivo u$d 36.000-.• GRIFF CARS | SUCURSAL ITUZAINGO | SUCURSAL CASTELAR •Mas de 20 años de experiencia en el mercado de vehículos• COORDINAR POR WHATSAPP DÍA Y HORARIO PARA VER EL VEHÍCULO •• TOMA DE USADOS A PRECIO DE MERCADO (COTIZAMOS ONLINE)• RESERVA CON CONFIANZA MERCADO LIBRE PROTEGE TU DINERO, ACEPTAMOS TODAS LAS TARJETAS DE DÉBITO Y CRÉDITO• RESPUESTA INMEDIATA A TUS INQUIETUDES POR WHASTAPP:Respondemos al instante mensajes y llamados. Programamos Videollamadas.• LOS VEHICULOS SON ENTREGADOS TRANSFERIDOSContamos con Administración y Gestoría Integral.• COORDINAR POR WHATSAPP DÍA Y HORARIO PARA VER EL VEHÍCULO •Contamos con;• Financiación del 50% / 60% con crédito bancario delbanco Santander cuotas fijas y en pesos",0,0,0
9306,87000.0,Duster expression 2017-motor 1.6-87.000 KM en excelente estado-muy bajo consumo de nafta-ningún problema mecánico-excelentes parlantes-apertura de tanque desde el interior-levanta cristales en la parte delantera-asientos traseros rebatibles-cierre centralizadoPrecio:U$16.000 o el equivalente en pesos arg[No se aceptan permutas]Duster expression 2017,0,0,0
9315,88000.0,"¡Se vende Duster Privilege 2016!Excelente oportunidad para quienes buscan un vehículo confiable y cómodo. Este Duster cuenta con motor 1.6, ideal para la ciudad y viajes largos. Está en buen estado, bien cuidado y listo para conducir. Perfecto para familias o quienes necesitan un SUV espacioso y económico.No dudes en contactarme para más información o para agendar una prueba de manejo. ¡No te lo pierdas!",0,0,0
9323,45000.0,"Somos M Automotores!!!Atención Personalizada!!PERMUTASTomamos tu usado en parte de pago sin problemas. Podes acercarte al concesionario y lo cotizamos.No aumentamos el precio de venta por la toma de usados.CONSIGNACIONESTE VENDEMOS TU AUTO SIN QUE LO DEJES DE USAR.FINANCIACION-Trabajamos con los principales Bancos y Financieras para que puedas acceder al mejor crédito.-Tenemos opciones de Cuotas Fijas, en Pesos congeladas.-Tenemos créditos UVA con cuotas variables.-Tenemos créditos Personales.ENTREGA INMEDIATAGestoría Integral del automotor. Llevate tu auto transferido. Garantía de documentación avalada por Mautomotores.BROKER DE SEGUROS.MAUTOMOTORES 17 AÑOS DE EXPERIENCIA!!!Lunes a Viernes de 9.30hs a 18.30hs. Sábados de 9.30hs a 14.30hs",0,0,0
9332,160000.0,"- Todos los service al dia en concesionario oficial de Jeep - Vehículo todoterreno compacto de cuatro puertas con motor de 2.4 litros y transmisión automática. Se ofrece en versiones con tracción delantera (FWD) y a las cuatro ruedas (AWD). El Compass 2.4 AT es conocido por su diseño moderno, comodidad y capacidades todoterreno. El motor 2.4 AT:Cilindrada: 2360 cc.Potencia: 174 CV a 6400 RPM.Torque: 229 Nm a 3900 RPM.Combustible: Nafta.Transmisión: Automática. Características adicionales:Diseño: Exterior elegante y moderno con un interior de calidad. Tecnología: Pantallas flotantes Uconnect de última generación. Seguridad: Sistema de frenos ABS, entre otras características. Confort: Quemacocos panorámico, asientos de cuero, entre otros detalles",0,0,0
9335,207000.0,"¡El auto que buscás está más cerca de lo que creés!Con más de 3 años de experiencia en la venta de usados y 0Km, te traemos vehículos en excelente estado, listos para arrancar sin vueltas. Venite a nuestras agencias en Av. Belgrano 1759 y Av. Mitre 5669, Avellaneda, y descubrí tu próximo auto.Detalles del vehículo que te interesa:Modelo: Audi Q5 2.0 Multitronic- Año: 2018- Kilometraje: 207.000km- Combustible: Nafta- Extras: Pintura original de fabrica, Service en oficialNosotros nos encargamos de la transferencia para que vos no te preocupes por nada. Si necesitás financiación, te damos hasta el 75% y, si tenés un usado, ¡lo tomamos como parte de pago!Consultanos ahora o dejá tu mensaje. ¡No dejes pasar esta oportunidad! Tu próximo auto te espera.",0,0,0
9337,136000.0,"LA TRAILBLAZER ESTA BLINDADA , NECESITAS PEROMISO DEL RENAR PARA PONERLA A TU NOMBRE , EL BLINDAJE ES RB3 Y ESTA HECHO EN DIETRICH.",0,0,0
9345,183673.0,"UNICO DUEÑO. SERVICIOS MECANICOS REALIZADOS EN TERMINO, DOCUMENTACION AL DIA PARA TARNSFERIR DE MODO INMEDIATO. DETALLES DE USO A LA VISTA.FRENOS ABS, ASISTENCIA DE FRENADO (EBD), AIRBAG, ISOFIX.TAPIZADO DE TELA. LLANTAS DE ALEACION R15. BUTACAS CON REGULACION EN ALTURA. RADIO MULTIMEDIA SYNC CON BLUETOOTH, USB. CONECTIVIDAD AL TELEFONO,COMPUTADORA A BORDO. ALZA CRISTALES ELECTRICOS DELANTEROS, ESPEJOS ELECTRICOS, LAVA LUNETA CON DESEPAÑADOR.Consignaciones / Financiación / Permutas por mayor o menor valor",0,0,0
9347,114653.0,"PANAMER S.A. Concesionario oficial JEEP, RAM, DODGE, CHRYSLER, MITSUBISHI Y JAC.  Contamos con más de 34 años de trayectoria como concesionarios, aseguramos la más alta calidad de atención en servicios de Venta y de Post-Venta con sucursales en San Isidro, San Fernando y Campana.Empresa Certificada Normas ISO 9001-2017IMPORTANTE: Todos nuestros vehículos usados son SELECCIONADOS. Se encuentran revisados y peritados considerando más de 100 puntos de control claves. Al contar con talleres y personal experimentado, nos aseguramos de que su compra se encuentre PROTEGIDA.Sucursales Ventas:Campana: Colectora Sur 885San Fernando: Avenida del Libertador 3197Acassuso: Av. Santa Fe 907Sucursales Post-VentaCampana: San Martín 1306San Fernando: Juan N. Madero 836Acassuso: Av. Santa Fe 907Formas de Pago:-Contado (Pesos o dólares)-Financiación por Banco-Financiación por terminal-Leasing-TOMA DE USADOSi vivís a más de 150km fuera de Buenos Aires, podemos enviar tu nuevo auto a su casa.Estamos para brindarle la mejor atención.Contamos con atención física o 100% digital – Realizamos videollamadas para mostrar el vehículo de ser necesario",0,0,0
9355,35200.0,"¿Estás listo para darle un giro a tu conducción? Descubrí la excelencia de los vehículos de Autoctiy Usados. Ofrecemos una amplia gama de opciones de financiamiento diseñadas para adaptarse a tus necesidades individuales, además de la posibilidad de usar tu auto actual como parte de pago.Solo ofrecemos vehículos del 2010 en adelante, con menos de 130,000 kms recorridos y sin historial de daños estructurales.*BENEFICIOS CON AUTOCTIY USADOS:INSPECCIÓN Y GARANTÍA MECÁNICA (ISO9001): En Autoctiy Usados, la calidad es nuestra prioridad.  Nuestros vehículos pasan por una exhaustiva inspección de 240 puntos realizada por nuestro equipo de expertos. Además, cuentan con kilometraje verificado y una garantía mecánica de 3 meses.*PRÓXIMOS PASOS:Contáctanos para programar una visita o reservar el vehículo de tu interés.MÉTODOS DE PAGO:    • FINANCIACIÓN A MEDIDA: Accede al auto de tus sueños con nuestro plan de financiamiento personalizado, con opciones de hasta 60 cuotas fijas.    • DEJA TU AUTO COMO PARTE DE PAGO: Cambia tu vehículo actual por uno de Autoctiy Usados.    • PAGO AL CONTADO: Realiza tu pago mediante transferencia bancaria o depósito, en pesos o dólares.¡Viví tu experiencia Autocity!",0,0,0
9361,110000.0,"UNIDAD EN STOCK FISICO. Coordinar la visita previamente.Tomamos mayor y menor valor. Su consulta no molesta.AUDI Q21.4 TFSI SPORT QUATTROAÑO 2021110.000 KMAño 2018, Patentada 2020, Rodada 2021Somos BROTHERS DRIVE CARS.Asesoramiento especializado.Atención personalizada.Permutas MAYOR Y MENOR VALOR.Consignaciones SIN QUE LO DEJES DE USAR.Financiación en cuotas FIJAS Y EN PESOS (LO ARMAMOS A TU MEDIDA)Gestoría integral del automotor.Broker de seguros#somosconfianza #brothersforlife",0,0,0
9376,220000.0,Ssangyong Actyon Automatico 2012Unica mano de 0km220 mil kms realesMuy buen estadoDetalles en porton trasero y espejo derecho a la vista4 cubiertas impecables Mecanica excelente Titular al dia. Transferencia obligatoriaPrecio en dólares efectivo,0,0,0
9377,142000.0,"Renault Duster 1.6 Confort Plus ABS 2013Muy buena142.000 kms. reales.Puedo tomar un auto en parte de pago, de menor o mayor valor, siempre que esté en muy buen estado.Se puede financiar también a través de un crédito prendario.Acepto Criptomonedas - Dólares - Euros.Atención: Puede transferir el comprador, logrando así el menor costo de transferencia declarando siempre el valor de tabla, sin gastos adicionales, leoninos o abusivos por el trámite.El estado del auto es excelente. 2ª mano. Excelente carrocería, sin grandes reparaciones, muy sana, muy buena!!! Hay que verla personalmente.Radicado en La Matanza, Prov. de Bs. As. (Si el comprador es de CABA transfiere desde CABA sin necesidad de ir a Prov.).Interiores impecables. Gomas seminuevas. Siempre guardado en cochera. Listo para viajar.Contamos con las dos llaves originales, los manuales, y toda la documentación lista para transferir, libre de deudas de multas, de patentes, verificación policial, 08s firmados en el Registro, informe de dominio, y todo lo necesario para darle al comprador todas las garantías.VTV vigente hasta agosto de 2025. Grabado de autopartes hecho.El equipamiento de fábrica incluye:- Motor 1.6 de 110cv.- Caja manual de 5 velocidades.- Aire Acond.- Dirección asistida.- Cierre centralizado con comando a distancia, y cierre en rodaje.- Levanta vidrios eléctricos en las 4 puertas.- Doble Airbags frontales.- ABS.- Tapizado de tela.- Espejos comandados desde el interior.- CD con MP3, USB, entrada auxiliar, y Bluetooth.- Asiento trasero rebatible (2/3, 1/3 o completo).- Volante regulable en altura.- Alarma periférica original.- Fijaciones ISOFIX (anclajes estándar para sillas de bebé).Se le agregaron: - Tuercas antirobo (Dos juegos diferentes).- Vidrios polarizados.Se acepta auto en parte de pago. Se escuchan ofertas, pero no por este medio. Hay que ver el auto antes de ofertar.Aclaración:Nos dedicamos a esta actividad desde el año 1969. Somos Barsanti Automotores (por si nos quieren buscar en las redes). Comercializamos autos de amigos y referidos, y sólo lo hacemos cuando conocemos los autos, conocemos a los titulares, y los autos están en muy buenas condiciones. Otra condición que ponemos es contar con toda la documentación del auto antes de empezar el proceso de venta. De tal manera que estamos tranquilos de que si participamos en la venta de un auto, el mismo no tiene deudas, ni multas, ni problemas que compliquen la transferencia. Otro tema no menor: Ponemos los kms. de los autos por escrito, de tal manera que documentamos a los que nos dejan el auto y a los que se lo llevan, que nosotros no adulteramos los kms. de los autos. Única condición de venta para los compradores: Transferencia inmediata. El comprador puede optar por hacer la transferencia él en el registro a un costo inferior normalmente del 4%, y en ese caso le entregamos el auto luego de que inicia el trámite, o bien que lo hagan nuestros gestores por un costo mayor, y en ese caso se entrega el auto en el momento del pago y la firma.",0,0,0
9386,89000.0,"EXCELENTE ESTADO!!Somos una empresa familiar con mas de 30 años de experiencia en el rubro dedicándonos a vehículos de todas las gamas en excelentes condiciones tanto estéticas como de papeles. Para la tranquilidad del cliente, brindamos la opción de poder escanear y revisar ante cualquier especialista nuestras unidades.Para facilitar el proceso de compra, aceptamos permutas de menor y mayor valor, tomamos dólares y contamos con servicio de gestoría y aseguradora. además, damos la posibilidad de que el cliente presente la transferencia de manera particular para ahorrarse gastos extra.En el caso de que estes interesado en vender tu usado, nosotros te lo compramos tratando de superar cualquier oferta de manera rápida y segura encargándonos de preparar toda la documentación.Para una mejor atención, combinar una cita. los esperamos!Grupo Scotti —> Sucursal World’s car",0,0,0
9412,35000.0,"Ford Kuga Titanium 201735000 km !!!.La camioneta es 4x4 y pertenece a una empresa, los km son reales dado que se usaba solamente 6 meses al año. Tiene detalles menores, esta en excelente estado. Se puede ver días hábiles de L a V de 10 a 16 hs. en zona Plaza Italia, Palermo, CABA.No se toman permutas. Se solicita transferencia.",0,0,0
9422,33000.0,"HYUNDAI CRETA AUTOMATICA, UNA BELLEZA!!!!!EXCELENTE UNIDAD, IMPECABLE.EL PRECIO PUBLICADO CORRESPONDE AL ANTICIPO, EL MISMO PUEDE SER INFERIOR SEGUN CONDICION FINANCIERA DEL CLIENTE.SALDO EN 24,36 Y 48 CUOTAS.CREDITO SOLO CON D.N.I., NO SE NECESITA DEMOSTRAR HABERES.ENTREGA INMEDIATA.TOMAMOS TU USADO.NO DUDES EN CONSULTAR.BELEN GOMEZ  1168145934",0,0,0
9448,62000.0,"AGENCIAS Y REVENTAS POR FAVOR NO MOLESTEN, NO LLEVO EL VEHICULO A NINGÚN LADO. Taos higline at en excelentes condiciones, muy cuidada, sin detalles, ni golpes con pintura de fabrica, funciona todo!! Permuto únicamente por amarok o hilux.- Bujías nuevas- Cambio de aceite y filtros (shell)- Pastillas delanteras y traseras nuevas.AGENCIAS Y REVENTAS POR FAVOR NO MOLESTEN, NO LLEVO EL VEHICULO A NINGÚN LADO.",0,0,0
9450,35769.0,"Estamos trabajando para vos.Atención personalizada y online, para brindarte todo lo que necesitas.Financiación? Te ofrecemos formas de financiar tu nuevo auto. Recibimos tu usado en parte de pago. Consultanos",0,0,0
9463,142000.0,"El vehículo se encuentra impecable, Imperdible, el mejor color, papeles al día. Versión: Chevrolet Tracker Fwd Ltz '2016, dirección asistida, alza cristales, cierre centralizado, espejos eléctricos, sensor de estacionamiento, comando al volante, etc. Excelente sin detalles. Posee duplicado de llaves y todos los manuales y cd. Documentación al día con los informes realizados, grabado de autopartes, verificación policial, listo para ser transferido. Todos los vehículos de nuestra concesionaria se entregan con VTV vigente. Se toman autos y camionetas menor o mayor valor. PERMUTARIA. $16.700.000.Financiamos hasta 50% del valor del vehículo, cuotas fijas, se abonan en Pago Fácil.",0,0,0
9465,96000.0,"En muy buen estado, , lo vendo asi con un par de detalles o impecable despues del 21/05",0,0,0
9494,198000.0,"Primer dueño, gasolero, linea premium alemana. Tiene unos detalles, consultar para saber antes. Acepto permuta por mayor valor. Es un autaso realmente 4x4 no falla nunca tiene gps incorporado, bluetooth, estacionamiento asistido, sonido de primera, asientos de cuero y butaca electrónica solo del conductor.",1,0,0
9498,168000.0,"Mercedes Benz GLE 400 blindadoMercedes Benz GLE 400 Blindado RB3 Año 2017Descripción:Se vende Mercedes Benz GLE 400 blindado RB3, año 2017, con motor 3.0 y 333cv. El vehículo cuenta con blindaje completo RB3, lo que lo hace ideal para personas que requieren un alto nivel de seguridad.Características:- Año: 2017- Modelo: Mercedes Benz GLE 400- Motor: 3.0- Potencia: 333cv- Blindaje: Completo RB3- Dueño: Único dueño ( la unidad siempre fue manejada por chófer, jamás se uso en el repido, arena ,caminos de tierra )- Servicios: Todos los servicios oficialesCondición:El vehículo se encuentra en excelente condición, con todos los servicios al día y sin ningún problema mecánico.Precio:U$D 57.500Tomamos autos en parte de pago Contacto:Para obtener más información o programar una cita para ver el vehículo, te esperamos en Av libertador 14450 Martínez",0,0,0
9500,81804.0,"Cambiá tu auto o comprá uno semi nuevo en Kavak, compañía N°1 en venta online de autos usados en Latinoamérica. Contamos con distintos planes de financiamiento para adaptarse a tus necesidades, también podés dejar tu auto como parte de pago. Solo vendemos autos 2010 en adelante, con menos de 100.000 km, que nunca tuvieron daños estructurales ni GNC.------------------------------------------------------------->> Ford EcoSport 1.5 TITANIUM << 406132*BENEFICIOS KAVAK:Al comprar tu Auto Kavak contás con un PERÍODO DE PRUEBA DE 7 DÍAS o 300 KM. Si no te encantó, te devolvemos el 100% de tu dinero (incluida la transferencia)*INSPECCIÓN Y COBERTURA MECÁNICA: En Kavak, la calidad es lo más importante. Nuestros autos son mucho más que autos usados, son autos semi-nuevos reacondicionados que están revisados en 240 puntos por nuestro equipo de expertos, tienen todos los servicios al día, kilometraje real y cobertura mecánica Kavak de 3 meses con posibilidad de extensión a 1 año.*CONTRATÁ KAVAK TOTAL: Con Kavak Total tenés 9 meses adicionales de cobertura con tope según marca/modelo del auto en arreglos, en motor, transmisión, tracción delantera y trasera, batería, embrague y correa o cadena de distribución. Cuidar tu auto puede ser tan fácil como manejarlo.PRÓXIMOS PASOS:Consúltanos para agendar una visita y/o reservar tu auto de interés.*MÉTODOS DE PAGO:- FINANCIAMOS TU COMPRA: Podés acceder al auto de tus sueños con nuestro plan de financiamiento hecho a tu medida. Financialo en hasta 60 cuotas fijas.- DEJÁ TU AUTO COMO PARTE DE PAGO: Cambiá tu auto por uno Kavak.- AL CONTADO: Pagá vía transferencia bancaria o deposito. Podés pagar en pesos o en dólares.Para mayor información visitá nuestro sitio.*Ver términos y condiciones en Compra y Venta de Autos Usados en Argentina con Garantia",0,0,0
9542,54000.0,"** AUTOFRANCE PEUGEOT *** SOMOS EL CONCESIONARIO PEUGEOT Nº 1 EN VENTAS DEL PAIS ** OPERAMOS VENTA DIRECTA DE FABRICA Y/O STOCK PARA ENTREGA INMEDIATA ** TODOS LOS USADOS Y SEMI NUEVOS EN STOCK FUERON SOMETIDOS A RIGUROSOS CONTROLES DE CALIDAD EN NUESTROS TALLERES PROPIOS ** EL MEJOR PRECIO, CONTADO, FINANCIADO* RESPUESTA INMEDIATA A SUS CONSULTAS: Respondemos al instante consultas y llamados. Podemos programar una video llamada para que usted pueda ver los autos sin moverse de su casa u oficina.* SOMOS CONCESIONARIO LIDER EN CALIDAD DE ATENCION.* COMODIDADES PARA CLIENTES: Estacionamiento exclusivo para clientes. Trato preferencial a clientes del interior del país. Lo hacemos bien simple. Usted solo viene a retirar su 0km NO TE PIERDAS ESTA OPORTUNIDAD.SOY ASESORA COMERCIAL DE AUTOFRANCE, Y ESTOY A DISPOSICIÓN PARA BRINDARTE MÁS DETALLES Y ACOMPAÑARTE EN TU COMPRA. ¡LLAMAME Y ENCONTRÁ TU PRÓXIMO PEUGEOT!                   SILVINA CRESPOASESORA COMERCIAL PEUGEOT",0,0,0
9544,164000.0,"Honda Cr-V 4wd At Año 2012 con 164.000 kms Excelente estado Pintura de fábrica , servicios oficiales Camara de retroceso interior súper completo sin roturas ni faltastes. FINANCIACION TOMAMOS TU USADO",0,0,0
9546,120000.0,"Somos M Automotores!!!Atención Personalizada!!PERMUTASTomamos tu usado en parte de pago sin problemas. Podes acercarte al concesionario y lo cotizamos.No aumentamos el precio de venta por la toma de usados.CONSIGNACIONESTE VENDEMOS TU AUTO SIN QUE LO DEJES DE USAR.FINANCIACION-Trabajamos con los principales Bancos y Financieras para que puedas acceder al mejor crédito.-Tenemos opciones de Cuotas Fijas, en Pesos congeladas.-Tenemos créditos UVA con cuotas variables.-Tenemos créditos Personales.ENTREGA INMEDIATAGestoría Integral del automotor. Llevate tu auto transferido. Garantía de documentación avalada por Mautomotores.BROKER DE SEGUROS.MAUTOMOTORES 17 AÑOS DE EXPERIENCIA!!!Lunes a Viernes de 9.30hs a 18.30hs. Sábados de 9.30hs a 14.30hs",0,0,0
9550,58000.0,"Unica mano.service oficiales. ( todos )Cubiertas nuevas, sin detalles.solo se muestra con cita previa en barrio cerrado. comprada y patentada y rodada en 2016,Precio de contacto, posible permuta menor valor solo a dueño directo.",0,0,0
9564,125000.0,El mantenimiento del vehículo siempre se hizo en la concesionaria oficial y nunca tuvo problemas de ningún tipo solo se hizo los services cada 10.000 km y todo es original de fabrica [precio charlable),0,0,0
9571,42000.0,"ATENCION!! COORDINAR CITA PREVIA PARA VER ESTA UNIDAD!!!!El precio publicado es de contado y es a tipo de cambio blue del momento.FINANCIACIÓN disponible a través de crédito prendario.Peugeot 3008 GT Pack Hibrida AM22- Año 2021- 42000km.TOMAMOS UNO O MÁS USADOS EN PARTE DE PAGO.¿QUERES VENDER TU AUTO, PERO NECESITAS SEGUIR USANDOLO?¡PODEMOS TRABAJARLO DE ESA FORMA!TAMBIEN PODEMOS COMPRAR TU AUTO!Para más información contactanos.ESTACIONAMIENTO: Contamos con cocheras de cortesia enfrente.AUTOEMOCION",0,0,0
9595,120000.0,"Range Rover Evoque Hse Dynamic Land RoverÚnico dueñoMáximo equipoTodos los opcionalesButacas eléctricas con memoriaCalienta asientosTecho panorámicoPortón eléctricoAudio MeridianServicios oficiales desde 0km en Ditecar hasta la actualidadCubiertas michelin colocadas en el último serviceSin detalles, nada para hacerle, lista para disfrutarOportunidad Contado!Servicio Post Venta / MantenimientoMas de 30 años en el mercado nos avalan. Traenos tu vehículo nosotros nos encargamos del resto.Valor contado efectivo u$u43.900Valor de lista (permuta) u$u45.000PermutoFinancioTomo Usdt",0,0,0
9603,160000.0,"Mitsubichi outlander 2,4 gls año 2011, cadenero, caja automática secuencial de 6, impecable estado general, funciona todo, gomas nuevas, pantalla android 9 pulgadas, VTV hasta abril de 2026. Interior sin detalles.",0,0,0
9604,54000.0,* TRACKER LTZ FWD 1.8 2015* KMS 54.000* PRIMERA Y UNICA MANO* ANTIVANDALICO 100 MICRONES 3M* SERVICE OFICIALES AL DIA* TODOS LOS SERVICIOS Y REPUESTOS EN CONCESIONARIO OFICIAL* EXCELENTE ESTADO GENERAL CON ALGUN DETALLE EN CHAPA * VTV AL DIA* GRABADO DE AUTOPARTES* LISTO PARA TRANSFERIR* GUARDA DEL VEHICULO COCHERA LABORAL ZONA CENTRO* VENTA CONTADO / EFECTIVO* FACTURA SEGUN CORRESPONDA A / B* SIN PERMUTAS,1,0,0
9607,87556.0,"Renault Duster Oroch 2.0 PrivilegeAño 201887.566 kmPrecio Lista / Permuta $ 20.500.000-.Precio Contado Efectivo $ 19.500.000-.• GRIFF CARS | SUCURSAL ITUZAINGO | SUCURSAL CASTELAR •Mas de 20 años de experiencia en el mercado de vehículos• COORDINAR POR WHATSAPP DÍA Y HORARIO PARA VER EL VEHÍCULO •• TOMA DE USADOS A PRECIO DE MERCADO (COTIZAMOS ONLINE)• RESERVA CON CONFIANZA MERCADO LIBRE PROTEGE TU DINERO, ACEPTAMOS TODAS LAS TARJETAS DE DÉBITO Y CRÉDITO• RESPUESTA INMEDIATA A TUS INQUIETUDES POR WHASTAPP:Respondemos al instante mensajes y llamados. Programamos Videollamadas.• LOS VEHICULOS SON ENTREGADOS TRANSFERIDOSContamos con Administración y Gestoría Integral.• COORDINAR POR WHATSAPP DÍA Y HORARIO PARA VER EL VEHÍCULO •Contamos con;• Financiación del 50% / 60% con crédito bancario delbanco Santander cuotas fijas y en pesos",0,0,0
9614,58000.0,"El precio publicado es sólo de contado efectivo inmediato, si usted necesita financiar una parte o entregar un usado le daríamos el precio de lista. Por favor comunicarse con un asesor de venta.",0,0,0
9678,20000.0,"Dueño directo. Poco uso en su mayoria en ciudad. Tiene 20000 kilómetros, manejado por dos personas mayores en ciudad. Sin detalles, se puede ver por BelgranoSOLO VENDO, NO PERMUTO NI CAMBIO POR OTRO",0,0,0
9689,48000.0,"FORD ECOSPORT 1.5 TITANIUM AUTOMÁTICA AÑO 2019!!VERSION TOPE DE GAMA CON CUERO Y TECHO!! UNICO DUEÑO CON 48000 KM REALES!! TODA LA PINTURA ORIGINAL! SIN DETALLES! IGUAL A CERO KM! IMPECABLE POR DONDE SE LO MIRE!! MANTENIDO Y MUY CUIDADA!!SERVICES OFICIALES!!VERLO ES COMPRARLO!! IGUAL A CERO KM!!PERMUTASTOMAMOS TU AUTO AL MEJOR VALOR DE PLAZA, VALOR POR PERMUTA U$S 18.500.-PRECIO CONTADO U$S 17.900.-TRABAJAMOS CON TURNOS. COMBINAR CITA POR WP, ZONA FLORESTA, CABA.",0,0,0
9725,130000.0,"Tiene 2 tubos de GNC, estéreo c/pantalla., polarizado y anti vandálico  Patente al día y sin infracciones. Solo tiene un pequeño detalle en el paragolpe trasero derecho .",1,0,0
9734,14000.0,"En Nordenwagen S.A. somos el único importador y distribuidor exclusivo de Porsche para Argentina y Uruguay desde hace 32 años. Transmitimos el ADN Porsche, historia y valores de la marca; Perseguimos el entusiasmo del cliente con nuestros productos y servicios, la innovación y la sustentabilidad, abordando temas como la electro movilidad y el desarrollo de la red de cargas para vehículos eléctricos.Comercializamos vehículos nuevos y de re-estreno bajo el programa Porsche Approved, con asesores capacitados y certificados por Porsche AG.PORSCHE CAYENNE TURBO - IMPECABLE ESTADO- ÚNICO DUEÑO- MUY POCOS KMS- MANTENIMIENTO OFICIAL Y AL DÍA- LA MÁS EQUIPADA DEL PAÍSEQUIPAMIENTO/OPCIONALES:- BARRAS DE TECHO EN ALUMINIO NEGRO- PAQUETE DE DISEÑO CARBONO- RETROVISOR EXTERIOR SPORTDESIGN MOLDURAS SUPERIORES DE CARBONO- PAQUETE EXTERIOR NEGRO (BRILLO INTENSO)- LUCES LED DE CORTESÍA PARA PUERTAS CON EL LOGOTIPO ""PORSCHE""- LOGOTIPO 'PORSCHE' PINTADO EN NEGRO (MATE) Y DESIGNACIÓN DEL MODELO PINTADO EN NEGRO (BRILLO INTENSO)- TAPÓN DE LLENADO DE COMBUSTIBLE DE DISEÑO EXCLUSIVO- EMBELLECEDOR DEL LIMPIAPARABRISAS TRASERO PINTADO EN NEGRO (BRILLO INTENSO)- PORSCHE TORQUE VECTORING PLUS (PTV PLUS)- PAQUETE SPORT CHRONO INCL. CAMBIO DE MODO- SISTEMA DE ESCAPE DEPORTIVO (TUBOS DE ESCAPE EN NEGRO)- DIRECCIÓN DEL EJE TRASERO- FRENOS DE COMPUESTO CERÁMICO PORSCHE (PCCB), PINZAS DE FRENO EN AMARILLO- LLANTAS CAYENNE SPORT CLASSIC DE 22 PULGADAS EN JET BLACK METALLIC INCL. EXTENSIONES DE PASO DE RUEDA EN COLOR EXTERIOR- ILUMINACION AMBIENTAL- VENTILACIÓN DE ASIENTOS (DELANTEROS)CLIMATIZADOR 4 ZONAS- PERSIANAS ELÉCTRICAS EN VENTANAS LATERALES TRASERAS- MATAFUEGOS- CINTURONES DE SEGURIDAD EN ROJO BORDO- COMPASS / SPORT CHRONO CRONÓMETRO ESFERA DE INSTRUMENTOS ROJO BORDO- INSTRUMENTAL CON DIAL EN ROJO BORDO- INTERIOR DE PIEL- APOYA BRAZO CENTRAL DELANTERO CON ESCUDO PORSCHE- ESCUDO PORSCHE EN APOYACABEZAS- INTERIOR CARBONO- PAQUETE INTERIOR DE CARBONO- SISTEMA DE SONIDO ENVOLVENTE DE GAMA ALTA BURMESTER®- FAROS PRINCIPALES LED TINTADOS CON HAZ DE MATRIX QUE INCLUYE SISTEMA DE LUCES DINAMICO PORSCHE PLUS (PDLS PLUS)- LUCES TRASERAS TINTADAS LED INCLUIDAS EN LA TIRA DE LUZ- VIDRIO CON AISLAMIENTO TÉRMICO Y ACÚSTICO, INCLUIDO VIDRIO DE PRIVACIDAD- ASISTENTE DE MANTENIMIENTO DE CARRIL- CONTROL CRUCERO ADAPTATIVO- HOMELINK®- CIERRE SUAVE DE PUERTASCARACTERÍSTICAS TÉCNICAS (DATOS OFICIALES SEGÚN PORSCHE AG):- POTENCIA (MOTOR DE COMBUSTIÓN): 550 HP / 404 KW- A UN RÉGIMEN DE REVOLUCIONES POR MINUTO PAR MÁXIMO (INTERVALO): 5.750 - 6.000 R/MIN- PAR MÁXIMO DEL MOTOR DE COMBUSTIÓN: 770 NM- A UN RÉGIMEN DE REVOLUCIONES POR MINUTO PAR MÁXIMA (INTERVALO): 2.000 - 4.500 R/MIN- NÚMERO DE CILINDROS: 8- CILINDRADA: 3.996 CM³ / 4,0 L- CALIBRE: 86,0 MM- CARRERA: 86,0 MM- TIPO DE COMBUSTIBLE/OCTANAJE: SÚPER PLUS- TRACCIÓN: TRACCIÓN INTEGRAL- CAJA DE CAMBIOS: TRANSMISIÓN AUTOMÁTICA- VELOCIDAD MÁXIMA: 286 KM/H- ACELERACIÓN 0-100 KM/H: 4,1 SEC- ACELERACIÓN 0-100 KM/H CON PAQUETE SPORT CHRONO: 3,9 SEC- ACELERACIÓN 0-160 KM/H: 9,4 SEC- ACELERACIÓN 0-160 KM/H CON PAQUETE SPORT CHRONO: 9,2 SEC- ACELERACIÓN 0-200 KM/H: 14,8 SEC- ACELERACIÓN 0-200 KM/H CON PAQUETE SPORT CHRONO: 14,6 SEC- ACELERACIÓN EN MARCHA 80-120 KM/H: 2,7 SECGARANTÍA OFICIAL DE 1 AÑO INCLUÍDA EN EL VALORLa Garantía Porsche Approved, aprobada por Porsche AG y otorgada EXCLUSIVAMENTE POR NORDENWAGEN S.A., para sus unidades usadas, cubre todos los componentes de su Porsche en cualquier lugar del mundo, a través de un contrato certificado, ofreciendo un servicio similar al de nuestra garantía sobre vehículos nuevos.La misma puede extenderse hasta los 15 años de antigüedad del vehículo, y hasta los 200.000 kms.- Historial del vehículo. El cuaderno de garantía y mantenimiento constituye un importante criterio de calidad, transmite la seguridad de que el vehículo cumple con los estándares de preparación y es un aspecto clave en la conservación del valor del vehículo. De forma adicional, se comprueba la integridad del equipamiento de a bordo y de seguridad y si los componentes que monta el vehículo se encuentran correctamente homologados.- Motor: El motor es el corazón de un Porsche. Para una óptima interacción de sus componentes, se revisan el estado y las características de funcionamiento de todos los componentes clave.- Sistemas de accionamiento y bajos del vehículo: Se revisan los principales elementos técnicos relevantes para la seguridad e importantes para una movilidad efectiva y deportiva. Se trata del modo de funcionamiento de los diferentes componentes, como caja de cambios, refrigeración, frenos, suspensiones, sistemas de combustible y de escape y chasis.- Ruedas y neumáticos: Los neumáticos son un elemento clave en la seguridad de nuestros vehículos, pues transmiten la alta potencia del vehículo a la carretera. Se revisa que el vehículo monte neumáticos homologados por Porsche y que cumple con los estándares de estado y calidad que garanticen una conducción segura.- Análisis del vehículo: Se verifica el kilometraje del vehículo para excluir cualquier alteración en el ajuste del velocímetro y se ejecuta la memoria de averías. El aspecto más importante del análisis es la comprobación de que no se trate de un motor sobrerrevolucionado, con ella, aseguramos que no hay indicios de daño en el motor.- Interior: Se revisan, en primer lugar, todos los aspectos relacionados con la seguridad, y por supuesto también los sistemas de infotainment, multimedia y todas las posibilidades de ajuste del equipamiento interior.- Recorrido de prueba: La verificación 111 puntos culmina con un recorrido de prueba. En ella se verifican el correcto funcionamiento de aquellos aspectos relevantes para la seguridad y el confort en situaciones típicas Porsche, como por ejemplo la potencia, la frenada, el estilo de conducción o los sistemas de asistencia a la conductor.",0,0,0
9744,28600.0,"¿Estás listo para darle un giro a tu conducción? Descubrí la excelencia de los vehículos de Autoctiy Usados. Ofrecemos una amplia gama de opciones de financiamiento diseñadas para adaptarse a tus necesidades individuales, además de la posibilidad de usar tu auto actual como parte de pago.Solo ofrecemos vehículos del 2010 en adelante, con menos de 130,000 kms recorridos y sin historial de daños estructurales.*BENEFICIOS CON AUTOCTIY USADOS:INSPECCIÓN Y GARANTÍA MECÁNICA (ISO9001): En Autoctiy Usados, la calidad es nuestra prioridad. Nuestros vehículos pasan por una exhaustiva inspección de 240 puntos realizada por nuestro equipo de expertos. Además, cuentan con kilometraje verificado y una garantía mecánica de 3 meses.*PRÓXIMOS PASOS:Contáctanos para programar una visita o reservar el vehículo de tu interés.MÉTODOS DE PAGO:    • FINANCIACIÓN A MEDIDA: Accede al auto de tus sueños con nuestro plan de financiamiento personalizado, con opciones de hasta 60 cuotas fijas.    • DEJA TU AUTO COMO PARTE DE PAGO: Cambia tu vehículo actual por uno de Autoctiy Usados.    • PAGO AL CONTADO: Realiza tu pago mediante transferencia bancaria o depósito, en pesos o dólares.¡Viví tu experiencia Autocity!",0,0,0
9765,320000.0,"Toyota sw4 2006 AT 320000km, VTV 2026, 4 cubiertas Yokohama con 4000km, historial completo de mantenimiento, agregados gancho de remolque original Toyota, bumper rinho con malacate con cable plasma con control inalámbrico o manual,, todos los protectores de bajos, snorkel, deflectores de capot y ventanillas estereo con pantalla y camara de retroceso, dvd en techo para pasajeros de atrás con auriculares inalámbricos, detalles estéticos, en paragolpe trasero y puertas delanteras, funciona todo.No se vende baca de techo con techo lateral,bandeja antiderrame , alfombras 3D Barra de led de la baca y GPS .NO PERMUTO Tercer dueño, Todo el historial de mantenimiento desde 0km en carpeta",1,0,0
9767,309000.0,TOYOTA SW4 3.0 2007 // 309.000 KMS--------------------------------------CUBIERTAS NUEVASSTEREO CAMBIADOFUNCIONA TODODETALLES DE USO---------------------------------------TOMAMOS USADOS MAYOR Y MENOR VALOR-----------------------------------------------------------------------KENDALL MOTORS PILAR KM 39.5 MECANICA EXCELENTE,0,0,0
9778,120000.0,"AUDI Q5 EXCELNTE ESTADO GENERALHACE 10 MIL KILOMETROS SE PUSIERON TODOS LOS BUJES DEL TREN DELANTERO NUEVOS.HACE 3 MIL KILOMETROS PASTILLAS DE FRENO DELANTERAS Y DISCOS MAS PASTILLAS TRASERAS.CORTINA DE TECHO SOLAR NUEVA.TAMBIEN TIENE UN TRATAMIENTO PARA EL EXTERIOR. BARRAS PORTA VALIJAS ORIGINAL AUDI.LA USAMOS MAYORMENTE PARA VIAJES EN RUTA.VTV MARZO 2026,CUBIERTAS AL 50 % RECIEN ROTADAS MAS ALINEACION Y BALANCEO.SE TRANSFIERIE SIN EXCEPCION.",0,0,0
9787,7500.0,"Taos 2024 con 7.500 km igual a 0Km la misma tiene detalles de la Version Hight, llantas, molduras de cintura, freno autonomo de emergencia, tablero de 2 agujas. REBAJADO DE $39.999.999",1,0,0
9800,222800.0,"RESCALA AUTOMOTORES - Multimarcas - Usados de Selección y 0KmsMAS DE 50 AÑOS de TRAYECTORIA establecidos en ALTA GRACIA!--------------------------------------------------------------------------------------------------------------- Pensaste en tener TU PRIMER VEHICULO, tal vez CAMBIARLO o Simplemente VENDERLO?- RECIBIMOS TU VEHICULO USADO EN PARTE DE PAGO.- ENTREGA INMEDIATA DEL VEHICULO QUE LLEVAS.- FINANCIAMOS EN CUOTAS FIJAS Y PESOS.- NUESTRO STOCK ESTA CONTROLADO Y PERITADO PARA DAR TRANQUILIDAD EN TU COMPRA.- SEGUINOS..----------------------------------------------------------------------------------------* VISITANOS PERSONALMENTE en nuestro SHOWROOM* LUNES A SABADOS DE 9 A 13 HS Y DE 16:30 A 20:30 HS - Feriados Consultar!",0,0,0
9801,33000.0,"¿Estás listo para darle un giro a tu conducción? Descubrí la excelencia de los vehículos de Autoctiy Usados. Ofrecemos una amplia gama de opciones de financiamiento diseñadas para adaptarse a tus necesidades individuales, además de la posibilidad de usar tu auto actual como parte de pago.Solo ofrecemos vehículos del 2010 en adelante, con menos de 130,000 kms recorridos y sin historial de daños estructurales.*BENEFICIOS CON AUTOCTIY USADOS:INSPECCIÓN Y GARANTÍA MECÁNICA (ISO9001): En Autoctiy Usados, la calidad es nuestra prioridad. Nuestros vehículos pasan por una exhaustiva inspección de 240 puntos realizada por nuestro equipo de expertos. Además, cuentan con kilometraje verificado y una garantía mecánica de 3 meses.*PRÓXIMOS PASOS:Contáctanos para programar una visita o reservar el vehículo de tu interés.MÉTODOS DE PAGO:    • FINANCIACIÓN A MEDIDA: Accede al auto de tus sueños con nuestro plan de financiamiento personalizado, con opciones de hasta 60 cuotas fijas.    • DEJA TU AUTO COMO PARTE DE PAGO: Cambia tu vehículo actual por uno de Autoctiy Usados.    • PAGO AL CONTADO: Realiza tu pago mediante transferencia bancaria o depósito, en pesos o dólares.¡Viví tu experiencia Autocity!",0,0,0
9805,143000.0,"INMACULADO!! NI UN SOLO DETALLEORIGINAL 100% TAL CUAL SE VE EN LAS FOTOS!LA UNIDAD CUENTA CON:-GPS-FAROS LED-SENSORES TRASEROS-LLANTAS DE ALEACIÓN-COMANDO AL VOLANTE-CAJA DE 6ta-UNICA MANO-COMPUTADORA DE ABORDOA DESTACAR!!-TODOS SUS SERVICIOS OFICIALES -DUPLICADO DE LLAVES-MANUALESAL DÍA LISTO PARA TRANSFERIR Y DISFRUTAR!!Contado 21.000 usPermuta 22.000 usPepe Magnano autos una empresa que está en el rubro hace más de 40 años en la compra y venta de usados y 0kmAgencia multimarca!!Mas de 60 autos en stockCompramos, tasamos Permutamos tu usado o 0km en el momentoTambién ofrecemos un lugar en nuestra agencia para dejarlo como consignación,para venderlo al precio que vos consideres.Contamos con stock de vehículos 0km multimarcas Peugeot,Jeep,Toyota,RenaultEntre otrasContamos con Gestoria personalizada para la transferencia de tu vehículoFinanciamiento cuota fija en $$$ de la primera a la últimaAdemás somos productores de seguros directo de la caja y otras compañias másCoordine y venga a ver su próximo vehículo!!Podes Comunícarte por wpp para tener una respuesta a la instante",0,0,0
9812,80000.0,"particular al dia,4 cubiertas recien puestas,kit de distribucion completo recien cambiado,pastillas nuevas,fluidos todos muy buen estado pequeños detalles esteticos permuto",0,0,0
9814,82600.0,"RESCALA AUTOMOTORES - Multimarcas - Usados de Selección y 0KmsMAS DE 50 AÑOS de TRAYECTORIA establecidos en ALTA GRACIA!--------------------------------------------------------------------------------------------------------------- Pensaste en tener TU PRIMER VEHICULO, tal vez CAMBIARLO o Simplemente VENDERLO?- RECIBIMOS TU VEHICULO USADO EN PARTE DE PAGO.- ENTREGA INMEDIATA DEL VEHICULO QUE LLEVAS.- FINANCIAMOS EN CUOTAS FIJAS Y PESOS.- NUESTRO STOCK ESTA CONTROLADO Y PERITADO PARA DAR TRANQUILIDAD EN TU COMPRA.- SEGUINOS.. ----------------------------------------------------------------------------------------* VISITANOS PERSONALMENTE en nuestro SHOWROOM* LUNES A SABADOS DE 9 A 13 HS Y DE 16:30 A 20:30 HS - Feriados Consultar!",0,0,0
9836,55000.0,"Cambiá tu auto o comprá uno semi nuevo en Kavak, compañía N°1 en venta online de autos usados en Latinoamérica. Contamos con distintos planes de financiamiento para adaptarse a tus necesidades, también podés dejar tu auto como parte de pago. Solo vendemos autos 2010 en adelante, con menos de 100.000 km, que nunca tuvieron daños estructurales ni GNC.------------------------------------------------------------->> Ford EcoSport 1.5 TITANIUM << 403141*BENEFICIOS KAVAK:Al comprar tu Auto Kavak contás con un PERÍODO DE PRUEBA DE 7 DÍAS o 300 KM. Si no te encantó, te devolvemos el 100% de tu dinero (incluida la transferencia)*INSPECCIÓN Y COBERTURA MECÁNICA: En Kavak, la calidad es lo más importante. Nuestros autos son mucho más que autos usados, son autos semi-nuevos reacondicionados que están revisados en 240 puntos por nuestro equipo de expertos, tienen todos los servicios al día, kilometraje real y cobertura mecánica Kavak de 3 meses con posibilidad de extensión a 1 año.*CONTRATÁ KAVAK TOTAL: Con Kavak Total tenés 9 meses adicionales de cobertura con tope según marca/modelo del auto en arreglos, en motor, transmisión, tracción delantera y trasera, batería, embrague y correa o cadena de distribución. Cuidar tu auto puede ser tan fácil como manejarlo.PRÓXIMOS PASOS:Consúltanos para agendar una visita y/o reservar tu auto de interés.*MÉTODOS DE PAGO:- FINANCIAMOS TU COMPRA: Podés acceder al auto de tus sueños con nuestro plan de financiamiento hecho a tu medida. Financialo en hasta 60 cuotas fijas.- DEJÁ TU AUTO COMO PARTE DE PAGO: Cambiá tu auto por uno Kavak.- AL CONTADO: Pagá vía transferencia bancaria o deposito. Podés pagar en pesos o en dólares.Para mayor información visitá nuestro sitio.*Ver términos y condiciones en Compra y Venta de Autos Usados en Argentina con Garantia",0,0,0
9849,63000.0,"Nuevo Ingreso Impecable Unidad , sin detalles , muy bien Cuidada. -Tomamos Permuta.-Entrega Inmediata.-Garantía. -Financiación Cuotas Fijas.- Asesor: Cristian Coria.",0,0,0
9864,115000.0,"Mercedes Benz GLE 400 4MaticAño 2019 | 115.000KMMotor 3.0l 333CVCaja automatica de 9 marchasTracción 4MaticLlantas AMGClimatizador Bi-zonaComandos de radio al volanteLevas al volanteAsientos de cueroButacas eléctricas con memoriaButacas calefaccionadasDetalles en fibra de carbonoApertura del baúl desde el habitáculoLimitador de velocidadPedales en aluminioTecho panoramico y corredizoAire acondicionado en las plazas traserasPARA VER ESTA UNIDAD POR FAVOR SOLICITAR ENTREVISTAABIERTO DE LUNES A DOMINGOS DE 10 A 19:30HS EN SAN FERNANDO PUNTA CHICA.Hoffen Motor Haus: somos una exclusiva agencia de autos 0km, usados y clásicos con mas de 20 años de trayectoria en el mercado argentino con una atención personalizada para cada cliente. Nuestra sede se encuentra en Punta Chica, San Fernando.DUDAS Y CONSULTAS:- Mateo: 11 2512.0472- Alejandro: 11 5402.6473- Dylan:1166068474Joaquin:1138504288Av. Libertador 2515, Punta Chica, San Fernando.",0,0,0
9867,22000.0,Nivus 170 mt20.500 kmAsientos de cuero versión highlineEstereo version highlineChapon cubre carterGomas en paragolpe delantero,0,0,0
9881,123129.0,"Cambiá tu auto o comprá uno semi nuevo en Kavak, compañía N°1 en venta online de autos usados en Latinoamérica. Contamos con distintos planes de financiamiento para adaptarse a tus necesidades, también podés dejar tu auto como parte de pago. Solo vendemos autos 2010 en adelante, con menos de 100.000 km, que nunca tuvieron daños estructurales ni GNC.------------------------------------------------------------->> Renault Duster 1.6 DYNAMIQUE PH2 << 408715*BENEFICIOS KAVAK:Al comprar tu Auto Kavak contás con un PERÍODO DE PRUEBA DE 7 DÍAS o 300 KM. Si no te encantó, te devolvemos el 100% de tu dinero (incluida la transferencia)*INSPECCIÓN Y COBERTURA MECÁNICA: En Kavak, la calidad es lo más importante. Nuestros autos son mucho más que autos usados, son autos semi-nuevos reacondicionados que están revisados en 240 puntos por nuestro equipo de expertos, tienen todos los servicios al día, kilometraje real y cobertura mecánica Kavak de 3 meses con posibilidad de extensión a 1 año.*CONTRATÁ KAVAK TOTAL: Con Kavak Total tenés 9 meses adicionales de cobertura con tope según marca/modelo del auto en arreglos, en motor, transmisión, tracción delantera y trasera, batería, embrague y correa o cadena de distribución. Cuidar tu auto puede ser tan fácil como manejarlo.PRÓXIMOS PASOS:Consúltanos para agendar una visita y/o reservar tu auto de interés.*MÉTODOS DE PAGO:- FINANCIAMOS TU COMPRA: Podés acceder al auto de tus sueños con nuestro plan de financiamiento hecho a tu medida. Financialo en hasta 60 cuotas fijas.- DEJÁ TU AUTO COMO PARTE DE PAGO: Cambiá tu auto por uno Kavak.- AL CONTADO: Pagá vía transferencia bancaria o deposito. Podés pagar en pesos o en dólares.Para mayor información visitá nuestro sitio.*Ver términos y condiciones en Compra y Venta de Autos Usados en Argentina con Garantia",0,0,0
9886,114146.0,"SACUR AUTOS te ofrece una amplia variedad de Vehículos, generando seguridad y confianza en la operación, con atención personalizada y profesional.Somos una empresa que cuenta con el aval de pertenecer a la Cámara de Comercio del Automotor de Córdoba.Nuestra calificación de 4.8 estrellas avalan la calidad de nuestros vehículos, atención y eficacia.ENCONTRA TU MEJOR OPCION PARA ADQUIRIR LA FINANCIACION ADECUADA PARA VOS!COTIZA ONLINE EN ESTE MOMENTO CON NUESTROS REPRESENTANTES.¡VISUALIZA EL VIDEO DEL VEHICULO PARA VERLO EN DETALLE!",0,0,0
9889,40000.0,"FIAT ROTTER, CONCESIONARIO OFICIAL. USADOS SELECCIONADOS FIAT PULSE 1.0 T200 IMPETUS2022$27.000.00040.000KM ENTREGA INMEDIATAPOSIBILIDAD DE FINANCIAR ACEPTAMOS PERMUTAPARA MAS INFORMACIÓN COMUNICARSE TELEFÓNICAMENTE CON NUESTROS ASESORES COMERCIALES A LOS TELÉFONOS DETALLADOS EN NUESTRA PUBLICACIÓN",0,0,0
9896,65000.0,Ford Territory Sel 2022AGENCIAS ABSTENERSETitularPrimer dueñoSIN DETALLESSe puede ver en Barrio Privado de Moreno65.000km,0,0,0
9935,76000.0,"""JEEP RENEGADE SPORTAño 2017Km 76000•Vtv vigente•Grabado de autopartes•Pantalla táctil•Navegador•Cámara retroceso•Sensores de estacionamiento •Comando al volante•Control crucero•Cubiertas en excelente estado •Levanta vidrios eléctricos•Espejos eléctricosEXPERIENCIA MERAK- Podes abonar el vehículo mediante transferencia bancaria, efectivo, USS. -- Para tu tranquilidad, podes venir con tu mecánico de confianza a ver el auto, escanearlo y que puedas salir a probarlo.- No aumentamos el valor del vehículo en permuta, manejamos precios reales tanto para nosotros como para el cliente.- En el mismo momento que abonas, retiras el vehículo y nuestra gestoría se encarga de tomar la firma en el 08 para poder realizar todos los tramites.- Todos nuestros vehículos se entregan con permiso de circulación o cedula vigente para la tranquilidad del cliente. Es primordial para nosotros que el auto se vaya transferido en el menor tiempo posible. A diferencia de otros concesionarios, esto lo podemos llevar a cabo gracias a que contamos con gestoría propia, con mandatarios matriculados cubriendo todas las zonas.¿TOMAMOS VEHICULOS EN PARTE DE PAGO?- -Si tomamos, y es nuestra prioridad que quieras dejarlo en nuestras manos.- Podes enviarnos fotos, detalles, kilómetros y nuestro equipo de ventas se encarga de cotizarlo en el momento.- Te damos la posibilidad de encargarnos y gestionar toda la documentación necesaria para entregar tu vehículo y que no tengas que moverte de tu casa, sin ningún tipo de honorarios, solamente abonando los aranceles correspondientes.- En ningún momento te quedas sin vehículo, llave contra llave.FINANCIACIÓN- Trabajamos con financieras directas, contamos con las mejores tasas. Cuotas fijas y en pesos.- Podes pedir vía WhatsApp la cotización del crédito a tu medida.- Financiamos hasta el 40% de la unidad.- Hacemos revisión de veras en el ACTO.- Señas el vehículo, la financiera se contacta con vos en el transcurso de 24hs, se arma el crédito y en 72hs estas firmando toda la documentación y retirando el vehículo en el concesionario.SEGURO- Podemos cotizarte el seguro con nuestra productora sin ningún tipo de compromiso, le brindamos a nuestros clientes el precio más bajo del mercado de las compañías más prestigiosas. Si te interesa nuestro presupuesto nos encargamos de gestionar todo para que no tengas que preocuparte y salir cubierto del concesionario. No tiene ningún tipo de honorarios ni adicional, buscamos brindarles todos los servicios en un mismo lugar.¿QUIENES SOMOS?- Somos un equipo joven que viene de una familia ligada al rubro automotor de toda la vida, decidimos dar el paso de abrir un concesionario con un concepto diferente al tradicional. Nuestro principal objetivo es que nuestros clientes se sientan cómodos desde el primer contacto con nosotros, que puedan sacarse todas las dudas sin ningún compromiso, brindarles todas nuestras herramientas para que encuentren el auto que buscan, que no tengan ninguna preocupación más que disfrutar el proceso. ¡Nos encantaría que nos conozcas y que puedas vivir la experiencia con nosotros!""",0,0,0
9947,25000.0,VOLKSWAGEN TAOS HIGHLINE2024 // 25.000 KMS------------------------------------------------------UNICO DUEÑO SIN DETALLESEXCELENTE ESTADOPROXIMO SERVICIO BONIFICADO--------------------------------------------------------TOMAMOS USADOSFINANCIACIÓN EXCLUSIVA-------------------------------------------------------KENDALL MOTORSPILAR KM 39.5,0,0,0
9952,96000.0,"Bienvenidos a Pointcars, tu concesionaria de confianza.Disponemos de un amplio stock de vehículos, tanto nuevos como usados, de todas las marcas, listos para que encuentres el que mejor se adapte a tus necesidades.Te brindamos la posibilidad de vendernos tu auto y acceder a una financiación de hasta el 80% del valor, para que estrenes el vehículo que querés con total facilidad.Cada uno de nuestros autos pasa por un riguroso proceso de revisión mecánica, limpieza interior y embellecimiento exterior, garantizando calidad y seguridad en cada entrega.Mientras nuestro equipo administrativo gestiona la documentación, nos ocupamos de cada detalle para que tu compra sea rápida, transparente y sin complicaciones.¡Te esperamos en Pointcars, el lugar de tu auto!",0,0,0
9956,79510.0,"Cambiá tu auto o comprá uno semi nuevo en Kavak, compañía N°1 en venta online de autos usados en Latinoamérica. Contamos con distintos planes de financiamiento para adaptarse a tus necesidades, también podés dejar tu auto como parte de pago. Solo vendemos autos 2010 en adelante, con menos de 100.000 km, que nunca tuvieron daños estructurales ni GNC.------------------------------------------------------------->> Ford Kuga 2.0 SEL AUTO << 408773*BENEFICIOS KAVAK:Al comprar tu Auto Kavak contás con un PERÍODO DE PRUEBA DE 7 DÍAS o 300 KM. Si no te encantó, te devolvemos el 100% de tu dinero (incluida la transferencia)*INSPECCIÓN Y COBERTURA MECÁNICA: En Kavak, la calidad es lo más importante. Nuestros autos son mucho más que autos usados, son autos semi-nuevos reacondicionados que están revisados en 240 puntos por nuestro equipo de expertos, tienen todos los servicios al día, kilometraje real y cobertura mecánica Kavak de 3 meses con posibilidad de extensión a 1 año.*CONTRATÁ KAVAK TOTAL: Con Kavak Total tenés 9 meses adicionales de cobertura con tope según marca/modelo del auto en arreglos, en motor, transmisión, tracción delantera y trasera, batería, embrague y correa o cadena de distribución. Cuidar tu auto puede ser tan fácil como manejarlo.PRÓXIMOS PASOS:Consúltanos para agendar una visita y/o reservar tu auto de interés.*MÉTODOS DE PAGO:- FINANCIAMOS TU COMPRA: Podés acceder al auto de tus sueños con nuestro plan de financiamiento hecho a tu medida. Financialo en hasta 60 cuotas fijas.- DEJÁ TU AUTO COMO PARTE DE PAGO: Cambiá tu auto por uno Kavak.- AL CONTADO: Pagá vía transferencia bancaria o deposito. Podés pagar en pesos o en dólares.Para mayor información visitá nuestro sitio.*Ver términos y condiciones en Compra y Venta de Autos Usados en Argentina con Garantia",0,0,0
9972,220000.0,"MARCA TOYOTAMODELO HILUX VERSION SW4 3.0 SRV 4X4 MT 7 ASIENTOSKMTS 220000AÑO 2012CONSULTA AQUÍ POR CRÉDITOS BANCOR CRÉDITOS SANTANDER Y FINANCIACIÓN PROPIA DE LA CASA A MEDIDA DEL CLIENTEMEGA CARS AUTOMOTORESENTREGA INMEDIATA… EN EL DIA!!!Si el vehículo le interesó no dude en escribirnos o llamarnos para coordinar una cita y que usted pueda no solo venir a ver y revisar la unidad sino también realizar un test drive con el mismo. TODOS NUESTROS VEHÍCULOS ESTAN A SU ENTERA DISPOSICIÓN PARA QUE LOS PRUEBE, HAGA REVISAR CON SU MECANICO DE CONFIANZA O LO QUE A USTED LE PAREZCA NECESARIO PARA SU TRANQUILIDAD. Recibimos su usado en excelente precio, Financiación a medida - Distintas formas de pago.-  ————————————————————————————— Somos una agencia ícono en Córdoba capital, ubicados en el corazón del parque de venta automotriz Contamos con gran variedad de vehículos usados y cero km con entrega inmediata brindando al cliente todo lo que necesita para su tranquilidad y una operación segura y sencilla.Muchísimas gracias por elegirnos!FRANCO VACCARI",0,0,0
9975,230000.0,VEHICULO AL DIA LSTO PARA TANFERIRIMPECABLE SIN DETALLESNADA PARA HACERLETOMAMOS PERMUTASSU CONSULTA NO MOLESTA Y SERA RESPONDIDA A LA BREVEDADJC GARAGE,0,0,0
9981,222810.0,"Vehículo en muy buenas condiciones a pesar de ser 2006, anda todo, calefacción y a/a, espejos eléctricos, vidrios eléctricos, luces de 3 posición eléctrica, asiento y volante regulable en altura, techo solar eléctrico bien amplio, el stereo no lo dejo, tiene el paragolpe apenas rajado en amabas puntas, un giro tiene rota una traba de las 2 q tiene, el 4x4 funciona excelente.freno a disco en las 4 ruedas nuevos, las 4 bobinas y bujías nuevasSi quieren pueden venir con el mecánico que quieran. cambie parrillas, una copa,extremos, ambos fuelles nuevos . La guantera hay q comprar la manija pero igual..abre, la Vtv hecha hace 1 mes, hay que llevarla alinear",1,0,0
9985,89000.0,"Hyundai Tucson 2.0 Gl 154cv 6mt 2wdPrecio Lista / Permuta u$s 21000Precio Contado Efectivo u$s 19000+ Aceptamos Transferencia Bancaria en Pesos y Dólares ++ Contamos con cuenta Bancaria en Estados Unidos para recibir transferencias +Mas de 25 años de experiencia en el mercado de vehículos premium• COORDINAR DÍA Y HORARIO PARA VER EL VEHÍCULO •• TOMA DE USADOS A PRECIO DE MERCADO (COTIZAMOS ONLINE)• RESERVA CON CONFIANZA :MERCADO LIBRE PROTEGE TU DINERO, ACEPTAMOS TODAS LAS TARJETAS DE DÉBITO Y CRÉDITO• RESPUESTA INMEDIATA A TUS INQUIETUDES :Respondemos al instante mensajes y llamados. Programamos Videollamadas.• ATENCIÓN PERSONALIZADA• DOCUMENTACIÓN AL DÍA Y LISTA PARA TRANSFERIRContamos con Administración y Gestoría Integral.• COORDINAR DÍA Y HORARIO PARA VER EL VEHÍCULO •",0,0,0
9990,105000.0,"Chery Tiggo 2013 confort 2.0 manual 4x2 105.000 km!•Impecable estado y muy bien cuidada.•Tratamiento acrílico.•Descontaminación de interior.•Todos sus servicios realizados en tiempo y forma.•Documentación al día y lista para transferir.•Segunda llave y manuales.VALOR EFECTIVO $12.500.000Anticipo $7.500.000Financia $5.000.00012 meses de $672.00018 meses de $480.00024 meses de $378.00036 meses de $264.00048 meses de $225.000Aprobación Inmediata con Dni.!!!Consúltame por otros planes de financiación que desees saber.Querido cliente:Nos alegra contarte que abrimos una nueva sucursal en Av. Beiró 4410, en el corazón de Devoto, a solo 10 cuadras de General Paz.Después de más de 20 años de experiencia en el rubro, seguimos creciendo gracias a la confianza de quienes nos eligen día a día.En este nuevo espacio, vas a encontrar la misma atención personalizada, el asesoramiento honesto y la calidad de siempre.Te esperamos de lunes a viernes de 9 a 19 hs y los sábados de 9 a 13 hs.También seguimos presentes en nuestra ya conocida sucursal de Puerto Madero, para estar cada vez más cerca tuyo.¿Querés dejar tu auto en parte de pago? Te hacemos una tasación inmediata por WhatsApp para que tengas una idea del valor antes de venir.Además, cada unidad incluye beneficios pensados para que vivas una experiencia única:• Te entregamos el auto con el tanque lleno, listo para salir a la ruta.• Hacemos un tratamiento acrílico para proteger la pintura y una limpieza profunda de interiores, para que sientas que estrenás un auto nuevo.• Nuestro equipo de gestoría y escribanos se encarga de todo: firmás el 08, transferimos el vehículo y te vas con todo resuelto.Gracias por confiar en nosotros. Para nosotros, cada cliente es parte de esta historia que seguimos escribiendo juntos.Pasá por cualquiera de nuestras sucursales y viví la experiencia de comprar un auto como te merecés.Tu próximo vehículo te está esperando.",0,0,0
9991,8000.0,Vendo Toyota Hilux SRXAño 2024 con 8.000km PRIMER DUEÑO La camioneta está en perfectas condiciones sin detalles. Se vende transferida y al día!! $68.000.000Tomo permuta de mi interés.,0,0,0
9992,179000.0,"Honda CRV EX manual modelo 2008 4x4 muy buena! 179 mil km 5 cubiertas nuevas, cambio de aceite y filtros realizados hace poco!! DETALLES DE USO COMUN LA CAMIONETA ESTA MUY BUENA !!13.300 Dolores.",0,0,0
10009,90900.0,"RESCALA AUTOMOTORES - Multimarcas - Usados de Selección y 0KmsMAS DE 50 AÑOS de TRAYECTORIA establecidos en ALTA GRACIA!--------------------------------------------------------------------------------------------------------------- Pensaste en tener TU PRIMER VEHICULO, tal vez CAMBIARLO o Simplemente VENDERLO?- RECIBIMOS TU VEHICULO USADO EN PARTE DE PAGO.- ENTREGA INMEDIATA DEL VEHICULO QUE LLEVAS.- FINANCIAMOS EN CUOTAS FIJAS Y PESOS.- NUESTRO STOCK ESTA CONTROLADO Y PERITADO PARA DAR TRANQUILIDAD EN TU COMPRA.- SEGUINOS..----------------------------------------------------------------------------------------* VISITANOS PERSONALMENTE en nuestro SHOWROOM* LUNES A SABADOS DE 9 A 13 HS Y DE 16:30 A 20:30 HS - Feriados Consultar!",0,0,0
10012,17000.0,Taos highline 2024 con 17.000 kmDirecto de fábricaIMPECABLE!!!! Sin detallesSolo contado,0,0,0
10021,100400.0,"Ford ecosport freestyle 4wd 2.0 16 valvulas100400 kmsDueño directo, sin deudas, impecableManuales, llave navaja y segunda llave originales Motor 2.0 cadenero, caja de 6ta, traccion 4x4, frenos ABS, control de estabilidad, control de tracción, asistencia al arranque en pendiente, 6 airbags, anclajes isofix, volante multifuncion, estereo original con CD bluetooth entrada aux y usb, toma de 12 volt en consola central y en las plazas traseras, 5 cinturones inerciales, apoyabrazo central para conductor, bandeja plástica protectora en piso de baul, sensores de estacionamiento trasero, faros aux delanteros y trasero, levantavidrios x4, aire acondicionado funcionando perfectamente, 4 cubiertas como nuevas con pocos kms + auxilio de aleacion sin rodar con antirrobo.Le funciona todo el equipamiento, services al día, no consume nada, muy cuidada duerme en cocheraSE VENDE TRANSFERIDA SIN EXCEPCIÓN",0,0,0
10024,82900.0,"¿Estás listo para darle un giro a tu conducción? Descubrí la excelencia de los vehículos de Autoctiy Usados. Ofrecemos una amplia gama de opciones de financiamiento diseñadas para adaptarse a tus necesidades individuales, además de la posibilidad de usar tu auto actual como parte de pago.Solo ofrecemos vehículos del 2010 en adelante, con menos de 130,000 kms recorridos y sin historial de daños estructurales.*BENEFICIOS CON AUTOCTIY USADOS:INSPECCIÓN Y GARANTÍA MECÁNICA (ISO9001): En Autoctiy Usados, la calidad es nuestra prioridad. Nuestros vehículos pasan por una exhaustiva inspección de 240 puntos realizada por nuestro equipo de expertos. Además, cuentan con kilometraje verificado y una garantía mecánica de 3 meses.*PRÓXIMOS PASOS:Contáctanos para programar una visita o reservar el vehículo de tu interés.MÉTODOS DE PAGO:    • FINANCIACIÓN A MEDIDA: Accede al auto de tus sueños con nuestro plan de financiamiento personalizado, con opciones de hasta 60 cuotas fijas.    • DEJA TU AUTO COMO PARTE DE PAGO: Cambia tu vehículo actual por uno de Autoctiy Usados.    • PAGO AL CONTADO: Realiza tu pago mediante transferencia bancaria o depósito, en pesos o dólares.¡Viví tu experiencia Autocity!",0,0,0
10034,158000.0,"Ford Ecosport - Año 2010- Motor 2.0 Cadenero- Version XLS- 2 Tubos de Gnc (abajo)Muy buen estado general, detalles minimos propios de uso.Documentacion completa y al dia, transferencia obligatoriaValor en Dolares 9.500Zona Liniers CABA",0,0,0
10052,102000.0,PEUGEOT 3008 HDI GT LINE TIPTRONIC 2019UNICA MANO - 102.000 KM - DISTRIBUCION COMPLETA A LOS 62.000KM - ATENDIDA EN TIEMPO Y FORMA - SIN DETALLES DE PINTURA - EXCELENTE ESTADO - ACEPTO PERMUTA EN EXCELENTE ESTADO AL TITULARDOCUMENTACION AL DIA - LISTO PARA TRASNFERIRFINANCIACION SOLO CON DNICOMPRA - VENTA - CONSIGNACIONES ENTREGA INMEDIATA DESDE 1974 EN LA MISMA ESQUINA,0,0,0
10109,140000.0,EXCELENTE CAMIONETA DE 1* MANO - FALLA EN TABLERO VELOCIMETRO Y SENSOR DE ABS - VIBRACIÓN CARDAN - JAMAS CHOCADA - INTERIOR DE FABRICA -  MOTOR Y CAJA BIEN - No contesto wp interesados llamar y paso direccion capital 11 a 17 hs semana doc. en orden y se vende transferida,0,1,0
10115,87900.0,"VENDO RENAULT DUSTER PH2 DYNAMIQUE 1.6 2016. VTV VIGENTE. 2DO DUEÑO. MECÁNICAMENTE IMPECABLE. EN EXCELENTES CONDICIONES LISTO PARA TRANSFERIR.ACEPTAMOS PESOS, DÓLARES, EUROS, REALES Y CRIPTOMONEDAS A COTIZACIÓN JUSTA REAL DE MERCADO. ACEPTAMOS PERMUTAS DE MAYOR O MENOR VALOR Y TAMBIÉN FINANCIAMOS EN DÓLARES, Y EN PESOS MEDIANTE LOS PRINCIPALES BANCOS DEL PAIS.EL AUTOMÓVIL CUENTA CON DUPLICADO DE LLAVE, MANUALES, CRIQUE, LLAVE DE RUEDA, BALIZAS, MATAFUEGOS Y AUXILIO ORIGINAL, TAL COMO SALIÓ DE FÁBRICA EN 2016.—————ACERCA DE LA COMPRA Y LA TRANSFERENCIA DEL VEHÍCULO———EL COSTO DE LA TRANSFERENCIA DE TITULARIDAD DE ESTE VEHÍCULO ES DE $987.472. ESTE IMPORTE INCLUYE FIRMAS Y LEGALIZACIÓN EN ESCRIBANÍA, Y CUALQUIER OTRO TRÁMITE REGISTRAL QUE SEA NECESARIO. EL IMPORTE MENCIONADO ES FINAL Y NO HAY NINGÚN OTRO GASTO NI COSTO OCULTO.EL PROCEDIMIENTO DE COMPRA ES EL SIGUIENTE:1) USTED COORDINA UNA CITA Y SE ACERCA A VER Y PROBAR EL AUTOMÓVIL, Y SI LE GUSTA, PUEDE RESERVARLO EN EL MOMENTO CON $400.000.2) LUEGO, USTED TENDRÁ 7 DÍAS CORRIDOS PARA ACERCARSE A ABONAR EL VALOR DEL VEHÍCULO Y EL COSTO DE LA TRANSFERENCIA Y FIRMAR EN ESCRIBANÍA LA DOCUMENTACIÓN NECESARIA. ESE MISMO DÍA YA PODRÁ RETIRAR EN EL ACTO LA UNIDAD. NUESTRO PRODUCTOR LE PUEDE GENERAR UN SEGURO DEL AUTOMÓVIL, O BIEN PUEDE TRAER EL SUYO.3) AL CABO DE 7 DÍAS, NUESTRO EQUIPO DE GESTORES SE CONTACTARÁ CON USTED PARA HACERLE LLEGAR LA DOCUMENTACIÓN PERTINENTE.——ACERCA DE QUALIS CARS - AUTOS DE CALIDAD - CONCESIONARIA OFICIAL MULTIMARCA——LA CONCESIONARIA FUE FUNDADA EN 1973 Y HA FUNCIONADO SIN INTERRUPCIÓN DESDE ESE ENTONCES POR MAS DE 5 DÉCADAS. LOS CIMIENTOS FUNDAMENTALES FUERON SIEMPRE LOS MISMOS:1) SOLO VEHÍCULOS DE CALIDAD VERIFICADOS, HASTA 10 AÑOS DE ANTIGÜEDAD E IDEALMENTE CON MENOS DE 100.000 KM. HACEMOS EXCEPCIONES, SOLO SI VALE LA PENA EL VEHÍCULO. NO COMPRAMOS NI VENDEMOS PROBLEMAS.2) TRANSPARENCIA Y VELOCIDAD EN EL TRÁMITE DE TRANSFERENCIA. SABEMOS LO IMPORTANTE QUE ES TENER LOS PAPELES EN REGLA, Y NOS OCUPAMOS DE QUE ASÍ SEA.SI USTED COMPRA CON NOSOTROS, POR FAVOR NO SE SORPRENDA SI RECIBE VARIAS ENCUESTAS TELEFÓNICAS DE NUESTRO EQUIPO DE AUDITORES A LO LARGO DEL PROCESO DE COMPRA. BUSCAMOS ASEGURARNOS LA MISMA EXPERIENCIA PARA CADA CLIENTE Y SOBRE TODO, QUE USTED QUEDE SATISFECHO Y VUELVA.LA CONCESIONARIA SE ENCUENTRA EN ALMAGRO (CAPITAL FEDERAL, ARGENTINA) EN UN PREDIO DE 5.000M2 DONDE SE EXHIBEN ALREDEDOR DE 200 VEHÍCULOS ENTRE 0KM, IMPORTADOS, CLASICOS Y UTILITARIOS. EN EL PREDIO FUNCIONAN ADEMAS TALLERES DE: POSVENTA Y MECÁNICA LIGERA, DETAILING Y CARROCERIA Y PINTURA .(POR FAVOR, PEDIR LA DIRECCION EXACTA, POR POLITICA DE MERCADOLIBRE NO PODEMOS ANUNCIARLA AQUI).",0,0,0
10116,104000.0,"RENAULT DUSTER 1.6 4X2 TECH ROADAño 2015NaftaMotor 1.6103.000 kmUso familiarGPSCámara trasera, sensor retroceso.Levantavidrios 4 puertasVelocidad crucero.Llantas.bateria nueva enero / cambio correa distribución 2025escucho ofertas",0,0,0
10121,45000.0,"VENDO] Volkswagen Taos 1.4Tsi 250 Comfortline 2022 45.000km reales y comprobablesUnico dueñoTodos los service oficiales en tiempo y forma, Interior sin detalles4 cubiertas Michelin impecables con mas del 85% de dibujo y en fechaPolarizado 3M intermedio Tratamiento AcrilicoImpecable nada por hacerToda la pintura original de fabricaSe puede escanear, revisar con mecanico y chapista sin problema!Se entrega transferidaTodo al dia sin deudas ni infraccionesManuales Se puede ver en el barrio de Savedra Capital Federal!!!NO-PERMUTO!!!!!!NO-CONCESIONARIAS!!!!!!NO-O KM!!!",0,0,0
10136,27000.0,"Sin detalles, unico dueño.",0,0,0
10152,49050.0,"Jeep Compass Limited 2.4 AT9 AWDAño: 2019Kilometraje: 49.050 kmsDescripción:• Primer dueño• Caja Automática• Car Play• Mantenimiento en consecionario oficial, service al día• Se entrega con ambas llaves y manuals originalesOfrecemos financiación prendaria que cubre hasta el 100% del valor de tu vehículo.Garage Club BA es mucho más que un servicio: es una comunidad que valora la confianza, la transparencia y el amor por los fierros.Desde Garage Club BA acompañamos a quienes quieren comprar o vender autos usados de forma segura, simple y con total dedicación. Seleccionamos cada unidad con criterio y nos ocupamos de todo el proceso.Somos un proyecto que crece con cada persona que se suma, con el objetivo de brindar una experiencia unica y honesta.¡Cualquier consulta es bienvenida!Coordinamos visita por mensaje privado.",0,0,0
10182,12000.0,"¡Excelente oportunidad para adquirir tu vehículo usado! Ofrecemos una amplia selección de autos en perfecto estado, revisados y listos para rodar. Por favor, ten en cuenta que el precio publicado **NO INCLUYE**gastos administrativos ni el costo de la transferencia.El costo final de esta unidad es de $40.660.000.-Somos una empresa japonesa con más de 20 años de experiencia en el mercado, comprometidos con ofrecer el mejor servicio en la zona. Te esperamos en nuestro horario de atención: de lunes a viernes de 8 a 18 hs y los sábados de 10 a 17 hs.¡No dudes en consultarnos para más detalles!",0,0,0
10185,278500.0,"Isuzu Trooper 1999 3.1D LS FullDiéselManual7 Asientos de cuerokm: 278.500 reales, pero le hice motor (por que se había soplado la junta) tiene 20.000km.Detalle: Tiene una rajadura el parabrizas. (Ver última foto)Le funciona absolutamente todo.Reparaciones:MotorTurboBomba inyectoraEmbragueAlternadorCambios:Bieletas (nuevas)Rótulas (nuevas)Inyectores (nuevos)Amoriguadores los 4 (nuevos)Espirales traseros 2 (nuevos)Correas (nuevas)Escobillas (nuevas)",1,0,0
10189,53507.0,"Cambiá tu auto o comprá uno semi nuevo en Kavak, compañía N°1 en venta online de autos usados en Latinoamérica. Contamos con distintos planes de financiamiento para adaptarse a tus necesidades, también podés dejar tu auto como parte de pago. Solo vendemos autos 2010 en adelante, con menos de 100.000 km, que nunca tuvieron daños estructurales ni GNC.------------------------------------------------------------->> Honda HR-V 1.8 LX CVT << 410616*BENEFICIOS KAVAK:Al comprar tu Auto Kavak contás con un PERÍODO DE PRUEBA DE 7 DÍAS o 300 KM. Si no te encantó, te devolvemos el 100% de tu dinero (incluida la transferencia)*INSPECCIÓN Y COBERTURA MECÁNICA: En Kavak, la calidad es lo más importante. Nuestros autos son mucho más que autos usados, son autos semi-nuevos reacondicionados que están revisados en 240 puntos por nuestro equipo de expertos, tienen todos los servicios al día, kilometraje real y cobertura mecánica Kavak de 3 meses con posibilidad de extensión a 1 año.*CONTRATÁ KAVAK TOTAL: Con Kavak Total tenés 9 meses adicionales de cobertura con tope según marca/modelo del auto en arreglos, en motor, transmisión, tracción delantera y trasera, batería, embrague y correa o cadena de distribución. Cuidar tu auto puede ser tan fácil como manejarlo.PRÓXIMOS PASOS:Consúltanos para agendar una visita y/o reservar tu auto de interés.*MÉTODOS DE PAGO:- FINANCIAMOS TU COMPRA: Podés acceder al auto de tus sueños con nuestro plan de financiamiento hecho a tu medida. Financialo en hasta 60 cuotas fijas.- DEJÁ TU AUTO COMO PARTE DE PAGO: Cambiá tu auto por uno Kavak.- AL CONTADO: Pagá vía transferencia bancaria o deposito. Podés pagar en pesos o en dólares.Para mayor información visitá nuestro sitio.*Ver términos y condiciones en Compra y Venta de Autos Usados en Argentina con Garantia",0,0,0
10199,165000.0,"¡Gran oportunidad! Dodge Journey 2011, versión ATX 2.4L, con 3 filas de asientos, ideal para familias o quienes necesitan espacio y comodidad.Características principales:Motor 2.4L (económico y confiable)Transmisión automática (suave y cómoda para la ciudad o carretera)Tercera fila de asientos (capacidad para 7 pasajeros)Sistema de entretenimiento con DVD (perfecto para viajes largos)Techo panorámico (iluminación natural y estilo premium)Aire acondicionado frío/calienteVidrios y espejos eléctricosLlantas de aleación (buen estado)Bolsa de aire y frenos ABS (seguridad garantizada)Extras:Mantenimiento al díaDocumentación en reglaVTV 2026Interior en buen estado, listo para usar",0,0,0
10213,95000.0,"En Puerto Madero Automóviles tenemos el Mercedes-Benz GLC 300 que siempre quisiste. Este elegante y potente SUV 2.0 4x4 con 94.000 km se encuentra en un estado inmejorable, como lo demuestra su reciente service a los 88.000 km y su VTV vigente. La transferencia es rápida y sencilla. ¡Ven a comprobar su excelente estado, sin el más mínimo detalle!Contamos con gestoria propia para agilizar los tramites de Compra- Venta.Los horarios de atencion al publico son de Lunes a viernes de 10 a 18hs y los sábados de 10 a 14hs.",0,0,0
10217,148000.0,Camioneta con 150000 km segunda mano Service cada 10000 km usada con gasoil Premium siempreCubiertas con 10000 km Buen estado general detalles de uso diario en paragolpesFunciona todo,1,0,0
10220,100000.0,"BETA AUTOMOTORESConcesionario Oficial ChevroletLíder en ventas y calidad de atención, la opinión de nuestros clientes y 27 años en la marca, nos avala. ***Solo vendemos usados seleccionados***¡SUPER OPORTUNIDAD POR PRECIO Y ESTADO!¡¡¡NUEVA FINANCIACION EXCLUSIVA PARA USADOS, CON UNA TASA FIJA DEL 29% ANUAL!!!SI, FIJA Y DESDE EL 29% ANUAL (LE GANAS AMPLIAMENTE A LA INFLACIÓN). Y EXCLUSIVA, PORQUE SOLO NOSOTROS TE LA PODEMOS OFRECER, YA QUE ES DE CHEVROLET GPAT PARA LOS VEHICULOS USADOS DE TODAS LAS MARCAS QUE OFRECEMOS.¡SOLO POR CUPOS LIMITADOS, CONSULTA AHORA!EL VEHICULO-Se encuentra en inmejorable estado ya que está muy cuidado, y posee todos los service al día. Cada vehículo que entra y sale a la venta en nuestro concesionario, pasa por un exhaustivo chequeo realizado por nuestros técnicos, luego se selecciona y se exhibe.-Posee vtv al día, grabado de autopartes, informes de dominio y de infracciones, verificación policial, manuales, 2da llave, etc.LA DOCUMENTACIONNuestra área administrativa se encarga de que la documentación este al día, completa y lista, para que puedas hacer el trámite de transferencia de manera inmediata, y sin necesitar intermediarios. Además te acompañan y asesoran en el proceso de solicitud de tramites.FORMAS DE PAGO-Permutamos por tu vehículo usado. ¡Cotiza en línea, ahora!-Recibimos dólares y los pagamos al mejor precio de mercado, para una compra mas segura, sin que tengas que buscar lugar, y cambiarlos vos.-CREDITOS CHEVROLET GPAT (para usados multimarca)Financiamos a tasa 0% ajustable, y fija solo con DNI, sin comprobar ingresos. Aprobación inmediata. ¡Consúltanos en línea ahora, con tu DNI!",0,0,0
10221,109000.0,tiene actualmente 109.000km cuenta con paragolpe estilo bumper y se entrega paragolpe original tambien4 cubiertas nuevas.enganchey todas las luces de la duster son Led transferencia obligatoria Recibo en parte de pago Renault koleos privilege 4x4 del 2012 en adelante en igual de condiciones,0,0,0
10232,84154.0,"Cambiá tu auto o comprá uno semi nuevo en Kavak, compañía N°1 en venta online de autos usados en Latinoamérica. Contamos con distintos planes de financiamiento para adaptarse a tus necesidades, también podés dejar tu auto como parte de pago. Solo vendemos autos 2010 en adelante, con menos de 100.000 km, que nunca tuvieron daños estructurales ni GNC.------------------------------------------------------------->> Renault Duster 1.6 PRIVILEGE << 406215*BENEFICIOS KAVAK:Al comprar tu Auto Kavak contás con un PERÍODO DE PRUEBA DE 7 DÍAS o 300 KM. Si no te encantó, te devolvemos el 100% de tu dinero (incluida la transferencia)*INSPECCIÓN Y COBERTURA MECÁNICA: En Kavak, la calidad es lo más importante. Nuestros autos son mucho más que autos usados, son autos semi-nuevos reacondicionados que están revisados en 240 puntos por nuestro equipo de expertos, tienen todos los servicios al día, kilometraje real y cobertura mecánica Kavak de 3 meses con posibilidad de extensión a 1 año.*CONTRATÁ KAVAK TOTAL: Con Kavak Total tenés 9 meses adicionales de cobertura con tope según marca/modelo del auto en arreglos, en motor, transmisión, tracción delantera y trasera, batería, embrague y correa o cadena de distribución. Cuidar tu auto puede ser tan fácil como manejarlo.PRÓXIMOS PASOS:Consúltanos para agendar una visita y/o reservar tu auto de interés.*MÉTODOS DE PAGO:- FINANCIAMOS TU COMPRA: Podés acceder al auto de tus sueños con nuestro plan de financiamiento hecho a tu medida. Financialo en hasta 60 cuotas fijas.- DEJÁ TU AUTO COMO PARTE DE PAGO: Cambiá tu auto por uno Kavak.- AL CONTADO: Pagá vía transferencia bancaria o deposito. Podés pagar en pesos o en dólares.Para mayor información visitá nuestro sitio.*Ver términos y condiciones en Compra y Venta de Autos Usados en Argentina con Garantia",0,0,0
10236,74168.0,"SACUR AUTOS te ofrece una amplia variedad de Vehículos, generando seguridad y confianza en la operación, con atención personalizada y profesional.Somos una empresa que cuenta con el aval de pertenecer a la Cámara de Comercio del Automotor de Córdoba.Nuestra calificación de 4.8 estrellas avalan la calidad de nuestros vehículos, atención y eficacia.ENCONTRA TU MEJOR OPCION PARA ADQUIRIR LA FINANCIACION ADECUADA PARA VOS!COTIZA ONLINE EN ESTE MOMENTO CON NUESTROS REPRESENTANTES.¡VISUALIZA EL VIDEO DEL VEHICULO PARA VERLO EN DETALLE!",0,0,0
10244,8700.0,"Estado IMPECABLE, sin detalles. Está ploteada con 3M.",0,0,0
10257,48000.0,"Nissan Kicks 1.6 Exclusive CvtPrecio Lista / Permuta u$s 24900Precio Contado Efectivo u$s 22900+ Aceptamos Transferencia Bancaria en Pesos y Dólares ++ Contamos con cuenta Bancaria en Estados Unidos para recibir transferencias +Mas de 25 años de experiencia en el mercado de vehículos premium• COORDINAR DÍA Y HORARIO PARA VER EL VEHÍCULO •• TOMA DE USADOS A PRECIO DE MERCADO (COTIZAMOS ONLINE)• RESERVA CON CONFIANZA :MERCADO LIBRE PROTEGE TU DINERO, ACEPTAMOS TODAS LAS TARJETAS DE DÉBITO Y CRÉDITO• RESPUESTA INMEDIATA A TUS INQUIETUDES :Respondemos al instante mensajes y llamados. Programamos Videollamadas.• ATENCIÓN PERSONALIZADA• DOCUMENTACIÓN AL DÍA Y LISTA PARA TRANSFERIRContamos con Administración y Gestoría Integral.• COORDINAR DÍA Y HORARIO PARA VER EL VEHÍCULO •",0,0,0
10281,87000.0,"* Estado general impecable* Poco uso* Todos los servicios oficiales* Radicada en CABALa unidad se encuentra en destacables condiciones generales, en poder del dueño, con todos los servicios oficiales y una situación de cuidado y mantenimiento que no deja lugar a criticas. No resulta sencillo describir e nivel de calidad, jerarquía, equipamiento y prestaciones que ostenta este vehículo.En términos de carrocería esta realmente sano; jamás un choque. Casi no es posible encontrarle detalles de estética, no tiene piezas cambiadas, rotas o faltantes ni se advierten bollos o marcas en su pintura. Los 4 neumáticos aún están en excelente estado.A nivel mecánico, posee motor 3.6 24v, doble árbol de levas a la cabeza y distribución por cadena, que rinde 286cv, asociado a una caja automática de 8 relaciones y tracción a las 4 ruedas. El funcionamiento del conjunto motor / caja es IMPECABLE, no hay fallas eléctricas, luces de alerta ni sonidos extraños, jamás ha recibido intervenciones mecánicas de ningún tipo, solo entró a taller para realizar mantenimiento programado (en concesionario oficial hasta la fecha). Respecto del interior, su aspecto realmente es el de un vehículo bien tratado y con buen uso, sin síntomas de desgaste. Los mandos, paneles y tapizados están en óptimas condiciones. Todo el equipamiento de confort y seguridad funciona perfectamente.El vehículo está radicado en CABA, se entrega sin deuda de patentes ni infracciones de tránsito y posee la VTV al día. Cuenta con sus dos juegos de llaves y manuales de usuario.Solo se va TRANSFERIDO. No se aceptan permutas.",0,0,0
10300,100000.0,"La Ford EcoSport SE 2017 1.5 123cv 4x2 es una SUV compacta ideal para el dia a dia.Con un motor que desarrolla 123 caballos de fuerza y 151 Nm de torque. Tiene tracción 4x2 delantera y una transmisión manual de 5 velocidades. Potencia: 123 CV a 6500 rpm.Torque: 151 Nm a 4500 rpm.Transmisión: Manual de 5 velocidades.Tracción: 4x2 delantera.Tanque de combustible: 52 litros.Llantas: 15"".Sistema SYNC 3: Con pantalla táctil de 8"", compatible con Android Auto y Apple CarPlay.Controles en volante: Para audio, teléfono y computadora de a bordoVeni a conocerlo y manejarlo!Todos nuestros autos pasan por una inspección al máximo detalle. Dándote la tranquilidad que necesitas.Con California Cars» Comprá o vendé tu auto de manera fácil, rápida y de forma segura.» Autos libres de multas, sin riesgo de fraude» Opciones de financiación con la mejor tasa en CUOTAS FIJAS EN PESOS de los bancos más importantes de Argentina.» Veni a probarlo en nuestro exclusivo circuito privado.¡Hacé click en Preguntar o Whatsapp para tener asesoramiento detallado!Horarios de atención:Lunes a Sábados de 09hs a 18hs.Domingos cerrado.Parque industrial Polo HudsonAutopista Buenos Aires - La Plata, Km 30",0,0,0
10304,190000.0,MITSUBISHI MONTERO GLS 3.2 DI-D 2006LA MÁS FULL - 7 ASIENTOSTECHO - CUERO - CAJA AUTOMÁTICAEXCELENTE MECÁNICA DETALLES ESTÉTICOS PERMUTAS - FINANCIACIÓN,1,0,0
10309,190000.0,INMEJORABLE ESTADO TODA ORIGINAL SIN DETALLES,0,0,0
10318,63000.0,"Bienvenido a Monoceros: Tu Puente hacia Vehículos de Dueños Directos1 - Conexión Exclusiva:En MONOCEROS, cada vehículo proviene directamente de dueños, ofreciéndote una conexión única. DIFERENCIANDONOS DE LAS AGENCIAS, te brindamos la oportunidad de comprar DIRECTAMENTE A UN PROPIETARIO, asegurando una transacción más personal. Monoceros GARANTIZA una conexión exclusiva con propietarios respaldados por nuestra plataforma de confianza.2 - Chequeo Exhaustivo:Realizamos chequeos detallados para proporcionarte información precisa sobre el estado de cada vehículo, brindándote SEGURIDAD en tu compra.3 - Vendemos Transparencia:En MONOCEROS, no solo vendemos autos, vendemos transparencia. Tu confianza es nuestra prioridad.4 - Visualización en 360º:Experimenta una VISUALIZACIÓN completa con nuestro FORMATO 360º. Examina cada detalle antes de coordinar una visita.5 - Visitas Coordinadas:Programa visitas previas fácilmente mediante coordinación telefónica o por WhatsApp, adaptándonos a tu horario.6 - Informe Mecánico Completo:Proporcionamos INFORMES MECANICOS y reportes de scanner para una evaluación completa del estado del vehículo.7 - Información Legal a tu Alcance:Accede a INFORMES DE DOMINIO Y MULTAS para tomar decisiones informadas y legales.8 - Permutas Bienvenidas:Gestionamos PERMUTAS a través de agencias aliadas de confianza con una extensa trayectoria que nos vincula. Así, tu transición a un nuevo automóvil es aún más fácil y segura. ¡Haz el cambio con nosotros de manera sin complicaciones!9 - Opciones de Financiación:Explora nuestras opciones de FINANCIACIÓN para hacer más accesible la adquisición de tu vehículo.10 - Estamos aquí para responder a tus preguntas y hacer que tu búsqueda de un nuevo vehículo sea fácil y emocionante. ¡Contáctanos hoy mismo!",0,0,0
10343,118000.0,"NIVUS CONFORTLINE 1.O 200 TSIÚnica mano.Service oficiales. Cambio de correas realizado a los 90.000 kms. Se entrega con VTV realizada el 17/3/25.Asientos, volante y puertas con tapizado cuero (usd2000)Android auto / Carplay inalambricoLos kms son de ruta.Sin detalles de chapa o pintura.Tuerca de seguridad en las 4 ruedas",0,0,0
10350,14000.0,"Vendo peugeot 2008 allure igual a 0km, sin detalles, unico dueño, vtv vigente hasta año 2026, papeles al dia, ESCUCHO OFERTA, NO permuto.",0,0,0
10386,110000.0,"DETALLES DE LA UNIDADRenault Duster Duster 1.6 4X2 Dynamique L15 2020 110000KM IMPECABLE CON GNC.¿CÓMO PODES PAGAR? :· Créditos BANCOR SANTANDER RIO Y SUPERVIELLE,  tasa fija y/o uva. · Créditos sumando ingresos familiares.. Créditos para emprendedores MONOTRIBUTISTAS Y PYME.· Tarjetas de crédito· Mercado Pago· Permutas (recibimos tu usado sistema llave por llave). Recibimos CRIPTOMONEDAS. Financiación sólo con DNIEJEMPLOS DE FORMA DE PAGO ( estos valores son solo ejemplificativos y aproximados a la realidad que surgen de una entrega y saldo en cuotas por cada cliente ).FIANCIANDO:$5.000.000 -     36 CTAS UVA DE $200.000 Y FIJA DE $320.000.                         48 CTAS UVA DE $170.000 Y FIJA DE $295.000$10.000.000 -                            36 CTAS UVA  DE 400.000 Y FIJA DE .$641.000                         48 CTAS UVA DE $339.000 Y FIJAS DE $591.000$20.000.000 -  36 CTAS UVA  DE $815.000 Y FIJA DE 1.280.000                        48 CTAS UVA DE $679.000 Y FIJAS DE $1.180.000                        60 CTAS UVAS $ 600.000                        72 CTAS UVAS $ 550.000Podes calcular cuanto te falta para llegar a tu nuevo AUTO  y tener referencia de la cuota que podes pagar, se puede financiar en menos cuotas o mas dependiendo la unidad y el cliente.Preguntas frecuentes de los clientes: SIEMPRE TE PREGUNTAS POR LA GARANTÍA?Nuestros vehículos pasan por UN control detallado del funcionamiento enfocandonos en la parte de motor, caja de cambio y todo lo relacionado con seguridad como frenos, iluminación, cubiertas, tren delantero y trasero. A si mismo las garantias legales siempre dependen del modelo, km, años de antigüedad y uso del vehículo. Consultar siempre las politicas de garantia su funcionamiento y como proceder,  asesorate previamente, compra seguro e informado. ¿Los vehículos cero kilometros cuentan con garantía de fábrica?Si, entre 3 y 5 años dependiendo del convenio de cada marca, siempre y cuando estén los service del concesionario oficial al día.¿Puedo financiar al 100%?Nosotros ofrecemos esta financiación gracias a nuestros convenios BANCARIOS (el monto que te podemos financiar depende de la situación financiera de cada cliente). Pero si no calificas para el sistema Bancario, te ofrecemos acceder mediante una financiera solo hasta el 50% del valor del auto.Si sos monotributista tambien podes calificar nosotros realizamos la consulta por vos.21000000(ESTA OFERTA NO GENERA COMPROMISO DE VENTA, YA QUE EL PRECIO PUEDE MODIFICARSE SIN PREVIO AVISO, precio publicado contiene un descuento especial por pago de contado efectivo, consulte precio por otras formas de pago) Click CarsMonseñor Pablo Cabrera 4037 CORDOBA, Córdoba,  ArgentinaHORARIOS DE ATENCIÓN:· Lunes a viernes - 9 a 18:30 hs.· Sábado - 9:30 a 13:30 hs.· Feriados (consultar)",0,0,0
10408,61000.0,"UNIDAD EN STOCK ONLINE. coordinar la visita previamente.Tomamos mayor y menor valor. Su consulta no molesta.FORD TERRITORYVERSION TITANIUMMOTOR 1.5CAJA AUTOMATICATRACCION 4X2AÑO 202161.000 KMNo necesitas hacerle nada,Solo ponerlo en marcha y disfrutarlo.SI QUERES VENDER TU AUTO CON NOSOTROS, TE VENDEMOS TU AUTO SIN QUE LO DEJES DE USAR.Somos BROTHERS DRIVE CARS.Asesoramiento especializado.Atención personalizada.Permutas MAYOR Y MENOR VALOR.Consignaciones SIN QUE LO DEJES DE USAR.Financiación en cuotas FIJAS Y EN PESOS (LO ARMAMOS A TU MEDIDA)Gestoría integral del automotor.Broker de seguros.",0,0,0
10415,98000.0,"Honda HRV EXL 2020 con 98.000kms. El vehiculo se encuentra en impecable estadoSe aceptan permutas<< Somos una empresa familiar la cual tiene como principal objetivo brindar una experiencia de compra y venta distinguida. Todo nuestro equipo trabaja para que cada cliente tenga la mayor comodidad y tranquilidad posible durante todo el proceso comprando unidades de primera. >> << Al momento de tener un nuevo ingreso, nos ocupamos de llevar a cabo las revisiones que sean correspondientes y de que nuestro sector de gestoría se encargue de preparar la documentación para que la transferencia sea inmediata. Para la tranquilidad del cliente, se pude escanear y revisar ante cualquier especialista nuestras unidades. >><< Si bien damos la opción de presentar el tramite de traspaso de dominio de manera particular con el fin de evitarse gastos extra, nuestro equipo de gestores y grupo asegurador, se encuentran a entera disposición para lograr una compra rápida y totalmente prolija. >><< Los invitamos a leer nuestras reviews en Google y los esperamos en nuestro salon de ventas ubicado en La Lucila sobre Av Libertador ! >>  Grupo Scotti —> Sucursal Gt Automotores",0,0,0
10449,152400.0,Chevrolet Tracker LTZ+ 1.8 Nafta Año 2016Único dueño150.000 km 4X4 AutomáticaTecho solarPantalla con cámara de estacionamientoRodado 18Control de estabilidad6 AirBagVelocidad cruceroLuces automáticasTapizado de cueroLevanta vidrio one touch en las 4 ventanasEspejos retrovisores eléctricos Freno a disco en las 4ABSCierre centralizado con levanta vidrio a distanciaVidrio con protección antivandalica Mantenimiento: 2 cubiertas nuevas (1000km)Bateria con 1 año de usoDistribución completa a los 110.000 kmBomba de agua (6 meses)Bobina nueva (6 meses)Bujías nuevas (6 mesesRecipiente de líquido refrigerante (12 meses)Manguera líquido refrigerante (12 meses)Termostato con sensor (12 meses)VTV vigente hasta agosto 2025 Todos los repuestos originales y trabajos realizados en concesionario oficial,0,0,0
10457,76946.0,"----------------------------------------------* { { LEER CON ATENCION } } *----------------------------------------------CONCESIONARIO HAUSWAGEN PILARPEUGEOT 2008 FELINE 1.6 MT BUEN ESTADO Somos Hauswagen, más de 25 años avalan nuestra trayectoria.Somos la red de concesionarias Volkswagen más importante del País.Empresa de garantía y excelenciaAsesor ComercialGaston Rodriguez1140554490--------------------------------------------------------* Expertos en ventas a todo el país. Lo hacemos fácil y sencillo. (SOLO VENÍS A RETIRAR)*Tomamos a excelente precio su usado (tomamos autos radicados provincias)*Compra segura y confiable desde cualquier parte del país.Reserva a través de Mercado Libre que protege 100% de tu dinero hasta la entrega.",0,0,0
10461,57000.0,"MARCA PEUGEOT MODELO 3008 VERSION GT-LINEAÑO 2020KMTS 57.000CONSULTA AQUÍ POR CRÉDITOS BANCOR CRÉDITOS SANTANDER Y FINANCIACIÓN PROPIA DE LA CASA A MEDIDA DEL CLIENTEMEGA CARS AUTOMOTORESENTREGA INMEDIATA… EN EL DIA!!!Si el vehículo le interesó no dude en escribirnos o llamarnos para coordinar una cita y que usted pueda no solo venir a ver y revisar la unidad sino también realizar un test drive con el mismo. TODOS NUESTROS VEHÍCULOS ESTAN A SU ENTERA DISPOSICIÓN PARA QUE LOS PRUEBE, HAGA REVISAR CON SU MECANICO DE CONFIANZA O LO QUE A USTED LE PAREZCA NECESARIO PARA SU TRANQUILIDAD. Recibimos su usado en excelente precio, Financiación a medida - Distintas formas de pago.-  ————————————————————————————— Somos una agencia ícono en Córdoba capital, ubicados en el corazón del parque de venta automotriz Contamos con gran variedad de vehículos usados y cero km con entrega inmediata brindando al cliente todo lo que necesita para su tranquilidad y una operación segura y sencilla.Muchísimas gracias por elegirnos!FRANCO VACCARI",0,0,0
10483,126000.0,"Vendo o permuto Ecosport 2005 en muy buen estado , detalles a la vista casoletas y crapodina nueva espiral todo del lado del conductor habría q cambiar la casoleta del lado del acompañante y poner el espiral nuevo q ya lo tengo, paragolpes recién colocado nuevo, solo NAFTA funcionando de 10, único detalle el guardabarros lado conductor y hay q reparar el servo, después nada más, cédula titulo y 08 firmado pero está lleno igualmente se puede transferir, informe recién sacado también, puedo tomar moto pero a mi conveniencia, parabrisas rajado pero entrego el otro para colocar.. soy de Lanús este, su consulta no molesta.",1,1,0
10528,850000.0,"Motor a Nafta y GNC. Hoy se encuentra para restaurar como reparar motor, colocar cubiertas, arreglar interior, y demas retoque que hacen a la estetica, Lista para transferir. Caja manual con sobremarcha y varios repuesto de motor y caja usados",1,0,0
10529,109000.0,"Sin detalles. Es la mas equipada, cámara, sensores delanteros y traseros, asistente de carril, asistente de estacionamiento, cierre eléctrico de baúl, etc. Tracción 4x4, caja automática... Cambio de aceite recién hecho y batería puesta nueva, se puede ver y charlar sin compromiso",0,0,0
10549,75000.0,"Toyota Hilux SW4 2022 – Impecable Estado | 70.000 km¡Oportunidad única! Se vende Toyota Hilux SW4 modelo 2022, con tan solo 70.000 km. Vehículo en excelente estado, tanto mecánico como estético, lista para disfrutar.Motor potente y confiable, ideal para ciudad, ruta o terrenos exigentes.Interior amplio, cómodo y muy bien cuidado.Asientos de cuero, climatizador bizona, pantalla multimedia con GPS, cámara de retroceso y conectividad completa.Sistema de tracción 4x4 con excelente desempeño.Revisión de mantenimiento al día, sin deudas ni detalles.Único dueño. Papeles al día. Apta para transferencia inmediata.No te pierdas esta SUV robusta, segura y lista para todo. ¡Consultá sin compromiso!",0,0,0
10551,62000.0,"El vehículo se encuentra en muy buenas condiciones. Lo único que se cambió fue bujías y batería. Su uso solo para paseo, kilómetros reales, cubiertas un poco más anchas que las originales x 4 todavía nuevas + de auxilio. Funciona todo sin fallas.",0,0,0
10561,255000.0,FORD ECOSPORT FREESTYLE 1.6 2013PRECIO PUBLICADO EN $11.500.000 DE PESOSCUENTA CON 255.000KM NAFTA Y GNCCAMBIO DE CORREA Y ACEITE HECHO HACE 2.000KMDETALLES QUE SE VEN EN FOTOSSE ACEPTAN PERMUTA PRECIO DE PERMUTA ES DE $13.000.000 DE PESOS,0,0,0
10573,83000.0,"¡¡¡SOMOS ME2 AUTOMOVILES!!! CONCESIONARIO PROFESIONAL PARA LA COMPRA-VENTA DE VEHICULOS; CONOCENOS, VISITANOS ASI REALIZAS UNA OPERACION PROFESIONAL, SEGURA, RESPONSABLE Y DE CALIDAD.CALIDAD 100% ASEGURADA EN VEHICULOS USADOS!-----------------------------------------------------------DESCRIPCION DEL VEHICULO Y FORMAS DE PAGO:FORDECOSPORTFREESTYLENAFTA 1.6AÑO 2015#KM 83.000#UNICO DUEÑO#4 CUBIERTAS EN EXCELENTE ESTADO#LLANTAS DE ALEACIÓN#ALZA CRISTALES 4 PUERTAS#ESPEJOS ELECTRICOS#CIERRE CENTRAL#AIRE ACONDICIONADO#DIRECCION ASISTIDA#VIDEO DE LA UNIDAD DISPONIBLE-----------------------------------------------------------OPCIONES DE PAGO:1-ENTREGA $ 8.500.000 Y FINANCIA EL RESTO SOLO CON DNI.2-TOMAMOS PERMUTAS, CONSULTANOS.-----------------------------------------------------------PREGUNTAS FRECUENTES:1-CUOTAS Y PLAN DE PAGO PROMEDIO? No hay una cuota o un plan de pagos promedio ya que el plan de pagos se arma con el perfil de credito de cada cliente.2-EL PRECIO ES EL PUBLICADO? NO, es el anticipo de una posible financiacion.3-TOMAMOS PERMUTAS? Si, para cotizarlo tenemos que revisar tu vehiculo.4-EL VEHICULO TIENE LOS PAPELES PARA TRANSFERIR? Si, se van transferidos del concesionario.5-PUEDO IR CON UN MECANICO? Si, podes revisarlo sin problema.6-EL AUTO SALE ASEGURADO? Brindamos servicio de seguros.7-POR DONDE ME CONTACTO? Hace clic en los enlaces para contactarnosME2 AUTOMOVILES",0,0,0
10579,86000.0,"Somos M Automotores!!!Atención Personalizada!!PERMUTASTomamos tu usado en parte de pago sin problemas. Podes acercarte al concesionario y lo cotizamos.No aumentamos el precio de venta por la toma de usados.CONSIGNACIONESTE VENDEMOS TU AUTO SIN QUE LO DEJES DE USAR.FINANCIACION-Trabajamos con los principales Bancos y Financieras para que puedas acceder al mejor crédito.-Tenemos opciones de Cuotas Fijas, en Pesos congeladas.-Tenemos créditos UVA con cuotas variables.-Tenemos créditos Personales.ENTREGA INMEDIATAGestoría Integral del automotor. Llevate tu auto transferido. Garantía de documentación avalada por Mautomotores.BROKER DE SEGUROS.MAUTOMOTORES 17 AÑOS DE EXPERIENCIA!!! Lunes a Viernes de 9.00hs a 19.00hs. Sábados de 9.00hs a 15.00hs",0,0,0
10584,149000.0,"VOLKSWAGEN TAOS COMFORTLINE 250TSI 2021- TODO SU KILOMETRAJE FUE HECHO EN RUTA- PRIMERA MANOEXCELENTE ESTADO SIN DETALLES, CON 149.900km!!TODOS LOS PAPELES AL DIA, LISTO PARA TRANSFERIR!!!!!ACEPTAMOS TU USADO EN PARTE DE PAGO!!!!!!Equipamiento:- PANTALLA MULTIMEDIA CON CARPLAY INALÁMBRICO - AIRE ACONDICIONADO- SENSOR DE ESTACIONAMIENTO - LLANTAS DE ALEACION- COMPUTADORA A BORDO- DIRECCION ASISTIDA- ALARMA- CIERRE CENTRALIZADOESTAMOS UBICADOS EN BOEDO CABAESPERAMOS TU CONSULTA!!",0,0,0
10616,220000.0,"TOYOTA LAND CRUISER PRADO 4.0 TXL AT - 2013Vehiculo en excelentes condicones, sin detallesMotor naftero 4.0 V6Climatizador, direccion, cierre, encendido sin llave, butacas electricas, velocidad crucero, techo panoramica, doble traccion 4x4, camara de retroceso, control de traccion y estabilidadCapacidad para 7 pasajerosDocumentacion garantidaPERMUTAS – AMPLIA FINANCIACIÓN",0,0,0
10678,101457.0,"Jeep Grand Cherokee 3.6 Limited 286hp Techo + Llantas 18 *VIDRIOS BLINDADOS*Año 2016101.457 kmPrecio Lista / Permuta u$s 44.000-.Precio Contado Efectivo u$s 43.000-.• GRIFF CARS | SUCURSAL ITUZAINGO | SUCURSAL CASTELAR •Mas de 20 años de experiencia en el mercado de vehículos• COORDINAR POR WHATSAPP DÍA Y HORARIO PARA VER EL VEHÍCULO •• TOMA DE USADOS A PRECIO DE MERCADO (COTIZAMOS ONLINE)• RESERVA CON CONFIANZA MERCADO LIBRE PROTEGE TU DINERO, ACEPTAMOS TODAS LAS TARJETAS DE DÉBITO Y CRÉDITO• RESPUESTA INMEDIATA A TUS INQUIETUDES POR WHASTAPP:Respondemos al instante mensajes y llamados. Programamos Videollamadas.• LOS VEHICULOS SON ENTREGADOS TRANSFERIDOSContamos con Administración y Gestoría Integral.• COORDINAR POR WHATSAPP DÍA Y HORARIO PARA VER EL VEHÍCULO •Contamos con;• Financiación del 50% / 60% con crédito bancario delbanco Santander cuotas fijas y en pesos",0,0,0
10695,92000.0,"hermosa camioneta ,sin detalles todos los service oficiales en tiempo y forma en zento.papeles al dia listo para manferir.FINANCIAMOS entrega $13.000.000 y el resto fináncialo hasta en 48 cuotas fijas o créditos uva. ______________________________ DOCUMENTACION:Certificada y garantizada por FGC_AUTOMOTORESContamos con un equipo Premium de trabajo para asesorarte y darte toda la información para tu tranquilidad y que puedas disfrutar de la experiencia de compra. ______________________________PERMUTAS:Recibimos tu usado en parte de pago.Podes enviarnos fotos y datos a nuestro número de whatsapp para una pre-cotizaciónO acercarte con el auto directamente para verlo, las cotizaciones son en el momento tomamos tu usado de mayor o menor valor pagamos diferencia si la unidad lo requiere, te gestionamos todos los turnos y tramites de _______________________________COMPRA TRANQUILO:Cada cliente cuenta con la posibilidad de revisar el auto con su mecánico de confianza. _________________________",0,0,0
10727,85900.0,"Esta Toyota Hilux SW4 Diamond modelo 2022 con 85.900 km, equipada con el confiable motor 2.8 TDI.La camioneta se encuentra en impecable estado, tanto por dentro como por fuera, cuidada al detalle. Mantenimientos al día, interior como nuevo, y sin ningún tipo de desgaste notable.Esta versión Diamond combina potencia, confort y lujo, con un nivel de equipamiento superior y toda la robustez característica de Toyota.Es, sin dudas, la mejor SW4 que vas a encontrar en el mercado.Precio con permuta USD 52.500.-Lista para transferir y disfrutar.",0,0,0
10784,23000.0,"Automotores PalacioEstamos ubicados en Los polvorines, Zona norteUNICO DUEÑO 0kmEN GARANTIA Valor publicado efectivoDólar billete!Valor permuta u$s 65.000Excelente unidad Listo para usar y disfrutar Toda su documentación al día Sin deudas de patentes Sin deudas de multas Listo para transferir sin problemas.",0,0,0
10801,69000.0,Modelo full con tapizado totalmente de cuero y motor 2.0 nafta.Requiere reparar el condensador (radiador exterior) del aire acondicionado dado que tiene una fuga.,0,0,0
10812,28000.0,"BETA AUTOMOTORESConcesionario Oficial Chevrolet Líder en ventas y calidad de atención, la opinión de nuestros clientes y 27 años en la marca, nos avala. ***Solo vendemos usados seleccionados***¡SUPER OPORTUNIDAD POR PRECIO Y ESTADO!                        **NOVEDADES DE FEBRERO***¡¡¡NUEVA FINANCIACION EXCLUSIVA PARA USADOS, CON UNA TASA FIJA ANUAL!!! SI, FIJA  ANUAL (LE GANAS AMPLIAMENTE A LA INFLACIÓN). Y EXCLUSIVA, PORQUE SOLO NOSOTROS TE LA PODEMOS OFRECER, YA QUE ES DE CHEVROLET GPAT PARA LOS VEHICULOS USADOS DE TODAS LAS MARCAS QUE OFRECEMOS.¡SOLO POR CUPOS LIMITADOS, CONSULTA AHORA!EL VEHICULO-Se encuentra en inmejorable estado ya que está muy cuidado, y posee todos los service al día. Cada vehículo que entra y sale a la venta en nuestro concesionario, pasa por un exhaustivo chequeo realizado por nuestros técnicos, luego se selecciona y se exhibe.-Posee vtv al día, grabado de autopartes, informes de dominio y de infracciones, verificación policial, manuales, 2da llave, etc.LA DOCUMENTACIONNuestra área administrativa se encarga de que la documentación este al día, completa y lista, para que puedas hacer el trámite de transferencia de manera inmediata, y sin necesitar intermediarios. Además te acompañan y asesoran en el proceso de solicitud de tramites. FORMAS DE PAGO-Permutamos por tu vehículo usado. ¡Cotiza en línea, ahora! -Recibimos dólares y los pagamos al mejor precio de mercado, para una compra mas segura, sin que tengas que buscar lugar, y cambiarlos vos.-CREDITOS CHEVROLET GPAT (para usados multimarca)Financiamos a tasa 0% ajustable, y fija solo con DNI, sin comprobar ingresos. Aprobación inmediata. ¡Consúltanos en línea ahora, con tu DNI!",0,0,0
10818,98400.0,"PRECIO Averiguando con gente que perito el auto me informaron que el precio publicado es el indicadoPeugeot 2008 1.6 thp SportPerfecto estadoBatería willard nuevaCubiertas delanteras nuevasLas traseras están seminuevasAnda todo, motor 10 puntos Interior muy cuidadoListo para pasear y viajarVtv realizada en marzoSe puede ver cualquier díaClimatizadorTecho panorámicoComputadoraSensor de lluviaCámara de retrocesoSensores delanteros Espejos eléctricosButacas mixtas cuero y tela deportivas, muy comodasAirbag delanteros y lateralesEscucho ofertasSi necesitan más fotos o videos envíoLa vendemos xq necesitamos una camioneta tipo furgón para negocioSu pregunta no molestaSebastián",0,0,0
10830,345000.0,"La camioneta se encuentra en excelente estado general, el interior muy bueno, sin roturas o marcas en los tapizados originales. funciona todo! único detalles en carrocería del exterior en guardabarros (óxido) que se puede ver a simple vista. Es tracción integral, ideal para zonas de montañas y pendientes o caminos rurales (cordillera). Motor 2.0 que no necesita un gran mantenimiento. Digna de ver!Posibilidad de tomar permuta menor o mayor valor de nuestro interés.Escuchamos propuesta en efectivo.Neuquén Capital.",1,0,0
10836,142000.0,"TITULAR , UNICO DUEÑO .- Al día. Se entrega sin deudas de patente, multas, ni nada. Transferencia obligatoria.- Particular, no agencia.- Todos los Servicios realizados. Nada para hacerle, sólo disfrutarlo.- Alarma volumétrica- Impecable. Sin detalles. Muy cuidado .- Sensores de estacionamiento- Techo solar eléctrico- Climatizador- Tapizado de cuero.- Volante multifunción de cuero (con comandos de audio y teléfono)- Caja Tiptronic de 8 velocidades - Velocidad crucero- Espejo con antiencandilamiento automático- Levanta cristales y espejos eléctricos- Faros antiniebla- Cierre centralizado con llave comando- Llantas de aleación de , neumaticos BRIGESTONE TURANZA 255/60R 17 rango 106V- 8 Airbag. Dirección eléctrica. Control de estabilidad y tracción. ABS con Distribución- Electrónica de Frenado- Libre de humo (nunca se fumo adentro)",0,0,0
10838,170000.0,"BMW X5 E70 V8 4.8 2009TITULAR AL DIAES UNA DE LAS MAS FULL DE TODASTODO LO DETALLADO FUE REALIZADO ENTRE LOS MESES DE AGOSTO 2023 A LA FECHALE ANDA TODA LA PARTE ELECTRICATIENE KIT LUZ LED EN INTERIOR Y EXTERIORSERVICE COMPLETO DE ACEITE BMW Y TODOS LOS FILTROS EN 2024CAMBIO DE FLUIDOS Y FILTRO DE CAJACAMBIO DE CORREAS DE PERISFERICOSCAMBIO DE LIQUIDO DE FRENOS COMPLETOCAMBIO DE FLUIDO DE TRANSMISION, LIQUIDO HIDRAULICO Y LIQUIDO REFRIGERANTE .CAMBIO DE JUNTAS DE TAPAS. DISTRIBUCION SUPERIOR Y PORTAFILTROS. CAMBIO DE TAPITA DE ACEITECAMBIO DE TAPA DE DEPOSITO DE LIQUIDO HIDRAULICOCAMBIO DE BUJIAS BOSCH PLATINUM X8CAMBIO DE ORING BOMBA VACIOCAMBIO DE SENSOR DE ACEITESERVICE DE INYECCIONSE REEMPLAZARON LAS MANGUERAS DE AGUA QUE ESTABAN RESECASTRANSFER REPASADO A NUEVO (CADENA ETC)SUSPENSION DELANTERA HECHA COMPLETA: AMORTIGUADORES, ESPIRALES, LOS 4 BRAZOS COMPLETOS, ROTULAS, BUJES Y PATA DE MOTOR.SUSPENSION TRASERA: AMORTIGUADORES, ESPIRALES, BIELETAS Y BUJES. BALANCEO Y PINTURA DE DE LLANTAS. CAMBIO DE RETENES DE VALVULA EN SERVICE OFICIAL BMW (FALLA HABITUAL EN ESOS MOTORES), ESTABAN RESECOS PORQUE LA CAMIONETA ESTUVO VARIOS AÑOS PARADOS. SE REALIZA NUEVAMENTE CAMBIO DE ACEITE Y FILTROS CON ACEITE ORIGINAL BMW. ABRIL 2024. SE ENTREGA CON JUEGO DE LLANTAS 20 GRISES ORIGINALES Y CUBIERTAS MICHELIN CON 5000KM . (VER FOTOS)DETAILING: TRATAMIENTO CERAMICO RECIENTEBATERIA NUEVA COLOCADA ENERO 2025BURRO REPASADO A NUEVO ENERO 2025SISTEMA DE CARPLAY CON NAVEGACION, BLOETHOOT Y USBCAMARA DE ESTACIONAMIENTO TRASERA Y DELANTERACARCAZA ESPEJOS MPARAGOLPES, FENDERS Y REJILLAS REPASADOS A NUEVO CON UN TRATAMIENTO TEXTURADO ESPECIAL PARA Q NO SE PEGUE LA MUGRE Y LOS BICHOS.SIN PERDIDA DE ACEITE EN NINGUN LADO. POCOS PUEDEN DECIR ESTO.TIENE DOBLE JUEGO DE LLAVE Y MANUALES ORIGINALESOPTICAS ORIGINALES: LIMPIEZA Y PULIDO DE LAS MISMASSISTEMA DE AUDIO: PARLANTES DELANTEROS SE REEMPLAZO POR ALPINEALFOMBRA TRASERA DE BAUL EN GOMA COMO ACCESORIOALFOMBRAS DE INTERIOR EN GOMA DE X5 COMO ACCESORIOS",0,0,0
10869,134000.0,"Se vende Renault Oroch Dynamique 2016!Excelente camioneta para quienes buscan potencia, espacio y versatilidad. Con motor 2.0 y 134,000 km recorridos, está en buenas condiciones y lista para seguir acompañándote en tus aventuras diarias. Su diseño moderno y su comodidad la hacen perfecta tanto para el trabajo como para el ocio.No dudes en contactarme para más detalles o para agendar una prueba de manejo. ¡Una oportunidad que no puedes dejar pasar!",0,0,0
10891,36000.0,"Ford Territory Titanium 1.5 AUT. año 2022, inmaculada! AutodescoUnico dueño - 36.000 kms.Versión de máximo equipamiento: cámara de 360g, techo cielo con apertura, detalles simil madera en su interior, llave de presencia, sensor punto ciego, pantalla táctil, climatizador y demás equipamiento de la versión.*¿Financiamos? Sí, con mínimos requisitos, cuotas fijas y prendario.*¿Aceptamos vehículos? Sí, intentando tasarlo al mejor precio posible para que llegues al vehículo que tanto anhelas*Vehículo listo para ser transferido por nuestra gestoría.""El contenido de este sitio web y/o publicación no debe ser considerado una oferta y puede ser actualizado en forma total o parcial sin previo aviso y sin incurrir en ninguna obligación""",0,0,0
10892,233000.0,Con detalles de carrocería evidenciados en las fotos.,1,0,0
10893,90000.0,"SE PUEDE FACTURAR A*MODELO:2008*VERSIO:ACTIVE*MOTOR:1.6*AñO:2016*KM:90.000*UNICO DUENO? 1 MANOFINANCIAN?SI,POR BANCO A TASA FIJA O CREDITO UVA.*ESTADO DE CUBIERTAS:100%*ESTADO INTERIOR:10 PTOS*ESTADO EXTERIOR:10 PTOS*SI PAGO AUTO Y TRANSFERENCIA ME LO PUEDO LLEVAR EN EL MOMENTO:SI*LOS VEHICULOS QUE VENDEN ESTAN LIBRE DE MULTAS Y AL DIA?TODOS NUESTROS VEHICULOS SE ENTREGAN AL DIA Y LIBRE DE MULTAS.*PUEDO LLEVAR MI MECANICO Y CHAPISTA PARA INPECCIONAR?SI,NINGUN PROBLEMA.",1,0,0
10923,8000.0,Fiat Pulse Abarth 1.3 turbo como nuevo sin detalles 8000 kms,0,0,0
10934,35000.0,Estado excelenteSolo 35.000 kmssin detallestodas nuestras unidades se venden transferidas y sin deudas de ningun tipoAdemas cuentan con garantia mecanica por escrito,0,0,0
10937,141000.0,"Es 4x4 automática, cuero, tope de gama. La caja automática es con palanca de alta y bajaToyota Hilux Sw4 3.0 Srv Cuero 4x4 AutomáticaAl ver el video no le quedaran dudas del estado único del vehículo y menos cuanda la vea personalmente.4 amortiguadores nuevos.El vehículo no se uso por 5 años. La mayoría de los km son de ruta, esta en el estado de un vehículo de 60.000kmPuerto USB, pantalla táctil con todas las aplicaciones. GPS, camara de retroceso, sensor de estacionamiento.Llave de la Hilux nueva, el duplicado es el original, viene también con control a distancia. Manuales de fábrica, con funda Toyota que esta como nueva. manual de mantenimiento en Toyota.Funciona todo perfecto $0 a gastarle, invitado a que su mecánico la revise y escanee, le dirá que no existen autos en este estado.Gomas con solo 10.000km, ver bien el estado en las fotos. Tuercas de seguridad alemanas, traen hasta un código.Polarizado recién hechoSeguro para rueda de auxilio inviolable, ver foto.Alfombras originales y las protectorasLuces led.La puede transferir a su nombre de la manera más económica posible. No la entrego si no se transfiere en el momento.Todos los papeles al día y lista para transferir.Grabado de autopartes y cristales.Nunca usada en la arenaSoy un enfermo y molesto del auto, persona de 60 años de edad, cuidada como a una hija menor.VTV al día, vence en oct/25Nunca un golpe, ningún panel repintado menos los paragolpes por detalles mínimosSi quiere pagar poco de patente, de seguro, de transferencia y tener un vehículo más que económico para mantenerlo, dado que no se rompen nunca y que este en el estado de un 0 km, no lo va a encontrar excepto que venga a ver este vehículo.Cadena de distribución cambiada a los 90.000 Km. Filtro de caja cambiado el 22/8/22Alineación y balanceo 17/1/2508 ya firmado en el registro, verificación policial.Ultimo servicio en ene/25:SERVICIO DE MANTENIMIENTO PERIODICO KM ACTUAL 136200Reemplazo de Aceite de motor motul francés x 6.5 litrosReemplazo de filtro de aire de motor Reemplazo de filtro de aceite de motor Reemplazo de filtro de combustible gasoil Reposición de todos los fluidos y control de los mismosEscaneo de todos los sistemas electrónicos mediante equipo de diagnóstico y reset de los mismos Control de estado y calibración de neumáticosRevisión de frenos delanteros y traserosControl de correa de accesorios de motor y reemplazo descripción abajoRevisión de tren delantero y trasero y estado de la suspensión y servicio descripción abajo Revisión de lámparasReemplazo de filtro de habitáculo alternativo carbón activado para sistemas calefacción/aire acondicionado y descontaminación de tuberías mediante aerosol alemán liquy Mollyreemplazo de articulación axial precap delantero izquierdo más media hora de mano de obra colocando abrazaderas metálicas no precintosreemplazo de suspensión delantera ambos lados más dos horas de mano de obra reemplazo de suspensión trasera más una hora de mano de obrareemplazo de bujes de barra estabilizadora ambos lados más una hora de mano de obra reemplazo de correa de accesorios multivida original más una hora de mano de obra.",0,0,0
10963,96000.0,"FAMILY CAR, una empresa familiar...- Hyundai Tucson INMACULADA en muy buenas condiciones!Valor contado $17.500.000 O RETIRA CON ANTICIPO Y CUOTAS-Preguntar precio permuta.-Transferencia incluida en la financiación-Financiamos/Permutamos-Banco Santander Rio, Tasas preferenciales!-LLEVATE TU NUEVO AUTO TRANSFERIDO A TU NOMBRE!-GARANTIZAMOS LA DOCUMENTACION DE CADA UNIDAD.-ACEPTAMOS TU USADO, AL MEJOR PRECIO.-FINANCIAMOS POR BANCO SOLO CON DNI!-ÚNICO REQUISITO, NO POSEER ANTECEDENTES NEGATIVOS EN VERAZ.-APROBADO EN EL ACTO.-NUESTRO DEPARTAMENTO DE GESTORÍA, SE OCUPA DE TODO, PARA QUE CAMBIAR EL AUTO SEA FÁCIL.-ENTREGA A DOMICILIO,NO PODES VENIR A BUSCAR TU NUEVO VEHICULO? NOSOTROS TE LA LLEVAMOS...(Máximo 400km)",0,0,0
10964,102200.0,"¿Estás listo para darle un giro a tu conducción? Descubrí la excelencia de los vehículos de Autoctiy Usados. Ofrecemos una amplia gama de opciones de financiamiento diseñadas para adaptarse a tus necesidades individuales, además de la posibilidad de usar tu auto actual como parte de pago.Solo ofrecemos vehículos del 2010 en adelante, con menos de 130,000 kms recorridos y sin historial de daños estructurales.*BENEFICIOS CON AUTOCTIY USADOS:INSPECCIÓN Y GARANTÍA MECÁNICA (ISO9001): En Autoctiy Usados, la calidad es nuestra prioridad.  Nuestros vehículos pasan por una exhaustiva inspección de 240 puntos realizada por nuestro equipo de expertos. Además, cuentan con kilometraje verificado y una garantía mecánica de 3 meses.*PRÓXIMOS PASOS:Contáctanos para programar una visita o reservar el vehículo de tu interés.MÉTODOS DE PAGO:    • FINANCIACIÓN A MEDIDA: Accede al auto de tus sueños con nuestro plan de financiamiento personalizado, con opciones de hasta 60 cuotas fijas.    • DEJA TU AUTO COMO PARTE DE PAGO: Cambia tu vehículo actual por uno de Autoctiy Usados.    • PAGO AL CONTADO: Realiza tu pago mediante transferencia bancaria o depósito, en pesos o dólares.¡Viví tu experiencia Autocity!",0,0,0
11013,18500.0,"RADICADA EN CABA, TRATAMIENTO CERAMICO, PROTECTOR DE ZOCALOS ORIGINAL, BANDEJA ANTIDERRAME ORIGINAL, CUBRE ALFOMBRA ZIEL TECHNOLOGY. servicio de 10000km realizado",0,0,0
11014,180000.0,"Segundo dueño, vtv al dia, detalles a plena vista, no tiene deudas, esta para trasnferir.Se acepta permuta por vehiculo de menos valor.",0,0,0
11016,58000.0,"""JEEP COMMANDER OVERLAND 2.0 AT9 4x4 7 ASIENTOSAño 2022Km 58.000•Único dueño•Service oficiales•7 Asientos•Vtv vigente•Grabado de autopartes•Pantalla táctil•Navegador•Doble techo solar•Techo corredizo•Sensores de estacionamiento•Cámara retroceso•Comando al volante•Control crucero•Boton de arranque•Llave presencialEXPERIENCIA MERAK- Podes abonar el vehículo mediante transferencia bancaria, efectivo, USS. -- Para tu tranquilidad, podes venir con tu mecánico de confianza a ver el auto, escanearlo y que puedas salir a probarlo.- No aumentamos el valor del vehículo en permuta, manejamos precios reales tanto para nosotros como para el cliente.- En el mismo momento que abonas, retiras el vehículo y nuestra gestoría se encarga de tomar la firma en el 08 para poder realizar todos los tramites.- Todos nuestros vehículos se entregan con permiso de circulación o cedula vigente para la tranquilidad del cliente. Es primordial para nosotros que el auto se vaya transferido en el menor tiempo posible. A diferencia de otros concesionarios, esto lo podemos llevar a cabo gracias a que contamos con gestoría propia, con mandatarios matriculados cubriendo todas las zonas.¿TOMAMOS VEHICULOS EN PARTE DE PAGO?- -Si tomamos, y es nuestra prioridad que quieras dejarlo en nuestras manos.- Podes enviarnos fotos, detalles, kilómetros y nuestro equipo de ventas se encarga de cotizarlo en el momento.- Te damos la posibilidad de encargarnos y gestionar toda la documentación necesaria para entregar tu vehículo y que no tengas que moverte de tu casa, sin ningún tipo de honorarios, solamente abonando los aranceles correspondientes.- En ningún momento te quedas sin vehículo, llave contra llave.FINANCIACIÓN- Trabajamos con financieras directas, contamos con las mejores tasas. Cuotas fijas y en pesos.- Podes pedir vía WhatsApp la cotización del crédito a tu medida.- Financiamos hasta el 40% de la unidad.- Hacemos revisión de veras en el ACTO.- Señas el vehículo, la financiera se contacta con vos en el transcurso de 24hs, se arma el crédito y en 72hs estas firmando toda la documentación y retirando el vehículo en el concesionario.SEGURO- Podemos cotizarte el seguro con nuestra productora sin ningún tipo de compromiso, le brindamos a nuestros clientes el precio más bajo del mercado de las compañías más prestigiosas. Si te interesa nuestro presupuesto nos encargamos de gestionar todo para que no tengas que preocuparte y salir cubierto del concesionario. No tiene ningún tipo de honorarios ni adicional, buscamos brindarles todos los servicios en un mismo lugar.¿QUIENES SOMOS?- Somos un equipo joven que viene de una familia ligada al rubro automotor de toda la vida, decidimos dar el paso de abrir un concesionario con un concepto diferente al tradicional. Nuestro principal objetivo es que nuestros clientes se sientan cómodos desde el primer contacto con nosotros, que puedan sacarse todas las dudas sin ningún compromiso, brindarles todas nuestras herramientas para que encuentren el auto que buscan, que no tengan ninguna preocupación más que disfrutar el proceso. ¡Nos encantaría que nos conozcas y que puedas vivir la experiencia con nosotros!""",0,0,0
11039,205000.0,"*Renault Duster 2014 con Equipo GNC de 5ta Generación: ¡Una Oportunidad Única!*¡Vendo mi Renault Duster 2014 en excelente estado! Con 205.000 km recorridos, este vehículo ha sido bien cuidado y mantenido, y cuenta con un equipo de GNC de 5ta generación que te permitirá ahorrar dinero en combustible.*Características destacadas:*- *Motor potente y eficiente*: El Duster 2014 cuenta con un motor que ofrece un equilibrio perfecto entre potencia y eficiencia.- *Equipo GNC de 5ta generación*: Ahorra dinero en combustible con el equipo de GNC de 5ta generación, que te permite recorrer largas distancias sin preocuparte por el costo del combustible.- *Diseño robusto y espacioso*: El Duster es conocido por su diseño robusto y espacioso, perfecto para cualquier tipo de viaje.- *Estado impecable*: Este vehículo ha sido bien cuidado y mantenido, y se encuentra en excelente estado.*Detalles adicionales:*- *Año*: 2014- *Kilometraje*: 205.000 km- *Equipo GNC*: 5ta generación- *Estado*: Excelente- *Documentación*: Al día*No te pierdas esta oportunidad de adquirir un vehículo práctico y económico. ¡Contactame para más información y para coordinar una visita!*",0,0,0
11049,101652.0,"***USADOS SELECCIONADOS HAUSWAGEN PILAR***ASESOR COMERCIAL LEANDRO RAITICOMUNICATE CONMIGO AL WHATSAPP DE LA PUBLICACION!!!CHEVROLET TRACKER 1.8 PREMIER AWD MANUALAÑO 2018  101.652KMSEXCELENTE ESTADO SIN DETALLES!VERIFICADA EN NUESTROS TALLERESRETÍRALA EN 24 HS!COMUNÍCATE DIRECTAMENTE CONMIGO AL WHATSAPP DE LA PUBLICACIÓN!HAUSWAGEN PILAR, concesionario Oficial Volkswagen.Te ofrecemos:- Entrega inmediata- Plan de financiación especial con tarjeta de crédito MACRO, en 6/12 cuotas sin interés- Financiamos solo con DNI- Tomamos usados en parte de pago. Mejor cotización- Crédito prendarios- Ventas corporativas- Tomamos Dólares (Consultar cotización)HAUSWAGEN PILARPanamericana, colectora este ramal pilar km 51, Pilar, BS AS.Asesor comercial Leandro Raiti",0,0,0
11050,114000.0,EXCELENTE ESTADO !!!!UNICO DUEÑO !!!!SIN DETALLES !!!!SE VENDE UNICAMENTE TRANSFERIDAACEPTAMOS PERMUTAS,0,0,0
11063,157000.0,"excelente unidadtope de gama 2.5 nafta 4x4version TEKNA157.000kmcaja automatica CVTtapizado de cuerotecho panoramicocamara retrocesoestereo con pantalla toda la documentacion al dia (transferencoa obligatoria)tomamos permuta menor valor, mandar fotos para cotizacion al instante",0,0,0
11072,25800.0,"ÚNICA MANO, practicamente sin uso,  todo súper nuevo, sin ningún detalle, service recién hecho. Solo se va transferido.",0,0,0
11117,71500.0,"Chevrolet Tracker 1.2 Turbo AT Premier - 2022Ubicación: Ciudad Autónoma de Buenos Aires y/o El TalarAño: 2022Kilometraje: 71.500 kmCombustible: NaftaTransmisión: AutomáticaEstado:Muy buen estado general.Algunos detalles en la chapa, pero la camioneta está prácticamente nueva.Se puede ver sin compromiso.Equipamiento destacado:Seguridad:6 airbags (frontales, laterales y de cortina).Frenos ABS con distribución electrónica de frenado (EBD).Control de estabilidad y tracción (ESC).Alerta de colisión frontal y frenado automático de emergencia.Alerta de punto ciego e indicador de presión de neumáticos.Anclajes Isofix para sillas infantiles.Confort y tecnología:Pantalla táctil de 8"" con Chevrolet MyLink (Android Auto & Apple CarPlay).Wi-Fi integrado para hasta 7 dispositivos.Techo solar eléctrico panorámico.Cargador inalámbrico para celulares.Cámara de visión trasera y sensores de estacionamiento delanteros y traseros.Sistema de estacionamiento automático Easy Park.Climatizador automático digital.Volante multifunción regulable en altura y profundidad.Tapizado premium.Motorización y desempeño:Motor 1.2 turbo de 132 CV y 190 Nm de torque.Transmisión automática de 6 velocidades con modo secuencial.Consumo urbano: 10,3 l/100 km | Extraurbano: 6,4 l/100 km.Velocidad máxima: 182 km/h | Aceleración 0-100 km/h en 10,5 s.",1,0,0
11129,116000.0,Primer dueñoSe vende transferido (sin deudas)Todos los service al dia. El ultimo hecho a los 116.000km el 5 de abril de 2025Funciona todo.Tiene detalles esteticos de chapa y pintura no graves ni funcionales,1,0,0
11142,78000.0,"PEUGEOT 2008 THP SPORT AUTOMATICAPEM AutomotoresNos encontramos en Zona Norte, Villa Adelina - San IsidroAño: 2020Km: 78.000La unidad se encuentra en excelentes condiciones. Primera mano. Todos los servicios en concesionario oficial. Funciona todo su equipamiento. Tiene 4 cubiertas nuevas. Se puede ver con un mecánico sin ningún tipo de problema.- Contado: $19.900.000- TOMAMOS PERMUTAS MAYOR / MENOR VALOR",0,0,0
11146,89000.0,"FORD ECOSPORT TITANIUM 1.6 4x2 2017 VENDO URGENTEJUEGO DE LLAVES, MANUALES, FUNCIONA ABSOLUTAMENTE TODO, MECANICA IMPECABLE.INTERIOR IGUAL A NUEVO, SIN ROTURAS NI MALTRATOS.SERVICIOS REALIZADOS.LA ENTREGA ES INMEDIATA.EL PRECIO ES DE 16.500U$D.UNIDADES SELECCIONADAS.TOMAMOS PERMUTAS DE MENOR O MAYOR VALOR, CONSULTANOS A LOS TELEFONOS PUBLICADOS.EL SERVICIO DE GESTORIA ES 100% GRATIS!Para más información contáctanos.CONSULTANOS POR NUESTROS CREDITOS PRENDARIOS DIRECTOS BANCARIOS, TU CONSULTA NO MOLESTA.",0,0,0
11148,58000.0,"Mercedes Benz GLA200 Urban 156cv AT7Mod. 201758.000kmUbicación: General Alvear - MendozaD_Angel Motors4 neumáticos Michelin nuevosESPECIFICACIONESPrestaciones y Consumos HomologadosVel. Máxima: 215km/hAceleración 0-100km/h: 8,9sConsumo extraurbano: 4,7L/100kmConsumo urbano: 7,9L/100kmConsumo promedio: 6,3L/100kmDimensiones, peso y capacidadesLongitud: 4,42mAncho: 1,80mAltura: 1,49mCapacidad de baúl: 421LTanque de combustible: 50LNúmero de plazas: 5Conjunto MecánicoMotor: 1.6 turbo 4cil 16v naftaPotencia: 156cvCaja de cambios: Automática de 7 marchas C/levas al volanteFrenos: Discos ventilados delanteros y traseros Neumáticos: 235/50R18Seguridad y Conducción4 modos de manejo (Sport - Confort - Eco - Individual)7 AirbagsAlerta de colisión frontal (CPA)Alerta de cansancio de conductor (AA)Anclajes ISOFIXAsistente de arranque en pendiente (Hold)Asistente de estacionamiento automáticoControl de cruceroControl de estabilidad dinámico (ESP)Control de presión de neumáticos (TPMS)Control de tracción (ASR)Dirección asistida eléctricaEncendido automático de lucesEspejos eléctricos calefaccionadosFaros antiniebla delanterosFaros bixenónFrenos ABS y EBDFreno de estacionamiento eléctricoIndicador de desgaste de pastillas de frenoLavafarosLevas al volanteOrdenador de a bordo de 4,5”Sensor de lluvia y crepuscularSensores de estacionamiento delanteros y traseros ParktronicSistema Start & StopVolante multifunción regulable en altura y profundidadElementos de ConfortApertura y cierre eléctrico de baúlApple CarPlay y Android AutoButacas de cueroClimatizador automático Bi-zonaCristales eléctricosEspejos eléctricosPantalla bluetooth de 5,8”Reposabrazos delanteroTecho solar panorámicoVolante de cuero",0,0,0
11172,105000.0,"Vehiculo en impecable condiciones, muy cuidada. sin detalles, version full full, levas al volante, documentacion al dia, lista para  transferir",0,0,0
11174,134000.0,"Renault Koleos Dynamique 4x4 Caja Manual año 2013.. Impecable Estado Sin Detalles, Muy Original y Cuidada, Excelente toda la Mecánica y el Funcionamiento de todo el Equipamiento!.. IÚnico Dueño., Documentación al Día Garantizada lista para Transferir!. Acepto Permuta..Valor: $ 13.700.000 más Gastos de Transferencia  ( Honorarios de Gestoría Bonificados )",0,0,0
11186,65000.0,Impecable Estado sin un Detalle Unico Dueño 65.000 kmsUnidad con Garantia PremiumAUTOS MARZAROLI33 Años Vendiendo Usados de Calidad,0,0,0
11204,100300.0,"Ford ecosport freestyle 4wd 2.0 16 valvulas100300 kmsDueño directo, sin deudas, impecableManuales, llave navaja y segunda llave originales Motor 2.0 cadenero, caja de 6ta, traccion 4x4, frenos ABS, control de estabilidad, control de tracción, asistencia al arranque en pendiente, 6 airbags, anclajes isofix, volante multifuncion, estereo original con CD bluetooth entrada aux y usb, toma de 12 volt en consola central y en las plazas traseras, 5 cinturones inerciales, apoyabrazo central para conductor, bandeja plástica protectora en piso de baul, sensores de estacionamiento trasero, faros aux delanteros y trasero, levantavidrios x4, aire acondicionado funcionando perfectamente, 4 cubiertas como nuevas con pocos kms + auxilio de aleacion sin rodar con antirrobo.Le funciona todo el equipamiento, services al día, no consume nada, muy cuidada duerme en cocheraSE VENDE TRANSFERIDA SIN EXCEPCIÓN",0,0,0
11209,150000.0,"CONTADO U$S 15.000------------------------------------------------------------------------------FINANCIACIÓN en pesos:MÁXIMO QUE SE PUEDE FINANCIAR POR ESTE MODELO: $ 9.350.000y pagarías EN CUOTAS FIJAS: 12 de $1.225.000; 24 de $761.000; o hasta 36 cuotas fijas de $ 642.000o en EN CUOTAS VARIABLES tasa UVA 12 de $1.042.000*; 18 de $747.000* o hasta 24 cuotas de $ 604.000* (*valor 1er cuota)------------------------------------------------------------------------------Arma vos tu plan de cuotas. SI QUERES FINANCIAR UN MONTO DISTINTO.CADA $100.000 DEVOLVES:OPCIÓN 1: 12 x $13.100 o 24 x $8100 o 36 x $6800 (TASA FIJA) CUOTAS FIJAS EN PESOS.OPCIÓN 2: 12 x $11.100* o 24 x $6400* o 36 x $4600* (TASA UVA) CUOTA VARIABLE (*valor 1era cuota)(ES CRÉDITO PRENDARIO CON MÍNIMOS REQUISITOS)------------------------------------------------------------------------------FORD ECOSPORT TITANIUMAÑO 2016 || MOTOR 2.0 || 150.000kmCLIMATIZADOR, SENSORES, CAMARA, CUERO, AIRBAGS, ABS, PACK ELÉCTRICO COMPLETO Y MUCHO MAS...EXCELENTE ESTADO !! SIN DETALLES.¡¡TOMAMOS TU AUTO EN PARTE DE PAGO!!VTV, GRABADO DE AUTOPARTES, Y LIBRE DE TODO TIPO DE DEUDAS.¡¡ TENEMOS GESTORIA PROPIA PARA LA TRANSFERENCIA DEL VEHÍCULO !!HORARIO DE ATENCIÓN: LUNES A VIERNES 9.30 A 17.45hsSábados de 9.30 a 12.45hsTURDERA, LOMAS DE ZAMORA",0,0,0
11212,31000.0,"X3 M 480 CV estado inmaculado, sin detalles",0,0,0
11220,68000.0,"BETA AUTOMOTORESConcesionario Oficial Chevrolet Líder en ventas y calidad de atención, la opinión de nuestros clientes y 27 años en la marca, nos avala. ***Solo vendemos usados seleccionados***¡SUPER OPORTUNIDAD POR PRECIO Y ESTADO!                        **NOVEDADES DE FEBRERO***¡¡¡NUEVA FINANCIACION EXCLUSIVA PARA USADOS, CON UNA TASA FIJA ANUAL!!! SI, FIJA  ANUAL (LE GANAS AMPLIAMENTE A LA INFLACIÓN). Y EXCLUSIVA, PORQUE SOLO NOSOTROS TE LA PODEMOS OFRECER, YA QUE ES DE CHEVROLET GPAT PARA LOS VEHICULOS USADOS DE TODAS LAS MARCAS QUE OFRECEMOS.¡SOLO POR CUPOS LIMITADOS, CONSULTA AHORA!EL VEHICULO-Se encuentra en inmejorable estado ya que está muy cuidado, y posee todos los service al día. Cada vehículo que entra y sale a la venta en nuestro concesionario, pasa por un exhaustivo chequeo realizado por nuestros técnicos, luego se selecciona y se exhibe.-Posee vtv al día, grabado de autopartes, informes de dominio y de infracciones, verificación policial, manuales, 2da llave, etc.LA DOCUMENTACIONNuestra área administrativa se encarga de que la documentación este al día, completa y lista, para que puedas hacer el trámite de transferencia de manera inmediata, y sin necesitar intermediarios. Además te acompañan y asesoran en el proceso de solicitud de tramites. FORMAS DE PAGO-Permutamos por tu vehículo usado. ¡Cotiza en línea, ahora! -Recibimos dólares y los pagamos al mejor precio de mercado, para una compra mas segura, sin que tengas que buscar lugar, y cambiarlos vos.-CREDITOS CHEVROLET GPAT (para usados multimarca)Financiamos a tasa 0% ajustable, y fija solo con DNI, sin comprobar ingresos. Aprobación inmediata. ¡Consúltanos en línea ahora, con tu DNI!",0,0,0
11253,62000.0,"Nissan Kicks Sense MT 2020 – Gris Oscuro – 62.000 km¡Excelente estado! Vendo Nissan Kicks Sense 2020 con transmisión manual y solo 62.000 kilómetros reales. SUV moderno, cómodo y muy económico, ideal tanto para ciudad como para viajes largos.Características principales:Motor 1.6, muy eficiente en consumoCaja manual de 5 velocidadesColor Gris Oscuro, elegante y sobrioAire acondicionadoDirección asistida eléctricaPantalla táctil con sistema multimediaBluetooth, USB, AUXCámara de retrocesoControl de estabilidad (ESP) y tracciónFrenos ABS con EBDDoble airbag frontalLlantas de aleaciónInterior en excelente estado, sin detallesMantenimientos al día – Papeles en regla – Listo para transferirPrecio conversable.Se acepta prueba mecánica.Oportunidad única de llevarte una SUV moderna y confiable con poco uso.",0,0,0
11263,39000.0,TOYOTA SW4 SRX 2.8 4x4 AT 2021 Cubiertas micheline con 5000 KM INMACULADA !!! Sin detalles,0,0,0
11269,135345.0,"IMPECABLE ESTADO EXTERIOR E INTERIORSOY EL UNICO DUEÑO Y ADEMAS EL TITULARPINTURA COMPLETA 100% ORIGINALCUBIERTAS BRIDGESTONE RUN FLAT SEMINUEVAS + AUXILIO SIN RODARMOTOR M57 (245cv) TURBO DIESELTRANSMISION AUTOMATICA Y SECUENCIAL DE 8 MARCHAS CON LEVAS AL VOLANTETRACCION XDRIVE (TODO TERRENO)CONSUMO MIXTO 11 Ltrs/100kmMATAFUEGO, BALIZAS Y BOTIQUIN ORIGINAL BMWVTV AL DIAVERSION MAXIMO EQUIPAMIENTO:• PACK VISION (CAMARAS DELANTERAS, TRASERAS Y LATERALES)•    SOFT CLOSE (PUERTAS CIERRAN SOLAS)•    PORTON TRASERO ELECTRICO• LLAVE PRESENCIA CON BOTON START/STOP• SISTEMA COMPLETO NAVEGACION (ACTUALIZADO MERCOSUR) Y BLUETHOOT• SENSORES DE ESTACIONAMIENTO DELANTEROS Y TRASEROS• TECHO SOLAR CORREDIZO• BUTACAS ELECTRICAS CON MEMORIAS• TAPIZADOS DE CUERO • INDICADOR PRESION INFLADO NEUMATICOS• CONTROL VELOCIDAD CRUCERO Y REGULADOR VELOCIDAD• LUCES DE LEDS, FAROS BIXENON Y LUCES DIRECCIONABLES• VOLANTE MULTIFUNCION• HEAD UP DISPLAY• LLANTAS 19’’• MUCHOS MAS...SERVICIOS AL DIA (NADA PARA HACERLE SIN NINGUN DEFECTO NI FALLA)LA DOCUMENTACION ESTA TOTALMENTE AL DIAACEPTO PERMUTA DE MI INTERESDIGNA DE VER",0,0,0
11282,86000.0,Única mano impecable sin detalles negra caja automatica full gomas nuevas todo al día lista para transferir,0,0,0
11309,90000.0,"Impecable estado y comodidad, papeles al día, se vende con trasferencia. Tomo permuta menor vamos (hasta 8 millones) y el resto efectivo pesos o dolares. El equivalente del precio en la publicación corresponde a un dolar aprox. de $1.050. El vehículo en dolares vale U$D 17.000. sepan entender la situación cambiaria del país. Escucho ofertas.",0,0,0
11318,137000.0,"Tope de gama, muy cuidada, pintura original, sin reparaciones, detalles minimos del uso.Funciona todo su equipamiento, control de tracción, tracción integral electrónica, freno a disco en las 4, caja automática de 6 marchas, techo eléctrico, pantalla con cámara de retroceso y sensores, airbags frontales y laterales, abs, etc, etc.Tren delantero nuevo, reparado con repuestos originales, (no hace ni un ruido) 2 cubiertas nuevas bridgestone.Service de filtros y aceite (original AcDelco) hace 1000kms.Titular, al día, el precio es en dolar billete o en pesos al tipo de cambio Blue vendedor del día que se realice la transferencia, no acepto permutas, solo venta.",0,0,0
11321,48000.0,Excelente estado. Sin detalles,0,0,0
11323,32000.0,AutoDrive***** USADOS SELECCIONADOS *****• Unidad en excelente estado• Papeles al día – Listo para transferir• Garantía de 3 meses por inconvenientes en motor o caja• Aceptamos permutas• Tenemos financiación¡Tu nuevo auto te está esperando!Podes venir con tu mecánico sin problemas para revisarloDejame tu consulta y me comunico a la brevedad,0,0,0
11338,150000.0,"DETALLES DE LA UNIDADFord Eco Sport Eco Sport 1.6 Se L13 2014 150000¿CÓMO PODES PAGAR? :· Créditos BANCOR SANTANDER RIO Y SUPERVIELLE,  tasa fija y/o uva. · Créditos sumando ingresos familiares.. Créditos para emprendedores MONOTRIBUTISTAS Y PYME.· Tarjetas de crédito· Mercado Pago· Permutas (recibimos tu usado sistema llave por llave). Recibimos CRIPTOMONEDAS.Financiación sólo con DNIEJEMPLOS DE FORMA DE PAGO ( estos valores son solo ejemplificativos y aproximados a la realidad que surgen de una entrega y saldo en cuotas por cada cliente ).FIANCIANDO:$5.000.000 -     36 CTAS UVA DE $200.000 Y FIJA DE $320.000.48 CTAS UVA DE $170.000 Y FIJA DE $295.000$10.000.000 -   36 CTAS UVA  DE 400.000 Y FIJA DE .$641.00048 CTAS UVA DE $339.000 Y FIJAS DE $591.000$20.000.000 -   36 CTAS UVA  DE $815.000 Y FIJA DE 1.280.000                        48 CTAS UVA DE $679.000 Y FIJAS DE $1.180.000                         60 CTAS UVAS $ 600.000                         72 CTAS UVAS $ 550.000Podes calcular cuanto te falta para llegar a tu nuevo AUTO  y tener referencia de la cuota que podes pagar, se puede financiar en menos cuotas o mas dependiendo la unidad y el cliente.Preguntas frecuentes de los clientes: SIEMPRE TE PREGUNTAS POR LA GARANTÍA?Nuestros vehículos pasan por UN control detallado del funcionamiento enfocandonos en la parte de motor, caja de cambio y todo lo relacionado con seguridad como frenos, iluminación, cubiertas, tren delantero y trasero. A si mismo las garantias legales siempre dependen del modelo, km, años de antigüedad y uso del vehículo. Consultar siempre las politicas de garantia su funcionamiento y como proceder,  asesorate previamente, compra seguro e informado. ¿Los vehículos cero kilometros cuentan con garantía de fábrica?Si, entre 3 y 5 años dependiendo del convenio de cada marca, siempre y cuando estén los service del concesionario oficial al día.¿Puedo financiar al 100%?Nosotros ofrecemos esta financiación gracias a nuestros convenios BANCARIOS (el monto que te podemos financiar depende de la situación financiera de cada cliente). Pero si no calificas para el sistema Bancario, te ofrecemos acceder mediante una financiera solo hasta el 50% del valor del auto.Si sos monotributista tambien podes calificar nosotros realizamos la consulta por vos.14900000(ESTA OFERTA NO GENERA COMPROMISO DE VENTA, YA QUE EL PRECIO PUEDE MODIFICARSE SIN PREVIO AVISO, precio publicado contiene un descuento especial por pago de contado efectivo, consulte precio por otras formas de pago) HORARIOS DE ATENCIÓN:· Lunes a viernes - 9 a 18:30 hs.· Sábado - 9:30 a 13:30 hs.· Feriados (consultar)",0,0,0
11343,170000.0,"Vendo mi Renault Duster:- Única dueña- Muy bien cuidada- Detalles estéticos del uso a la vista- VTV al dia - 170.000km reales, todo en ruta- Cuenta con rueda de Auxilio de Aleación - Services al dia- Se entrega libre de deudas- Se puede ver cerca del Congreso, CABA (a coordinar)- CONCESIONARIOS ABSTENRSE- NO PERMUTO",1,0,0
11350,140000.0,"CONTADO U$S 9.500-------------------------------NO FINANCIABLE-------------------------------ECOSPORT 2008 ¡¡¡PRIMERA MANO DE 0KM!!!AÑO 2008 || MOTOR 1.6 CADENERO || 146.000 KM REALES COMPROBABLESAIRE, DOBLE AIRBAG, DIRECCION, CIERRE CENTRALIZADO, ALARMAEXCELENTE ESTADO !! SIN DETALLES.¡¡TOMAMOS TU AUTO EN PARTE DE PAGO!!VTV VIGENTE, GRABADO DE AUTOPARTES Y LIBRE DE TODO TIPO DE DEUDAS.¡¡ TENEMOS GESTORIA PROPIA PARA LA TRANSFERENCIA DEL VEHÍCULO !!HORARIO DE ATENCIÓN: LUNES A VIERNES 9.30 A 17.45hsSabados de 9.30 a 12.45hsTURDERA, LOMAS DE ZAMORA",0,0,0
11383,80000.0,"AUTOMOTORES LYNCHToyota SW4 2.8l srx 4x4 at 2020 en stock.Contamos con la unidad fisicamente en la agencia para poder pasar a verla sin compromiso.¡¡¡ ENTREGA INMEDIATA!!!- Financiacion directa de la agencia.- Financiación prendaria.- Ventas al interior del país.-Tomamos tu auto en parte de pago.Estamos en villa lynch a 8 cuadras del carrefour de av. san martin y gral paz.Te invitamos a nuestra exclusiva agencia de vehículos seleccionados, para ser asesorado por profesionales, acerca de todos los detalles técnicos del vehículo que estás buscando, como así también de las diferentes alternativas financieras para acceder a él.Horario de atención, de Lunes a Viernes, de 08:00 a 18:00 Hs., Sábados de 08:00 a 13:00 Hs.",0,0,0
11400,171000.0,"Titular y primera y unica mano. Listo para transferir. Kilómetros reales, se puede escanear sin problema. Uso en ruta y muy bien mantenida.Accesorios originales Ford (alfombras de goma y barras portaequipaje de techo).Cubiertas con 20mil km. Auxilio igual a 4 restantes sin rodar (comprado nuevo en 2023).Verificacion técnica vigente",0,0,0
11415,153000.0,imperdible jeep patriot 4x4 automatica motor 2.4 año 2013 sin detalles a destacar docuementacion al dia consúltanos para mas información,0,0,0
11417,122000.0,"SOY PARTICULAR.RENAULT DUSTER PH2 - EXPRESSION 1.6 MANUAL.AÑO 2020.122.000 KM.UNICO DUEÑO.SERVICE EN TIEMPO Y FORMA.EXCELENTE ESTADO MECANICO.SIN DETALLES LEVES EN PINTURA.GNC 5TA GENERACIÓN.SE PUEDE VER Y ESCANEAR CON MECANICO.ENTREGA A DOMICILIO.TRANSFERENCIA OBLIGATORIA Y AL DÍA.SE PUEDE VER POR COGHLAN, CAPITAL FEDERAL // PILAR (PREVIA COORDINACIÓN TODO).PERMUTO POR VEHÍCULO DE MI INTERES.",1,0,0
11446,168000.0,"Segundo dueño, radicada en caba, papeles al dia y a mi nombre. Kilometraje se puede controlar fácilmente en Toyota. Única por sus kilómetros y su Excelente estado, detalles pintura/chapa/cuero por sus años. Ver fotos. Funciona todo, 4x4 impecable, techo, luces, asientos, calefacción asientos, todo funciono perfectamente. Cubiertas y batería prácticamente nuevas, las compre el año pasado. La mayoría de los km hechos en ruta, no se usa en caba. Es una camioneta excepcional, gran capacidad de carga, excelente andar, noble y duradera. Nada que hacerle. Service oficial al dia .Quien quiera verla en chacarita ( Forest y céspedes) , solo efectivo.",1,0,0
11460,49500.0,IMPECABLE ESTADO!!!!SERVICES OFICIALES4 GOMAS NUEVASSIN DETALLESNO PERMUTOPARTICULAR,0,0,0
11461,55000.0,"Ford Bronco Sport Wildtrak 2.0 4WD AT8 2021 | 55.000 km | Excelente estadoHola, somos Garage360 y buscamos vender autos en consignación con transparencia y sin vueltas.La Bronco Sport Wildtrak es un SUV pensado para quienes buscan un vehículo robusto, cómodo y con tecnología de avanzada. Ideal para moverse en ciudad, ruta o caminos exigentes fuera del asfalto.Estado de la unidad:55.000 km reales y verificablesCuatro cubiertas con menos de 5.000 km de usoÚltimo service oficial hecho hace menos de 100 kmInterior impecable, sin desgaste visibleFuncionamiento mecánico y electrónico sin fallasSe entrega con manuales, herramientas, llave de repuesto y alfombras originalesEspecificaciones técnicas:Motor 2.0L EcoBoost turbo de 240 CVTorque de 373 Nm desde 1.750 rpmCaja automática de 8 velocidades con levas al volanteTracción integral 4WD con bloqueo de diferencial traseroModos de manejo GOAT: Normal, Eco, Deportivo, Resbaladizo, Arena, Lodo y RocasBaúl con capacidad de 566 litrosEquipamiento y confort:Asientos de cuero calefaccionadosControl de velocidad crucero adaptativo con función Stop & GoAsiento del conductor con ajuste eléctrico de 8 posicionesClimatizador bizonaTecho solar panorámicoSistema de audio Bang & Olufsen con 10 parlantesPantalla táctil con cámara frontal y trasera con visión de 180 gradosEncendido remoto y acceso sin llaveCargador inalámbrico para smartphonesSeguridad:9 airbagsControl de estabilidad y tracciónFrenado autónomo de emergenciaAsistente de centrado y mantenimiento de carrilAlerta de punto ciegoLuces altas automáticasAnclajes ISOFIX para sillas infantilesNuestra opinión:La Bronco Wildtrak está pensada para quien realmente quiera aprovechar su SUV sin resignar confort ni tecnología. Perfecta para salir del asfalto, enfrentar caminos difíciles o hacer travesías. La posición de manejo elevada, el despeje del suelo y su robustez brindan una experiencia de conducción muy sólida.Como punto a tener en cuenta: el consumo en ciudad puede ser elevado, algo esperable en un SUV de estas características.Unidad lista para transferir. Sin deudas ni prendas.",0,0,0
11465,105000.0,"CHEVROLET TRACKER 1.8 LTZ PREMIER AWD AT 4X4AÑO 2018!! 105000KM REALES!! IMPECABLE POR DONDE SE LA MIRE!! (SOLO MARQUITAS EN PARAGOLPE TRASERO VER FOTO)MANTENIDA Y MUY CUIDADA!! SERVICIOS OFICIALES A LA VISTA!!VERLA ES COMPRARLA!! UNICO DUEÑO!!PERMUTASTOMAMOS TU AUTO AL MEJOR VALOR DE PLAZA, VALOR POR PERMUTA U$S 16.999.-CONTADO U$S 17.500.-TRABAJAMOS CON TURNOS. COMBINAR CITA POR WP, ZONA FLORESTA, CAPITAL FEDERAL",1,0,0
11477,19000.0,"Titular Excelente estadoService oficialSin detalles Sistema de entrada y arranque sin llave. Llave de presencia.Retrovisores plegables eléctricamente.Retrovisores automáticos de marcha atrás. Climatizador de dos zonas.Ajuste del apoyo lumbar asiento del conductor.Ajuste de muslos en asiento conductor.Asientos traseros con el respaldo reclinable.Cámara de visión trasera.Centrado en el carril (LTA).Reconocimiento de señales de tráfico.Cambio automático de luces cortas a largas.Programador de velocidad activo (ACC).Detección de vehículos en el ángulo muerto (BSM).Supresión de aceleración a baja velocidad (no deja acelerar al salir desde parado si detecta que hay un obstáculo. Para evitar el típico golpe en el que el vehículo precedente arranca y se detiene).Airbag entre las plazas delanteras.Airbag frontales, de cortina, de rodilla.Llantas de 18 pulgadas.Sensor de lluvia.Luces led.Anclajes isofix.Sensor 360.Alfombra de baúl anti derrameLos pros, un exagerado bajo consumo de combustible: en ciudad se puede hacer hasta 5 L/100 km de promedio, ya que es en donde más apaga el motor de combustión y usa el eléctrico.Frenos ABS y ESPAirbag frontales, laterales delanteros, de cortina y de rodilla para conductorControl de velocidad crucero adaptativoFreno autónomo de emergenciaSistema de mantenimiento de carrilRadar de punto ciegoAlerta de tráfico cruzadoTablero de instrumentos digital 12,3”Climatizador de dos zonasCargador inalámbrico para celularButaca conductor eléctrica.",0,0,0
11517,106000.0,"La Mas Full!! Tapizado de cuero. Climatizador automático bizona.Techo Panorámico. 6 Airbags. ABS. Pantalla táctil. Cámara de retroceso. Sensores de estacionamiento. Luz de giro en los espejos. Llantas de Aleacion. Faros antinieblas.Computadora de Abordo. Volante multifuncion. Blotooth. Apple Carplay y Android Auto. Barras de techo. Levantacristales y espejos eléctricos. Cierre centralizado con Alarma puertas y baul. La más Full de todas!CAMBIO de correa de distribución . Bomba de agua y todo su kit. Filtros de Aceite, de Agua, de Aire hecho a los 95.000km tiene 97.145km muy cuidada ruedas nuevas. Pastillas de freno y discos originales nuevos! Lista para salir hoy a la Ruta. Todo al día. soy particular ¡¡CONSECIONARIAS ABSTENERSE!!! Se puede ver en Floresta.Caja manualNo es la Caja Automática! No se por que se puso así no lo puedo cambiar.*SEÑORA VENDE O PERMUTO POR MAYOR VALOR*",0,0,0
11532,46000.0,Taos versión highline .Año 2023 con 46.000 Km.Único dueño se encuentra impecable sin detalle y con todos los servicios oficiales .No acepto permuta.,0,0,0
11536,71000.0,"Me presento, soy una BMW X6, x Drive 3.5, soy 4x4, Hermosa por supuesto, tengo sólo 71.000 km, siempre me cuidaron mucho, me hicieron lo Services y estoy en Perfecto Estado, tal vez tenés una Hermosa Familia y necesitas un vehículo de calidad..confortable..pero siempre quisiste darte el gusto de tener una camioneta BMW...soy confortable y potente!...no lo pienses más...vení a buscarme...escribamos juntos una nueva historia...tomamos tu auto en parte de pago..Te esperamos!",0,0,0
11547,109141.0,"SACUR AUTOS te ofrece una amplia variedad de Vehículos, generando seguridad y confianza en la operación, con atención personalizada y profesional.Somos una empresa que cuenta con el aval de pertenecer a la Cámara de Comercio del Automotor de Córdoba.Nuestra calificación de 4.8 estrellas avalan la calidad de nuestros vehículos, atención y eficacia.ENCONTRA TU MEJOR OPCION PARA ADQUIRIR LA FINANCIACION ADECUADA PARA VOS!COTIZA ONLINE EN ESTE MOMENTO CON NUESTROS REPRESENTANTES.¡VISUALIZA EL VIDEO DEL VEHICULO PARA VERLO EN DETALLE!",0,0,0
11548,249500.0,"Se vende range rover classic 300 tdi soft dash.El vehículo lo importe yo, lo tengo hace más de 12 años. De mecánica está muy bien, siempre se le hicieron todos los mantenimientos en tiempo y forma, además tiene muchas piezas nuevas y de la mejor calidad q se consiguen en el mercado que detallo a verdaderos interesados.Agregados off road: posee kit de suspención +4cm old Man emu tanto amortiguadores sport como espirales puestos hace dos años en los cuales se le hicieron 12 mil kmts aprox.Tiene bloqueo ARB tracero con 20mil km.4 bf Goodrich all Terrain ko2 265 75 r16 con 18 mil kmts en llantas de hierro desplazadas et -25.Snorkel artesanal con filtro ciclonico.Posee bandeja porta malacate original warn (no tiene malacate).Paragolpes de hierro echos a medida, así como el porta ruedas de auxilio y el porta equipaje.En el interior posee radio con pantalla GPS incorporado y cara play, tb tiene instalado el protector de motor siselco más completo.Hay muchísimas cosas q no describo que las charlo por privado a quien le interese.El vehículo se va transferido.Se escuchan ofertas de contado y acepto permutas de mí interés de la mitad del valor más la diferencia.Cualquier duda que tengas no dude en preguntar.",0,0,0
11549,106900.0,"¿Estás listo para darle un giro a tu conducción? Descubrí la excelencia de los vehículos de Autoctiy Usados. Ofrecemos una amplia gama de opciones de financiamiento diseñadas para adaptarse a tus necesidades individuales, además de la posibilidad de usar tu auto actual como parte de pago.Solo ofrecemos vehículos del 2010 en adelante, con menos de 130,000 kms recorridos y sin historial de daños estructurales.*BENEFICIOS CON AUTOCTIY USADOS:INSPECCIÓN Y GARANTÍA MECÁNICA (ISO9001): En Autoctiy Usados, la calidad es nuestra prioridad. Nuestros vehículos pasan por una exhaustiva inspección de 240 puntos realizada por nuestro equipo de expertos. Además, cuentan con kilometraje verificado y una garantía mecánica de 3 meses.*PRÓXIMOS PASOS:Contáctanos para programar una visita o reservar el vehículo de tu interés.MÉTODOS DE PAGO:  • FINANCIACIÓN A MEDIDA: Accede al auto de tus sueños con nuestro plan de financiamiento personalizado, con opciones de hasta 60 cuotas fijas.  • DEJA TU AUTO COMO PARTE DE PAGO: Cambia tu vehículo actual por uno de Autoctiy Usados.  • PAGO AL CONTADO: Realiza tu pago mediante transferencia bancaria o depósito, en pesos o dólares.¡Viví tu experiencia Autocity!",0,0,0
11552,66000.0,"- Peugeot 2008 Feline Tiptronic L/22- Año: 2021 - Km: 66.000- Motor: 1.6 Nafta | Caja: AutomáticaUnidad 100% Original sin detalles de primera mano, Servís OFICIALES próximo a los 68mil km, ITV 2027, auxiliar sin pisar, cubiertas NUEVAS alineado y balanceado.Equipamiento Destacado: polarizado, pantalla multimedia con navegador, techo de vidrio, comandos al volante, velocidad crucero, sensor de estacionamiento y cámara marcha atrás, tapizado cuero, llantas diamantadas, faros con lupas, climatizador bizona, pack eléctrico completo, etc. - Más Info en Web Oficial: ferreroautomotores - Financiación Prendaria hasta en 36 meses, entregando mínimo el 50% del valor de la unidad, el resto a Cuotas FIJAS y en pesos, aprobación en 24hs.- Recibimos tu Auto como parte de pago (Sólo en excelente estado). - Carpeta al día y lista para transferir en el momento- Seriedad y Garantía en la documentación, con Gestoría Propia.- Ciudad de Oncativo (Prov. de Córdoba) - Coordiná tu visita- Somos FERRERO Automotores. ¡No cerramos ventas, Abrimos relaciones!Te bridamos la solución completa a la hora de cambiar tu auto -- Nos respaldan 25 años de trayectoria, más de 4,7 estrellas en Google y más de 200 calificaciones positivas en nuestras redes.- Somos de confianza, Vení a FERRERO Automotores, comprá seguro y volvé manejando... Nosotros nos encargamos de todo.",0,0,0
11567,120000.0,"OPORTUNIDAD! VENDO AUDI Q 5 fsi 3.2 ,270 cv, KMS 128.000 reales comprobables, IMPECABLE NADA PARA HACERLETiene varios adicionales, EXTENSION DE LEVAS AL VOLANTE, PANTALLA ANDROID, LUZ DE BIENVENIDA CON SIMBOLO DE AUDI EN LAS 4 PUERTAS, Segunda llave más la de la guantera, Compresor inflador eléctrico, rueda de auxilio original sin usar. SE CAMBIARON TODAS LAS LAMPARITAS DEL INTERIOR POR LUZ LED ORGINALES DE AUDI.Fluidos recién hechos .4 NEUMÁTICOS NUEVOS COMPRADOS EL 27/4/2024ES LA MAS FULL DE TODAS, CON MOTOR 3.2 LITROS V6 270 CV. NO CONFUNDIR CON LA 2.0.LISTA PARA DISFRUTAR, NO HAY QUE HACERLE NADA. LISTO PARA TRANSFERIR.",0,0,0
11573,98470.0,"Automarket | Startup especializada en comercialización de automóviles premium.Sucursales en Parque Leloir y Nordelta.RANGE ROVER EVOQUE 2.0T SI4 PRESTIGEAño 2014 | 98.440 kilómetros- Segundo dueño.- Excelente estado, prácticamente sin detalles.- Pintura original de fábrica.- Mayoría de servicios realizados en concesionario oficial Land Rover.- Servicio de caja realizado en concesionario oficial.- Batería principal y auxiliar nuevas.- Manual y duplicado de llaves.- Apto a peritaje y scanner.Solicite turno para conocer el vehículo en nuestra sucursal de Parque Leloir.- El valor expresado en la publicación es válido únicamente para operaciones de contado.- Aceptamos tanto dólares como pesos tomando como referencia la cotización del dólar blue al día de la operación.- Recibimos vehículos de mayor y menor valor que cumplan con nuestros estándares de calidad.- Brindamos financiación con tasa fija y mínimos requisitos.Todos nuestros vehículos se entregan transferidos a nombre del comprador con documentación garantizada en 72 horas.- Libre deuda de infracciones.- Libre deuda de patentes.- Verificación técnica vehicular.- Verificación policial.- Grabado de autopartes y cristales.",0,0,0
11578,184000.0,"Vehículo impecable, llantas rodado 19, cubiertas nuevas .... tratamiento de pintura, solo pequeños detalles de uso.",1,0,0
11580,73400.0,Bestcar Automotores--------------------------------------------------------------------------------------------------------------------------Contado $ 17.800.000Anticipo $ 9.000.000+ Gastos24 X $ 700.00036 X $ 520.00048 X $ 430.000Excelente unidadSin detallesTodo al díaTomo usados ( Pago mas)Créditos Prendarios fijos o variables.SantaderPatagoniaHsbc--------------------------------------------------------------------------------------------------------------------------Somos una Empresa con más de 20 años de trayectoria dedicada a la venta de autos usados seleccionados.Créditos prendarios con la mejor tasa del mercado.Gestoría integral para brindar una compra ágil y segura.,0,0,0
11588,87000.0,"SW4 SRX AT 4x4 2019 - 87.000kmService oficialesExcelente estado. Sin detalles. Al día lista para transferir Evalúo permutas (enviar info completa)Villa Ortuzar, CABA",0,0,0
11599,138000.0,"Chevrolet Tracker LTZ 1.8 AT AWDAño 2018134.000 km Motor 1.8 NaftaCaja automática de 6 marchas Traccion integral Sensores de estacionamientoNavegadorEncendido de luces automatico Levantavidrios eléctricos x4Climatizador Nos encontras en Av Colón 4434Lunes a viernes de 10 a 18 hs Contamos con financiación bancaria, Consulta por tu cotización a medida",0,0,0
11621,60000.0,"RENAULT DUSTER ZEN ( LINEA NUEVA ) -.MOTOR 1.6 16V NISSAN ( CADENERO ) / CAJA MANUAL -.MODELO 2021 - ( FINES, LINEA 2022 ).( 60000 KM REALES Y COMPROBABLES ). - / ÚNICO DUEÑO DE OKM -- SE ENCUENTRA EN INMEJORABLE ESTADO GENERAL, TOTALMENTE ORIGINAL SIN DETALLES, TODA LA PINTURA DE FABRICA. INTERIOR SIN DETALLES NI DESGASTE. MANTENIDA EN TIEMPO Y FORMA SIN NADA QUE HACERLE. / CUBIERTAS NUEVAS, ULTIMO CAMBIO DE ACEITE Y FILTROS RECIÉN REALIZADO.- 100% ORIGINAL - VERSIÓN CON PANTALLA DE 10 PULGADAS, CARPLAY, ADROID AUTO, MODO DE MANEJO "" ECO "", NUEVO TABLERO, ENTRE OTRAS COSAS..-TRATAMIENTO EN LA PINTURA CON LOS MEJORES PRODUCTOS..PAPELES COMPLETAMENTE AL DÍA, POSEE: TODOS LOS MANUALES DE OKM, ETC *- GRABADO DE AUTOPARTES REALIZADO / VTV VIGENTE -* CONSIDERO EL MEJOR POR SU ESTADO Y CUIDADO, DIGNO DE VER *- OFERTA CONTADO U$20.300 PERMUTO - FINANCIO. / VALOR EN PERMUTAS U$21.300 -*** SE ADJUNTAN 25 FOTOS Y UN VÍDEO DE LA UNIDAD PARA QUE PUEDA VERLA EN DETALLE ***",0,0,0
11622,68000.0,"Citroën C4 Cactus 1.2 PureTech 110 AT6 Shine – Full Full, Excelente Estado, Dueño Particular¡Vendo mi Citroën C4 Cactus Shine automático, motor 1.2 PureTech turbo de 110 CV con caja AT6! Un SUV moderno, confiable y muy económico. Ideal para ciudad o ruta, con todo el confort y estilo.Características principales:Motor 1.2 PureTech turbo – potente y súper rendidorCaja automática AT6 con modo secuencialVersión Shine, la más equipada de la gamaClimatizador automáticoPantalla multimedia táctil con Apple CarPlay y Android AutoCámara de retroceso y sensores de estacionamientoControl de crucero, ESP, ABS y múltiples airbagsTecho flotante con barras + llantas negras deportivasExcelente consumo, muy bajo mantenimientoEstado general:El auto está impecable, uso particular, muy bien cuidado y con todos los servicios al día. Siempre nafta premium.Importante:El vehículo está prendado, por lo que la prenda deberá ser saldada previo a la entrega, sin ningún tipo de problema. Toda la operación se realiza de forma clara y transparente. Se puede ver y probar.precio charlablePrecio: $25.000.000Dueño directo. No soy agencia.",0,0,0
11627,193000.0,"Titular, al dia. Nada para hacerle, se le hacen todos los mantenimientos como corresponde. Esta impecable, solo tiene detalles propios del kilometraje. Su consulta no molesta, se muestra por Bernal o CABA.",0,0,0
11656,101000.0,"DUSTER NEGRA MUY BUEN ESTADO-60000 KM SE LE COLOCARON CUBIERTAS NUEVAS 235 60/r16. De fabrica trae 215 65/r16. Estas cubiertas son mas anchas, brindan mejor agarre, traccion y suavidad de marcha. Ademas le quedan supercancheras.-10/01/2025 EMBRAGUE COMPLETO HECHO A NUEVOCAMBIO DE LAS 4 BOBINAS ELECTRONICAS Y 4 BUJIAS.CAMBIO DE ACEITE Y FILTROS ACEITE AIRE NAFTA Y ANTIPOLEN-55000 km SE LE CAMBIO CORREA DE DISTRIBUCION, BOMBA DE AGUA, TENSOR Y ENGRANAJES. (Renault recomienda cambiar cada 60000 km)DISCOS Y PASTILLAS DE FRENOLIMPIEZA DE INYECTORESO-RINGS DE CUERPO Y TOBERAS DE ADMISIONBUJIASRECARGA DE GAS DE AIRE-CAMBIOS DE ACEITE Y FILTRO (ACEITE Y AIRE) ESTRICTAMENTE CADA 10000 KM-NO CONSUME NADA DE ACEITE, NI LIQUIDO REFRIGERANTE. NUNCA DEBI AGREGARLE LIQUIDO PARA FRENOS NI HIDRAULICO.-EN EL AÑO 2023, LA CONSOLA MEDIANAV DEJO DE FUNCIONAR Y DEBI COMPRARLE UNA NUEVA. TIENE MENOS DE 1 AÑO DE INSTALADA NUEVA.-VTV DE CABA APROBADA EN SEPTIEMBRE 2024-PAPELES TOTALMENTE AL DIATENGO 08 FIRMADOLIBRE DEUDA DE INFRACCIONESTITULO AUTOMOTORVERIFICACION POLICIAL INFORME DE DOMINIO-DETALLES: PINTURA SALTADA EN UN PUNTO DEL PARAGOLPE TRASERO ( TOQUE CLASICO DE ESTACIONAMIENTO)MARCA EN PUERTA TRASERA IZQUIERDA (RECIBIO UN PELOTAZO ESTANDO ESTACIONADO EN UNA PLAZA. LO DESABOLLE CON UNA SOPAPA, PERO LE QUEDO UNA PEQUEÑA MARCA A LA CHAPA)LO COMPRE CON 54000 KM. EL DUEÑO ANTERIOR ERA DE CANNING Y VIAJABA A CABA TODOS LOS DIAS. EL 80% DEL KILOMETRAJE LO HIZO EN AUTOPISTA. Con las ultimas mejoras del 10/01/2025 es un auto para usarlo 100000 km más (cambiando la correa a los 115000 km) sin problema.EN MI CASO EL AUTO TIENE VIAJES DE CABA A BARILOCHE, MENDOZA, BAHIA BLANCA, VARIOS A CORDOBA Y PUEBLOS DELL INTERIOR DE BS AS. NO LO USO PARA IR A MICROCENTRO. LA MAYOR PARTE DEL KILOMETRAJE LO HICE EN RUTA,",1,0,0
11666,145000.0,"En muy buenas condiciones Vtv vigenteSin deudas4 cubiertas al 90%Motor 10 puntosFunciona todo el equipamiento 4x4 activable mediante teclaMínimos detalles estéticos de un vehículo de 13 años, Recien realizado service de aceite filtros y refrigerante",1,0,0
11674,171957.0,"Automarket | Startup especializada en comercialización de automóviles premium.Sucursales en Parque Leloir y Nordelta.PORSCHE CAYENNE S 4.8 V8 420 CVAño 2008 | 171.957 kilómetros- Segundo dueño.- Excelente estado, prácticamente sin detalles.- Mayoría de servicios realizados en concesionario oficial Porsche.- Batería principal y auxiliar nuevas.- Manual y duplicado de llaves.- Apto a peritaje y scanner.Mantenimientos recientes:- Bujías nuevas originales, bobinas nuevas originales, distribución nueva, bomba de agua, nueva, pastillas de freno nuevas, batería nueva.Agregados:- Pedal Box, doble admisión directa, pantalla multimedia.Solicite turno para conocer el vehículo en nuestra sucursal de Parque Leloir.- El valor expresado en la publicación es válido únicamente para operaciones de contado.- Aceptamos tanto dólares como pesos tomando como referencia la cotización del dólar blue al día de la operación.- Recibimos vehículos de mayor y menor valor que cumplan con nuestros estándares de calidad.- Brindamos financiación con tasa fija y mínimos requisitos.Todos nuestros vehículos se entregan transferidos a nombre del comprador con documentación garantizada en 72 horas.- Libre deuda de infracciones.- Libre deuda de patentes.- Verificación técnica vehicular.- Verificación policial.- Grabado de autopartes y cristales.",0,0,0
11677,119000.0,"Somos LFGROUP, una marca exclusiva dedicada a comercializar vehículos.En este caso, te brindamos algunas características de la unidad que estás buscando.-Marca: Honda-Modelo:  HR-V 1.8 Ex 2wd Cvt-Año:  2018-Transmision: Automática -Kilometraje:  120.000 kmInformación adicional: Algunos golpes y rayones en las esquinas del auto",1,0,0
11688,140000.0,"Jeep 2da dueña todo al dia nunca un golpe , full. No hay que hacer nada listo pars salir a vijar.",0,0,0
11691,265000.0,"Camioneta SW4 con 265.000km4x4 – Transmisión manualCubiertas Bridgestone Dueler A/T con varios km por delante (siempre hicimos alineación, balanceo y rotación cada 10.000km, alargando la duración de los mismos)Tapizado de panaSe le hizo siempre service cada 10.000km con repuestos originales. Todos los arreglos que se le han hecho se le puso repuestos originales. Tiene detalles de pintura y uno de los asientos de atrás no se puede rebatir.Audio bluetooth (no es original pero ya la compramos con este equipo de audio)Se le ha dado uso familiar. Es muy cómoda a pesar de los años que tiene, tanto en ruta como en caminos rurales y de sierra. Muy buen andar.VTV al día",1,0,0
11697,111111.0,"Nissan Kicks 1.6 Sense 120cvAño 202498 kmPrecio Lista / Permuta $ 32.500.000-.Precio Contado Efectivo $ 31.500.000-.• GRIFF CARS | SUCURSAL ITUZAINGO | SUCURSAL CASTELAR •Mas de 20 años de experiencia en el mercado de vehículos• COORDINAR POR WHATSAPP DÍA Y HORARIO PARA VER EL VEHÍCULO •• TOMA DE USADOS A PRECIO DE MERCADO (COTIZAMOS ONLINE)• RESERVA CON CONFIANZA MERCADO LIBRE PROTEGE TU DINERO, ACEPTAMOS TODAS LAS TARJETAS DE DÉBITO Y CRÉDITO• RESPUESTA INMEDIATA A TUS INQUIETUDES POR WHASTAPP:Respondemos al instante mensajes y llamados. Programamos Videollamadas.• LOS VEHICULOS SON ENTREGADOS TRANSFERIDOSContamos con Administración y Gestoría Integral.• COORDINAR POR WHATSAPP DÍA Y HORARIO PARA VER EL VEHÍCULO •Contamos con;• Financiación del 50% / 60% con crédito bancario delbanco Santander cuotas fijas y en pesos",0,0,0
11702,22000.0,CHEVROLET TRACKER 1.2T ÚNICA *** BAÚL ELÉCTRICO Y CUERO***2024 - 22.000kmServices oficiales realizados a los 10.000km y 20.000kmEl vehículo tiene en varios aspectos un confort que no trae ni la versión PREMIER por los muchos accesorios que se le instalaron.En su momento gasté usd4.000 en accesorios cuando la compré:* Portón trasero automático eléctrico* Asientos tapizados en cuero 100% genuino* Volante tapizado en cuero 100% genuino* Apoya-brazo central tapizado en cuero 100% genuino* Cámara de retroceso original GM* Sensores de estacionamiento delanteros color carrocería y traseros negros como el paragolpe* Estribos laterales original GM* Espejos laterales pintados en negro piano* Manijas pintadas en negro piano* Luces led diurnas secuenciales* Luces led IR100 en alta y baja* Luces led ambar + canbus en giros delanteros y traseros* Luces led ambar secuenciales en giros laterales* Luces led en reversa* Luces full led en todo el interior y baúl* Emblemas con moño negro original GM* Chapón cubre-carter original GM* Tapa rígida de baúl original GM* Alfombra de baúl termoformada anti derrames original GM* Tuercas de seguridad McGard,0,0,0
11710,165000.0,"Chevrolet tracker awd premier + en excelente estado. Sin detalles de chapa ni pintura. Batería willard semi nueva, neumáticos en muy buen estado. Accesorio adicional de alarma volumetrica.",0,0,0
11722,122500.0,"Vehículo usado (2º dueño) comprado en Agosto 2023. Papeles al día (patente, seguro).Cubiertas nuevas (Diciembre 2024) marca Pirelli Scorpion. Detalles del uso cotidiano; pequeño detalle en paragolpe delantero debajo de óptica derecha. Funcionamiento impecable.",1,0,0
11750,140000.0,"VENDO MI HONDA HR-V EN EXCELENTE ESTADO!Datos clave:Modelo: Honda HR-V EX-CVT 2016Motor: Nafta 1.8 (Económico y confiable)Transmisión: Automática CVT (Conducción suave y eficiente)Kilometraje: 140,000 km reales (Bien cuidados y con mantenimiento al día)Neumáticos: 4 nuevos (¡Listo para viajar sin preocupaciones!)Estado: Impecable, sin detalles mecánicos ni golpes.Precio: $22.000.000 (Solo efectivo, negociable con seriedad)Por qué este HR-V es una gran compra?Diseño versátil y espacioso – Amplio baul y asientos rebatibles para mayor capacidad.Tecnología y confort – Aire acondicionado, dirección asistida, sistema de audio y más.Seguridad Honda – Airbags, ABS, control de estabilidad y estructura reforzada.Transmisión CVT – Mayor eficiencia de combustible y manejo suave en ruta/ciudad.OPORTUNIDAD PARA QUIEN BUSCA UN AUTO CONFIABLE Y LISTO PARA USAR!Solo efectivo, no permutas.",0,0,0
11765,32500.0,"FORD KUGA SE 2.5 HÍBRIDA AT FWD – 2020Rodada y patentada en 2021 | Única mano | Solo 32.700 KM | Estado impecableCon un diseño sofisticado, excelente eficiencia y una experiencia de manejo superior, esta Ford Kuga SE Híbrida es la opción ideal para quienes buscan tecnología, seguridad y confort, sin resignar potenciaDESTAQUES PRINCIPALESMotor 2.5L Híbrido con 245 CV en modo SportTransmisión automática | Tracción delantera29.700 km reales de fábrica – Única manoRodada y patentada en 2021Service oficiales sellados en el manual de garantíaInterior como 0KM – Conservación excepcionalTratamiento acrílico profesional realizado por #CustomCarsDetailersMODOS DE MANEJO1. Normal2. ECO3. Deportivo – despliega sus 245 CV4. Resbaladizo5. Nieve y arenaAdaptá la conducción a cualquier terreno o estilo.ESTADO Y ESTÉTICACubiertas originales de fábricaLlantas inmaculadas, sin detallesCarrocería en excelente estado – Brilla como nuevaSin detalles, lista para entregarGARANTÍA Y FINANCIACIÓNGarantía escrita de 6 meses sobre motor y cajaFinanciación disponible vía crédito personal o prendariocon Banco Patagonia y Santander RíoAceptamos permutas (mayor o menor valor)Valor permuta: ¡Siempre negociable!VALOR CONTADO: USD 32000VALOR PERMUTA: USD 34.000LEONESPORT – TU MEJOR OPCIÓN EN SEMINUEVOSCalidad garantizadaAtención personalizadaVehículos seleccionadosVerla es comprarla. Contactanos hoy mismo.",0,0,0
11780,190000.0,Titular4x4JLX 1.6 16vLinda..con sus detalles de años Verificacion policial al momento de seña5 llantas aleacionBuen estado general,0,0,0
11784,17600.0,"Protector de zócalos internos cromados con insignia Kuga (Colocado en concesionario), protector de tapizado de baúl completo de pvc flexible (comprado en concesionario)",0,0,0
11792,51000.0,"""CITROEN C4 CACTUS THP SHINE ATAño 2020•Única dueña•Vtv vigente •Grabado de autopartes•Cubiertas en excelente estado •Pantalla táctil•Navegador•Cámara retroceso•Sensores de estacionamiento •Butacas de cuero•Comando al volante•Control crucero•Llave presencial•Botón de arranque•Levanta vidrios eléctricos•Espejos eléctricosEXPERIENCIA MERAK- Podes abonar el vehículo mediante transferencia bancaria, efectivo, USS. -- Para tu tranquilidad, podes venir con tu mecánico de confianza a ver el auto, escanearlo y que puedas salir a probarlo.- No aumentamos el valor del vehículo en permuta, manejamos precios reales tanto para nosotros como para el cliente.- En el mismo momento que abonas, retiras el vehículo y nuestra gestoría se encarga de tomar la firma en el 08 para poder realizar todos los tramites.- Todos nuestros vehículos se entregan con permiso de circulación o cedula vigente para la tranquilidad del cliente. Es primordial para nosotros que el auto se vaya transferido en el menor tiempo posible. A diferencia de otros concesionarios, esto lo podemos llevar a cabo gracias a que contamos con gestoría propia, con mandatarios matriculados cubriendo todas las zonas.¿TOMAMOS VEHICULOS EN PARTE DE PAGO?- -Si tomamos, y es nuestra prioridad que quieras dejarlo en nuestras manos.- Podes enviarnos fotos, detalles, kilómetros y nuestro equipo de ventas se encarga de cotizarlo en el momento.- Te damos la posibilidad de encargarnos y gestionar toda la documentación necesaria para entregar tu vehículo y que no tengas que moverte de tu casa, sin ningún tipo de honorarios, solamente abonando los aranceles correspondientes.- En ningún momento te quedas sin vehículo, llave contra llave.FINANCIACIÓN- Trabajamos con financieras directas, contamos con las mejores tasas. Cuotas fijas y en pesos.- Podes pedir vía WhatsApp la cotización del crédito a tu medida.- Financiamos hasta el 40% de la unidad.- Hacemos revisión de veras en el ACTO.- Señas el vehículo, la financiera se contacta con vos en el transcurso de 24hs, se arma el crédito y en 72hs estas firmando toda la documentación y retirando el vehículo en el concesionario.SEGURO- Podemos cotizarte el seguro con nuestra productora sin ningún tipo de compromiso, le brindamos a nuestros clientes el precio más bajo del mercado de las compañías más prestigiosas. Si te interesa nuestro presupuesto nos encargamos de gestionar todo para que no tengas que preocuparte y salir cubierto del concesionario. No tiene ningún tipo de honorarios ni adicional, buscamos brindarles todos los servicios en un mismo lugar.¿QUIENES SOMOS?- Somos un equipo joven que viene de una familia ligada al rubro automotor de toda la vida, decidimos dar el paso de abrir un concesionario con un concepto diferente al tradicional. Nuestro principal objetivo es que nuestros clientes se sientan cómodos desde el primer contacto con nosotros, que puedan sacarse todas las dudas sin ningún compromiso, brindarles todas nuestras herramientas para que encuentren el auto que buscan, que no tengan ninguna preocupación más que disfrutar el proceso. ¡Nos encantaría que nos conozcas y que puedas vivir la experiencia con nosotros!""",0,0,0
11840,100000.0,"TOYOTA SW4 SRX 7 Asientos - Blanco Perlado - FULL EQUIPO - Levas al volante.PARTICULAR / TITULAR DIRECTONo revendedores. No permutas.Whatsapp solo para coordinar visita.  Detalles del vehículo: • Año y modelo: SW4 SRX 7 Asientos – Máximo equipamiento • Color: Blanco Perlado • Kilometraje: 100000 kms • Segundo dueño (comprada con 36.000 kms, en estado igual a 0km) • Uso familiar. • guardada en garage techado.  Mantenimiento: - Frenos a nuevo en NEUMEN Martinez (Trabajan para Toyota) • Servicios en concesionario oficial Toyota Núñez o Ferro. (Último service: 07/10/2024 a los 92.474 kms – con facturas y libro de servicio original) • VTV aprobada hasta 2025 • Documentación perfecta y lista para transferir digitalmenteExtras incluidos: • 4 cubiertas ATR Scorpion NUEVAS (10.000 kms de uso) + auxilio • Tratamiento cerámico 2024 • Defensa frontal Toyota (parte negra del paragolpes) • Bocha de trailer original Toyota con bolsin.  Excelente estado general. .",0,0,0
11844,160000.0,"Vendo Nissan Murano 2011160mil km15.500 dólares Lista para transferir.El vehículo se encuentra en excelente estado. Todos los mantenimientos realizados en tiempo y forma.Actualmente se realizo el mantenimiento de caja CVT. Aceite, filtro de aceite, filtro de aire, de habitaculo.Funciona todo el equipamiento electrónico.Asientos de cuero eléctricos, con memoria y calefaccionados en las 4 plazas. El interior del vehiculo está impecable.Espejos exteriores eléctricos, térmicos y plegables con memoria también el volante es electrico y con memoria.Portón trasero del baúl electrónico con apertura desde la llave o desde el o desde el mismo vehiculo. Todos los papeles al dia. Soy titular.Km reales y con el mayor de los cuidados.Pantalla DVD para las plazas traseras con auriculares y control remoto. Sonido de alta fidelidad Bosse potenciado.Un vehículo destacable para realizar viajes en familia! Una verdadera joya.Para más consultas pueden realizarlas sin problemas!No acepto permutas de ningún tipo y tampoco acepto ofertas que no sean prudentes.No acepto planes de ahorro de particulares ni concesionarios.No bajo el precio",0,0,0
11857,166500.0,JEEP GRAND CHEROKEE LAREDO TURBO DIESEL 3.1 WJ EXCELENTE ESTADOTITULAR - RADICADA EN LANUS PROV BS AS - (transferencia obligatoria)SERVICE AL DÍA - CAMBIO DE ACEITE Y FILTRO DE MOTOR y AIRE - CAMBIO DE ACEITE Y FILTRO DE CAJA AUTOMATICA - CAMBIO DE FILTRO DE GASOIL Y CIRCUITO DE MANGUERAS - INYECCION Y BOMBA DE GASOIL CALIBRADOS Y HECHOS A NUEVOSIN FALLAS - FUNCIONA TODO - CUBIERTAS EXCELENTES - AMORTIGUADORES RANCHO REGULABLES - ALFOMBRAS VAPREN HABITACULO Y BAUL - PANTALLA TACTIL MULTIMEDIA - ASIENTOS DE CUERO Y DELANTEROS ELECTRICOSCONTACTOS POR WAPPA AL 11-36798802RESPONDO CONSULTAS A LA BREVEDAD POSIBLESE PUEDE VER POR VALENTIN ALSINA-LANUSPOSIBILIDAD DE PERMUTA EN IGUAL ESTADOPOSEO COMPROBANTES DE LOS TRABAJOS REALIZADOSNO PIERDE ACEITE - LISTA PARA VIAJARMEDIA VUELTA DE LLAVE Y ARRANCA EN DIAS DE BAJA TEMPERATURA,0,0,0
11863,243000.0,"MARCA: TOYOTA MODELO: SW4VERSIÓN: SRV 7 ASIENTOS NAFTA 2.7KM: 243.000AÑO: 2013CONSULTA AQUÍ POR CRÉDITOS BANCOR CRÉDITOS SANTANDER Y FINANCIACIÓN PROPIA DE LA CASA A MEDIDA DEL CLIENTEMEGA CARS AUTOMOTORESENTREGA INMEDIATA… EN EL DIA!!!Si el vehículo le interesó no dude en escribirnos o llamarnos para coordinar una cita y que usted pueda no solo venir a ver y revisar la unidad sino también realizar un test drive con el mismo. TODOS NUESTROS VEHÍCULOS ESTAN A SU ENTERA DISPOSICIÓN PARA QUE LOS PRUEBE, HAGA REVISAR CON SU MECANICO DE CONFIANZA O LO QUE A USTED LE PAREZCA NECESARIO PARA SU TRANQUILIDAD. Recibimos su usado en excelente precio, Financiación a medida - Distintas formas de pago.-  ————————————————————————————— Somos una agencia ícono en Córdoba capital, ubicados en el corazón del parque de venta automotriz Contamos con gran variedad de vehículos usados y cero km con entrega inmediata brindando al cliente todo lo que necesita para su tranquilidad y una operación segura y sencilla.Muchísimas gracias por elegirnos!FRANCO VACCARI",0,0,0
11866,77000.0,Impecable sin detalle 4 cubiertas michelin con 1000km Servis oficial en garantía hasta el 2026.Permuto por pick up,0,0,0
11867,113000.0,"gomas nuevastratamiento cerámico japonespantalla 10 pulgadas sin perder funcionalidad de volante y yoistick luces led interior como linea nuevaservicio oficialesestribos, barras techo escapes y techo de paragolpe cromados cuero única impecable mejor que 0km",0,0,0
11893,195000.0,"La camioneta está en buen estado general, con algunos detalles propios del del tiempo que se pueden ver fácilmente. Se han realizado arreglos de mantenimiento desde que fue comprada hace un año y medio. La venta se debe a que necesito una camioneta con caja para el trabajo.",0,0,0
11916,120000.0,"impecable, segundo dueño, nunca un golpe, cuidada sin niños, asientos de CUERO unica en este modelo a ese nivel, ni marcas ni rayas en ningún interior, funciona todo perfecto",0,0,0
11917,74000.0,"PEUGEOT 2008 active 1.6 nafta 2017 con bluutooth 74.000kmsTitular particular tiene algún que otro detallecito de chapa y pintura de uso cotidiano y un abollón tapa baúlPosee cubiertas cambiadas a fin del 2024 y la distribución a principio del mismo. Aceite y filtro recién tocaría a los 80.000kms o noviembre 2025 ya que es la fecha en la que se realizó. VTV al día, hasta octubre 2025. Patentes al día. Tuercas de seguridad en las cuatro ruedas.No permuto, no financio",1,0,0
11918,26200.0,"Vehículo inmaculado, ningún detalle.Solo 26.000km.Se puede ver y probar sin problema.",0,0,0
11922,56000.0,"Unico dueño, sin detalles. Somos una empresa familiar dedicada a la venta de vehiculos usados y OKM, ( Automotores Lozano) con una trayectoria de 20 años en el mercado, estamos en un pueblo llamado Magdalena que queda 45 al sur de La Plata por ruta Nro. 11, los coches que vendemos son en un gran porcentaje vendidos por nosotros de okm y conocemos su historia, si busca transparencia y tranquilidad no dude en comunicarse con nosotros !!!!",0,0,0
11943,330000.0,"Precio rebajado, oportunidad. 4 ruedas nuevas, cambio de filtro y aceite. Cambio de aceite de caja automática. Burro y corona nuevo. Pata de motor nueva. 4x4 integral. Dueño directo, titular.La camioneta funciona bien igual. Hay q cambiar algunas cosas del tren delantero.",0,1,0
11955,69000.0,"Vendo Jeep Renegade Sport 1.8L en excelente estado, bajé el precio porque el viernes lo saqué para mostrar y me hicieron una raya en un lateral, sólo pintura.Está listo para transferir y salir a la ruta.Mecánica al día:- Batería nueva- 2 cubiertas nuevas- Amortiguadores delanteros nuevos- Service completo realizado en marzo*** Todo con facturas y garantíaExtras:- Pantalla original reemplazada por la de versión Longitude (10”)  (incluyo también la original en caja)- VTV recién hecha- Auxilio sin usoImportante:- No acepto permutas- Venta sólo a particularesConsultá sin compromiso. ¡Una excelente oportunidad!",1,0,0
11960,9817.0,"EL PRECIO PUBLICADO ES UNA ENTREGA MAS FINANCIACION, ENTREGA DE $40.000.000 Y 48 CUOTAS DE 470.000 APROX CUANDO PENSAS EN CAMBIAR TU USADO, PENSA EN LA CONCESIONARIA MAS VISITADA EN CORDOBA, PENSA EN LOPCAR.MAS DE 25 AÑOS DE TRAYECTORIA, TRABAJANDO PARA BRINDARLES A NUESTROS CLIENTES EL MEJOR ASESORAMIENTO A LA HORA DE ADQUIRIR O RENOVAR SU PROXIMA UNIDAD.¡BUSCAMOS LA MEJOR FINANCIACION!!¡TOMAMOS SU USADO AL MEJOR PRECIO!!SEGURIDAD, TRANQUILIDAD y HONESTIDADCUALQUIER CONSULTA NUSTROS ASESORES ESTARAN A SU DISPOSICION!!¿COMO SE PUEDE FINANCIAR?- Créditos personales y prendarios.- Permutas (recibimos tu usado)- Créditos en tasas fijas- Créditos Uva- Entrega mínima: 50%- Financia el saldo a una tasa desde el 16.5%LOS VALORES REFERIDOS ESTAN SUJETOS A MODIFICACION SIN PREVIO AVISOLOPCAR S.A",0,0,0
11973,125000.0,"El precio es de $ 10.50.000, detalles de pintura a la vista, por eso el precio que igualmente es charlable.DUSTER 2013 CONFORT PLUS 1.6 125.000 KM. TIENE DETALLES DE PINTURA, FUNCIONA TODO CORRECTO, SOY DE ZONA SUR QUILMES",1,0,0
11975,28500.0,UNICO DUEÑO !!!!EXCELENTE ESTADO !!!!SIN DETALLES !!!!!,0,0,0
11990,8000.0,"JERTCAR AUTOMOTORES+ TOYOTA+ COROLLA CROSS+ SEG 2.0 CVT+ 2024+ 8.000 KMS, PRACTICAMENTE 0KM+ SIN NINGUN DETALLE+ PERMUTA+ FINANCIACION SOLO CON DNICONSULTANOS JERTCAR",0,0,0
12022,94000.0,"Autogringo Automotores--------------------------------------------------------------------------------------------------------------------------!!!!!!!!!!!!!!!MEJOR CONTADO !!!!!!!!!!!!!!!!!Contado $ 19.000.000Anticipo $ 6.000.000 + Gastos24 X $ 800.000 36 X $ 600.000 48 X $ 500.000 Excelente unidadSin detallesTodo al díaTomo usados ( Pago mas)--------------------------------------------------------------------------------------------------------------------------Somos una empresa dedicada a la venta de autos usados seleccionados, nos destacamos por la atención personalizada, ya que contamos con un equipo de profesionales capacitados para brindar con seriedad el mejor asesoramiento.",0,0,0
12031,23000.0,AutoDrive***** USADOS SELECCIONADOS ******* PRECIO PUBLICADO CORRESPONDE AL ANTICIPO ***SALDO RESTANTE FINANCIABLE EN CUOTAS:12 CUOTAS DE $870.000.-24 CUOTAS DE $540.000.-36 CUOTAS DE $435.000.-48 CUOTAS DE $385.000.-PRECIO CONTADO $27.900.000Chevrolet Tracker 1.2T AT 202323.000 KM • Unidad en excelente estado• Papeles al día – Listo para transferir• Garantía de 3 meses por inconvenientes en motor o caja• Aceptamos permutas• Tenemos financiación¡Tu nuevo auto te está esperando!Podes venir con tu mecánico sin problemas para revisarloDejame tu consulta y me comunico a la brevedad,0,0,0
12035,28000.0,"BETA AUTOMOTORESConcesionario Oficial ChevroletLíder en ventas y calidad de atención, la opinión de nuestros clientes y 27 años en la marca, nos avala. ***Solo vendemos usados seleccionados***¡SUPER OPORTUNIDAD POR PRECIO Y ESTADO!¡¡¡NUEVA FINANCIACION EXCLUSIVA PARA USADOS, CON UNA TASA FIJA DEL 29% ANUAL!!!SI, FIJA Y DESDE EL 29% ANUAL (LE GANAS AMPLIAMENTE A LA INFLACIÓN). Y EXCLUSIVA, PORQUE SOLO NOSOTROS TE LA PODEMOS OFRECER, YA QUE ES DE CHEVROLET GPAT PARA LOS VEHICULOS USADOS DE TODAS LAS MARCAS QUE OFRECEMOS.¡SOLO POR CUPOS LIMITADOS, CONSULTA AHORA!EL VEHICULO-Se encuentra en inmejorable estado ya que está muy cuidado, y posee todos los service al día. Cada vehículo que entra y sale a la venta en nuestro concesionario, pasa por un exhaustivo chequeo realizado por nuestros técnicos, luego se selecciona y se exhibe.-Posee vtv al día, grabado de autopartes, informes de dominio y de infracciones, verificación policial, manuales, 2da llave, etc.LA DOCUMENTACIONNuestra área administrativa se encarga de que la documentación este al día, completa y lista, para que puedas hacer el trámite de transferencia de manera inmediata, y sin necesitar intermediarios. Además te acompañan y asesoran en el proceso de solicitud de tramites.FORMAS DE PAGO-Permutamos por tu vehículo usado. ¡Cotiza en línea, ahora!-Recibimos dólares y los pagamos al mejor precio de mercado, para una compra mas segura, sin que tengas que buscar lugar, y cambiarlos vos.-CREDITOS CHEVROLET GPAT (para usados multimarca)Financiamos a tasa 0% ajustable, y fija solo con DNI, sin comprobar ingresos. Aprobación inmediata. ¡Consúltanos en línea ahora, con tu DNI!",0,0,0
12039,220000.0,Muy buen estado100% Service y mantenimiento en BMW Cubiertas Pirelli y Compresor AA seminuevosSin golpes,0,0,0
12044,37000.0,"Bienvenido a Monoceros: Tu Puente hacia Vehículos de Dueños Directos1 - Conexión Exclusiva:En MONOCEROS, cada vehículo proviene directamente de dueños, ofreciéndote una conexión única. DIFERENCIANDONOS DE LAS AGENCIAS, te brindamos la oportunidad de comprar DIRECTAMENTE A UN PROPIETARIO, asegurando una transacción más personal. Monoceros GARANTIZA una conexión exclusiva con propietarios respaldados por nuestra plataforma de confianza.2 - Chequeo Exhaustivo:Realizamos chequeos detallados para proporcionarte información precisa sobre el estado de cada vehículo, brindándote SEGURIDAD en tu compra.3 - Vendemos Transparencia:En MONOCEROS, no solo vendemos autos, vendemos transparencia. Tu confianza es nuestra prioridad.4 - Visualización en 360º:Experimenta una VISUALIZACIÓN completa con nuestro FORMATO 360º. Examina cada detalle antes de coordinar una visita.5 - Visitas Coordinadas:Programa visitas previas fácilmente mediante coordinación telefónica o por WhatsApp, adaptándonos a tu horario.6 - Informe Mecánico Completo:Proporcionamos INFORMES MECANICOS y reportes de scanner para una evaluación completa del estado del vehículo.7 - Información Legal a tu Alcance:Accede a INFORMES DE DOMINIO Y MULTAS para tomar decisiones informadas y legales.8 - Permutas Bienvenidas:Gestionamos PERMUTAS a través de agencias aliadas de confianza con una extensa trayectoria que nos vincula. Así, tu transición a un nuevo automóvil es aún más fácil y segura. ¡Haz el cambio con nosotros de manera sin complicaciones!9 - Opciones de Financiación:Explora nuestras opciones de FINANCIACIÓN para hacer más accesible la adquisición de tu vehículo.10 - Estamos aquí para responder a tus preguntas y hacer que tu búsqueda de un nuevo vehículo sea fácil y emocionante. ¡Contáctanos hoy mismo!",0,0,0
12058,82000.0,Sw4 detalles en pargolpes Mecánica excelente Uso familiarSoy titular.,1,0,0
12064,122900.0,"¿Estás listo para darle un giro a tu conducción? Descubrí la excelencia de los vehículos de Autoctiy Usados. Ofrecemos una amplia gama de opciones de financiamiento diseñadas para adaptarse a tus necesidades individuales, además de la posibilidad de usar tu auto actual como parte de pago.Solo ofrecemos vehículos del 2010 en adelante, con menos de 130,000 kms recorridos y sin historial de daños estructurales.*BENEFICIOS CON AUTOCTIY USADOS:INSPECCIÓN Y GARANTÍA MECÁNICA (ISO9001): En Autoctiy Usados, la calidad es nuestra prioridad.  Nuestros vehículos pasan por una exhaustiva inspección de 240 puntos realizada por nuestro equipo de expertos. Además, cuentan con kilometraje verificado y una garantía mecánica de 3 meses.*PRÓXIMOS PASOS:Contáctanos para programar una visita o reservar el vehículo de tu interés.MÉTODOS DE PAGO:    • FINANCIACIÓN A MEDIDA: Accede al auto de tus sueños con nuestro plan de financiamiento personalizado, con opciones de hasta 60 cuotas fijas.    • DEJA TU AUTO COMO PARTE DE PAGO: Cambia tu vehículo actual por uno de Autoctiy Usados.    • PAGO AL CONTADO: Realiza tu pago mediante transferencia bancaria o depósito, en pesos o dólares.¡Viví tu experiencia Autocity!",0,0,0
12065,110000.0,"MARCA CHEVROLET MODELO TRACKERVERSIÓN LTZ KM 110.000AÑO 2015CONSULTA AQUÍ POR CRÉDITOS BANCOR CRÉDITOS SANTANDER Y FINANCIACIÓN PROPIA DE LA CASA A MEDIDA DEL CLIENTEMEGA CARS AUTOMOTORESENTREGA INMEDIATA… EN EL DIA!!!Si el vehículo le interesó no dude en escribirnos o llamarnos para coordinar una cita y que usted pueda no solo venir a ver y revisar la unidad sino también realizar un test drive con el mismo. TODOS NUESTROS VEHÍCULOS ESTAN A SU ENTERA DISPOSICIÓN PARA QUE LOS PRUEBE, HAGA REVISAR CON SU MECANICO DE CONFIANZA O LO QUE A USTED LE PAREZCA NECESARIO PARA SU TRANQUILIDAD. Recibimos su usado en excelente precio, Financiación a medida - Distintas formas de pago.-  ————————————————————————————— Somos una agencia ícono en Córdoba capital, ubicados en el corazón del parque de venta automotriz Contamos con gran variedad de vehículos usados y cero km con entrega inmediata brindando al cliente todo lo que necesita para su tranquilidad y una operación segura y sencilla.Muchísimas gracias por elegirnos!FRANCO VACCARI",0,0,0
12073,63800.0,"......:::::: VW TAOS ::::::....../// PRECIO EN PESOS /// SOY PARTICULAR.- Titular UNICA MANO DE 0 KM. al día sin ningún tipo de deuda. (Se vende si o si transferida).- Tratamiento cerámico en pintura, vidrios, ópticas y faroles.- Versión Confortline.- El Suv mas completo de VW excelente andar.*** MOTOR 250 TSI 1.4 150 CV ***- 63.800 kms, REALES (Se puede enchufar sin problema) la mayoría de los KMS son autopista.- Transmisión automática Tiptronic de 6 Velocidades.- Mantenimientos mecánicos realizados según indica el manual, los mismos fueron realizados en tiempo y forma con repuestos originales de VW en concesionaria Oficial.- Pastillas de freno nuevas.- Siempre se la usa con Nafta Shell V Power.*** INTERIOR ***- Impecable y sin descaste ni detalles, ya que la mayoría de sus KMS son de Autopista. (los asientos de atrás casi ni se usaron).- Funciona todo su equipamiento a la perfección.- La camioneta se encuentra en excelentes condiciones, lista para viajar sin tener que hacerle absolutamente nada."""" Se puede ver previo llamado telefónico en cualquier momento por la zona de Barracas C.A.B.A o Avellaneda Pcia. """"",0,0,0
12086,44000.0,"FORD TERRITORY TITANIUM2022 | 44.000 kms | Motor 1.5T | 143cv | Caja ATPRECIO:- En efectivo: U$S 32.000- En permuta: U$S 33.500CARACTERÍSTICAS DESTACADAS:- Segunda mano de 0KM, sin detalles.- Servicios oficiales al día.- Tratamiento ceramico recién realizado.EQUIPAMIENTO DESTACADO:- Crucero adaptativo.- Asistente en pendiente.- Frenado autonomo.- CarPlay y Android auto.ENCONTRANOS EN LIBERTADOR Y GRAL. PAZ:Visitá nuestro exclusivo salón boutique de 500 m2 dentro del complejo Al Río.GESTORÍA Y ESCRIBANÍA PROPIA:Resolvé todos los trámites en nuestro salón de forma rápida y segura.TOMAMOS VEHÍCULOS COMO PARTE DE PAGO:Tasamos tu auto al mejor valor para que puedas dar el salto que buscás.¿QUERES VENDER TU AUTO DE ALTA GAMA?Consigná tu vehículo con nosotros y hacé que la venta sea rápida, segura y sin esfuerzo.¡SEGUINOS EN REDES!",0,0,0
12105,75000.0,"Dodge journey 3 filas de asientos, con techo solar y porta equipaje Llantas originales impecables con 4 cubiertas nuevas, auxilio sin rodar. Pintura de fábrica sin detalles sin choques ni golpes.Vtv recién hecha Mecánicamente como nueva, anda todo y tiene el servicio recién hecho, el andar que tiene es muy bueno. Vtv 2026 Siempre duerme bajo techo uso familiar muy cuidada.Asientos eléctricos sin desgaste alguno Cuenta con cubre alfombras anti derrame en todas las plazas Soy titular vendo transferido en el registro automotor, sin deudasEvalúo permuta",0,0,0
12115,31367.0,"Cambiá tu auto o comprá uno semi nuevo en Kavak, compañía N°1 en venta online de autos usados en Latinoamérica. Contamos con distintos planes de financiamiento para adaptarse a tus necesidades, también podés dejar tu auto como parte de pago. Solo vendemos autos 2010 en adelante, con menos de 100.000 km, que nunca tuvieron daños estructurales ni GNC.------------------------------------------------------------->> Volkswagen T-Cross 1.0 200 TSI HIGHLINE TIPTRONIC MY22 << 411446*BENEFICIOS KAVAK:Al comprar tu Auto Kavak contás con un PERÍODO DE PRUEBA DE 7 DÍAS o 300 KM. Si no te encantó, te devolvemos el 100% de tu dinero (incluida la transferencia)*INSPECCIÓN Y COBERTURA MECÁNICA: En Kavak, la calidad es lo más importante. Nuestros autos son mucho más que autos usados, son autos semi-nuevos reacondicionados que están revisados en 240 puntos por nuestro equipo de expertos, tienen todos los servicios al día, kilometraje real y cobertura mecánica Kavak de 3 meses con posibilidad de extensión a 1 año.*CONTRATÁ KAVAK TOTAL: Con Kavak Total tenés 9 meses adicionales de cobertura con tope según marca/modelo del auto en arreglos, en motor, transmisión, tracción delantera y trasera, batería, embrague y correa o cadena de distribución. Cuidar tu auto puede ser tan fácil como manejarlo.PRÓXIMOS PASOS:Consúltanos para agendar una visita y/o reservar tu auto de interés.*MÉTODOS DE PAGO:- FINANCIAMOS TU COMPRA: Podés acceder al auto de tus sueños con nuestro plan de financiamiento hecho a tu medida. Financialo en hasta 60 cuotas fijas.- DEJÁ TU AUTO COMO PARTE DE PAGO: Cambiá tu auto por uno Kavak.- AL CONTADO: Pagá vía transferencia bancaria o deposito. Podés pagar en pesos o en dólares.Para mayor información visitá nuestro sitio.*Ver términos y condiciones en Compra y Venta de Autos Usados en Argentina con Garantia",0,0,0
12119,95000.0,"CHEVROLET TRACKER LTZ AÑO 2017KILÓMETROS 95.000MOTOR 1.8 NAFTA 140CV CAJA MANUALCÁMARA RETROCESOCUBIERTAS NUEVASÚNICO DUEÑO Somos WEST MOTORS, una empresa dedicada a la comercializacion de vehiculos usados y 0km para brindar una operacion segura y confiable a cada uno de nuestros clientes. Contamos con una amplia variedad de vehículos en óptimas condiciones para una venta satisfactoria. En caso de permuta tomamos tu usado, queres vender tu vehículo? Nosotros te lo vendemos, necesitas el dinero? Nosotros te lo compramos! No dudes en contactarnos.",0,0,0
12134,108000.0,Titular segunda mano vtv al dia 4 bf goodbrich nuevas con 5000km separadores kit de altura 2” paragolpes 50 aniversario barra y faros de led soportes mopar estereo pionner con pantalla gancho trayler mopar posee su capota sin uso servicios al dia nada por hacerle caja de 6ta NO PERMUTO,0,0,0
12142,32000.0,"Bienvenido a NEOSTAR, tu Concesionario Oficial de confianza en Rosario y sus alrededores. Desde 1996, nos hemos comprometido a ofrecer asesoramiento de primera calidad a nuestros clientes, representando marcas de renombre como Jeep, Dodge, Ram, Chrysler, Nissan, Kia, Suzuki, Honda y Subaru.En NEOSTAR, nos enorgullece ofrecer una amplia gama de vehículos usados exclusivos. Con un promedio de más de 90 vehículos usados mensuales, cada uno de nuestros automóviles pasa por un riguroso proceso de peritaje mecánico para garantizar la calidad y fiabilidad. Además, todos nuestros vehículos usados vienen respaldados por una garantía y cuentan con toda la documentación necesaria para una transferencia sin complicaciones, gracias a nuestros experimentados gestores.¿Buscas cambiar tu vehículo actual? En NEOSTAR, aceptamos permutas y también compramos vehículos de todas las marcas. Confía en nosotros para obtener una valoración justa y transparente.Encuéntranos en nuestras ubicaciones en Rosario, Santa Fe (capital), Funes y Cañada de Gómez, y descubre por qué NEOSTAR es tu destino confiable para todas tus necesidades automotrices.",0,0,0
12148,128000.0,"Ford EcoSport 2.0 SE 2016 | 128.000 km | Auxilio Colgado | Papeles al Día ¡Lista para usar!Ford EcoSport 2.0 SE 2016, motor 2.0 nafta, transmisión manual, con solo 128.000 km reales. Muy bien cuidada, ideal para quienes buscan una SUV confiable, potente y cómoda tanto para la ciudad como para la ruta.Año: 2016Kilometraje: 128.000 kmVersión SE - Motor 2.0L nafta - ManualSegundo dueñoPapeles al día – Lista para transferirServicios y mantenimiento al díaVTV vigenteColor: NegraAuxilio colgadoInterior en excelente estadoAndar impecable, sin ruidos ni detalles mecánicos.No hay que hacerle nada: subís y salís a la ruta.Ubicación: Capital FederalConsultas por mensaje o WhatsApp",0,0,0
12150,154000.0,"Vendo Jeep Grand Cheroke Limited, full-full, año 2007, 154000 km reales comprobables, 2do dueño, motor Mercedes Benz CRD 3.0  V6, 218 hp., caja automatica y secuencial, 4x4 permanente en alta o baja, techo electrico, aire acondicionado bi-zona, asientos de cuero electricos, todo en impecable estado, igual a nuevo, sin detalles, service cada 12000 km, bateria nueva, bujias precalentadoras nuevas, cubiertas con 8000 kms. espejos revatibles electricos con desempañador, luces led y muchas cosas mas. Una Bestia. Cualquier consulta a disposicion.",0,0,0
12157,200000.0,Muy bien estado solo algunos detalles en la pintura,1,0,0
12168,232000.0,"Todos los Service oficiales desde 0 km en Hyundai oficial para que cualquier interesado pueda consultar el historial del auto, sin inconveniente.Cambio de amortiguadores en abril 2025.Muy buena camioneta, recomendada para uso familiar y viajes, que se disfrutó mucho por su espacio.Tiene detalles de pintura.",1,0,0
12177,130000.0,"Hyundai Santa Fe 2.4 Gls Premium 7as 6at 4wdPrecio Lista / Permuta u$s 23000Precio Contado Efectivo u$s 21000+ Aceptamos Transferencia Bancaria en Pesos y Dólares ++ Contamos con cuenta Bancaria en Estados Unidos para recibir transferencias +Mas de 25 años de experiencia en el mercado de vehículos premium• COORDINAR DÍA Y HORARIO PARA VER EL VEHÍCULO •• TOMA DE USADOS A PRECIO DE MERCADO (COTIZAMOS ONLINE)• RESERVA CON CONFIANZA :MERCADO LIBRE PROTEGE TU DINERO, ACEPTAMOS TODAS LAS TARJETAS DE DÉBITO Y BANCOS VIRTUALES• RESPUESTA INMEDIATA A TUS INQUIETUDES :Respondemos al instante mensajes y llamados. Programamos Videollamadas.• ATENCIÓN PERSONALIZADA• DOCUMENTACIÓN AL DÍA Y LISTA PARA TRANSFERIRContamos con Administración y Gestoría Integral.• COORDINAR DÍA Y HORARIO PARA VER EL VEHÍCULO •",0,0,0
12182,149000.0,"BMW X3 M Package. En muy buen estado generalCubiertas recién cambiadasTratamiento acrílicoVEHICULO : BMW X3 XdriveVERSION : EXECUTIVE 306cv + PACK MMOTOR : 3.0 XDRIVE 35iAÑO : 2012CUBIERTAS CON MENOS DE 1000 KM. TODOS LOS SERVICIOS DOCUMENTADOSVEHICULO AL DIA, LISTO PARA TRANSFERIR.EQUIPADA CON PACK MTRACCIÓN INTEGRALBMW X3 Xdrive M Package 2012 - Potencia, Estilo y Confort en un Solo VehículoSi estás buscando una SUV que combine lujo, rendimiento y tecnología, este BMW X3 Xdrive M Package 2012 es la elección perfecta. Diseñado para quienes valoran la elegancia y la deportividad, esta camioneta te ofrece una experiencia de conducción excepcional con el sello distintivo de BMW.Características DestacadasMotor y Rendimiento: Motor turbo eficiente que entrega una potencia dinámica, ideal para ciudad y carretera. Sistema Xdrive: Tracción integral inteligente para máxima estabilidad y seguridad en todo tipo de terrenos. M Package: Diseño deportivo con acabados exclusivos, detalles aerodinámicos y un estilo imponente. Interior de Lujo: Asientos de cuero premium, acabados refinados y un espacio amplio para viajar con total comodidad. Tecnología y Seguridad: Equipado con sensores de estacionamiento, pantalla multimedia, climatización dual y un sistema de sonido de alta fidelidad.Estado del Vehículo Mantenimiento al día Sin accidentesDocumentación en regla Listo para transferenciaEste BMW X3 es la combinación perfecta de prestaciones, diseño y exclusividad. Si quieres conocerlo en persona, coordina una visita y siente la potencia de BMW en tus manos.",0,0,0
12187,123000.0,"""BMW X1 2.0 XDRIVE 25i XLINE Año 2017Km 123.000•Unico dueño•Todos los service en concesionario oficial•Vtv vigente•Grabado de autopartes•Navegador•Camara retroceso•Sensores de estacionamiento•Climatizador•Modo Eco , Modo Sport•Doble techo solar y techo corredizo•Butacas de cuero•Comando al volante•Control crucero•Boton de arranque•Llave presencialEXPERIENCIA MERAK- Podes abonar el vehículo mediante transferencia bancaria, efectivo, USS. -- Para tu tranquilidad, podes venir con tu mecánico de confianza a ver el auto, escanearlo y que puedas salir a probarlo.- No aumentamos el valor del vehículo en permuta, manejamos precios reales tanto para nosotros como para el cliente.- En el mismo momento que abonas, retiras el vehículo y nuestra gestoría se encarga de tomar la firma en el 08 para poder realizar todos los tramites.- Todos nuestros vehículos se entregan con permiso de circulación o cedula vigente para la tranquilidad del cliente. Es primordial para nosotros que el auto se vaya transferido en el menor tiempo posible. A diferencia de otros concesionarios, esto lo podemos llevar a cabo gracias a que contamos con gestoría propia, con mandatarios matriculados cubriendo todas las zonas.¿TOMAMOS VEHICULOS EN PARTE DE PAGO?- -Si tomamos, y es nuestra prioridad que quieras dejarlo en nuestras manos.- Podes enviarnos fotos, detalles, kilómetros y nuestro equipo de ventas se encarga de cotizarlo en el momento.- Te damos la posibilidad de encargarnos y gestionar toda la documentación necesaria para entregar tu vehículo y que no tengas que moverte de tu casa, sin ningún tipo de honorarios, solamente abonando los aranceles correspondientes.- En ningún momento te quedas sin vehículo, llave contra llave.FINANCIACIÓN- Trabajamos con financieras directas, contamos con las mejores tasas. Cuotas fijas y en pesos.- Podes pedir vía WhatsApp la cotización del crédito a tu medida.- Financiamos hasta el 40% de la unidad.- Hacemos revisión de veras en el ACTO.- Señas el vehículo, la financiera se contacta con vos en el transcurso de 24hs, se arma el crédito y en 72hs estas firmando toda la documentación y retirando el vehículo en el concesionario.SEGURO- Podemos cotizarte el seguro con nuestra productora sin ningún tipo de compromiso, le brindamos a nuestros clientes el precio más bajo del mercado de las compañías más prestigiosas. Si te interesa nuestro presupuesto nos encargamos de gestionar todo para que no tengas que preocuparte y salir cubierto del concesionario. No tiene ningún tipo de honorarios ni adicional, buscamos brindarles todos los servicios en un mismo lugar.¿QUIENES SOMOS?- Somos un equipo joven que viene de una familia ligada al rubro automotor de toda la vida, decidimos dar el paso de abrir un concesionario con un concepto diferente al tradicional. Nuestro principal objetivo es que nuestros clientes se sientan cómodos desde el primer contacto con nosotros, que puedan sacarse todas las dudas sin ningún compromiso, brindarles todas nuestras herramientas para que encuentren el auto que buscan, que no tengan ninguna preocupación más que disfrutar el proceso. ¡Nos encantaría que nos conozcas y que puedas vivir la experiencia con nosotros!""""""",0,0,0
12215,133000.0,"Vendo Tiggo 2.0Solo naftaTren delantero hecho, muy buen andarExcelente estado generalMantenida en tiempo y formaKms realesPequeños detalles estéticos Se muestra en castelar sur, a pocas cuadras de la estación Ituzaingó. Titular, se vende al día y transferidaACLARO, LA CAMIONETA ES DE MI HERMANA, YO LA MUESTRO POR CUESTIONES DE TIEMPOPor favor reales interesados contactarse, no hagan perder el tiempoCualquier consulta será respondidaSe escucha oferta razonable y se acepta dólar.",1,0,0
12220,347000.0,"Fotos reales, X-trail 4x4 con freno ABS en las cuatro ruedas, 8 AIR BAG - CUBIERTAS NUEVAS!!!! - VERIFICACION TÉCNICA AL DÍA - se necesita repintar paragolpes y sacabollo en puerta trasera. MECÁNICA PERFECTA . Todos los servicios al día- posibilidad de PERMUTAR por XTRAIL más ACTUAL.",1,0,0
12229,41000.0,"NISSAN KICKS EXCLUSIVE CVT 2023EXCELENTE ESTADOVALOR CON PERMUTA 30.000 USD———————Los autos más exclusivos los encontrás solo en MB CARS MADEROBienvenido a MB CARS, Una empresa moderna que innova sobre la modalidad de trabajo de cualquier agencia convencional, creada por Antonio Mellino y Lucas Bermudez.Contamos con atención personalizada en autos de alta gama y nacionales ofreciendo unidades 0km y usadas. Cada auto cuenta con una inpeccion integral, mecanica y estetica al momento de ingresar, asegurando el correcto funcionamiento dando 3 meses o 1000 km de garantia.Te ofrecemos la mejor financiación, con la característica de que todas las unidades salen si o si transferidas y al día. Las mismas cuentan con titulo original, Informe de dominio, verificación policial, formulario 08, grabado de autopartes, VTV y servicio de gestoria y asesoría de seguros.También puede conocer nuestro sector de ESTÉTICA INTEGRAL, donde puede acceder a servicios como:. Tratamientos de carrocería. Sistema de protección (PPF). Servicio de ploteoEntre otros servicios.Para un asesoramiento personalizado podes contactarnos a nuestros celulares o por cualquiera de nuestras redes.",0,0,0
12231,150000.0,"Chevrolet Tracker LT Manual 1.2Taño 2020, impecable sin ningun detalle.Lista para transferir.Recibo menor, financio credito uva o fijo. Banco Santander o Bancor.Novel Automotores, Luis",0,0,0
12236,90000.0,"<< Somos una empresa familiar la cual tiene como principal objetivo brindar una experiencia de compra y venta distinguida. Todo nuestro equipo trabaja para que cada cliente tenga la mayor comodidad y tranquilidad posible durante todo el proceso comprando unidades de primera. >> << Al momento de tener un nuevo ingreso, nos ocupamos de llevar a cabo las revisiones que sean correspondientes y de que nuestro sector de gestoría se encargue de preparar la documentación para que la transferencia sea inmediata. Para la tranquilidad del cliente, se pude escanear y revisar ante cualquier especialista nuestras unidades. >><< Si bien damos la opción de presentar el tramite de traspaso de dominio  de manera particular con el fin de evitarse gastos extra, nuestro equipo de gestores y grupo asegurador, se encuentran a entera disposición para lograr una compra rápida y totalmente prolija. >><< Los invitamos a leer nuestras reviews en Google y los esperamos en nuestro salon de ventas ubicado en La Lucila sobre Av Libertador ! >>  Grupo Scotti —> Sucursal Gt Automotores",0,0,0
12241,48000.0,"SOY PARTICULAR!! Vendo mercedes glc300 coupe, la mejor que hay en venta sin dudas, 48.000 kms como nueva! La camioneta se puede verificar con mecánico de tu confianza y escanear o bien podemos llevarla a Comsecionario oficial y verificarla ahí mismo. Tiene colocado CarPlay inalámbrico EN PANTALLA ORIGINAL, sin cambiar nada del vehículo ni tocar nada! Tiene servís recién hecho y batería recién cambiada (tengo factura de ambas cosas) El auto está nuevo por donde se lo mire.Tiene head up diaplay y todo lo que trae la camioneta que es super completa.Cualquier consulta no dudes en preguntar!",0,0,0
12283,141000.0,"VOLKSWAGEN TIGUAN 2.0TSI 4MOTION.TITULAR PARTICULAR AL DÍA, NO SOY AGENCIA.SEGUNDO DUEÑO // ZONA NORTE (JOSE C. PAZ // SAN MIGUEL).MANUAL 6TA141.000 KMPREMIUM TOPE DE GAMACUEROTRACCIÓN INTEGRAL 4X4 TECHO PANORÁMICOSENSORES 360ºESTACIONAMIENTO ASISTIDO (PARK ASSIST)BUTACAS TOTALMENTE ELÉCTRICAS Y CALEFACCIONADASCLIMATIZADOR BI-ZONA.LUCES LED CON LUPAGANCHO REMOLQUE ORIGINAL VWBATERÍA MOURA NUEVA.VENI CON TU MECÁNICO DE CONFIANZA Y ESCANEALA DE PUNTA A PUNTA. .REALMENTE IMPECABLE. NADA PARA HACERLE, SOLO DETALLES PROPIOS DE 12 AÑOS DE SU CORRECTO USO..NO PLAN DE AHORRO, NO ENTREGO EN AGENCIA EN CONSIGNACION, NO BUSCO COMPRAR 0KM, AGENCIEROS NO LLAMEN!.(ADJUNTO VIDEO ILUSTRATIVO, NO ES EL QUE VENDO)",0,0,0
12291,237000.0,"Jeep Cherokee 2.5 ClassicListo para transferirTomamos permutasNo financiamosCoordine una visita por WhatsAppSe puede ver en Vicente LópezDescripcion: - Interior en excelente estado- Bateria nueva (noviembre 2024)- Cubiertas Firestone Destination con menos de 1000 km! (750 usd)- Rueda de auxilio con llanta de aleación.- Capot NUEVO recien pintado (para colocar, no es el de las fotos)- Cierre centralizado original.- Espejos electricos de fabrica- Discos de freno hechos hace menos de 1000 km- Aceites de diferencial delantero y trasero cambiado hace menos de 1000 km.- Escobillas de parabrisas nuevo.- Bajo consumo (10 litros cada 100 km)- Direccion hidraulica.- Diferencial trasero DANA 44 de fábrica (towing package)--- Irrompible, mas robusto y mas capacidad de remolque.- Luces de interior actualizadas a LED (mas moderno y mejor iluminacion)- Retapizado de techo y parantes interiores realizado el año pasado.- No consume aceite.- Elevada 2 pulgadas.CONS- Aire acondicionado no funciona (lo compre asi y nunca lo revise)- No anda el indicador de nivel de combustible- Freno de mano necesita service.",0,1,0
12312,82900.0,"¿Estás listo para darle un giro a tu conducción? Descubrí la excelencia de los vehículos de Autoctiy Usados. Ofrecemos una amplia gama de opciones de financiamiento diseñadas para adaptarse a tus necesidades individuales, además de la posibilidad de usar tu auto actual como parte de pago.Solo ofrecemos vehículos del 2010 en adelante, con menos de 130,000 kms recorridos y sin historial de daños estructurales.*BENEFICIOS CON AUTOCTIY USADOS:INSPECCIÓN Y GARANTÍA MECÁNICA (ISO9001): En Autoctiy Usados, la calidad es nuestra prioridad. Nuestros vehículos pasan por una exhaustiva inspección de 240 puntos realizada por nuestro equipo de expertos. Además, cuentan con kilometraje verificado y una garantía mecánica de 3 meses.*PRÓXIMOS PASOS:Contáctanos para programar una visita o reservar el vehículo de tu interés.MÉTODOS DE PAGO:    • FINANCIACIÓN A MEDIDA: Accede al auto de tus sueños con nuestro plan de financiamiento personalizado, con opciones de hasta 60 cuotas fijas.    • DEJA TU AUTO COMO PARTE DE PAGO: Cambia tu vehículo actual por uno de Autoctiy Usados.    • PAGO AL CONTADO: Realiza tu pago mediante transferencia bancaria o depósito, en pesos o dólares.¡Viví tu experiencia Autocity!",0,0,0
12331,79600.0,"¿Estás listo para darle un giro a tu conducción? Descubrí la excelencia de los vehículos de Autoctiy Usados. Ofrecemos una amplia gama de opciones de financiamiento diseñadas para adaptarse a tus necesidades individuales, además de la posibilidad de usar tu auto actual como parte de pago.Solo ofrecemos vehículos del 2010 en adelante, con menos de 130,000 kms recorridos y sin historial de daños estructurales.*BENEFICIOS CON AUTOCTIY USADOS:INSPECCIÓN Y GARANTÍA MECÁNICA (ISO9001): En Autoctiy Usados, la calidad es nuestra prioridad.  Nuestros vehículos pasan por una exhaustiva inspección de 240 puntos realizada por nuestro equipo de expertos. Además, cuentan con kilometraje verificado y una garantía mecánica de 3 meses.*PRÓXIMOS PASOS:Contáctanos para programar una visita o reservar el vehículo de tu interés.MÉTODOS DE PAGO:    • FINANCIACIÓN A MEDIDA: Accede al auto de tus sueños con nuestro plan de financiamiento personalizado, con opciones de hasta 60 cuotas fijas.    • DEJA TU AUTO COMO PARTE DE PAGO: Cambia tu vehículo actual por uno de Autoctiy Usados.    • PAGO AL CONTADO: Realiza tu pago mediante transferencia bancaria o depósito, en pesos o dólares.¡Viví tu experiencia Autocity!",0,0,0
12334,129500.0,"Ecosport único dueño, tiene algunos detalles.",1,0,0
12344,161000.0,CHEVROLET TRACKER 1.8 16v LTZ+ 4x4 AT 2016 - SIEMPRE EN LA MISMA FAMILIA - FULL - AIRE ACONDICIONADO - DIRECCIÓN ASISTIDA - FRENOS A DISCO EN LAS 4 RUEDAS CON ABS - AIRBAGS - CRISTALES Y ESPEJOS ELÉCTRICOS - RADIO CD MP3 BLUETOOTH USB - LLANTAS DE ALEACIÓN - TECHO SOLAR ELÉCTRICO - TAPIZADO DE CUERO Y MAS!ASESORAUTOS COM AR / SOCIO DE LA CÁMARA DEL COMERCIO AUTOMOTOR - 17 AÑOS EN EL MERCADO AUTOMOTOR*SÓLO CONTADO*---------------------------------------------------------------------AirbagsAire AcondicionadoAlarma de Luces EncendidasApoyacabezas en Asientos TraserosAsiento Conductor Regulable en AlturaAsiento Trasero RebatibleCaja AutomáticaCentral de InformaciónCierre Cent. de Puertas con Apertura a Dist.Cinturones InercialesControl de Velocidad CruceroCristales PolarizadosDirección AsistidaEspejos Exteriores con Comando EléctricoFaros Antiniebla DelanterosFrenos a Disco en las 4 Ruedas con ABSFullLevantacristales Eléctricos en las 4 PuertasLimpia/Lava LunetaLlantas de AleaciónRadio con Reproductor de MP3Tapizado de CueroTecho Solar EléctricoTercera Luz StopVolante Regulable4x4BluetoothVolante Revestido en CueroUSBCierre Automático de Puertas en MovimientoVolante MultifunciónParagolpes Color CarroceríaApoyabrazos Central DelanteroApoyabrazos Central TraseroPantalla TáctilEquipo de Audio con Comando Remoto,0,0,0
12367,15000.0,"No tiene detalles, incluso ni el primer service.  Está impecable.Es la versión Q5 2.0 T QUATTRO Sportback MH Advance.",0,0,0
12385,106000.0,"Vendo Chevroolet Trailblazer 7 asientos 4x4 ltz at, TODOS SUS SERVICE al dia los 3 primeros en CHEVROLET y luego todos en YPF BOXES A LA FECHA, kilometraje real comprobable y se puede scanear, cubiertas con un 80% por delante, nada que hacerle muy buen estado, algunos detalles en paragolpes, no se permuta, no conoce la arena, UNICO DUEÑO, dueño directo",1,0,0
12387,247000.0,"CONFORT, EXTERIOR Y SEGURIDAD:Cierre centralizado de puertasCree Led altas y bajasCree Led auxiliaresFull Led en todo el interiorEstereo Bluetooth x4 parlantes PioneerSensor de estacionamientoTecho electricoMesa de camping de baúlMECANICA:Consumo probado: 1 tanque = 500km mixto ciudad-rutaBujes, rotulas, tren delantero reemplazadosx4 neumaticos Dunlop nuevos A/TBujias x4 NGK original Japan Aceite de transmisión automática reemplazado Aceite de motor reemplazado Aceite de diferencial (Honda Dual Pump) original reemplazadoMAS:Interior sin un solo detalle, lavarfaros y cualquier accesorio que se te ocurra funcionando.OEM o agregado de fabrica: Spoiler trasero con luz de stop original (Se agregaba de fábrica en la época, el spoiler en si no se consigue hoy en día)Llantas originales pintadas + centros de llantas pintadosLa ultima foto es de Marzo del 2025, en Bombinhas, Brasil. Acepto permuta de mi interés.",0,0,0
12392,219000.0,"El auto tiene un excelente andar en ruta, muy cómodo. Es de transmisión manual, pero mp no me deja cambiar ese dato. Fue ensamblado en japón e importado. Tiene 2 tanques de gas con autonomía en ruta de 140 km aprox. Se le hizo un trabajo de chapa para que los tanques quedaran adentro del auto pero no ocuparan espacio del baul. Además se le reforzó la suspespensión trasera para contrarrestar el peso de los tanques. Tiene un amplio rack de metal en el techo hecho a medida para teansportar cosas. Le falta la barra del cardán por eso el precio de venta. Tiene detalles de tapicería y hace poco le rebaron el stereo, pero son cosas menores que se reparan fácil.",1,1,0
12395,50600.0,"IMPECABLE ESTADO, SIN NINGÚN DETALLE, SIEMPRE GUARDADO EN GARAGE, VIDRIOS CON BLINDAJE ANTI ROBO, TODOS LOS SERVICIOS EN AUDI. TRATAMIENTO INTEGRAL CERAMICO.",0,0,0
12412,31500.0,"BETA AUTOMOTORESConcesionario Oficial Chevrolet Líder en ventas y calidad de atención, la opinión de nuestros clientes y 27 años en la marca, nos avala. ***Solo vendemos usados seleccionados***¡SUPER OPORTUNIDAD POR PRECIO Y ESTADO!                        **NOVEDADES DE FEBRERO***¡¡¡NUEVA FINANCIACION EXCLUSIVA PARA USADOS, CON UNA TASA FIJA DEL 29% ANUAL!!! SI, FIJA Y DESDE EL 29% ANUAL (LE GANAS AMPLIAMENTE A LA INFLACIÓN). Y EXCLUSIVA, PORQUE SOLO NOSOTROS TE LA PODEMOS OFRECER, YA QUE ES DE CHEVROLET GPAT PARA LOS VEHICULOS USADOS DE TODAS LAS MARCAS QUE OFRECEMOS.¡SOLO POR CUPOS LIMITADOS, CONSULTA AHORA!EL VEHICULO-Se encuentra en inmejorable estado ya que está muy cuidado, y posee todos los service al día. Cada vehículo que entra y sale a la venta en nuestro concesionario, pasa por un exhaustivo chequeo realizado por nuestros técnicos, luego se selecciona y se exhibe.-Posee vtv al día, grabado de autopartes, informes de dominio y de infracciones, verificación policial, manuales, 2da llave, etc.LA DOCUMENTACIONNuestra área administrativa se encarga de que la documentación este al día, completa y lista, para que puedas hacer el trámite de transferencia de manera inmediata, y sin necesitar intermediarios. Además te acompañan y asesoran en el proceso de solicitud de tramites. FORMAS DE PAGO-Permutamos por tu vehículo usado. ¡Cotiza en línea, ahora! -Recibimos dólares y los pagamos al mejor precio de mercado, para una compra mas segura, sin que tengas que buscar lugar, y cambiarlos vos.-CREDITOS CHEVROLET GPAT (para usados multimarca)Financiamos a tasa 0% ajustable, y fija solo con DNI, sin comprobar ingresos. Aprobación inmediata. ¡Consúltanos en línea ahora, con tu DNI!",0,0,0
12418,60000.0,"Nissan kicks 202168000 KMS , COMO NUEVASIN DETALLES . TOPE DE GAMA EXCLUSIVE , AUTOMÁTICA",0,0,0
12420,60000.0,"Bienvenido a NEOSTAR, tu Concesionario Oficial de confianza en Rosario y sus alrededores. Desde 1996, nos hemos comprometido a ofrecer asesoramiento de primera calidad a nuestros clientes, representando marcas de renombre como Jeep, Dodge, Ram, Chrysler, Nissan, Kia, Suzuki, Honda y Subaru.En NEOSTAR, nos enorgullece ofrecer una amplia gama de vehículos usados exclusivos. Con un promedio de más de 90 vehículos usados mensuales, cada uno de nuestros automóviles pasa por un riguroso proceso de peritaje mecánico para garantizar la calidad y fiabilidad. Además, todos nuestros vehículos usados vienen respaldados por una garantía y cuentan con toda la documentación necesaria para una transferencia sin complicaciones, gracias a nuestros experimentados gestores.¿Buscas cambiar tu vehículo actual? En NEOSTAR, aceptamos permutas y también compramos vehículos de todas las marcas. Confía en nosotros para obtener una valoración justa y transparente.Encuéntranos en nuestras ubicaciones en Rosario, Santa Fe (capital), Funes y Cañada de Gómez, y descubre por qué NEOSTAR es tu destino confiable para todas tus necesidades automotrices.",0,0,0
12421,185000.0,"Ficha Técnica – Ford EcoSport 2.0 Automática XLT (2008)Marca: FordModelo: EcoSportVersión: XLTAño: 2008Kilometraje: 185.000 kmMotor: 2.0L DURATEC nafteroTransmisión: AutomáticaTracción: 4x2 (delantera)Ubicación: San Cristobal, Buenos AiresDocumentaciónTítulo del automotor: Sí (Primer dueño) - Patente Nueva tipo MERCOSUR.Cédula verde: SíVTV vigente: Sí, hasta agosto 2025Patente al día: SíManuales originales: SíLlave de repuesto: SíEstado GeneralMecánica: Muy buen estadoMotor y caja: Funcionan perfectamente, sin consumo de aceite ni refrigeranteBatería: 1 NuevaCubiertas:Marca: FATE Estado: Casi nuevasAuxilio y herramientas: Completo, en perfecto estado y en su lugar originalEquipamiento y ConfortAire acondicionadoCalefacciónDirección asistidaCierre centralizadoAlarmaLevantavidrios eléctricos delanteros y traserosFaros antinieblaRadio MP3- Con Pantalla BluetoothBarras de techoPortón trasero con apertura lateralBaúl amplio y butacas traseras rebatiblesDetalles estéticos y funcionalesTecho: Pintura NormalCarrocería: Sin DetallesTapizado del asiento del conductor desgastadoTapizado de puertas despegadoPolarizado MedioPalanca multifunción (luces/limpiaparabrisas): Sin ProblemasComentario FinalSe encuentra en muy buen estado general y funciona perfectamente. Puede escanearse sin problema. Presenta detalles estéticos muy minimos acordes a su año.",1,0,0
12422,197000.0,"LEER DESCRIPCIÓN COMPLETA.2DA MANOINMACULADA.4 GOMAS NUEVAS FATE.TODOS LOS MANTENIMIENTOS HECHOS CORRECTAMENTE.LISTA  PARA TRANSFERIR.LISTA PARA USAR.AYACUCHO AUTOMOTORES.SOMOS UNA AGENCIA CON MAS DE 30 AÑOS DE ANTIGÜEDAD.NO BUSCAMOS SOLO VENDER, BUSCAMOS CLIENTES Y QUE NOS COMPRES NUEVAMENTE! POR ESO TODAS NUESTRAS UNIDADES DISPONIBLES SE ENCUENTRAN EN OPTIMO ESTADO.SOMOS UN NEGOCIO FAMILIAR PADRE E HIJO.TODOS NUESTROS AUTOS ESTÁN EN OPTIMAS CONDICIONES Y PASAN POR UN CONTROL DE CALIDAD PREVIO PARA NUESTRA TRANQUILIDAD Y LA DEL CLIENTE.*IMPORTANTE* PODES VENIR CON TU MECÁNICO DE CONFIANZA PARA QUE REVISE EL AUTO SIN NINGÚN PROBLEMA.SEGUINOS EN INSTAGRAM Y OBSERVA TODAS LAS NOVEDADES!INSTAGRAM: AYACUCHOAUTOMOTORESSMCOMPRA/VENTA/CONSIGNACIONES.TOMAMOS TU USADO!FINANCIACIONES PARTICULARES Y BANCARIAS. ( SEGÚN EL MONTO)*LOS AUTOS SE ENTREGAN SI O SI TRANSFERIDOS A NOMBRE DEL COMPRADOR.**CONTAMOS CON SERVICIO DE GESTORIA SIN CARGO.**NO SE COBRAN PORCENTAJES POR HACER LA TRANSFERENCIA, LA MISMA SE PREPARA SIN CARGO Y CORRE POR NUESTRA CUENTA, SOLO SE ABONAN LOS ARANCELES QUE DIGA EL REGISTRO SEGÚN EL AUTO.",0,0,0
12427,165000.0,Honda Hrv 2016Todos los mantenimientos en los service oficiales (motor y caja).-Bateria nueva.-Tensor y correa poli v nueva.-Tensor de la cadena de distribución.-Rulemanes delanteros.-Aceite/filtros de motor y caja hace 1500 km.-Cubiertas en muy buen estado.- Vtv diciembre 2025.-Unico detalle paragolpe trasero (última foto).Cualquier cosa se puede ver por villa urquiza o vicente lopez!,0,0,0
12442,155000.0,"Mecanica en excelentes condiciones, 4 cubiertas con un 30% de desgasteDetalles esteticos exteriores minimos",0,0,0
12455,204000.0,"HONDA HRV DEL 2002 ANDANDO A DIARIO CON DETALLES DE LOS AÑOS, VTV, VERIFICACION Y AUTOPARTES, LISTA PARA TRANSFERIRLA CAMIONETA ES 4X4 INTELIGENTE, SE ACTIVA SOLO CUNDO HACE FALTA, ESTA FUNCIONANDO PERFECTMENTE MOTOR 1600 IGUAL AL CIVIC VIEJOEL VEHICULO ESTA EN CITY BELL LA PLATASE PUEDE VER TODOS LOS DIASEL CONTACTO ESTA PUBLICADOSE ENTREGA TRANSFERIDO AL DIAPOSIBLE PERMUTAPRECIO U$ 6500 TRANSFERENCIA INCLUIDA",0,0,0
12476,10500.0,"Única mano, estado impecable no tiene ni una raya, service recién hecho en agencia oficial, tiene apenas 10.500 km y cuenta con garantía. Se vende por falta de uso ya que tengo con otro vehículo para trasladarme.",0,0,0
12503,137700.0,Vendido y atendido desde 0 km por Neostar Honda Santa Fe. Michelin nuevas. Patente paga año completo. Sin detalles,0,0,0
12504,90000.0,"Bienvenidos a Pointcars, tu concesionaria de confianza.Disponemos de un amplio stock de vehículos, tanto nuevos como usados, de todas las marcas, listos para que encuentres el que mejor se adapte a tus necesidades.Te brindamos la posibilidad de vendernos tu auto y acceder a una financiación de hasta el 80% del valor, para que estrenes el vehículo que querés con total facilidad.Cada uno de nuestros autos pasa por un riguroso proceso de revisión mecánica, limpieza interior y embellecimiento exterior, garantizando calidad y seguridad en cada entrega.Mientras nuestro equipo administrativo gestiona la documentación, nos ocupamos de cada detalle para que tu compra sea rápida, transparente y sin complicaciones.¡Te esperamos en Pointcars, el lugar de tu auto!",0,0,0
12515,70000.0,"Nissan Kicks Sense CVTEs un Suv compacto que destaca por su diseño moderno, eficiencia de combustible y tecnología.Motor de 1.6 litros y 4 cilindros.Potencia de 120 caballos de fuerza.Transmisión CVT (Transmisión Variable Continua).Tecnología:Compatibilidad con Android Auto y Apple CarPlay.Pantalla táctil para el sistema de infoentretenimiento.Llave inteligente presencial (i-key) y botón de encendido (Push Start Button)Seguridad:6 AirbagsControl Dinámico del Vehículo (VDC)El Kicks Sense CVT se posiciona como una opción ideal para quienes buscan un vehículo urbano, ágil y eficiente.Veni a conocerlo y manejarlo!Todos nuestros autos pasan por una inspección al máximo detalle. Dándote la tranquilidad que necesitas.Con California Cars» Comprá o vendé tu auto de manera fácil, rápida y de forma segura.» Autos libres de multas, sin riesgo de fraude» Opciones de financiación con la mejor tasa en CUOTAS FIJAS EN PESOS de los bancos más importantes de Argentina.» Veni a probarlo en nuestro exclusivo circuito privado.¡Hacé click en Preguntar o Whatsapp para tener asesoramiento detallado!Horarios de atención:Lunes a Sábados de 09hs a 18hs.Domingos cerrado.Parque industrial Polo HudsonAutopista Buenos Aires - La Plata, Km 30",0,0,0
12519,59000.0,"UNIDAD EN STOCK VIRTUAL. Coordinar la visita previamente.Tomamos mayor y menor valor. Su consulta no molesta.MERCEDES BENZ GLA250VERSION AMG-LINE 4MATICCAJA AUTOMATICAMODELO 2018MOTOR 1.659.000KMVIDRIOS POLARIZADOSNo necesitas hacerle nada,Solo ponerlo en marcha y disfrutarlo.TE VENDEMOS TU AUTO SIN QUE LO DEJES DE USAR.Somos BROTHERS DRIVE CARS.Asesoramiento especializado.Atención personalizada.Permutas MAYOR Y MENOR VALOR.Consignaciones SIN QUE LO DEJES DE USAR.Financiación en cuotas FIJAS Y EN PESOS (LO ARMAMOS A TU MEDIDA)Gestoría integral del automotor.Broker de seguros.#somosconfianza #brothersforlife",0,0,0
12521,30000.0,Honda crv nueva si. Detalles. Cuero. Todos los servís oficios en honda último servís hace unos mes aprox,1,0,0
12537,60000.0,"Unica Mano, Pintura Completa de Fabrica Sin detalles, Estado Como Nuevo, Sumamente Cuidado Digno De Ver!!!                “AUTOINFINITO SA”  48 AÑOS DE EXPERIENCIA Y TRAYECTORIA EN EL RUBRO       Horarios: Unicamente  Se Atiende Con Cita Previa.FACTURAMOS “A” a Los Responsables Inscriptos, que esta incluido en el valor total.TODAS NUESTRAS UNIDADES ES OBLIGACION TRANSFERIRLAS.",0,0,0
12553,70000.0,JEEP COMPASS 2020UNICO DUEÑO SIN DETALLES SERVICES AL DIA LISTA PARA TRANSFERIR ACEPTAMOS PERMUTA,0,0,0
12575,206000.0,"Renault Duster 1.6 en muy buen estado y funcionando todo. Siempre se guardo en garage.Tiene dos tanques de GNC y el sistema tomasetto chile de 5ta generación.Todos los service se realizaron en tiempo y forma. tiene VTV y GNC al dia.Es un vehículo muy noble que se maneja bien en ciudad, ruta y en caminos abnegados. Detalles de uso normales que se ven en alas fotos.Se puede ver por belgrano o microcentro (CABA)Soy titular y esta todo al diaEl Precio es el PUBLICADO. No te gastes preguntando si acepto menos. La respuesta es no. Gracias",0,0,0
12596,148693.0,"Cambiá tu auto o comprá uno semi nuevo en Kavak, compañía N°1 en venta online de autos usados en Latinoamérica. Contamos con distintos planes de financiamiento para adaptarse a tus necesidades, también podés dejar tu auto como parte de pago. Solo vendemos autos 2010 en adelante, con menos de 100.000 km, que nunca tuvieron daños estructurales ni GNC.------------------------------------------------------------->> Kia Sorento 2.4 EX AT 4x2 << 408777*BENEFICIOS KAVAK:Al comprar tu Auto Kavak contás con un PERÍODO DE PRUEBA DE 7 DÍAS o 300 KM. Si no te encantó, te devolvemos el 100% de tu dinero (incluida la transferencia)*INSPECCIÓN Y COBERTURA MECÁNICA: En Kavak, la calidad es lo más importante. Nuestros autos son mucho más que autos usados, son autos semi-nuevos reacondicionados que están revisados en 240 puntos por nuestro equipo de expertos, tienen todos los servicios al día, kilometraje real y cobertura mecánica Kavak de 3 meses con posibilidad de extensión a 1 año.*CONTRATÁ KAVAK TOTAL: Con Kavak Total tenés 9 meses adicionales de cobertura con tope según marca/modelo del auto en arreglos, en motor, transmisión, tracción delantera y trasera, batería, embrague y correa o cadena de distribución. Cuidar tu auto puede ser tan fácil como manejarlo.PRÓXIMOS PASOS:Consúltanos para agendar una visita y/o reservar tu auto de interés.*MÉTODOS DE PAGO:- FINANCIAMOS TU COMPRA: Podés acceder al auto de tus sueños con nuestro plan de financiamiento hecho a tu medida. Financialo en hasta 60 cuotas fijas.- DEJÁ TU AUTO COMO PARTE DE PAGO: Cambiá tu auto por uno Kavak.- AL CONTADO: Pagá vía transferencia bancaria o deposito. Podés pagar en pesos o en dólares.Para mayor información visitá nuestro sitio.*Ver términos y condiciones en Compra y Venta de Autos Usados en Argentina con Garantia",0,0,0
12612,79000.0,UNIDAD EN STOCK FISICO. Coordinar la visita previamente.Tomamos mayor y menor valor. Su consulta no molestaVOLKSWAGEN TAOSVERSION HIGHLINECAJA AUTOMATICAMOTOR 1.478.134KMAÑO 2021Somos BROTHERS DRIVE CARS.Asesoramiento especializado.Atención personalizada.Permutas MAYOR Y MENOR VALOR.Consignaciones SIN QUE LO DEJES DE USAR.Financiación en cuotas FIJAS Y EN PESOS (LO ARMAMOS A TU MEDIDA)Gestoría integral del automotor.Broker de seguros#somosconfianza #brothersforlife,0,0,0
12615,21372.0,"Cambiá tu auto o comprá uno semi nuevo en Kavak, compañía N°1 en venta online de autos usados en Latinoamérica. Contamos con distintos planes de financiamiento para adaptarse a tus necesidades, también podés dejar tu auto como parte de pago. Solo vendemos autos 2010 en adelante, con menos de 100.000 km, que nunca tuvieron daños estructurales ni GNC.------------------------------------------------------------->> Ford EcoSport 1.5 SE << 400964*BENEFICIOS KAVAK:Al comprar tu Auto Kavak contás con un PERÍODO DE PRUEBA DE 7 DÍAS o 300 KM. Si no te encantó, te devolvemos el 100% de tu dinero (incluida la transferencia)*INSPECCIÓN Y COBERTURA MECÁNICA: En Kavak, la calidad es lo más importante. Nuestros autos son mucho más que autos usados, son autos semi-nuevos reacondicionados que están revisados en 240 puntos por nuestro equipo de expertos, tienen todos los servicios al día, kilometraje real y cobertura mecánica Kavak de 3 meses con posibilidad de extensión a 1 año.*CONTRATÁ KAVAK TOTAL: Con Kavak Total tenés 9 meses adicionales de cobertura con tope según marca/modelo del auto en arreglos, en motor, transmisión, tracción delantera y trasera, batería, embrague y correa o cadena de distribución. Cuidar tu auto puede ser tan fácil como manejarlo.PRÓXIMOS PASOS:Consúltanos para agendar una visita y/o reservar tu auto de interés.*MÉTODOS DE PAGO:- FINANCIAMOS TU COMPRA: Podés acceder al auto de tus sueños con nuestro plan de financiamiento hecho a tu medida. Financialo en hasta 60 cuotas fijas.- DEJÁ TU AUTO COMO PARTE DE PAGO: Cambiá tu auto por uno Kavak.- AL CONTADO: Pagá vía transferencia bancaria o deposito. Podés pagar en pesos o en dólares.Para mayor información visitá nuestro sitio.*Ver términos y condiciones en Compra y Venta de Autos Usados en Argentina con Garantia",0,0,0
12619,52200.0,"Primera mano, titular, dueño directo, es de mi padre persona de 81 años, con todos los papeles al día y listo para transferir.No lo vendo si no se transfiere en el momento.Todos los servicios oficiales hechos en Honda en tiempo y forma, lo que demuestra que los km son reales y que el mantenimiento fue hecho por protocolo de HondaUltimo hecho el 25/2/25 con 52.222 km, tenga la factura y figura que se perito/ reviso todo. Era el servicio de los 60.000km pero como se cumplió un año del servicio anterior ya lo hice. Conserva alguno de los nailon de 0km. Ver bien en el video el estado único del autoNunca un choque, toda pintura original de fábrica.VTV al dia, vence en nov/25. Grabado de auto partes.Funciona todo, $0 a gastarle.Persona enfermamente cuidadosa con el auto, creo que si yo tuviera una hermana, mi padre no la habría cuidado tanto como al auto, al punto que no quiere ni que pase el auto un rato al sol !!!!Su mecánico lo puede revisar y escanear o puede ir a Honda y que le den todo el historial del auto.Caja CVT con levas al volante.Tuercas de seguridad.Manuales y duplicado de llaves.Gravado de cristales",0,0,0
12627,136000.0,Vendo o permuto por menor valor.  Segundo dueño. Tiene GNC. Muy buen estado. Nunca tuvo ni tiene ningún problema.,0,0,0
12645,35769.0,"Estamos trabajando para vos.Atención personalizada y online, para brindarte todo lo que necesitas.Financiación? Te ofrecemos formas de financiar tu nuevo auto. Recibimos tu usado en parte de pago. Consultanos",0,0,0
12682,43000.0,"Nuevo Ingreso Impecable Unidad , sin detalles , muy bien Cuidada. -Tomamos Permuta.-Entrega Inmediata.-Garantía. -Financiación Cuotas Fijas.- Asesor: Cristian Coria.",0,0,0
12687,101000.0,"Nuevo Ingreso Impecable Unidad , sin detalles , muy bien Cuidada. -Tomamos Permuta.-Entrega Inmediata.-Garantía. -Financiación Cuotas Fijas.- Asesor: Cristian Coria.",0,0,0
12689,15000.0,"EL PRECIO PUBLICADO ES EN EFECTIVO O FINANCIACION, CONSULTAR PRECIO EN EL CASO DE QUE SEA CON PERMUTA.CUANDO PENSAS EN CAMBIAR TU USADO, PENSA EN LA CONCESIONARIA MAS VISITADA EN CORDOBA, PENSA EN LOPCAR.MAS DE 25 AÑOS DE TRAYECTORIA, TRABAJANDO PARA BRINDARLES A NUESTROS CLIENTES EL MEJOR ASESORAMIENTO A LA HORA DE ADQUIRIR O RENOVAR SU PROXIMA UNIDAD.¡BUSCAMOS LA MEJOR FINANCIACION!!¡TOMAMOS SU USADO AL MEJOR PRECIO!!SEGURIDAD, TRANQUILIDAD y HONESTIDADCUALQUIER CONSULTA NUSTROS ASESORES ESTARAN A SU DISPOSICION!!¿COMO SE PUEDE FINANCIAR?- Créditos personales y prendarios.- Permutas (recibimos tu usado)- Créditos en tasas fijas- Créditos Uva- Entrega mínima: 50%- Financia el saldo a una tasa desde el 16.5%LOS VALORES REFERIDOS ESTAN SUJETOS A MODIFICACION SIN PREVIO AVISOLOPCAR S.A",0,0,0
12690,89000.0,"Service oficiales al dia, color negro , caja de cambio manual, precio en pesos(50.000.000). 7 asientos, cuero,detalle vidrio delantero(ver foto),titular, unico dueno.linea nueva",1,0,0
12724,42000.0,"Modelo 2018 con 42.000km (1° mano) Motor 1.2 turbo 3 cilindros con caja automática/secuencial de 6ta y modo Sport.Realmente Impecable!!!No tiene un solo ruido, el andar es excelente  y consume muy poco, siempre guardado en cochera.         Unico detalle:  pequeño raspón en paragolpe delantero ( que se ve en foto).-Kit de distribución completo recién cambiado (comprobable)-Manuales y duplicado de llavesCOMFORT Y EQUIPAMIENTO:-Versión Shine tope de gama-Climatizador automatico bi-zona-Dirección eléctrica asistida-Espejos eléctricos-Cierre centralizado -Butacas delanteras calefaccionadas-Computadora de abordo y volante multifuncional forrado en cuero-Control de velocidad crucero y limitador de velocidad-Llantas diamantadas 17""-Pantalla táctil multimedia de 7"" con cámara de retroceso-Faros antinieblas delanteros y traseros-Sensores de estacionamientoSEGURIDAD:-6 airbags (frontales, laterales y cortinas)-Control de estabilidad y tracción-Freno a disco x4 con ABS y EBD-Ganchos ISOFIX en plaza traseras",1,0,0
12740,36000.0,"Acepto pesos (promedio tipo de cambio blue)IMPECABLE por donde se la vea. 3er SERVICE OFICIAL recién hecho (AUTODRIVE).Mayoría de kilómetros de ruta.La versión mas equipada.Soy particular. Pueden escanearla o verla con mecánico sin problemas. Nada que hacerle.Se puede ver en Barrio Norte/Palermo o en Vicente Lopez.Solo compradores serios por favor, no acepto permutas.Ficha técnica:TECNOLOGIACierre centralizado sensible a la velocidad. Cuadro de instrumentos Central Multimedia Uconnect®. Conectividad Apple CarPlay®/Android Auto®. Cargador de celular inalámbrico. Sistema de audio Premium Beats® c/ Subfwoofer. Cámara de retroceso. Start & Stop Engine .Auto Hold . Jeep Traction Control. Sistema Automático de luces altas. Sistema de control de presión de neumáticos. Detector de ocupantes .Asistente de estacionamiento semi-automático Park Assist®. Encendido remoto. Sensor de estacionamiento trasero. Sensor de lluvia y crepuscular. Apertura baúl a distancia.EXTERIORLlantas de aleación. Barras longitudinales portaequipaje. Pintura exterior Bicolor con techo negro. Espejos laterales en color negro piano. Manijas exteriores color carrocería. Repetidor de luz de giro LED en espejos laterales. Espejos laterales regulables con comando eléctrico. Espejos laterales plegables eléctricamente. Faros Full LED con antiniebla. Salida de escape doble. Molduras exteriores inferiores color negro. Molduras exteriores inferiores color carrocería.INTERIORVolante tapizado en cuero y regulable en altura y profundidad. Comandos al volante. Levas al volante. Asiento de conductor con regulación eléctrica. Asientos tapizados en cuero ecológico. Climatizador automático bi-zona. Salidas de ventilación en plazas traseras. Apoyabrazos central delantero. Conectividad USB A-C/Bluetooth®. Asiento trasero bipartido / rebatible. Freno de estacionamiento eléctrico. Encendido por botón (Sistema Keyless enter-n-go). Espejo retrovisor interno electrocrómico. Techo solar panorámico con comando eléctrico y black-out. Revestimiento interior de techo en color negro. Alfombras interiores.SEGURIDADAirbags frontales delanteros Airbags laterales delanteros Airbags laterales tipo cortina delanteros y traseros Airbag de rodilla para el conductor ABS con distribución electrónica de fuerza de frenado (EBD) Control de estabilidad (ESC) Control de tracción (TCS) Control de mitigación de rolido (ERM) Asistente de arranque en pendientes (HSA) Cinturones inerciales de 3 puntas (x5) Fijación de asientos para niños (ISOFIX) Detector de punto ciego Alerta de Trafico Cruzado Alerta de cambio involuntario de carril Asistente de frenado Pre-colisión Detector de señales de tránsito Detector de Fatiga Control de velocidad crucero Control crucero adaptativo c/ Stop&Go Rueda de auxilio regular size Kit de auxilio Alarma antirobo del tipo perimetral",0,0,0
12748,72000.0,VENDOToyota Hilux SW4 2.8 TDI SRX 6AT 7Pas2017 72000kmsSEGUNDA MANOSERVICE OFICIALES AL DIACON ACCESORIOSFAROS ANTINIEBLA EN LED KIT DE LEDS EN INTERIOR Y PATENTEPOLARIZADO ANTIVANDALISMO MULTILAMINADO 400MM INTERMEDIOPROTECTOR FRONTALMOLDURA DE LOMO DE PARAGOLPES TRASERAKIT DE TUERCAS ANTIRROBO KIT DE ALFOMBRAS EN GOMAALFOMBRA DE BAUL COMPLETA EN GOMAALFOMBRA CORTA BAUL ANTIDERRAME 3ERA FILACOLA DE ESCAPE CROMADAOPORTUNIDADINMACULADASE PUEDE VER EN BELGRANO O PILAR PERMUTO MENOR/MAYOR VALOR,0,0,0
12753,60000.0,"Merceedes Benz GLE400. Services oficiales, cubiertas nuevas, exelente estado.Veni a conocerlo y manejarlo!Todos nuestros autos pasan por una inspección al máximo detalle. Dándote la tranquilidad que necesitas.Con California Cars» Comprá o vendé tu auto de manera fácil, rápida y de forma segura.» Autos libres de multas, sin riesgo de fraude» Opciones de financiación con la mejor tasa en CUOTAS FIJAS EN PESOS de los bancos más importantes de Argentina.» Veni a probarlo en nuestro exclusivo circuito privado.¡Hacé click en Preguntar o Whatsapp para tener asesoramiento detallado!Horarios de atención:Lunes a Sábados de 09hs a 18hs.Domingos cerrado.Parque industrial Polo HudsonAutopista Buenos Aires - La Plata, Km 30",0,0,0
12759,300000.0,"Poco embrague, arreglar manija exteriores, tapizado delantero gastado , hay que cambiar un amortiguador",1,1,0
12776,18000.0,"BMW X3 20i XDRIVE 2023 | 18.000 kms | Motor 2.0T | 184cv | Caja ATPRECIO:- En efectivo: U$S 79.000- En permuta: U$S 83.000CARACTERÍSTICAS DESTACADAS:- Unica mano de 0KM, sin detalles.- Servicios oficiales al día.- Pintura de fabrica.- Tratamiento ceramico recién realizado.EQUIPAMIENTO DESTACADO:- Tablero digital.- Apple Carplay.- Llantas 19.- Cámaras y sensores 360.- Apertura y cierre eléctrico de baúl.- Techo de vidrio doble.ENCONTRANOS EN LIBERTADOR Y GRAL. PAZ:Visitá nuestro exclusivo salón boutique de 500 m2 dentro del complejo Al Río.GESTORÍA Y ESCRIBANÍA PROPIA:Resolvé todos los trámites en nuestro salón de forma rápida y segura.TOMAMOS VEHÍCULOS COMO PARTE DE PAGO:Tasamos tu auto al mejor valor para que puedas dar el salto que buscás.¿QUERES VENDER TU AUTO DE ALTA GAMA?Consigná tu vehículo con nosotros y hacé que la venta sea rápida, segura y sin esfuerzo.¡SEGUINOS EN REDES!",0,0,0
12789,106000.0,"Jeep Compass 2.4 Longitude – Estilo, potencia y confort en un SUV con espíritu aventurero.Motor 2.4 litros que entrega excelente respuesta en ciudad y ruta, con caja automática.Versión Longitude con equipamiento completo: pantalla táctil, climatizador, control crucero y más.Diseño robusto con detalles elegantes, ideal para quienes buscan presencia y rendimiento.Amplio espacio interior, excelente nivel de seguridad y toda la confianza de la marca Jeep.106.000 KM UNICO DUEÑO",0,0,0
12819,66000.0,"Renault Captur 1.6 Intens CvtPrecio Lista / Permuta $ 27.500.000Precio Contado Efectivo $ 25.500.000+ Aceptamos Transferencia Bancaria en Pesos y Dólares ++ Contamos con cuenta Bancaria en Estados Unidos para recibir transferencias +Mas de 25 años de experiencia en el mercado de vehículos premium• COORDINAR DÍA Y HORARIO PARA VER EL VEHÍCULO •• TOMA DE USADOS A PRECIO DE MERCADO (COTIZAMOS ONLINE)• RESERVA CON CONFIANZA :MERCADO LIBRE PROTEGE TU DINERO, ACEPTAMOS TODAS LAS TARJETAS DE DÉBITO Y BANCOS VIRTUALES• RESPUESTA INMEDIATA A TUS INQUIETUDES :Respondemos al instante mensajes y llamados. Programamos Videollamadas.• ATENCIÓN PERSONALIZADA• DOCUMENTACIÓN AL DÍA Y LISTA PARA TRANSFERIRContamos con Administración y Gestoría Integral.• COORDINAR DÍA Y HORARIO PARA VER EL VEHÍCULO •",0,0,0
12822,53800.0,"¿Estás listo para darle un giro a tu conducción? Descubrí la excelencia de los vehículos de Autoctiy Usados. Ofrecemos una amplia gama de opciones de financiamiento diseñadas para adaptarse a tus necesidades individuales, además de la posibilidad de usar tu auto actual como parte de pago.Solo ofrecemos vehículos del 2010 en adelante, con menos de 130,000 kms recorridos y sin historial de daños estructurales.*BENEFICIOS CON AUTOCTIY USADOS:INSPECCIÓN Y GARANTÍA MECÁNICA (ISO9001): En Autoctiy Usados, la calidad es nuestra prioridad. Nuestros vehículos pasan por una exhaustiva inspección de 240 puntos realizada por nuestro equipo de expertos. Además, cuentan con kilometraje verificado y una garantía mecánica de 3 meses.*PRÓXIMOS PASOS:Contáctanos para programar una visita o reservar el vehículo de tu interés.MÉTODOS DE PAGO:    • FINANCIACIÓN A MEDIDA: Accede al auto de tus sueños con nuestro plan de financiamiento personalizado, con opciones de hasta 60 cuotas fijas.    • DEJA TU AUTO COMO PARTE DE PAGO: Cambia tu vehículo actual por uno de Autoctiy Usados.    • PAGO AL CONTADO: Realiza tu pago mediante transferencia bancaria o depósito, en pesos o dólares.¡Viví tu experiencia Autocity!",0,0,0
12827,121200.0,"UNICO DUEÑO !!!!EXCELENTE ESTADO, SIN DETALLES !!!SERVICE OFICIALES !!!VIDRIOS BLINDADOS !!!!",0,0,0
12828,53000.0,Único dueñoTodos los servicios en taller oficialFotos con todos los detallesNo se aceptan permutas,0,0,0
12835,89900.0,DIQUE AUTOMOTORESUsados Seleccionados0klms MultimarcasCréditos PrendariosCréditos PersonalesCréditos UVA AutosMínimos requisitos para retirarSólo DNI y te lo llevas!Gestoría PropiaAmplias compañías de SeguroTomamos tu usado al Mejor precioNo dudes en consultarnos!,0,0,0
12838,147000.0,"Journey 2011 SXT Full EquipoPago Contado. 7 asientosOportunidad7 plazas / pasajeros (ó  5 + espacio bodega , ó   super bodega si abate todas.. 147000 kms Motor 2.4 Muy buena potencia, muy economica nafta Automatica (opcion secuencial/manual)muy buen espacio y carga. Excelente fuerzaAlarna y bloqueo centralSensor estacionamientoMuy ComodaAmplia, elegantePara ciudad y viajes excelenteFull equipo Vidrios proteccion antivandalicos / antirrobo 3M Muy poco uso. Excelente auto.Muy comoda, amplia, elegante, versatil. Familia, amigos, cargar cosas, etc. Muy suave andar. *titular*Verificación Policial *Barrio norte. Se va transferida si o si //No permutas, no vehiculos, no, motos, no terrenos, ni lotes, etc,.etc.",0,0,0
12839,155000.0,Está en perfecto estado únicamente detalles de uso Se puede ver en Gualeguaychú entre rios,0,0,0
12843,125000.0,"Peugeot 3008 GT Line 2018 1.6 THPVersión full con estilo deportivo y todo el confort.Motor turbo 165CV | Caja automática de 6tai-Cockpit digital, pantalla táctil, tapizado premium6 airbags, ESP, control crucero, sensores y cámaraLlantas 18” | Faros full LED | Detalles GT LineKeyless y botón de arranqueUna SUV elegante, potente y equipada para disfrutar.",0,0,0
12855,81000.0,"- Renault Duster Privilege - Año: 2017 - Km: 81.000- Motor: 1.6 Nafta | Caja: Manual- Características Destacadas:Sin detalles de ningún tipo, bien de cubiertas (50% dibujo), manuales y segunda llave de fábrica. (Original Nunca gnc).Equipamiento Destacado: velocidad crucero, pantalla con cámara marcha atrás, airbag, pack eléctrico completo, computadora, comando satelital, llantas aleación y faros antiniebla, etc.- Más Info en Web Oficial: ferreroautomotores - Financiación Prendaria hasta en 36 meses, entregando mínimo el 50% del valor de la unidad, el resto a Cuotas FIJAS y en pesos, aprobación en 24hs.- Recibimos tu Auto como parte de pago (Sólo en excelente estado). - Carpeta al día y lista para transferir en el momento- Seriedad y Garantía en la documentación, con Gestoría Propia.- Ciudad de Oncativo (Prov. de Córdoba) - Coordiná tu visita- Somos FERRERO Automotores. ¡No cerramos ventas, Abrimos relaciones!Te bridamos la solución completa a la hora de cambiar tu auto -- Nos respaldan 25 años de trayectoria, más de 4,7 estrellas en Google y más de 200 calificaciones positivas en nuestras redes.- Somos de confianza, Vení a FERRERO Automotores, comprá seguro y volvé manejando... Nosotros nos encargamos de todo.",0,0,0
12880,85000.0,"UNICA MANO, impecable sin detalle tapizado y pintura de fabrica",0,0,0
12883,182000.0,"Vendo Toyota Rav4 mod 2005 2.0 vvt-i manual 4x4. Con 182.000 km. Está en muy buen estado, no consume aceite ni agua. Soy titular y la camioneta está al día. VTV RECIEN HECHA Vigente hasta Febrero del 2026. Se le hizo cambio de aceite y filtros hace 2000km. Se le cambiaron los amortiguadores traseros, y las cazoletas el mes pasado y se colocaron espirales tipo off-road que la levantaron 4cm sin necesidad de suplementos (se entregan espirales originales). En abril de 2024 se cambió el radiador por uno nuevo ya que se había pinchado. En Agosto de 2024 se colocaron 4 cubiertas nuevas. Cuenta con estero original Toyota de Etios. De estética se le agregaron los leds tipo raptor color ámbar. Todos los servicios comprobables. Se puede ver por Lomas de Zamora. (Posible PERMUTA por menor valor)",0,0,0
12894,113562.0,"Cambiá tu auto o comprá uno semi nuevo en Kavak, compañía N°1 en venta online de autos usados en Latinoamérica. Contamos con distintos planes de financiamiento para adaptarse a tus necesidades, también podés dejar tu auto como parte de pago. Solo vendemos autos 2010 en adelante, con menos de 100.000 km, que nunca tuvieron daños estructurales ni GNC.------------------------------------------------------------->> Volkswagen Tiguan Allspace 1.4 TSI TRENDLINE DSG << 410571*BENEFICIOS KAVAK:Al comprar tu Auto Kavak contás con un PERÍODO DE PRUEBA DE 7 DÍAS o 300 KM. Si no te encantó, te devolvemos el 100% de tu dinero (incluida la transferencia)*INSPECCIÓN Y COBERTURA MECÁNICA: En Kavak, la calidad es lo más importante. Nuestros autos son mucho más que autos usados, son autos semi-nuevos reacondicionados que están revisados en 240 puntos por nuestro equipo de expertos, tienen todos los servicios al día, kilometraje real y cobertura mecánica Kavak de 3 meses con posibilidad de extensión a 1 año.*CONTRATÁ KAVAK TOTAL: Con Kavak Total tenés 9 meses adicionales de cobertura con tope según marca/modelo del auto en arreglos, en motor, transmisión, tracción delantera y trasera, batería, embrague y correa o cadena de distribución. Cuidar tu auto puede ser tan fácil como manejarlo.PRÓXIMOS PASOS:Consúltanos para agendar una visita y/o reservar tu auto de interés.*MÉTODOS DE PAGO:- FINANCIAMOS TU COMPRA: Podés acceder al auto de tus sueños con nuestro plan de financiamiento hecho a tu medida. Financialo en hasta 60 cuotas fijas.- DEJÁ TU AUTO COMO PARTE DE PAGO: Cambiá tu auto por uno Kavak.- AL CONTADO: Pagá vía transferencia bancaria o deposito. Podés pagar en pesos o en dólares.Para mayor información visitá nuestro sitio.*Ver términos y condiciones en Compra y Venta de Autos Usados en Argentina con Garantia",0,0,0
12905,89000.0,BROTHERS DRIVE CARSMERCEDES BENZ GLA 250 AMGCAJA AUTOMATICAMOTOR 1.6AÑO 2017Permutas MAYOR Y MENOR VALOR.Financiacion en cuotas FIJAS Y EN PESOS.Gestoria propia.Broker de seguros.,0,0,0
12919,38412.0,"SACUR AUTOS te ofrece una amplia variedad de Vehículos, generando seguridad y confianza en la operación, con atención personalizada y profesional.Somos una empresa que cuenta con el aval de pertenecer a la Cámara de Comercio del Automotor de Córdoba.Nuestra calificación de 4.8 estrellas avalan la calidad de nuestros vehículos, atención y eficacia.ENCONTRA TU MEJOR OPCION PARA ADQUIRIR LA FINANCIACION ADECUADA PARA VOS!COTIZA ONLINE EN ESTE MOMENTO CON NUESTROS REPRESENTANTES.¡VISUALIZA EL VIDEO DEL VEHICULO PARA VERLO EN DETALLE!",0,0,0
12928,128000.0,"Excelente estado. 1.6 T 2016 128.000 km. Buen vehiculo, buen estado de cubiertas. Vtv al dia. Solo detalles que adjunto en las fotos. Tomo menor valor.",1,0,0
12930,55481.0,"VENDO FORD ECOSPORT SE 1.6L MT N 2015. VTV VIGENTE HASTA 31/05/2025. EXCELENTE ESTADO. INTERIOR Y EXTERIOR IMPECABLE. SEGUNDO DUEÑO. PINTURA ORIGINAL. CUBIERTAS ORIGINALES. LISTO PARA TRANSFERIR Y USAR.ACEPTAMOS PESOS, DÓLARES, EUROS, REALES Y CRIPTOMONEDAS A COTIZACIÓN JUSTA REAL DE MERCADO. ACEPTAMOS PERMUTAS DE MAYOR O MENOR VALOR Y TAMBIÉN FINANCIAMOS EN DÓLARES, Y EN PESOS MEDIANTE LOS PRINCIPALES BANCOS DEL PAIS.EL AUTOMÓVIL CUENTA CON DUPLICADO DE LLAVE, MANUALES, CRIQUE, LLAVE DE RUEDA, BALIZAS, MATAFUEGOS Y AUXILIO ORIGINAL, TAL COMO SALIÓ DE FÁBRICA EN 2015.—————ACERCA DE LA COMPRA Y LA TRANSFERENCIA DEL VEHÍCULO———EL COSTO DE LA TRANSFERENCIA DE TITULARIDAD DE ESTE VEHÍCULO ES DE $770.694. ESTE IMPORTE INCLUYE FIRMAS Y LEGALIZACIÓN EN ESCRIBANÍA, Y CUALQUIER OTRO TRÁMITE REGISTRAL QUE SEA NECESARIO. EL IMPORTE MENCIONADO ES FINAL Y NO HAY NINGÚN OTRO GASTO NI COSTO OCULTO.EL PROCEDIMIENTO DE COMPRA ES EL SIGUIENTE:1) USTED COORDINA UNA CITA Y SE ACERCA A VER Y PROBAR EL AUTOMÓVIL, Y SI LE GUSTA, PUEDE RESERVARLO EN EL MOMENTO CON $400.000.2) LUEGO, USTED TENDRÁ 7 DÍAS CORRIDOS PARA ACERCARSE A ABONAR EL VALOR DEL VEHÍCULO Y EL COSTO DE LA TRANSFERENCIA Y FIRMAR EN ESCRIBANÍA LA DOCUMENTACIÓN NECESARIA. ESE MISMO DÍA YA PODRÁ RETIRAR EN EL ACTO LA UNIDAD. NUESTRO PRODUCTOR LE PUEDE GENERAR UN SEGURO DEL AUTOMÓVIL, O BIEN PUEDE TRAER EL SUYO.3) AL CABO DE 7 DÍAS, NUESTRO EQUIPO DE GESTORES SE CONTACTARÁ CON USTED PARA HACERLE LLEGAR LA DOCUMENTACIÓN PERTINENTE.——ACERCA DE QUALIS CARS - AUTOS DE CALIDAD - CONCESIONARIA OFICIAL MULTIMARCA——LA CONCESIONARIA FUE FUNDADA EN 1973 Y HA FUNCIONADO SIN INTERRUPCIÓN DESDE ESE ENTONCES POR MAS DE 5 DÉCADAS. LOS CIMIENTOS FUNDAMENTALES FUERON SIEMPRE LOS MISMOS:1) SOLO VEHÍCULOS DE CALIDAD VERIFICADOS, HASTA 10 AÑOS DE ANTIGÜEDAD E IDEALMENTE CON MENOS DE 100.000 KM. HACEMOS EXCEPCIONES, SOLO SI VALE LA PENA EL VEHÍCULO. NO COMPRAMOS NI VENDEMOS PROBLEMAS.2) TRANSPARENCIA Y VELOCIDAD EN EL TRÁMITE DE TRANSFERENCIA. SABEMOS LO IMPORTANTE QUE ES TENER LOS PAPELES EN REGLA, Y NOS OCUPAMOS DE QUE ASÍ SEA.SI USTED COMPRA CON NOSOTROS, POR FAVOR NO SE SORPRENDA SI RECIBE VARIAS ENCUESTAS TELEFÓNICAS DE NUESTRO EQUIPO DE AUDITORES A LO LARGO DEL PROCESO DE COMPRA. BUSCAMOS ASEGURARNOS LA MISMA EXPERIENCIA PARA CADA CLIENTE Y SOBRE TODO, QUE USTED QUEDE SATISFECHO Y VUELVA.LA CONCESIONARIA SE ENCUENTRA EN ALMAGRO (CAPITAL FEDERAL, ARGENTINA) EN UN PREDIO DE 5.000M2 DONDE SE EXHIBEN ALREDEDOR DE 200 VEHÍCULOS ENTRE 0KM, IMPORTADOS, CLÁSICOS Y UTILITARIOS. EN EL PREDIO FUNCIONAN ADEMÁS TALLERES DE: POSVENTA Y MECÁNICA LIGERA, DETAILING Y CARROCERIA Y PINTURA .(POR FAVOR, PEDIR LA DIRECCION EXACTA, POR POLITICA DE MERCADOLIBRE NO PODEMOS ANUNCIARLA AQUI).",0,0,0
12941,210000.0,Excelente camioneta muy cuidada… con equipo de GNC 5ta generación instalado hace un par de años Hidráulica hasta el 2/2030 funciona perfectamente tanto a Gas como a Nafta. Tubo de 60lts en el baúl. Fácil de sacar la cuna si se necesita el espacio. Andar excelente. Espirales traseros reforzados por el peso del tubo. Cambios de Aceite y filtro en tiempo y forma. Mecánica impecable.Se puede coordinar para ver en CABA Mataderos o Vte López,0,0,0
12959,76172.0,"PUGLIAAUTOConcesionario Oficial Multim-35 años a su servicio!!!RENAULT CAPTUR 1.6 INTENS CVT 2019 IMPECABLE.76.172 KMS DE FABRICA, EXCELENTE UNIDAD,AIRE, DIRECCION, LEVANTA VIDRIOS ELECTRICOS, DOBLE AIRBAG ABS.TAPIZADO SIEMPRE USO PARTICULAR, SIN DETALLES.CIERRE CENTRALIZADO CON COMANDO EN LLAVE, ALARMA, ENCENDIDO BOTON SPORT.VOLANTE COMANDO MULTIFUNCION, PANTALLA MONITOR,STEREO, POLARIZADO, Y MAS.MANUALES DE USO, DUPLICADO DE LLAVE.-4 CUBIERTAS SEMI NUEVAS.-UNIDAD PARA SUPER EXIGENTES.MEJORAMOS LA TASACION DE SU AUTO, CONTAMOS CON FINANCIACION A MEDIDA DE SUS POSIBILIDADES. SERVICIO DE GESTORIA INTEGRADA, SEGURO AUTOMOTOR.- RETIRO DE UNIDADES EN 24 HS! NOS ENCARGAMOS DE TODO!! LO ESPERAMOS...TASA REDUCIDA CADA $100.000 EN 24 CUOTAS DE $8490 FIJAS CON DNI APROBACION EN 24 HS OPORTUNIDADPugliaAuto Empresa familiar fundada en 1973 considerada en la actualidad compañía referente en el sector automotriz y líder en Zona Oeste de la provincia de Buenos Aires. Desde los comienzos, establecimos como pilares fundamentales de nuestra actividad la calidad e individualización en el servicio al cliente, así como también la profesionalidad de nuestro equipo humano.Contamos con más de 1800 metros cuadrados para brindarle la atención y el servicio que se merece.Stock permanente de más de 150 unidades.Pertenecemos a la Cámara de Comercio Automotor (C.C.A.), la entidad que nucléa las concesionarias más importantes del país.Nuestra trayectoria está avalada por los miles de clientes que ya confiaron en nosotros, con un fin en común, Confianza, Tranquilidad, Seguridad y Seriedad.",0,0,0
12963,39621.0,"Cambiá tu auto o comprá uno semi nuevo en Kavak, compañía N°1 en venta online de autos usados en Latinoamérica. Contamos con distintos planes de financiamiento para adaptarse a tus necesidades, también podés dejar tu auto como parte de pago. Solo vendemos autos 2010 en adelante, con menos de 100.000 km, que nunca tuvieron daños estructurales ni GNC.------------------------------------------------------------->> Ford Territory 1.5 TITANIUM CVT << 405809*BENEFICIOS KAVAK:Al comprar tu Auto Kavak contás con un PERÍODO DE PRUEBA DE 7 DÍAS o 300 KM. Si no te encantó, te devolvemos el 100% de tu dinero (incluida la transferencia)*INSPECCIÓN Y COBERTURA MECÁNICA: En Kavak, la calidad es lo más importante. Nuestros autos son mucho más que autos usados, son autos semi-nuevos reacondicionados que están revisados en 240 puntos por nuestro equipo de expertos, tienen todos los servicios al día, kilometraje real y cobertura mecánica Kavak de 3 meses con posibilidad de extensión a 1 año.*CONTRATÁ KAVAK TOTAL: Con Kavak Total tenés 9 meses adicionales de cobertura con tope según marca/modelo del auto en arreglos, en motor, transmisión, tracción delantera y trasera, batería, embrague y correa o cadena de distribución. Cuidar tu auto puede ser tan fácil como manejarlo.PRÓXIMOS PASOS:Consúltanos para agendar una visita y/o reservar tu auto de interés.*MÉTODOS DE PAGO:- FINANCIAMOS TU COMPRA: Podés acceder al auto de tus sueños con nuestro plan de financiamiento hecho a tu medida. Financialo en hasta 60 cuotas fijas.- DEJÁ TU AUTO COMO PARTE DE PAGO: Cambiá tu auto por uno Kavak.- AL CONTADO: Pagá vía transferencia bancaria o deposito. Podés pagar en pesos o en dólares.Para mayor información visitá nuestro sitio.*Ver términos y condiciones en Compra y Venta de Autos Usados en Argentina con Garantia",0,0,0
12974,16000.0,"Excelente estado, único dueño.Vehículo sin detallesPatente año 2025 canceladaAgregados de fabrica:Chapón cubre carterTuercas antirrobo Lamina antivandálica 3M en vidrios y lunetaTratamiento cerámico Vehículo cuidado al detalleSe puede ver sin problemasPermutas: solo mayor valor",0,0,0
12979,8200.0,BROTHERS DRIVE CARSCITROEN 1.6 VTI 115 AT6 SHINECAJA AUTOMATICAMOTOR 1.6AÑO 20248.200 KMPermutas MAYOR Y MENOR VALOR.Financiacion en cuotas FIJAS Y EN PESOS.Gestoria propia.Broker de seguros.,0,0,0
12991,43000.0,"Única mano , servicios oficiales, la camioneta no tiene detalles está impecable, documentación al día lista para transferir . Precio publicado contado . Precio permuta Usd 143.000",0,0,0
12993,137000.0,"UNIDAD EN STOCK FISICO. coordinar la visita previamente.Tomamos mayor y menor valor. Su consulta no molesta.FORD KUGAVERSION TITANIUMTRACCIÓN 4x4 MOTOR 2.0CAJA AUTOMATICAAÑO 2016137.000 KMCUENTA CON TODOS SUS SERVICIOS REALIZADOS EN FORD OFICIAL.No necesitas hacerle nada,Solo ponerlo en marcha y disfrutarlo.SI QUERES VENDER TU AUTO CON NOSOTROS, TE VENDEMOS TU AUTO SIN QUE LO DEJES DE USAR.Somos BROTHERS DRIVE CARS.Asesoramiento especializado.Atención personalizada.Permutas MAYOR Y MENOR VALOR.Consignaciones SIN QUE LO DEJES DE USAR.Financiación en cuotas FIJAS Y EN PESOS (LO ARMAMOS A TU MEDIDA)Gestoría integral del automotor.Broker de seguros.#somosconfianza #brothersforlife",0,0,0
12994,55600.0,Unico DueñoServicios Oficiales.Version Highline con paq I-QledTuercas de SeguridadSin Detalles lista para transferir.,0,0,0
13017,42900.0,"Vendo o permuto 2008 feline tiptronic diciembre 2020 con solo 42000km unica mano EXCELENTE,, techo panoramico, cuero, climatizador bizona,, pantalla con camara de retroceso,, la mas full automatica,,,,todo al dia vtv,, patentes paga la primera 2025,, sin detalles,,servicio recien hecho /////!!!!!!!!",0,0,0
13021,51000.0,"Camioneta BMW X1, versión automática, Color Negro, en perfecto estado, sin golpes ni choques, con 47 mil KM reales, en su mayoría de ruta, service al día en BMW, cubiertas nuevas!!!!",0,0,0
13028,135000.0,"Pack M.Segundo dueño. Servicios oficiales comprobables hasta los 90.000 km en Trepat.Agregado carplay inalámbrico manteniendo la pantalla original.Agregado alfombras originales.Polarizado antivandálico 3M.Cambio de aceite y filtro de caja automática por diálisis a los 100.000 km.Se cambiaron amortiguadores delanteros y cazoletas originales, radiador original, discos de frenos delanteros ATE, 4 pastillas de freno ATE, ambas juntas del enfriador de aceite, junta de tapa de válvulas, bateria nueva.Cambios de aceite cada 10k km Liqui Moly top tec 5w40.",0,0,0
13033,101000.0,"Lista para transferir!Renault captur intense!Año 20172.0 naftaManual101.000km, único dueño.Impecable estado, sin detalles, cubiertas seminuevas!…Puedo tomar alguna permuta de mi interés!.Financió hasta el 50% del total, solo con dni, en cuotas fijas y en pesos.",0,0,0
13051,197000.0,"Chevrolet Trucker 2017 muy buen estado, algunos detalles de chapa que se pueden ver en fotos. Se puede ver por Belgrano R. Correa de distribución hecha en 2024. 4 cubiertas nuevas cambiadas a los 190.000 KM. La mayoría de los KM fueron hechos en Ruta. Service oficial hechos hasta el año 2021. VTV al día.",1,0,0
13054,83000.0,"Unica mano, sin detalles!Service oficial.Cuatro cubiertas nuevas.",0,0,0
13063,137000.0,"-Ford kuga trend 2.5 - 5 cilindros 4x4 turbo.-Espectacular camioneta,Muy cuidada,full,única mano,interior muy bueno ,exterior sin detalles.!!Realmente para exigentes!!Permutas/Facilidades.Sur automotores,Lomas de zamora.Garantía total,45 años en el mismo lugar.",0,0,0
13068,176000.0,*Equipo GNC 5ta generación con tubo 14 m3El vehículo se encuentra en muy buen estado. Tiene VTV al día todos los años desde 2019Detalles de pintura en punteras ( probable roces en estacionamientos)Siempre atendido por Malters taller especializado en Chery,1,0,0
13087,49000.0,"Jeep Renegade Longitude 2018 – 49.000 km – Nafta – AutomáticoVendo Jeep Renegade Longitude 2018, en excelente estado y con solo 49.000 km. Es un vehículo naftero, automático y de color negro, ideal para ciudad y ruta. • Mecánica en excelente estado, con mantenimiento realizado una vez al año. • Sin deudas ni multas y con VTV vigente por 2 años. • Chapa y pintura impecables, salvo un leve golpe en el parabrisas. • Interiores en perfecto estado, con tapizados de cuero y pantalla táctil con cámara de retroceso. • Cuenta con alarma, cierre centralizado y airbags de fábrica.Historial: • Segundo dueño, uso exclusivamente particular. • Papeles al día y listos para la transferencia.Forma de pago: • Solo efectivo. No acepto permutas.Consultas por mensaje privado.",1,0,0
13095,49000.0,"IMPECABLE ESTADO...MUY CUIDADA!!SIN DETALLES!!PERMUTO MENOR...MAYOR VALOR!!FINANCIACIONES BANCARIAS HASTA 60 MESES...CUOTAS FIJASMARCELO DEHENEN AUTOMOVILES,40 AÑOS EN ADROGUE,BRINDANDO CONFIANZA!!",0,0,0
13108,305000.0,Vendo / permuto mayor valor!LISTA PARA VIAJAR!!!•Musso 2.9 aspirada•KM 305000•TREN DELANTERO NUEVO Enero 2025•EMBRAGUE NUEVO Diciembre 2024Arranca perfectoFunciona perfecto4x4 funcionando sin problemasPLOTEDALEVANTADADETALLES de estetica•VTV al dia hasta Enero 2026En el año 2022 se puso:Todas las mangueras de refrigeracion nuevas. TODAS.RADIADOR DE BRONCE nuevoBOMBA DE AGUA nuevaVISCOSO nuevoTERMOSTATO nuevoAMORTIGUADORES traseros Sadar nuevosRESORTES traseros AG OFF ROADBACA NUEVA REALIZADA A MEDIDA DE TODO EL TECHO Se entrega con 4 llantas originales + auxilio + 4 llantas de aleacion alternativas (las que estan en las fotos)UBICACION: La PlataPRECIO: dol. 4500.-TELEFONO: 2214006732Lista para ponerle gas oil y viajar!!!,0,1,0
13116,169000.0,"Vendo Toyota RAV-4 2.5 4x4 Vx at Año 2014 169.000km Segundo dueño, titular al día Radicada en pilar Service y distribución al día, siempre mantenida como corresponde (mayormente en Toyota oficial) Funciona absolutamente todo su equipamiento, no hay nada para hacerle Rto vigente 4 cubiertas impecables con menos de 15.000km (90%) Auxilio original sin rodar (no ruedin) Polarizado 3M antibandalico con menos de 6 meses Butacas de cuero e interior sin detalles Tratamiento acrílico realizado hace menos de un mesSI ESTÁ PUBLICADA, ESTÁ DISPONIBLE Escucho ofertas de contado (razonables) Evaluo permuta de mayor o menor valor Se puede ver, probar, revisar y escanear por zona norte, Escobar sin problemas, previo a coordinar",0,0,0
13131,191000.0,"VENDO Honda CR-V EX 2.4 4x4Año 2012191mil kmSegundo dueño. La camioneta está excelenteTiene todos los service al díaLos km se hicieron en su mayoría en rutaSe puede probar y escanear sin problemasEs una camioneta súper cómoda, confiable y con un andar excelente.Se muestra en Vicente LópezSe va si o si transferida",0,0,0
13135,221300.0,"Vendo camioneta uso solo particular, 4 gomas NUEVAS Pirelli Scorpion ATR. Todo original, interior sin detalles, se entrega impecable. Acepto pago en dolares o pesos argentinos al dia del cambio dolar blue. NO PERMUTO. Se puede ver en Caba/Monserrat, siempre que coordinemos cita con tiempo al telefono publicado.",0,0,0
13149,21000.0,JEEP COMPASS 1.3 T270 SPORT AT 2023 - CUERO - SERVICES OFICIALES CLIMATIZADOR - DIRECCIÓN ASISTIDA ELÉCTRICA - AIRBAGS - FRENOS A DISCO EN LAS 4 RUEDAS CON ABS - TAPIZADO DE CUERO - LLANTAS DE ALEACIÓN - CRISTALES Y ESPEJOS ELÉCTRICOS - RADIO USB BLUETOOTH MP3 - CIERRE CENTRALIZADO DE PUERTAS CON APERTURA A DISTANCIA - SENSORES Y CÁMARA DE ESTACIONAMIENTO Y MAS!ASESORAUTOS COM AR / 18 AÑOS JUNTO A VOS / SOCIO DE LA CÁMARA DEL COMERCIO AUTOMOTOR* SÓLO CONTADO *---------------------------------------------------------------------------AirbagsAlarma de Luces EncendidasApoyacabezas en Asientos TraserosAsiento Conductor Regulable en AlturaAsiento Trasero RebatibleCaja AutomáticaCentral de InformaciónCierre Cent. de Puertas con Apertura a Dist.Cinturones InercialesClimatizadorControl de Velocidad CruceroCristales con Polarizado AntibandalismoEspejos Exteriores con Comando EléctricoFaros Antiniebla DelanterosFrenos a Disco en las 4 Ruedas con ABSLevantacristales Eléctricos en las 4 PuertasLimpia/Lava LunetaLlantas de AleaciónRadio con Reproductor de MP3Faros Antinieblas TraserosSensores de EstacionamientoTapizado de CueroTercera Luz StopVolante RegulableBluetoothVolante Revestido en CueroEstribosServices en Concesionario OficialUSBVolante MultifunciónControl de EstabilidadParagolpes Color CarroceríaApoyabrazos Central DelanteroApoyabrazos Central TraseroBarras Portaequipaje de FábricaPantalla TáctilTurboLuces Led Diurnas DelanterasCámara de RetrocesoDirección Asistida EléctricaEquipo de Audio con Comando RemotoAlfombras ImportadasAlfombra AntiderrameKit de Seguridad JeepBarrales BaproWaypack de 590 Litros con 2 LlavesTratamiento de Skretch en Llantas,0,0,0
13169,210000.0,"Suzuki Grand Vitara JIII 2.4 2010 - Excelente Estado - Kilometraje: 210.000 km (comprada con 75.000 km, mayormente uso en ruta)- Motor: 2.4 VVT - 166 CV - 227 Nm a 3800 rpm- Caja: Manual de 5ta con reductora- Tracción: Integral permanente (Modo H, HL y L)Detalles y mejoras realizadas:- Espirales IronMan y amortiguadores delanteros modificados (más largos).- Amortiguadores traseros KYB Japón (de Nissan Pathfinder, mismos que Suzuki usa de fábrica).- Cubiertas BF Goodrich 245/65R17 con separadores de hierro de 25mm.- Rock Sliders a medida con caño de 3,2 mm.- Chapones protectores de cárter y radiador de 3 mm.- Chapon trasero reforzado con ganchos dobles para grilletes (TK).- Amortiguadores de capot instalados.- Protección para la ECU (repuesto original de otros mercados).- Luces delanteras hechas nuevas con faros completos led (conjunto lampara, lupa y reflectante) y proteccion PPF en el policarbonato exterior.- Levanta vidrios ""One Touch"" en las 4 puertas con teclas retroiluminadas y cierre con alarma.- Luces de cortesía bicolor en puertas delanteras.- Alarma incoporada con la apertura de puertas- Portalentes original (repuesto original de otros mercados) con luces de techo corredizo retroiluminadas.- Luz en guantera portaobjetos central y guantera principal.- Sensor de estacionamiento trasero + cámara de retroceso.- Estéreo Android 7"" (Wifi, GPS autónomo, 4G, SD) con comandos al volante (sin CD).- Buscahuellas delanteros LED VALEO.- Cajonera de baúl a medida: rebatible a nivel de los asientos.Mantenimiento realizado:- Cambio reciente de retenes de válvulas, junta de tapa de válvulas y embrague completo (menos de 500 km), todo con repuestos originales.- Mantenimientos siempre realizados con:	- Aceite Liqui Moly Molygen 5W30 + filtros originales (aceite, aire, polen).	- Fluidos de diferenciales, caja y reductora cambiados 2 veces (Valvoline).	- Líquido de frenos renovado 2 veces.	- Siempre nafta premium (Shell V-Power o similar).Equipamiento de fábrica:- Control de tracción y estabilidad.- Frenos a disco en las 4 ruedas.- Techo de vidrio corredizo.- Control de crucero.- 2 Llaves de presencia.- Asientos y volante en cuero.- Asiento de conductor regulable en altura.- Volante regulable en altura.- Sistema de audio premium: 4 parlantes, tweeters, parlante central y subwoofer bajo el asiento del conductor.- 6 airbags.- Asientos traseros 1/3-2/3 con doble posición de reclinado, apoyabrazos y tres apoyacabezas.",0,0,0
13181,153299.0,"Automarket | Startup especializada en comercialización de automóviles premium.Sucursales en Parque Leloir y Nordelta.JEEP GRAND CHEROKEE 3.6 OVERLANDAño 2014 | 153.299 kilómetros- Titular.- Segundo dueño.- Excelente estado.- Mantenimientos realizados en taller especializado con sus respectivos comprobantes.- Uno de los vehículos mas completos del mercado en su rango de precios.- Suspensión neumática Quadra Lift, con regulación de altura adaptativa a la superficie.- Manual y duplicado de llaves.- Apto a peritaje y scanner.Solicite turno para conocer el vehículo en nuestra sucursal de Parque Leloir.- El valor expresado en la publicación es válido para operaciones de contado.- Aceptamos tanto dólares como pesos tomando como referencia la cotización del dólar blue al día de la operación.- Recibimos vehículos de mayor y menor valor que cumplan con nuestros estándares de calidad.- Brindamos financiación con tasa fija y mínimos requisitos.Todos nuestros vehículos se entregan transferidos a nombre del comprador con documentación garantizada en 72 horas.- Libre deuda de infracciones.- Libre deuda de patentes.- Verificación técnica vehicular.- Verificación policial.- Grabado de autopartes y cristales.",0,0,0
13194,113000.0,"Peugeot 2008 Sport Thp - Impecable Estado.Vendo mi Peugeot 2008 en excelente estado.Detalles del vehículo:Año: 2017Versión: SportMotor: 1.6 nafta THP turboTransmisión: manualKilómetros: 113.000 kmColor: Vino tinto Interior: tapizado en tela/cuero, impecable.Equipamiento:Pantalla táctil con conectividad(Bluetooth, USB, etc.)Control de velocidad cruceroSensores de estacionamientoDirección eléctricaVTV al día",0,0,0
13196,75000.0,El vehículo se encuentra en perfecto estado Sin detalle de pintura Levanta cristales en las 4 puertas Cierre centralizado Encendido de luz al activarlas desde la llave para prevenir o acercamiento de extrañosCambio de aceite filtros a los 73 mil Cambio completo de kit correa distribución.bomba de agua. tensores. poli v a los 75000 km Vtv echo hace 2 meses Lista para transferir,0,0,0
13199,29300.0,"Peugeot 2008 Allure 1.6 Año 2019Kms 29.300Único DueñoCombustible: NaftaPotencia Máxima (CV): 115Ubicación: Delantero TransversalNúmero de Cilindros: 4Disposición de los Cilindros: En LíneaNúmero de Válvulas: 16Cilindrada: 1.587 c.c.Alimentación: Inyección secuencial multipuntoAirbags delanteros- Airbags laterales- Frenos con ABS y REF- Luz diurna (DRL) a LED- Faros de profundidad- Encendido automático de luces de emergencia- Cinturones de seguridad inerciales para todas las plazas- 3 Apoyacabezas traseros con regulación en altura- Cierre centralizado de puertas con comado a distancia- Traba automática de puertas en rodaje- Fijaciones ISOFIX (2)- Limpialuneta trasero- Alerta de no colocación del cinturón de seguridad conductor- Rueda de auxilio de 15"" con neumático 185/60- Protector de cárter- Espejos retrovisores color negro brillante- Llantas de aleación de 16"" modelo Hydre- Faros traseros con guías de LED- Barras de techo Alu Shadow- Alerón color carrocería con detalles en negro brillante- Panel de instrumentos com matriz LCD y agujas rojasPara alcanzar tus objetivos te ofrecemos lo siguiente:• Financiación del 50% del vehículo a través de crédito prendario, UVA en pesos con las mejores tasas del mercado.• Tomamos vehículos en parte de pago, permutando por mayor o menor valor.• Gestoría automotor integral.• Consignación y Compra de vehículos• Asegurar tu auto con los mejores precios de la manera más simple y rápida",0,0,0
13208,7000.0,UNIDAD EN STOCK ONLINE. Coordinar la visita previamente.Tomamos mayor y menor valor. Su consulta no molesta.FIAT PULSEVERSION DRIVECAJA MANUALMOTOR 1.37.000 KMVALOR EXPRESADO EN USDSomos BROTHERS DRIVE CARS.Asesoramiento especializado.Atención personalizada.Permutas MAYOR Y MENOR VALOR.Consignaciones SIN QUE LO DEJES DE USAR.Financiación en cuotas FIJAS Y EN PESOS (LO ARMAMOS A TU MEDIDA)Gestoría integral del automotor.Broker de seguros#somosconfianza #brothersforlife,0,0,0
13252,272000.0,Honda Crv 2007 4x4.  Japonesa. Buen estado general. Tiene detalles del uso. Papeles en orden.,1,0,0
13261,50200.0,"UNICA POR SU ESTADO !!!!IMPECABLE, SIN DETALLES !!!!UNICO DUEÑO !!!!",0,0,0
13264,206000.0,Motor: 2.4LTransmisión: AutomáticaTracción: AWD (4x4)Kilometraje: 206.000Combustible: Nafta y GNC de 5taCubiertas recien colocadas con alineado y balanceado.Aire AcondicionadoDoble techo panoramicoInterior muy cuidadoDetalles esteticos en paragolpe trasero.,1,0,0
13269,76284.0,"Renault Duster 1.6 PrivilegeAlgunas características del vehículo: -Motor 1.6 de 110cv de potencia-Llantas de aleación de 16""-Pantalla central de 7"" Media NAV Evolution-Cámara de retroceso y sensores de estacionamiento-Control de velocidad cruceroTienda Oficial Escobar Santa FeEscobar Santa Fe S.A.C.I.F.I es el concesionario número 1 de la marca en ventas en la provincia de Santa Fe, logrando posicionarse en los primeros puestos a nivel país. Esto se debe a logros alcanzados en la atención al cliente como así también al permanente compromiso de todo nuestro personal en búsqueda de la excelencia en la atención.Vehículo en stock-Planes de financiación-Consultanos por permutas-Disponible para todo el país¡Importante!Los precios son finales, incluyen IVA, no Incluyen patentamiento ni patentes. Vigencia cancelando y patentando al 31/05/2025.Precio sujeto a disponibilidad de stock físico. Las imágenes publicadas en este sitio son de carácter ilustrativo.",0,0,0
13295,130000.0,"Motor 1.5 Turbo Diésel – Muy económico y confiable130.000 km reales – (100.000 echos en ruta) Siempre mantenida con service al díaVersión SE – Aire, dirección, ABS, ESP, doble airbag- Color gris oscuro – Pintura muy cuidada.Interior en excelente estado – Tapizados cuidados, sin detalles - Alarma - cierre a distancia.Neumáticos en muy buen estado (auxilio original sin rodar)VTV vigente – Papeles al día No hay que hacerle absolutamente nada. Solo cargar gasoil y disfrutar.Uso familiar – Zona Munro (se puede coordinar para verla)",0,0,0
13296,42000.0,AutoDrive***** USADOS SELECCIONADOS *****• Unidad en excelente estado• Papeles al día – Listo para transferir• Garantía de 3 meses por inconvenientes en motor o caja• Aceptamos permutas• Tenemos financiación¡Tu nuevo auto te está esperando!Podes venir con tu mecánico sin problemas para revisarloDejame tu consulta y me comunico a la brevedad,0,0,0
13306,120000.0,"OSCAR AUTOMOTORES Para su confianza y tranquilidad más de 30 años en el rubro y desde el año 1991 en el mismo local avalan nuestra trayectoria. Brindamos al cliente una atención personalizada y completa incluyendo asesoramiento, gestoría y cotización de seguros. También consignamos su unidad de forma segura, para una venta rápida y transparente, Consulte! Datos de la unidad: ""AÑO 2016"" DOMINIO NUEVOHONDA HR-V VERSION LX 1.8 16v 140cv Caja Automatica Cvt 6taEQUIPAMIENTO: Full + Doble Airbag Abs, Llantas 17"" Diamantadas, Distribución electrónica de frenado, Asistencia de frenado, Control de Estabilidad, Sistema de arranque en pendienteFreno de mano eléctrico, Estereo con Pantalla Color y Cámara de marcha atrás, Usb y Bluethoot, Cierre a distancia, ETC.ORIGINAL Sin choques, Único Dueño de OKM, Excelente cuidado y mantenimiento, sin detalles, Tapizados e interiores sin desgaste. Hermoso color NEGRO Brillante, Tiene agregado Polarizado y volante en cuero, se entregan manuales, 2da llave, VTV y grabado de autopartes.PRECIO CONTADO, CONSULTE EN POSIBLE PERMUTAPuede encontrarnos en Google, Youtube y Mercado Libre como OSCAR AUTOMOTORES. Visite nuestro stock actualizado en nuestra web o mercado libre. Su consulta no es molestia y será respondida a la brevedad.",0,0,0
13309,102000.0,"Cambiá tu auto o comprá uno semi nuevo en Kavak, compañía N°1 en venta online de autos usados en Latinoamérica. Contamos con distintos planes de financiamiento para adaptarse a tus necesidades, también podés dejar tu auto como parte de pago. Solo vendemos autos 2010 en adelante, con menos de 100.000 km, que nunca tuvieron daños estructurales ni GNC.------------------------------------------------------------->> Renault Duster 1.6 EXPRESSION << 405811*BENEFICIOS KAVAK:Al comprar tu Auto Kavak contás con un PERÍODO DE PRUEBA DE 7 DÍAS o 300 KM. Si no te encantó, te devolvemos el 100% de tu dinero (incluida la transferencia)*INSPECCIÓN Y COBERTURA MECÁNICA: En Kavak, la calidad es lo más importante. Nuestros autos son mucho más que autos usados, son autos semi-nuevos reacondicionados que están revisados en 240 puntos por nuestro equipo de expertos, tienen todos los servicios al día, kilometraje real y cobertura mecánica Kavak de 3 meses con posibilidad de extensión a 1 año.*CONTRATÁ KAVAK TOTAL: Con Kavak Total tenés 9 meses adicionales de cobertura con tope según marca/modelo del auto en arreglos, en motor, transmisión, tracción delantera y trasera, batería, embrague y correa o cadena de distribución. Cuidar tu auto puede ser tan fácil como manejarlo.PRÓXIMOS PASOS:Consúltanos para agendar una visita y/o reservar tu auto de interés.*MÉTODOS DE PAGO:- FINANCIAMOS TU COMPRA: Podés acceder al auto de tus sueños con nuestro plan de financiamiento hecho a tu medida. Financialo en hasta 60 cuotas fijas.- DEJÁ TU AUTO COMO PARTE DE PAGO: Cambiá tu auto por uno Kavak.- AL CONTADO: Pagá vía transferencia bancaria o deposito. Podés pagar en pesos o en dólares.Para mayor información visitá nuestro sitio.*Ver términos y condiciones en Compra y Venta de Autos Usados en Argentina con Garantia",0,0,0
13317,74401.0,"Ford Ecosport Se 1.6l Mt NAÑO 201474.401 KMSPrecio Lista / Permuta $ 15.200.000Precio Contado Efectivo $ 14.500.000• GRIFF CARS | SUCURSAL ITUZAINGO | SUCURSAL CASTELAR •Mas de 20 años de experiencia en el mercado de vehículos• COORDINAR POR WHATSAPP DÍA Y HORARIO PARA VER EL VEHÍCULO •• TOMA DE USADOS A PRECIO DE MERCADO (COTIZAMOS ONLINE)• RESERVA CON CONFIANZA MERCADO LIBRE PROTEGE TU DINERO, ACEPTAMOS TODAS LAS TARJETAS DE DÉBITO Y CRÉDITO• RESPUESTA INMEDIATA A TUS INQUIETUDES POR WHASTAPP:Respondemos al instante mensajes y llamados. Programamos Videollamadas.• LOS VEHICULOS SON ENTREGADOS TRANSFERIDOSContamos con Administración y Gestoría Integral.• COORDINAR POR WHATSAPP DÍA Y HORARIO PARA VER EL VEHÍCULO •Contamos con;• Financiación del 50% / 60% con crédito bancario delbanco Santander cuotas fijas y en pesos",0,0,0
13327,52000.0,"MASSEY GROUP EXCLUSIVOSTODOS SUS SERVIS REALIZADOS EN PANAMER CONCESIONARIO OFICIAL JEEP; CON SUS COMPROBANTES CORRESPONDIENTES.NUESTRA TRAYECTORIA NOS AVALA; LEASE RESEÑAS 5 ESTRELLAS EN GOOGLE. NOSOTROS NO BAJAMOS LOS KILOMETROS; TENGA EN CUENTA EN EL MOMENTO DE LA COMPRA QUE 7 DE CADA 10 VEHICULOS TIENEN EL KILOMETRAJE ADULTERADO; NO SE DEJE ENGAÑAR. POR FAVOR CONCURRA A NUESTRA CONCESIONARIA CON SU MECANICO DE CONFIANZA SCANNER EN MANO Y DESASNE TODAS SUS DUDAS. VENDEMOS VEHICULOS IMPECABLES.ESTAMOS EN PELLIZA Y PANAMERICANA, (BLAS PARERA 3100). OLIVOS VICENTE LOPEZ, ZONA NORTE. A 12 CUADRAS DEL UNICENTER.CARACTERISTICAS: NEGRO PERLADO; UNICO DUEÑO; MOTOR 1.8 NAFTA; CAJA AUTOMATICA/SECUENCIAL DE 6 MARCHAS CON LEVAS AL VOLANTE; LA VERSION LONGITUDE; AIRE ACONDICIONADO; PANTALLA DE 8.2 PULGADAS; CAMARA DE RETROCESO; SENSORES DE ESTACIONAMIENTO; ALZA CRISTALES ELECTRICOS EN SUS CUATRO PUERTAS; ESPEJOS ELECTRICOS; CIERRE CENTRALIZADO; DIRECCION ELECTRICA; PARAGOLPES; ESPEJOS Y MANIJAS COLOR CARROCERIA; FAROS AUXILIARES; EXCELENTE INTERIOR CON CUERO; LLANTAS DE ALEACION; FRENOS A DISCO EN SUS CUATRO RUEDAS. VTV; GRABADO DE AUTOPARTES. DUPLICADO DE LLAVES; MANUALES; TODA PINTURA DE FABRICA; AUXILIO SIN RODAR.MIENTRAS QUE LA GRAN MAYORIA DE LOS COMERCIANTES QUE SE DEDICAN A LA COMPRA Y VENTA DE VEHICULOS USADOS TIENEN POR COSTUMBRE PONERLE A SU AGENCIA UN ""NOMBRE DE FANTASIA"", ATENCION A ESE DETALLE, LOS AGENCIEROS HONESTOS, TRANSPARENTES Y DECENTES, LE COLOCAMOS EL APELLIDO:"" MASSEY GROUP EXCLUSIVOS""GARANTIA DE CONFIANZA.USADOS SELECCIONADOSDOCUMENTACION GARANTIZADA SIN SORPRESASRETIRA EN EL MOMENTO, FACIL Y SENCILLONO FINANCIAMOS, NO ACEPTAMOS CHEQUES NI PLANES DE AHORRO.SI UD. ESTA BUSCANDO UN VEHICULO CON COMBINA LO RETRO CON TECNOLOGIA DEL FUTURO, DARIO MASSEY SE LO RECOMIENDA; LO INVITA A VERLO SIN EL MENOR COMPROMISO, SERA BIENVENIDO. LO ESPERAMOS.MUY IMPORTANTE: EL VALOR PUBLICADO CORRESPONDE A OPERACIONES POR PAGO CONTADO EFECTIVO. POR OTRO TIPO DE OPERACIONES (PERMUTA), SE APLICARA EL VALOR DE LISTA.EVALUAMOS PERMUTAS MENOR/MAYOR VALOR, TAMBIEN NOS PUEDE DEJAR SU VEHICULO EN CONSIGNACION, PARA UNA VENTA MAS RAPIDA Y SEGURA. CONTAMOS CON UNA TRAYECTORIA DE 25 AÑOS EN EL MERCADO",0,0,0
13333,110000.0,"Soy titular, vehículo familiar muy cuidado. Detalles estéticos insignificantes. Cambio de aceite y filtros recientemente realizado. Cubiertas en excelente estado. Tracción 4x4. Cree led en bajas y antinieblas. Se vende únicamente transferida. Su consulta no molesta.",0,0,0
13338,143900.0,"RENAULT DUSTER LUXE 2.0 2013EL AUTO POSEEAIREDIRECCIONDOBLE AIRBAGSCIERRE CENTRALIZADOLLANTAS DE ALEACIONESPEJOS ELECTRICOSCAJA DE 6 VELOCIDADESLEV/CRISTALES EN LAS 4 PUERTAS COMPUTADORA DE A BORDOVOLANTE REGULABLE EN ALTURACOMANDO AL VOLANTEVTV VIGENTENO TE QUEDES SIN CAMBIAR TU AUTOPRECIO DE CONTADO EFECTIVO $13.900.000PRECIO DE LISTA $14.500.000FINANCIAMOS HASTA UN 50% DEL VALOR DEL VEHICULO EN CUOTAS FIJAS Y EN PESOS, CREDITOS PRENDARIOS,TOMAMOS TU USADO A UN MUY BUEN PRECIOTODOS LOS AUTOS SE VENDEN TRANSFERIDOS COMO CORRESPONDE, BRINDAMOS CONFIANZA Y SEGURIDAD PARA UNA MEJOR POSTVENTA !!",0,0,0
13355,117376.0,"Cambiá tu auto o comprá uno semi nuevo en Kavak, compañía N°1 en venta online de autos usados en Latinoamérica. Contamos con distintos planes de financiamiento para adaptarse a tus necesidades, también podés dejar tu auto como parte de pago. Solo vendemos autos 2010 en adelante, con menos de 100.000 km, que nunca tuvieron daños estructurales ni GNC.------------------------------------------------------------->> Honda HR-V 1.8 EX L CVT << 412146*BENEFICIOS KAVAK:Al comprar tu Auto Kavak contás con un PERÍODO DE PRUEBA DE 7 DÍAS o 300 KM. Si no te encantó, te devolvemos el 100% de tu dinero (incluida la transferencia)*INSPECCIÓN Y COBERTURA MECÁNICA: En Kavak, la calidad es lo más importante. Nuestros autos son mucho más que autos usados, son autos semi-nuevos reacondicionados que están revisados en 240 puntos por nuestro equipo de expertos, tienen todos los servicios al día, kilometraje real y cobertura mecánica Kavak de 3 meses con posibilidad de extensión a 1 año.*CONTRATÁ KAVAK TOTAL: Con Kavak Total tenés 9 meses adicionales de cobertura con tope según marca/modelo del auto en arreglos, en motor, transmisión, tracción delantera y trasera, batería, embrague y correa o cadena de distribución. Cuidar tu auto puede ser tan fácil como manejarlo.PRÓXIMOS PASOS:Consúltanos para agendar una visita y/o reservar tu auto de interés.*MÉTODOS DE PAGO:- FINANCIAMOS TU COMPRA: Podés acceder al auto de tus sueños con nuestro plan de financiamiento hecho a tu medida. Financialo en hasta 60 cuotas fijas.- DEJÁ TU AUTO COMO PARTE DE PAGO: Cambiá tu auto por uno Kavak.- AL CONTADO: Pagá vía transferencia bancaria o deposito. Podés pagar en pesos o en dólares.Para mayor información visitá nuestro sitio.*Ver términos y condiciones en Compra y Venta de Autos Usados en Argentina con Garantia",0,0,0
13361,140000.0,RENAULT DUSTER 1.6 EXPRESSION AÑO 2011140.000 KILOMETROS PRIMER DUEÑA MUY BUNAS CONDICIONES DETALLES MINIMOS POR LOS AÑOS FUNCIONA TODO SU CONFORT -----------------------------------------------------------------------------------------------------------------------RETIRALA EN 48 HS CON $7.000.000 EL SALDO EN CUOTAS FIJAS TAMBIEN PODES ENTREGAR TU USADO Y FINANCIAR EL RESTO TE COTIZAMOS SIN COMPROMISO -----------------------------------------------------------------------------------------------------------------------,0,0,0
13370,32000.0,"Bienvenido a NEOSTAR, tu Concesionario Oficial de confianza en Rosario y sus alrededores. Desde 1996, nos hemos comprometido a ofrecer asesoramiento de primera calidad a nuestros clientes, representando marcas de renombre como Jeep, Dodge, Ram, Chrysler, Nissan, Kia, Suzuki, Honda y Subaru.En NEOSTAR, nos enorgullece ofrecer una amplia gama de vehículos usados exclusivos. Con un promedio de más de 90 vehículos usados mensuales, cada uno de nuestros automóviles pasa por un riguroso proceso de peritaje mecánico para garantizar la calidad y fiabilidad. Además, todos nuestros vehículos usados vienen respaldados por una garantía y cuentan con toda la documentación necesaria para una transferencia sin complicaciones, gracias a nuestros experimentados gestores.¿Buscas cambiar tu vehículo actual? En NEOSTAR, aceptamos permutas y también compramos vehículos de todas las marcas. Confía en nosotros para obtener una valoración justa y transparente.Encuéntranos en nuestras ubicaciones en Rosario, Santa Fe (capital), Funes y Cañada de Gómez, y descubre por qué NEOSTAR es tu destino confiable para todas tus necesidades automotrices.",0,0,0
13382,42400.0,"DUEÑO DIRECTO VENDEULTIMA ACTUALIZACION FECHA 20/04/25PRECIO NEGOCIABLESU C O N S U L T A  NO MOLESTA POR ESTE MEDIO DE MERCADOLIBRE NO TIENE NINGUN COSTO TOTALMENTE GRATIS COMPARE PRECIOS Y KILOMETROS ESTE ES UNO DE LOS MEJORES POR SU MODELO Y ESTADO EXCELENTERENAULT DUSTER DYNAMIQUE 1.6 AÑO 20210 (CERO) MULTA0 (CERO) GOLPES0 (CERO) RAYONESSIEMPRE DURMIO EN ""GARAGE"" NUNCA BAJO EL SOL42.400 km REALES- SE ENCUENTRA EN INMEJORABLE ESTADO GENERAL, TOTALMENTE ORIGINAL SIN DETALLES. INTERIOR SIN DETALLES NI DESGASTE. MANTENIDA EN TIEMPO Y FORMA- 100% ORIGINAL - VERSIÓN CON PANTALLA DE 10 PULGADAS- PAPELES COMPLETAMENTE AL DÍA, POSEE: TODOS LOS MANUALES DE OKM, ETC *- GRABADO DE AUTOPARTES REALIZADO / VTV VIGENTE -* CONSIDERO EL MEJOR POR SU ESTADO Y CUIDADO, DIGNO DE VER *- OFERTA CONTADO Y/O TRANSFERENCIA BANCARIA 23.800.000 (PESOS ARGENTINOS)*** SE ADJUNTAN 15 FOTOS DE LA UNIDAD PARA QUE PUEDA VERLA EN DETALLE ***SU C O N S U L T A  NO MOLESTANO PERMUTA NO CREDITO",0,0,0
13384,49500.0,"Reventas y Agencias ABSTENERSEÚnico Dueño, vehículo con Bateria nueva y en garantía. .Pantalla VW play 10'' con conexión sin cable.Cargador inalámbrico de celular .Levas al volante.Volante forrado en cuero.Sensores de estacionamiento trasero.Cámara de retroceso.Control de Velocidad crucero.Auxilio sin rodarLun a vie de 18 a 22 se muestra fin de semana zona Liniers (radicado en Caba) Vehículo inmaculado sin detalles.",0,0,0
13405,71000.0,"¡Oportunidad Única en Morbiducci Motors SA! **Ford EcoSport Freestyle 2.0 4x4 T/A**  **Año:** 2018  **Kilometraje:** 77.000 km (¡en muy buen estado!)¡No te pierdas la oportunidad de llevarte este increíble SUV que combina estilo y funcionalidad!**Características destacadas:**- **Tracción 4x4:** Ideal para aventureros y terrenos variados.- **Spacio interior cómodo:** Perfecto para tu familia y viajes largos.- **Equipamiento de primera:** Todo lo que necesitas al alcance de tu mano. **Recibo vehículo como parte de pago al mejor precio del mercado.**En **Morbiducci Motors**, respaldamos nuestra oferta con responsabilidad, compromiso y garantía. Con más de 30 años de trayectoria en la comercialización de vehículos, somos tu mejor opción en Tierra del Fuego y otras provincias del país.Si estás en otra Provincia podemos coordinar la mejor forma de que accedas a este y otros vehículos, nos respaldan nuestra trayectoria, compromiso y experiencia. ¡Tu próximo vehículo te está esperando!",0,0,0
13408,12000.0,"La compre a dueño directo, es de mayo del 2023, tiene 2 service oficiales, ultimo realizado 09.05, tiene tratamiento ceramico y duerme en garage desde siempre, un solo detalle como se observa producto de algun desconocido que estaciono mal. Esta nueva como se la ve, solo se vende en efectivo.",1,0,0
13415,90000.0,"Bienvenidos a Pointcars, tu concesionaria de confianza.Disponemos de un amplio stock de vehículos, tanto nuevos como usados, de todas las marcas, listos para que encuentres el que mejor se adapte a tus necesidades.Te brindamos la posibilidad de vendernos tu auto y acceder a una financiación de hasta el 80% del valor, para que estrenes el vehículo que querés con total facilidad.Cada uno de nuestros autos pasa por un riguroso proceso de revisión mecánica, limpieza interior y embellecimiento exterior, garantizando calidad y seguridad en cada entrega.Mientras nuestro equipo administrativo gestiona la documentación, nos ocupamos de cada detalle para que tu compra sea rápida, transparente y sin complicaciones.¡Te esperamos en Pointcars, el lugar de tu auto!",0,0,0
13417,51000.0,Única mano todos los servicios en concesionario oficial. Sin detalles. 100% original. Sonido espectacular bosse con 11parlantes y woofer de fabrica. Butacas calefaccionadas y electricas con 2 memorias. Indicador de punto ciego. Cámaras 360°. Portón trasero elcrico. Techo panorámico con cortina eléctrica y corredizo. Full led. Motor 3.5 v6 sin turbo o sea que es eterno super probado así tb como la caja cvt. Una camioneta que se vendía en U$S 100.000 hoy la compras por la tercera parte de su valor. El mejor color con el mejor interior. Para entendidos.,0,0,0
13442,80300.0,"¿Estás listo para darle un giro a tu conducción? Descubrí la excelencia de los vehículos de Autoctiy Usados. Ofrecemos una amplia gama de opciones de financiamiento diseñadas para adaptarse a tus necesidades individuales, además de la posibilidad de usar tu auto actual como parte de pago.Solo ofrecemos vehículos del 2010 en adelante, con menos de 130,000 kms recorridos y sin historial de daños estructurales.*BENEFICIOS CON AUTOCTIY USADOS:INSPECCIÓN Y GARANTÍA MECÁNICA (ISO9001): En Autoctiy Usados, la calidad es nuestra prioridad. Nuestros vehículos pasan por una exhaustiva inspección de 240 puntos realizada por nuestro equipo de expertos. Además, cuentan con kilometraje verificado y una garantía mecánica de 3 meses.*PRÓXIMOS PASOS:Contáctanos para programar una visita o reservar el vehículo de tu interés.MÉTODOS DE PAGO:  • FINANCIACIÓN A MEDIDA: Accede al auto de tus sueños con nuestro plan de financiamiento personalizado, con opciones de hasta 60 cuotas fijas.  • DEJA TU AUTO COMO PARTE DE PAGO: Cambia tu vehículo actual por uno de Autoctiy Usados.  • PAGO AL CONTADO: Realiza tu pago mediante transferencia bancaria o depósito, en pesos o dólares.¡Viví tu experiencia Autocity!",0,0,0
13473,169000.0,"Vehículo familiar, con los detalles de los años pero cuidado. Esta radicado en lanus pero ahora vivo en capital, zona Uruguay y Paraguay. Detalles la cámara de marcha atrás aveces no conecta. Y en el paragolpe delantero tiene un golpe, la deje estacionada y cuñado volvo estaba así, no le pude reclamar a nadie. El valor de puede hablar.",1,1,0
13497,130000.0,"Toyota Corolla Cross XEI 2021 La camioneta se encuentra en un excelente estado general tanto interior como exterior , hace menos de 1000km se le cambiaron las cubiertas delanteras , y también se le remplazó hace menos de un mes la batería . Todos sus services fueron realizados en agencia excepto el último que fue realizado en un taller especializado . Único dueño Su consulta no molesta Precio : 25.300USDNicolás",0,0,0
13499,80700.0,JEEP RENEGADE SPORT 2019UNICA DUEÑA80.700KMVehículo en excelente estado. Sin detalles. Nada para hacerle!Funciona todo su equipamiento a la perfecciónPintura 100% original de fábricaFrenos a disco en las 4ABS / Control de tracción y estabilidad6 AirbagsFaros antinieblasLlantas de aleaciónCubiertas en excelente estadoAuxilio sin rodarPantalla multimediaVolante multifunciónControl de velocidad cruceroCierre centralizado con comando a distanciaEspejos eléctricosSensores de estacionamientoCámara de retrocesoManuales / 2 llavesKit de seguridadSe vende transferida al día,0,0,0
13515,143000.0,"Chevrolet Tracker LTZ 1.8C/GNCModelo 2016 con 143000KM realesColor Blanco - Impecable estado generalSin ningun tipo de detalles - Muy cuidada2do dueño, poseo manualesy duplicado de llaveEquipamiento de serie:*Aire acondicionado y calefaccion*Direccion hidraulica*Levanta cristales electricos en las 4 puertas*Espejos retrovisores electricos*Control velocidad crucero y limitador de velocidad*Cierre centralizado de puertas con comando a distancia en la llave (Llave tipo navaja)*Stereo con: Radio AM/FM, CD, MP3, entrada auxiliar-USB, Bluetooth y comando satelital al volante*Doble airbag*ABS*5 apoyacabezas*Llantas de aleacion de 16 pulgadas*Lavaluneta termica con 3er stop*Volante y butacas (Conductor electrica) regulables*Apoyabrazos conductor y central trasero*EtcAgregados:*Polarizado tono claro*Equipo de GNC de 5ta GeneracionMantenimientos:*VTV vigente hasta 30/03/2026*Tecnica GNC vigente hasta Agosto de 2025*Grabado de autopartes hechoSe encuentra realmente impecable, como se puede observar en las fotos.Considero en excelente estado. Digna de ver!Totalmente al dia (Patentes e infracciones) y lista para transferir.(Transferencia obligatoria, servicio de gestoria, costo aparte)El valor publicado, corresponde al valor final del vehiculo.-Permuto por vehiculo de mi interes-Financiacion: Anticipo minimo del 70% + cuotas fijas (Consultar)",0,0,0
13531,250000.0,"EL PRECIO PUBLICADO ES EN EFECTIVO O FINANCIACION, CONSULTAR PRECIO EN EL CASO DE QUE SEA CON PERMUTA.CUANDO PENSAS EN CAMBIAR TU USADO, PENSA EN LA CONCESIONARIA MAS VISITADA EN CORDOBA, PENSA EN LOPCAR.MAS DE 25 AÑOS DE TRAYECTORIA, TRABAJANDO PARA BRINDARLES A NUESTROS CLIENTES EL MEJOR ASESORAMIENTO A LA HORA DE ADQUIRIR O RENOVAR SU PROXIMA UNIDAD.¡BUSCAMOS LA MEJOR FINANCIACION!!¡TOMAMOS SU USADO AL MEJOR PRECIO!!SEGURIDAD, TRANQUILIDAD y HONESTIDADCUALQUIER CONSULTA NUSTROS ASESORES ESTARAN A SU DISPOSICION!!VENÍ A VISITARNOS A NUESTRO SALÓN EN BARRIO VILLA CABRERA!¿COMO SE PUEDE FINANCIAR?- Créditos personales y prendarios.- Permutas (recibimos tu usado)- Créditos en tasas fijas- Créditos Uva- Entrega mínima: 50%- Financia el saldo a una tasa desde el 16.5%LOS VALORES REFERIDOS ESTAN SUJETOS A MODIFICACION SIN PREVIO AVISO",0,0,0
13556,10700.0,"Vehículo en excelente estado, auxilio sin rodar, sin detalles. Versión más full de la gama Compass, serie S Es venta particular, no agencia",0,0,0
13567,100000.0,"Tracker 2014, segunda dueña, 100 mil. Alarma full, polarizado anti vandálico. Interior impecable. Detalles en carrocería.",1,0,0
13568,42657.0,Chevrolet TRACKER LTZ 1.2T UNICO DUEÑO TODOS LOS SERVICE OFICIALES42.667kmAño: 2021Adicionales: Polarizado ANTI BANDALICO / Estribos / Protector plástico de baulDREAD GARAGE,0,0,0
13579,174000.0,DIQUE AUTOMOTORESUsados Seleccionados0klms MultimarcasCréditos PrendariosCréditos PersonalesCréditos UVA AutosMínimos requisitos para retirarSólo DNI y te lo llevas!Gestoría PropiaAmplias compañías de SeguroTomamos tu usado al Mejor precio del Mercado!,0,0,0
13581,11000.0,"MTZ Motors te ofrece esta espectacular Ford Bronco Sport Wildtrak 2022, con solo 11.000 km y garantía vigente. Su estado es impecable, igual a un 0 km, sin el más mínimo detalle.Equipada con un potente motor 2.0 Turbo L EcoBoost de 253 CV, tracción 4x4 y transmisión automática de 8 marchas, esta versión full ofrece una conducción excepcional con 7 modos de manejo, control de velocidad crucero adaptativo con Stop & Go y centrado de carril. Además, incluye equipamiento exclusivo como mesa de camping y otros detalles premium.Lista para transferir, con financiamiento disponible. Somos MTZ Motors, ubicados en Martínez, San Isidro. Para más información, contáctanos y coordinemos una visita",0,0,0
13608,48000.0,Peugeot 3008 Hdi GTAño 2022 con 48.000 kms Excelente estado. Ppf y detalles hechos en negro. Cubiertas nuevas y servicios oficiales. TOMAMOS TU USADO FINANCIACION,0,0,0
13614,100000.0,"EXCELENTE ESTADO ,100 % ORIGINAL SIN GOLPES,SEGUNDO DUEÑO , EXCELENTE DE CUBERTAS. DISTRIBUCIÓN HECHA.",0,0,0
13632,87000.0,"Cambiá tu auto o comprá uno semi nuevo en Kavak, compañía N°1 en venta online de autos usados en Latinoamérica. Contamos con distintos planes de financiamiento para adaptarse a tus necesidades, también podés dejar tu auto como parte de pago. Solo vendemos autos 2010 en adelante, con menos de 100.000 km, que nunca tuvieron daños estructurales ni GNC.------------------------------------------------------------->> Citroen C4 Cactus 1.6 VTI 115 FEEL PACK << 411032*BENEFICIOS KAVAK:Al comprar tu Auto Kavak contás con un PERÍODO DE PRUEBA DE 7 DÍAS o 300 KM. Si no te encantó, te devolvemos el 100% de tu dinero (incluida la transferencia)*INSPECCIÓN Y COBERTURA MECÁNICA: En Kavak, la calidad es lo más importante. Nuestros autos son mucho más que autos usados, son autos semi-nuevos reacondicionados que están revisados en 240 puntos por nuestro equipo de expertos, tienen todos los servicios al día, kilometraje real y cobertura mecánica Kavak de 3 meses con posibilidad de extensión a 1 año.*CONTRATÁ KAVAK TOTAL: Con Kavak Total tenés 9 meses adicionales de cobertura con tope según marca/modelo del auto en arreglos, en motor, transmisión, tracción delantera y trasera, batería, embrague y correa o cadena de distribución. Cuidar tu auto puede ser tan fácil como manejarlo.PRÓXIMOS PASOS:Consúltanos para agendar una visita y/o reservar tu auto de interés.*MÉTODOS DE PAGO:- FINANCIAMOS TU COMPRA: Podés acceder al auto de tus sueños con nuestro plan de financiamiento hecho a tu medida. Financialo en hasta 60 cuotas fijas.- DEJÁ TU AUTO COMO PARTE DE PAGO: Cambiá tu auto por uno Kavak.- AL CONTADO: Pagá vía transferencia bancaria o deposito. Podés pagar en pesos o en dólares.Para mayor información visitá nuestro sitio.*Ver términos y condiciones en Compra y Venta de Autos Usados en Argentina con Garantia",0,0,0
13635,45000.0,"Unica Mano, Toda Original en Estado Excelente!! Servicios Oficiales, tapizado Cuero Camel Sin detalles, Extremadamente Cuidado, Una Unidad Realmente Para Verlo y Comprarlo!!! “AUTOINFINITO SA”  48 AÑOS DE EXPERIENCIA Y TRAYECTORIA EN EL RUBRO       Horarios: Unicamente  Se Atiende Con Cita Previa.FACTURAMOS “A” a Los Responsables Inscriptos, que esta incluido en el valor total.TODAS NUESTRAS UNIDADES ES OBLIGACION TRANSFERIRLAS.",0,0,0
13660,77000.0,"VENDO O PERMUTO HONDA HRV EX CON LEVAS AL VOLANTE , CLIMATIZADOR TÁCTIL ,VOLANTE MULTIFUNCION Y VELOCIDAD CRUCERO SIN TAPIZADO DE CUERO AÑO 2020 CON SOLO 77.000KM DE USO ,CUIDADA Y MANTENIDA SIEMPRE CON LO MEJOR TIENE TODOS LOS SERVICIOS HECHOS CADA 10.000 KM DESDE OKM EN CONCESIONARIO OFICIAL POSEOEL MANUAL SELLADO Y FACTURAS QUE LO ACREDITAN .. SOY UNICO DUEÑO,LA CAMIONETA ESTÁ REALMENTE IMPECABLE TAL CUÁL SE VE EN LAS FOTOS,COMPLETAMENTE AL DÍA Y LISTA PARA TRASFERIR TIENE COMO AGREGADOS EN CONCECIONARIO:-CHAPON CUBRE CARTER -POLARIZADO ANTIBANDALICO CON LÁMINA DE SEGURIDAD 3M Y LAS 4 CUBIERTAS NUEVAS CON 15.000 KM DE USO TIENE VTV VIGENTETAMBIÉN LE HICE UN TRATAMIENTO CERAMICO CON PRODUCTOS ZONAX PARA PROTEGER LA PINTURA Y MANTENER EL BRILLO.REALMENTE ES DIGNA DE VERACLARACION IMPORTANTE;SOLO PERMUTO POR AUTO O CAMIONETA CON POCOS KM Y EN IGUALES CONDICIONES""NO ESCUCHO OFERTAS RIDÍCULAS""PRECIO CONTADO : u$s28.000PRECIO PERMUTA : u$s 29.500TU CONSULTA NO ES MOLESTIA SOY PARTICULAR NO AGENCIA..",0,0,0
13671,110000.0,"INMACULADA SW4, IMPECABLE, COMO EN LAS FOTOS.UNICO DUEÑO.VIDRIOS ANTIVANDÁLICOS CON LÁMINA DE SEGURIDAD 3MESTÁ EN GARANTÍA CON TODOS LOS SERVICIOS HECHOS EN CONCESIONARIO OFICIAL.PINTURA IMPECABLE, NUNCA TUVO REPINTADO DE NINGÚN PAÑO, TAMPOCO FUE PULIDA, PARAGOLPES SIN DETALLES.RUEDA DE AUXILIO SIN RODAR.",0,0,0
13684,39000.0,"FORD ECOSPORT TITANIUM 1.5L MANUAL 2021 2021 39.000 Kms Excelente estado VTV al día Lista para transferir 1° mano Caja Manual de 5 velocidades Motor 1.5L de 123CVEquipamiento:6 airbags (Conductor, pasajero, torax, cortina)Alarma volumétrica y perimetralControl de tracción, control de estabilidad y ABSSistema de asistencia al arranque en pendientesSistema de asistencia al frenado de emergenciaArranque sin llave Ford PowerCámara de estacionamiento traseraCierre/Apertura global remoto de puertasClimatizador automáticoColumna de dirección regulable en altura y profundidadComputadora de a bordoControl de velocidad cruceroEncendido automático de lucesPiso de baúl regulable en alturaSensores de estacionamiento traseroTapizado de cueroTecho solar con apertura y cierre eléctricoVolante revestido en cueroSync III con pantalla multitactil de 8"" y control por voz SonyTablero de instrumentos con pantalla TFT color de 4,2"" configurableFaros delanteros de XenónFaros delanteros antinieblaLlantas de aleación de 17""ENTREGA TU USADO Y FINANCIÁ LA DIFERENCIA A LA MEJOR TASACONSULTE POR MAS USADOS SELECCIONADOS Y TODA LA LINEA DE 0 KM",0,0,0
13692,80000.0,"Solo efectivo. No Agencias. ¡Oportunidad única! Vendo mi Volkswagen Taos Highline 2022, versión tope de gama, en estado impecable, con todos los servicios realizados en concesionaria oficial.Características destacadas:	•	Motor 1.4 TSI Turbo de excelente rendimiento	•	Caja automática Tiptronic de 6 velocidades	•	Techo solar panorámico	•	Tapizados en cuero	•	Llantas de aleación de 18”	•	Sistema de sonido Beats premium	•	Climatizador bizona	•	Cargador inalámbrico para celular	•	Full LED + luces diurnas	•	Sensor de punto ciego, mantenimiento de carril y control crucero adaptativoExtras:	•	Único dueño	•	Nunca chocada, sin detalles	•	Siempre guardada en cochera	•	Patente paga	•	Listo para transferirIdeal para quien busca una SUV moderna, cómoda, segura y sin sorpresas.¡Contactame para coordinar una visita y verla en persona!",0,0,0
13699,18000.0,NISSAN KICKS ADVANCE PLUS CVT 100% ORIGINAL IGUAL A 0KM SIN DETALLES ANTICIPO $22.500.000 Y CUOTAS FIJAS EN $                             ACEPTAMOS PERMUTA                                                     AUTOMOTORES  YAMI,0,0,0
13706,166532.0,"Vendo Dodge Joyrney Modelo 2010166.532kmFull full Funciona DVD, pantalla, velocidad crucero, caja de 6ta, cubiertas en muy buen estado, vtv vigente hasta el 2026, cambios secuénciales, 3 filas de asientos, llantas de aleación 19, asientos de cuero.Detalles a la vista.Tope de gama Se puede pasar a ver por Hurlingham Se entrega únicamente tranferida.",0,0,0
13727,17200.0,"Corolla Cross Híbrida impecable. Único dueño. Única con 17000km reales. Como nueva, sin detalles. No se aceptan permutas.",0,0,0
13735,21000.0,full unica mano sin detalles tomo permutas,0,0,0
13789,110000.0,"En el último servicio técnico se cambiaron las pastillas y discos de frenos nuevos. Cambio de aceite y filtros.La pantalla es de última generación y de las mejores en el mercado.Cámara de estacionamiento. Sensores de estacionamiento. Excelente oportunidad!!!Se vende rápido, no duden en consultar.",0,0,0
13791,67100.0,"EXCELENTE ESTADO, SIN DETALLES4 GOMAS NUEVASSERVICIOS OFICIALES AL DIA",0,0,0
13795,252000.0,Segundo dueño.Muy cuidadoNunca chocadoBatería nueva2 cubiertas nuevasAmortiguadores delanteros nuevosVtv recién hechaInterior impecable,0,0,0
13799,52100.0,"¿Estás listo para darle un giro a tu conducción? Descubrí la excelencia de los vehículos de Autoctiy Usados. Ofrecemos una amplia gama de opciones de financiamiento diseñadas para adaptarse a tus necesidades individuales, además de la posibilidad de usar tu auto actual como parte de pago.Solo ofrecemos vehículos del 2010 en adelante, con menos de 130,000 kms recorridos y sin historial de daños estructurales.*BENEFICIOS CON AUTOCTIY USADOS:INSPECCIÓN Y GARANTÍA MECÁNICA (ISO9001): En Autoctiy Usados, la calidad es nuestra prioridad. Nuestros vehículos pasan por una exhaustiva inspección de 240 puntos realizada por nuestro equipo de expertos. Además, cuentan con kilometraje verificado y una garantía mecánica de 3 meses.*PRÓXIMOS PASOS:Contáctanos para programar una visita o reservar el vehículo de tu interés.MÉTODOS DE PAGO:  • FINANCIACIÓN A MEDIDA: Accede al auto de tus sueños con nuestro plan de financiamiento personalizado, con opciones de hasta 60 cuotas fijas.  • DEJA TU AUTO COMO PARTE DE PAGO: Cambia tu vehículo actual por uno de Autoctiy Usados.  • PAGO AL CONTADO: Realiza tu pago mediante transferencia bancaria o depósito, en pesos o dólares.¡Viví tu experiencia Autocity!",0,0,0
13826,47700.0,"¡OPORTUNIDAD! IMPECABLE ESTADO – SOLO 47.700 KMVendo Citroën C4 Cactus Feel Pack 2020, con muy poco uso y todas las comodidades de un auto moderno y seguro.---Motor y mecánica:Motor PureTech 1.6, excelente rendimiento y bajo consumoTODOS LOS SERVICE REALIZADOS EN TIEMPO Y FORMASIN DETALLES mecánicos – listo para salir a la ruta---Confort y tecnología:Climatizador automáticoPantalla táctil multimedia con Android Auto / Apple CarPlayControl de velocidad crucero y limitadorCámara de retroceso y sensores de estacionamientoLlantas de aleación originalesVidrios eléctricos, cierre centralizado, alarmaAUXILIO SIN RODAR---Seguridad:Airbags frontales y lateralesControl de estabilidad (ESP) y tracción (ASR)Frenos ABS y asistencia al frenado de emergencia---Estado general:Auto usado por un solo dueño, siempre guardado en cochera, tapizados como nuevos, sin detalles de chapa ni pintura.---Documentación al díaListo para transferir. Sin deudas ni multas. VTV vigente.---¡No lo dudes!Un auto moderno, económico, cómodo y con todo el equipamiento.Mirá las fotos y contactame para coordinar una visita o prueba de manejo.",0,0,0
13851,102000.0,"Camioneta digna de ver, siempre durmió adentro, poco uso, kilómetros reales!5 neumáticos sin siquiera una pinchada, se cambiaron los 5 nuevos.Equipo multimedia Blaupunkt con Apple car play y Android auto, reproduce todas las aplicaciones compatibles, waze,  WhatsApp,  etcétera...Mecánica excelente.Vtv y patentes al día.",0,0,0
13859,81320.0,"JEEP COMPASS 1.3T AT6 4X2 LIMITED - US$ 35.500Año: 2022Kilómetros: 81.320 Transmisión: AutomáticaCombustible: NaftaColor: Gris UNICO DUEÑOLugar para verla: Pacheco (Ruta 197 y Panamericana)ADICIONALES - MEJORAS + Protección de vidrios con Blindaje Antiasalto de AUTOSEGURO. IRON GLASS PLUSIron Glass Plus es un cristal anti asalto con múltiples certificados a nivel mundial, convirtiéndose en el vidrio más resistente del mundo antes de llegar al cristal antibala.Costo actual del IRON GLASS PLUS: US$ 1.990.+ 4 cubiertas nuevas colocadas a los 77.360 km.Yokohama 235 45 R19 99w G057Modelo superior al colocado de fabrica rango 95R (nuevas rango 99W) Costo actual x cubierta: $ 730.000 (4 cubiertas $ 2.920.000)+ Servicios realizados en concesionaria oficial Sidway. 6 servicios realizados a los 12.000, 24.000, 36.000, 48.000, 60.000 y 72.000 (ultimo).Próximo servicio oficial a los 84.000 kms.+ Cambio de batería original por batería Mouras a los 60.000 kms.Costo actual $450.000+ Tapizados de cuero en excelente estado.+ Grabado de todas las autopartes. + Tablero conductor digital+ Sistema de infoentretenimiento Uconnect de 10.1”+ Cargador de celular inalámbrico+ Apertura remota de baúl+ Sensor de punto ciego y ruta transversal en reversa+ Aire acondicionado automático de dos zonas+ Llantas de aleación de 19”+ Techo exterior bi-tono (negro)+ Entrada USB A y USB C + Techo solar panorámico. + Cámara de estacionamiento.+ Equipo de sonido BEATS ORIGINAL con sub woofer.Los kilómetros son hechos en Panamericana en recorrido Pacheco-Belgrano, no tiene viajes largos, ni uso en campo, ni fuera de ruta.Sin multas, ni deudas de patentes.TODO AL DIA",0,0,0
13868,90000.0,"Segundo dueñoService HechoComando al VolanteCierre CentralizadoButacas de CueroLlantas de AleaciónLevanta Vidrios x4Sensores de estacionamientoVelocidad cruceroALFAAUTOMOTORESConcesionario Multimarca con más de 6 años en en el mercado, contando con un stock físico de 40 vehículos seleccionados en nuestros salones.Ofrecemos una amplia gama de vehículos Suv, pick up, autos , motos, utv y lista con entrega inmediata de Unidades 0km de las principales marcas del país Vw, Peugeot, Ford , Jeep, Fiat y más.Contáctanos y te asesoramos de manera directa.- CONSIGNACIONES: NOS DEJAS TU VEHÍCULO Y NOS ENCARGAMOS DE TODO. VENTA / GESTIÓN!.- TOMAMOS PERMUTAS MAYOR Y MENOR VALOR- FINANCIAMIENTOS CON BANCOS",0,0,0
13874,86000.0,"Jeep wrangler UNLIMITED 2009 EXCELENTE UNIDADAGREGADOS:LlantasCubiertasSeparadoresAmortiguadores foxEscapeSnorkelPantalla alpineWoofer y potenciaPloteo Gris nardo claroÓpticas traseras y delanteras LEDCree led antinieblasLed en capot para travesíasMalacate Embrague nuevoBujes de parrilla y extremos nuevos Tapizados nuevosGanchoFenderVALOR CON PERMUTA 54.000 USD ———————Los autos más exclusivos los encontrás solo en MB CARS MADEROBienvenido a MB CARS, Una empresa moderna que innova sobre la modalidad de trabajo de cualquier agencia convencional, creada por Antonio Mellino y Lucas Bermudez.Contamos con atención personalizada en autos de alta gama y nacionales ofreciendo unidades 0km y usadas. Cada auto cuenta con una inpeccion integral, mecanica y estetica al momento de ingresar, asegurando el correcto funcionamiento dando 3 meses o 1000 km de garantia.Te ofrecemos la mejor financiación, con la característica de que todas las unidades salen si o si transferidas y al día. Las mismas cuentan con titulo original, Informe de dominio, verificación policial, formulario 08, grabado de autopartes, VTV y servicio de gestoria y asesoría de seguros.También puede conocer nuestro sector de ESTÉTICA INTEGRAL, donde puede acceder a servicios como:. Tratamientos de carrocería. Sistema de protección (PPF). Servicio de ploteoEntre otros servicios.Para un asesoramiento personalizado podes contactarnos a nuestros celulares o por cualquiera de nuestras redes.",0,0,0
13920,62000.0,"Bienvenido a Monoceros: Tu Puente hacia Vehículos de Dueños Directos1 - Conexión Exclusiva:En MONOCEROS, cada vehículo proviene directamente de dueños, ofreciéndote una conexión única. DIFERENCIANDONOS DE LAS AGENCIAS, te brindamos la oportunidad de comprar DIRECTAMENTE A UN PROPIETARIO, asegurando una transacción más personal. Monoceros GARANTIZA una conexión exclusiva con propietarios respaldados por nuestra plataforma de confianza.2 - Chequeo Exhaustivo:Realizamos chequeos detallados para proporcionarte información precisa sobre el estado de cada vehículo, brindándote SEGURIDAD en tu compra.3 - Vendemos Transparencia:En MONOCEROS, no solo vendemos autos, vendemos transparencia. Tu confianza es nuestra prioridad.4 - Visualización en 360º:Experimenta una VISUALIZACIÓN completa con nuestro FORMATO 360º. Examina cada detalle antes de coordinar una visita.5 - Visitas Coordinadas:Programa visitas previas fácilmente mediante coordinación telefónica o por WhatsApp, adaptándonos a tu horario.6 - Informe Mecánico Completo:Proporcionamos INFORMES MECANICOS y reportes de scanner para una evaluación completa del estado del vehículo.7 - Información Legal a tu Alcance:Accede a INFORMES DE DOMINIO Y MULTAS para tomar decisiones informadas y legales.8 - Permutas Bienvenidas:Gestionamos PERMUTAS a través de agencias aliadas de confianza con una extensa trayectoria que nos vincula. Así, tu transición a un nuevo automóvil es aún más fácil y segura. ¡Haz el cambio con nosotros de manera sin complicaciones!9 - Opciones de Financiación:Explora nuestras opciones de FINANCIACIÓN para hacer más accesible la adquisición de tu vehículo.10 - Estamos aquí para responder a tus preguntas y hacer que tu búsqueda de un nuevo vehículo sea fácil y emocionante. ¡Contáctanos hoy mismo!",0,0,0
13939,211000.0,"*LEER DESCRIPCIÓN COMPLETA.*TREN DELANTERO NUEVO.BATERIA NUEVA.4 GOMAS RECIEN PUESTAS,VTV al diaAYACUCHO AUTOMOTORES.SOMOS UNA AGENCIA CON MAS DE 30 AÑOS DE ANTIGÜEDAD.NO BUSCAMOS SOLO VENDER, BUSCAMOS CLIENTES Y QUE NOS COMPRES NUEVAMENTE! POR ESO TODAS NUESTRAS UNIDADES DISPONIBLES SE ENCUENTRAN EN OPTIMO ESTADO.SOMOS UN NEGOCIO FAMILIAR PADRE E HIJO.TODOS NUESTROS AUTOS ESTÁN EN OPTIMAS CONDICIONES Y PASAN POR UN CONTROL DE CALIDAD PREVIO PARA NUESTRA TRANQUILIDAD Y LA DEL CLIENTE.*IMPORTANTE* PODES VENIR CON TU MECÁNICO DE CONFIANZA PARA QUE REVISE EL AUTO SIN NINGÚN PROBLEMA.SEGUINOS EN INSTAGRAM Y OBSERVA TODAS LAS NOVEDADES!INSTAGRAM: AYACUCHOAUTOMOTORESSMCOMPRA/VENTA/CONSIGNACIONES.TOMAMOS TU USADO!*LOS AUTOS SE ENTREGAN SI O SI TRANSFERIDOS A NOMBRE DEL COMPRADOR.**CONTAMOS CON SERVICIO DE GESTORIA SIN CARGO.**NO SE COBRAN PORCENTAJES POR HACER LA TRANSFERENCIA, LA MISMA SE PREPARA SIN CARGO Y CORRE POR NUESTRA CUENTA, SOLO SE ABONAN LOS ARANCELES QUE DIGA EL REGISTRO SEGÚN EL AUTO.",0,0,0
13969,280000.0,"¿Estás buscando un auto grande para tu familia pero está todo carísimo?Tengo la solución perfecta para vos.Honda CR-V 2016, único dueño, y está impecable.Honda CR-V 2016280.000 km Services oficiales al día¡Todo funciona perfecto!Ideal para viajes, familias grandes o para manejar cómodo, seguro y con estilo.Una camioneta que no falla y rinde muchísimo.Zona: Florida Oeste",0,0,0
13976,96500.0,"Chevrolet Tracker LTZ+ automática, 96.000 km. Excelente estado general, muy cuidada. Todo al día: patentes y sin multas. Detalles lógicos de uso, nada para hacer. Lista para transferir y usar. Se puede coordinar visita por San Fernando. Ideal para quienes buscan confort, seguridad y estilo en una SUV urbana confiable.",0,0,0
13980,120000.0,"Se encuentra en excelente estado.Desde Multimotores te ofrecemos:-FINANCIACIÓN BANCARIA. (Solo necesitas D.N.I, y no figurar en el veraz).-COMPRAMOS TU USADO: Lo tomamos al mejor precio, resolviendo la operación de manera inmediata y sin complicaciones :)-ACEPTAMOS TU USADO COMO PARTE DE PAGO. (Tomándolo al mejor precio :) y lo podemos tazar en tu domicilio).-¿VIVÍS EN EL INTERIOR? Tazamos tu vehículo a través de video-llamada.-SERVICIO DE GESTORÍA INTEGRAL. ( Todo tipo de Trámites, resolvemos tus dudas).-ENTREGA A DOMICILIO DE TU NUEVO VEHÍCULO.-TOMAMOS EN PAGO PLAN DE AHORRO ADJUDICADO O SIN ADJUDICAR (al día o con deuda).-NUESTRO MAYOR OBJETIVO:QUE TENGAS LA MEJOR EXPERIENCIA DE COMPRA :)Necesitas una información más detallada?/ reservar una visita para ver un vehículo?Podés comunicarte con uno de nuestros asesores de ventas, o si preferís dejanos tu contacto y te llamamos!- Contamos con un equipo con gran experiencia, capacitados y dispuestos a ayudarte en todo lo que necesites-CON LA COMPRA DE TU VEHÍCULO TE BONIFICAMOS 1 MES DE SEGURO (contra terceros completo) -COBERSER. TE ESPERAMOS",0,0,0
13982,101653.0,"----------------------------------------------* { { LEER CON ATENCION } } *----------------------------------------------CONCESIONARIO HAUSWAGEN PILARCHEVROLET TRACKER PREMIER FWD PREMIER MANUAL 2018Somos Hauswagen, más de 25 años avalan nuestra trayectoria.Somos la red de concesionarias Volkswagen más importante del País.Empresa de garantía y excelenciaAsesor ComercialGaston Rodriguez1140554490--------------------------------------------------------* Expertos en ventas a todo el país. Lo hacemos fácil y sencillo. (SOLO VENÍS A RETIRAR)*Tomamos a excelente precio su usado (tomamos autos radicados provincias)*Compra segura y confiable desde cualquier parte del país.Reserva a través de Mercado Libre que protege 100% de tu dinero hasta la entrega.",0,0,0
14002,89000.0,Vehículo de concesionario oficial.Impecable estadoVtv 2025Entrega inmediata Colores blanco y negroTransferencia dominial gestionada por la empresaTomamos usados solo a titulares. Financiamos,0,0,0
14016,27000.0,Único dueño 27.000 km reales Tiene un service bonificado en concesionario oficial de Salta Capital Todos los services se hicieron en concesionario oficial Volkswagen Sin detalles,0,0,0
14028,200000.0,"Permu/vendo chevrolet tracker 1.8 2016 todo los km hechos en ruta. En excelente estado, se puede probar sin problemas 2216362207",0,0,0
14031,198000.0,"Excelente estado detalles propios del uso, tiene DVD, y pantalla TáctilSe entrega con el sistema de audio original también Service al día Cámara de retrocesoTe sentis tan cómodo cómoEn elLiving de tu casa",0,0,0
14036,83742.0,"***USADOS SELECCIONADOS HAUSWAGEN PILAR***ASESOR COMERCIAL LEANDRO RAITICOMUNICATE CONMIGO AL WHATSAPP DE LA PUCLICACION!!!MERCEDES BENZ GLA 250 4MATIC 2018 SOLAMENTE 83.742 KMSDETALLES A LA VISTAVERIFICADA EN NUESTROS TALLERESRETÍRALA EN 24 HS!COMUNÍCATE DIRECTAMENTE CONMIGO AL WHATSAPP DE LA PUBLICACIÓN!HAUSWAGEN PILAR, concesionario Oficial Volkswagen.Te ofrecemos:- Entrega inmediata- Plan de financiación especial con tarjeta de crédito MACRO, en 6/12 cuotas sin interés- Financiamos solo con DNI- Tomamos usados en parte de pago. Mejor cotización- Crédito prendarios- Ventas corporativas- Tomamos Dólares (Consultar cotización)HAUSWAGEN PILARPanamericana, colectora este ramal pilar km 51, Pilar, BS AS.Asesor comercialLEANDRO RAITI",0,0,0
14038,31500.0,"BETA AUTOMOTORESConcesionario Oficial ChevroletContamos con 30 años de experiencia en el rubro.Usados seleccionados.Nissan Kicks 1.6 Special Edition Cvt 120 Cv 2020 con 31.500 Km en impecable estado!Precio final sin transferencia $25.900.000Posee todos los Servicie al día, Vtv vigente, grabado de autopartes, verificación policial, segunda llave, manuales.Nuestra área administrativa se encarga de que la documentación este al día, completa y lista, para que puedas hacer el trámite de transferencia de manera inmediata, y sin necesitar intermediarios. Además te acompañan y asesoran en el proceso de solicitud de tramites.Formas de pago:Contado, aceptamos tú usado como parte de pago, pagamos los usados al mejor precio del Mercado!Financiación mediante créditos prendarios a Tasa 0!!!No dudes en contactarme.Saludos.Juan Pablo ValienteAsesor de VentasBeta Automotores",0,0,0
14047,55000.0,"FORD ECOSPORT 1.5 SE 2018UNICO DUEÑO / 55.000KM / IMPECABLE/////// Comprá seguro, sin problemas y de manera simple \\\\\\\Somos AltaGamaAutos, tenemos locales físicos a la calle desde el año 2008. ¡NO VENDEMOS PROBLEMAS! Podes ver nuestra reputación en google maps. Todos nuestros vehículos están inspeccionados y certificados.* Nos ocupamos de todos los tramites, contamos con gestoría propia* Aceptamos permutasEstamos en Mar del Plata, sobre avenida colon a 15 cuadras de av. Champagnat para el lado de la costa.* El precio es el publicado",0,0,0
14066,160000.0,"Ford EcoSport 1.6 XL Plus 2011 – Impecable EstadoSe vende Ford EcoSport 1.6 XL Plus modelo 2011, con 160.000 km reales. El vehículo se encuentra en excelente estado general, tanto mecánico como estético. Siempre tuvo un cuidado muy especial, manteniéndose con mantenimiento al día y durmiendo siempre en garage cerrado.Características destacadas:	•	Pintura original	•	Nunca fue chocada	•	Papeles al día, lista para transferir	•	Neumáticos nuevos, recién cambiados	•	Interior muy bien conservado	•	Funcionamiento impecable, sin detalles mecánicosEs una gran oportunidad para quien busca una camioneta confiable, cuidada y con historial limpio. Ideal para uso diario o viajes.¡No dudes en consultar para venir a verla!",0,0,0
14072,31500.0,"BETA AUTOMOTORESConcesionario Oficial ChevroletLíder en ventas y calidad de atención, la opinión de nuestros clientes y 27 años en la marca, nos avala. ***Solo vendemos usados seleccionados***¡SUPER OPORTUNIDAD POR PRECIO Y ESTADO!**NOVEDADES DE ABRIL***¡¡¡NUEVA FINANCIACION EXCLUSIVA PARA USADOS, CON UNA TASA FIJA DEL 29% ANUAL!!!SI, FIJA Y DESDE EL 29% ANUAL (LE GANAS AMPLIAMENTE A LA INFLACIÓN). Y EXCLUSIVA, PORQUE SOLO NOSOTROS TE LA PODEMOS OFRECER, YA QUE ES DE CHEVROLET GPAT PARA LOS VEHICULOS USADOS DE TODAS LAS MARCAS QUE OFRECEMOS.¡SOLO POR CUPOS LIMITADOS, CONSULTA AHORA!EL VEHICULO-Se encuentra en inmejorable estado ya que está muy cuidado, y posee todos los service al día. Cada vehículo que entra y sale a la venta en nuestro concesionario, pasa por un exhaustivo chequeo realizado por nuestros técnicos, luego se selecciona y se exhibe.-Posee vtv al día, grabado de autopartes, informes de dominio y de infracciones, verificación policial, manuales, 2da llave, etc.LA DOCUMENTACIONNuestra área administrativa se encarga de que la documentación este al día, completa y lista, para que puedas hacer el trámite de transferencia de manera inmediata, y sin necesitar intermediarios. Además te acompañan y asesoran en el proceso de solicitud de tramites.FORMAS DE PAGO-Permutamos por tu vehículo usado. ¡Cotiza en línea, ahora!-Recibimos dólares y los pagamos al mejor precio de mercado, para una compra mas segura, sin que tengas que buscar lugar, y cambiarlos vos.-CREDITOS CHEVROLET GPAT (para usados multimarca)Financiamos a tasa 0% ajustable, y fija solo con DNI, sin comprobar ingresos. Aprobación inmediata. ¡Consúltanos en línea ahora, con tu DNI!",0,0,0
14082,127000.0,"Volkswagen Tiguan Allspace 2.0 TSI Comfortline DSG 4Motion – 7 Asientos – Año 2019Impecable. Único dueño. Uso exclusivo en ruta.Se vende esta SUV de alta gama en estado excepcional, con mantenimiento oficial al día y un andar suave, y sin ruidos.Ideal para quienes buscan espacio, seguridad y tecnología, en un vehículo confiable y versátil.Características principales: • Motor 2.0 TSI turbo de 212 CV – Potente, eficiente y de gran respuesta. • Caja automática DSG de 7 marchas – Conducción ágil y suave. • Tracción integral 4Motion – Seguridad total en ciudad, ruta o caminos exigentes. • Versión Allspace con 7 asientos reales – Perfecta para familias o viajes largos.Diferenciales: • Único dueño • Todos los services al día. • Andar impecable, sin detalles ni ruidos • Uso exclusivamente en ruta – nunca off-road. • Lista para transferir – papeles al día.Equipamiento destacado: • Climatizador automático tri-zona • Cámara de retroceso + sensores de estacionamiento.Sistema de estacionamiento Automático. • Pantalla táctil con App-Connect (Apple CarPlay & Android Auto) • Control de crucero • Faros LED + luces antiniebla • Modos de manejo (Normal, Eco, Sport, Nieve, Off-Road) • Llantas de aleación – neumáticos en excelente estadoDatos adicionales: • Kilometraje: [127.000] • Ubicación: [Córdoba] • Precio: [USD 35.500] • Contacto: [3513043479]Una SUV premium, cuidada con esmero. Lista para subirse y salir a la ruta.",0,0,0
14087,14400.0,"Vehiculo disponible al 24 de Mayo 2025. Tiene 12300 Km: Bronco Sport Wiltrack año 2024, solo 8 meses de uso. Color gris cactus. En garantía total de fábrica hasta 2027. Tiene 12300 KmUso 100% personal y exclusivo del Directivo de la empresa automotriz propietaria de la unidad.Desde la asignación para su uso al funcionario en Agosto 2024 este Bronco Sport fue asignado exclusivamente para uso personal del funcionario.Se puede ver y probar coordinando previamente día y hora a convenir.Nunca uso para eventos de marketing ni prestamos a la Prensa Especializada para test drives. Nota ante la consultas frecuentes: los vehículos con ese tipo de uso la empresa propietaria los dispone vía otros canales de venta ( subastas ).Todo el proceso de compra de este vehículo, desde la emisión de la factura, pago y retiro de la unidad, se concreta directamente con la empresa automotriz propietaria sin intervención de concesionarios ni agencias.El trámite de la transferencia se realiza 100% en las oficinas de la empresa con Escribano y Gestor provistos por la compañía en General Pacheco. No se concurre a Registro Automotor. El mismo día que se firma la documentación ya se retira el vehículo de la Planta. Respaldo total :Garantía de fábrica por 3 años similar a cualquier vehículo comercializado en el país.Origen registral del vehículo.Estado de dominio.El pago se realiza una vez que el comprador recibe la Factura la cual el comprador la recibe directamente vía portal web de ARCA.Se emiten únicamente facturas tipo B (consumidor final ) o tipo A exclusivamente para personas físicas ( Responsables Inscriptos / Unipersonales), esto es por disposición comercial de la compañía propietaria del vehículo.El pago de la Factura se puede realizar vía transferencia bancaria o en efectivo en cualquier sucursal del país de alguno de los dos Bancos con los que opera la compañía propietaria de la unidad.Para más amplio asesoramiento en preventa incluyendo precisiones sobre condiciones de facturación, entidades bancarias para realizar los pagos, timing y cualquier otro detalle o característica técnica del vehículo por favor contactar al ce l u publicado.Quedo atentoJulián",0,0,0
14088,90000.0,Inmejorables condiciones!!Sin Detalles.Cubiertas Nuevas.Aceptamos Permutas.Amplia financiación mediante banco.,0,0,0
14092,13487.0,"Cambiá tu auto o comprá uno semi nuevo en Kavak, compañía N°1 en venta online de autos usados en Latinoamérica. Contamos con distintos planes de financiamiento para adaptarse a tus necesidades, también podés dejar tu auto como parte de pago. Solo vendemos autos 2010 en adelante, con menos de 100.000 km, que nunca tuvieron daños estructurales ni GNC.------------------------------------------------------------->> Chevrolet Tracker 1.2 TURBO LTZ AT << 404120*BENEFICIOS KAVAK:Al comprar tu Auto Kavak contás con un PERÍODO DE PRUEBA DE 7 DÍAS o 300 KM. Si no te encantó, te devolvemos el 100% de tu dinero (incluida la transferencia)*INSPECCIÓN Y COBERTURA MECÁNICA: En Kavak, la calidad es lo más importante. Nuestros autos son mucho más que autos usados, son autos semi-nuevos reacondicionados que están revisados en 240 puntos por nuestro equipo de expertos, tienen todos los servicios al día, kilometraje real y cobertura mecánica Kavak de 3 meses con posibilidad de extensión a 1 año.*CONTRATÁ KAVAK TOTAL: Con Kavak Total tenés 9 meses adicionales de cobertura con tope según marca/modelo del auto en arreglos, en motor, transmisión, tracción delantera y trasera, batería, embrague y correa o cadena de distribución. Cuidar tu auto puede ser tan fácil como manejarlo.PRÓXIMOS PASOS:Consúltanos para agendar una visita y/o reservar tu auto de interés.*MÉTODOS DE PAGO:- FINANCIAMOS TU COMPRA: Podés acceder al auto de tus sueños con nuestro plan de financiamiento hecho a tu medida. Financialo en hasta 60 cuotas fijas.- DEJÁ TU AUTO COMO PARTE DE PAGO: Cambiá tu auto por uno Kavak.- AL CONTADO: Pagá vía transferencia bancaria o deposito. Podés pagar en pesos o en dólares.Para mayor información visitá nuestro sitio.*Ver términos y condiciones en Compra y Venta de Autos Usados en Argentina con Garantia",0,0,0
14121,15000.0,"TOYOTA COROLLA CROSS 2.0N SE-G CVT 2023 CON TAN SOLO 15.000 KMIMPECABLE SIN DETALLESDOCUMENTACIÓN AL DÍA, LISTO PARA TRANSFERIRTE FINANCIAMOS HASTA EL 50% DEL VALOR DEL VEHÍCULO HASTA EN 48 CUOTAS FIJAS Y EN PESOSTOMAMOS PERMUTAS, VEHÍCULOS DE NUESTRO INTERÉS (motos, autos, camionetas)QR CARS CONCESIONARIO MULTIMARCA, COMPRAMOS TU USADO, TOMAMOS PERMUTA, TENEMOS FINANCIACIÓN EN CUOTAS FIJAS Y EN PESOSTE DAMOS LA POSIBILIDAD DE DEJAR TU AUTO EN CONSIGNACIÓN Y SACARLE A TU VEHÍCULO EL MEJOR PRECIONO DUDES EN DEJAR TU PREGUNTA Y SACARTE CUALQUIER DUDA QUE TENGASDAMOS GARANTÍA A TODOS NUESTROS VEHÍCULOS.QR CARS.",0,0,0
14127,97000.0,"Excelente estado Tomamos permutas<< Somos una empresa familiar la cual tiene como principal objetivo brindar una experiencia de compra y venta distinguida. Todo nuestro equipo trabaja para que cada cliente tenga la mayor comodidad y tranquilidad posible durante todo el proceso comprando unidades de primera. >> << Al momento de tener un nuevo ingreso, nos ocupamos de llevar a cabo las revisiones que sean correspondientes y de que nuestro sector de gestoría se encargue de preparar la documentación para que la transferencia sea inmediata. Para la tranquilidad del cliente, se pude escanear y revisar ante cualquier especialista nuestras unidades. >><< Si bien damos la opción de presentar el tramite de traspaso de dominio de manera particular con el fin de evitarse gastos extra, nuestro equipo de gestores y grupo asegurador, se encuentran a entera disposición para lograr una compra rápida y totalmente prolija. >><< Los invitamos a leer nuestras reviews en Google y los esperamos en nuestro salon de ventas ubicado en La Lucila sobre Av Libertador ! >>  Grupo Scotti —> Sucursal Gt Automotores",0,0,0
14138,154298.0,"Cambiá tu auto o comprá uno semi nuevo en Kavak, compañía N°1 en venta online de autos usados en Latinoamérica. Contamos con distintos planes de financiamiento para adaptarse a tus necesidades, también podés dejar tu auto como parte de pago. Solo vendemos autos 2010 en adelante, con menos de 100.000 km, que nunca tuvieron daños estructurales ni GNC.------------------------------------------------------------->> Ford EcoSport 1.6 XL PLUS << 407775*BENEFICIOS KAVAK:Al comprar tu Auto Kavak contás con un PERÍODO DE PRUEBA DE 7 DÍAS o 300 KM. Si no te encantó, te devolvemos el 100% de tu dinero (incluida la transferencia)*INSPECCIÓN Y COBERTURA MECÁNICA: En Kavak, la calidad es lo más importante. Nuestros autos son mucho más que autos usados, son autos semi-nuevos reacondicionados que están revisados en 240 puntos por nuestro equipo de expertos, tienen todos los servicios al día, kilometraje real y cobertura mecánica Kavak de 3 meses con posibilidad de extensión a 1 año.*CONTRATÁ KAVAK TOTAL: Con Kavak Total tenés 9 meses adicionales de cobertura con tope según marca/modelo del auto en arreglos, en motor, transmisión, tracción delantera y trasera, batería, embrague y correa o cadena de distribución. Cuidar tu auto puede ser tan fácil como manejarlo.PRÓXIMOS PASOS:Consúltanos para agendar una visita y/o reservar tu auto de interés.*MÉTODOS DE PAGO:- FINANCIAMOS TU COMPRA: Podés acceder al auto de tus sueños con nuestro plan de financiamiento hecho a tu medida. Financialo en hasta 60 cuotas fijas.- DEJÁ TU AUTO COMO PARTE DE PAGO: Cambiá tu auto por uno Kavak.- AL CONTADO: Pagá vía transferencia bancaria o deposito. Podés pagar en pesos o en dólares.Para mayor información visitá nuestro sitio.*Ver términos y condiciones en Compra y Venta de Autos Usados en Argentina con Garantia",0,0,0
14160,38500.0,"¿Estás listo para darle un giro a tu conducción? Descubrí la excelencia de los vehículos de Autoctiy Usados. Ofrecemos una amplia gama de opciones de financiamiento diseñadas para adaptarse a tus necesidades individuales, además de la posibilidad de usar tu auto actual como parte de pago.Solo ofrecemos vehículos del 2010 en adelante, con menos de 130,000 kms recorridos y sin historial de daños estructurales.*BENEFICIOS CON AUTOCTIY USADOS:INSPECCIÓN Y GARANTÍA MECÁNICA (ISO9001): En Autoctiy Usados, la calidad es nuestra prioridad. Nuestros vehículos pasan por una exhaustiva inspección de 240 puntos realizada por nuestro equipo de expertos. Además, cuentan con kilometraje verificado y una garantía mecánica de 3 meses.*PRÓXIMOS PASOS:Contáctanos para programar una visita o reservar el vehículo de tu interés.MÉTODOS DE PAGO:    • FINANCIACIÓN A MEDIDA: Accede al auto de tus sueños con nuestro plan de financiamiento personalizado, con opciones de hasta 60 cuotas fijas.    • DEJA TU AUTO COMO PARTE DE PAGO: Cambia tu vehículo actual por uno de Autoctiy Usados.    • PAGO AL CONTADO: Realiza tu pago mediante transferencia bancaria o depósito, en pesos o dólares.¡Viví tu experiencia Autocity!",0,0,0
14180,50000.0,"Si Citroën C5 Aircross Feel Pack 1.6 THP 2021 - 52.000 kmSe ofrece esta excelente Citroën C5 Aircross Feel Pack, año 2021, con 52.000 kilómetros.Equipada con motor 1.6 turbo THP de 165 CV y caja automática de 6 velocidades, que combina potencia, suavidad y eficiencia.Principales características: • Versión Feel Pack (nivel superior de equipamiento) • Motor 1.6 THP turbo (165 CV) • Caja automática de 6 marchas • Climatizador automático bi-zona • Tapizado en tela premium • Sistema multimedia con pantalla táctil de 8” compatible con Android Auto y Apple CarPlay • Cámara de retroceso y sensores de estacionamiento delanteros y traseros • Llantas de aleación de 18” • Control de velocidad crucero y limitador • Sistema de frenado de emergencia (AFU) • Asistente de arranque en pendiente • Asientos traseros independientes, deslizables y reclinables • Seis airbags (frontales, laterales y de cortina) • Faros LED delanteros y luces diurnas LED • Control de estabilidad (ESP) y control de tracción (ASR)Detalles adicionales: • Mantenimiento de servicios al día (historial disponible) • Estado general impecable, muy bien cuidado • Cubiertas en muy buen estado • Sin accidentes, detalles mínimos de uso • Manuales y doble llave disponiblesUn SUV amplio, moderno, seguro y confortable, ideal para la ciudad y la ruta. ¡Listo para transferir y disfrutar!",0,0,0
14198,120000.0,"Range Rover Evoque Hse Dynamic Land RoverÚnico dueñoMáximo equipoTodos los opcionalesButacas eléctricas con memoriaCalienta asientosTecho panorámicoPortón eléctricoAudio MeridianServicios oficiales desde 0km en Ditecar hasta la actualidadCubiertas michelin colocadas en el último serviceSin detalles, nada para hacerle, lista para disfrutarOportunidad Contado!Servicio Post Venta / MantenimientoMas de 30 años en el mercado nos avalan. Traenos tu vehículo nosotros nos encargamos del resto.Valor contado efectivo u$u43.900Valor de lista (permuta) u$u45.000PermutoFinancioTomo Usdt",0,0,0
14203,115000.0,"Peugeot 2008 1.6 Thp Sport Tip- Motor 1.6 THP turbo de 165 CV- Caja automática Tiptronic de 6 velocidades- Techo panorámico de vidrio- Llantas de aleación de 17""- Sistema multimedia con pantalla táctil y conectividad- Control de estabilidad (ESP) y asistencia al arranque en pendiente- Climatizador automático bi-zona- Tapizado mixto cuero/tela y detalles interiores deportivos- Sensores de estacionamiento traseros y cámara de retrocesoVehículo mantenido en tiempo y forma. Evalúo permuta de mi interés.Consultar por financiamiento.",0,0,0
14207,41000.0,"NISSAN KICKS EXCLUSIVE CVT 2023EXCELENTE ESTADOVALOR CON PERMUTA 30.000 USD———————Los autos más exclusivos los encontrás solo en MB CARS MADEROBienvenido a MB CARS, Una empresa moderna que innova sobre la modalidad de trabajo de cualquier agencia convencional, creada por Antonio Mellino y Lucas Bermudez.Contamos con atención personalizada en autos de alta gama y nacionales ofreciendo unidades 0km y usadas. Cada auto cuenta con una inpeccion integral, mecanica y estetica al momento de ingresar, asegurando el correcto funcionamiento dando 3 meses o 1000 km de garantia.Te ofrecemos la mejor financiación, con la característica de que todas las unidades salen si o si transferidas y al día. Las mismas cuentan con titulo original, Informe de dominio, verificación policial, formulario 08, grabado de autopartes, VTV y servicio de gestoria y asesoría de seguros.También puede conocer nuestro sector de ESTÉTICA INTEGRAL, donde puede acceder a servicios como:. Tratamientos de carrocería. Sistema de protección (PPF). Servicio de ploteoEntre otros servicios.Para un asesoramiento personalizado podes contactarnos a nuestros celulares o por cualquiera de nuestras redes.",0,0,0
14208,165000.0,"SEGUNDO DUEÑO. 50% de kilómetros hechos en ruta.Cierre centralizado. Vidrios eléctricos en las 4 ventanillas. Aire acondicionando funcionando adecuadamente. En el estado en que se ve y exhibe (detalles en chapa, mecánica ok). Vehículo con 165 mil kms.No me interesa 0km. SOLO permutas por menor valor y de mi interés. NO permuto por motos.",0,0,0
14224,19500.0,IMPECABLE ESTADO - SIN DETALLES- Comprada en Diciembre 2023. - En garantía- Con próximos 2 service bonificados en concesionario oficial- Polarizado anti vandálico 3M (SH7 + FX) 200 micronesNO PERMUTO,0,0,0
14232,45000.0,T-cross 2022 Confortline automática T200TOPE DE EQUIPAMIENTO!!;CAMARA DE RETROCESOBUTACAS D CUEROEXCELENTE ESTADO SIN DETALLES!! TITULAR AL DIA!,0,0,0
14241,58900.0,"Posee polarizado y antivandalico 3M . Tiene los 4 neumaticos nuevos aproximadamente poco más de 600 km marca continental modelo ULTRA CONTACT importadas no hay en el país fabricadas en el 2024 semanas 33 y 16 .A parte del equipamiento propio del shine también tiene alarma volumetrica en su interior. Sensores de estacionamiento en paragolpes delantero y traseros .posee chapon en parte baja del motor .posee grabado de llantas con el número de chapa patente. Tiene tratamientos de vidrio líquido hace ya unos 6 meses .Posee señal luminosa en puerta para señal de puerta abierta visible desde atras en las 4 puertas .tiene como muy importante en faros delanteros lupas para una iluminación de 300 % más que las originales. También cambié las luces busca huellas originales por busca huellas de led de muy buena calidad e iluminación . Todos los servicios de mantenimiento programado fueron hechos en concesionaria Citroën .Un detalle más serian las mordazas de freno se encuentran pintadas de color rojo bordó .También tiene una batería nueva marca MOURAS , Es una de las mejores. EL VEHÍCULO SE ENCUENTRA EN PERFECTAS CONDICIONES DE ESTADO Y USO .NUNCA ESCATIME EN PRECIO Y SOLO TIENE COSAS DE CALIDAD DADO QUE SOLANTE SABER QUE LOS NEUMATICOS QUE PUSE VALEN MAS DE UN MILLON Y MEDIO DE PESOS Y EL POLARIZADO Y ANTIVANDALICOS 3 M VALEN OTRO MILLON DE PESOS Y LAS LUCES DE LED CON LUPA VALEN OTRO MILLON DE PESOS NO PUEDO BAJAR EL PRECIO POR EL CUAL LO PUSE. VALE LA PENA , AUNQUE NO LO PUDIERAN COMPRAR ES VERLO PORQUÉ ESTA IMPECABLE.No hago permutas . GRACIAS",0,0,0
14250,17000.0,Vendo Jeep Compass año 2024 4x2 automática Motor 4 cilindros tubo 270 Único dueño Garantía de fábrica Impecable estado Acepto permutas de mi interés Sin detalles !!,0,0,0
14252,94000.0,"Excelente CamionetaTracker LTZ Premier Caja Manual94000 kms, sin detallesFull Full para usarla tranquilos Se va con la VTV hecha en Feb 2025Permutamos Financiamos en $$$$Martín Flessa Automóviles Maipu 1078 Banfield Cel 1553088833Los esperamos …",0,0,0
14255,22000.0,"Citroën C4 Cactus Shine cuenta con diversos sistemas de ayuda a la conducción, entre ellos: Control de Estabilidad (ESP): Ayuda a mantener la estabilidad del vehículo en diferentes terrenos Grip Control: Permite adaptar la conducción a diferentes terrenos, como barro, arena o nieve Alerta de cambio de carril: Advierte al conductor si cambia de carril sin activar la luz indicadora Alerta de desatención: Analiza la trayectoria del vehículo para detectar si el conductor está atento Coffee Break Alert: Recomienda al conductor tomar un descanso si ha conducido más de dos horas a velocidades superiores a 70 km/h Active Safety Brake: Frena automáticamente el vehículo para evitar una colisión con peatones u otros vehículos Pack Drive Assist: Monitorea el entorno del vehículo a través de una cámara Sistema de retención infantil Isofix: Protege a los niños de hasta 12 años en sus sillas suplementarias Citroën C4 Cactus Shine cuenta con diversos sistemas de ayuda a la conducción, entre ellos: Control de Estabilidad (ESP): Ayuda a mantener la estabilidad del vehículo en diferentes terrenos Grip Control: Permite adaptar la conducción a diferentes terrenos, como barro, arena o nieve Alerta de cambio de carril: Advierte al conductor si cambia de carril sin activar la luz indicadora Alerta de desatención: Analiza la trayectoria del vehículo para detectar si el conductor está atento Coffee Break Alert: Recomienda al conductor tomar un descanso si ha conducido más de dos horas a velocidades superiores a 70 km/h Active Safety Brake: Frena automáticamente el vehículo para evitar una colisión con peatones u otros vehículos Pack Drive Assist: Monitorea el entorno del vehículo a través de una cámara Sistema de retención infantil Isofix: Protege a los niños de hasta 12 años en sus sillas suplementarias ",0,0,0
14281,62000.0,Impecable estado sin detalles estéticos Tomamos menor o mayor valor Financiamos hasta el 40% del valor 4x4 at,0,0,0
14283,194000.0,"Se vende Tiguan 2011 Dsg 194mil kms Amortiguadores x4 Tren delantero (rótulas parrillas bujes barra)Discos x4 Cadena patines tensor Bobinas bujías Service de caja y haldex  Todo se cambió hace 35mil kms Cubiertas 3mil kms Agregado stereo Amarok v6 CarPlay Funciona todo, pintura de fábrica Detalles de pintura en el capot y un toque chiquito en el portón trasero Se le cambió la tela del techo Nada para hacerle . Soy segunda mano Al día",1,0,0
14287,130000.0,Unica en su estado. Listo para transferir. Impecable no hay que hacer nada de nada. Ni cambio de aceite. Unico dueño. No debe nada. El año pasado se le cambiaron cubiertas cambio de aceite frenos bateria etc.. Tiene todo impecable para subirte y viajar. Precio publicado,0,0,0
14292,118000.0,"Service en tiempo y formaMuy bien cuidada, digna de ver Se puede escanear o revisar con un mecánico sin problema.",0,0,0
14297,91000.0,"Somos Berlina Motors. Comercializamos vehículos usados seleccionados, verificados por nuestro equipo de profesionales con mas de 15 años de experiencia en el rubro.Financiación Bancaria por intermedio del Banco Santander, solo tenes que presentar tu dni.Tomamos permuta en perfectas condiciones y funcionamiento ,por lo que si su vehículo es de nuestro interés lo pagamos mas que cualquier agencia o Concesionario.Ofrecemos nuestro equipo de administración y gestoría para que la experiencia de compra sea la que te mereces y siempre buscaste.Contamos con servicio de Broker de seguros ofreciéndote compañías lideres del mercado.Si tu decisión es cambiar tu vehículo en Berlina lo hacemos realidad.Visita nuestro Salón de exhibición en Avenida 12 de Octubre 2079 Quilmes Oeste.Horarios:Lunes a Viernes de 9.30 a 18.30 hs.Sábados de 9.30 a 13 hs.",0,0,0
14311,86000.0,"Se trata de la versión BMW X1 motor 2.0 SDRIVE 4 x4 con 231 cv , en excelente estado sin detalles y con todos sus servicios oficiales realizados en Agencia oficial. Documentación al día , listo para transferir . Precio publicado contado . Precio permuta Usd 39,000",0,0,0
14333,112629.0,"SACUR AUTOS te ofrece una amplia variedad de Vehículos, generando seguridad y confianza en la operación, con atención personalizada y profesional.Somos una empresa que cuenta con el aval de pertenecer a la Cámara de Comercio del Automotor de Córdoba.Nuestra calificación de 4.8 estrellas avalan la calidad de nuestros vehículos, atención y eficacia.ENCONTRA TU MEJOR OPCION PARA ADQUIRIR LA FINANCIACION ADECUADA PARA VOS!COTIZA ONLINE EN ESTE MOMENTO CON NUESTROS REPRESENTANTES.¡VISUALIZA EL VIDEO DEL VEHICULO PARA VERLO EN DETALLE!",0,0,0
14355,77000.0,"MARCA CITROEEN MODELO C4 CACTUS VERSION FEEL MANUAL AÑO 2021KMTS 77.000CONSULTA AQUÍ POR CRÉDITOS BANCOR CRÉDITOS SANTANDER Y FINANCIACIÓN PROPIA DE LA CASA A MEDIDA DEL CLIENTEMEGA CARS AUTOMOTORESENTREGA INMEDIATA… EN EL DIA!!!Si el vehículo le interesó no dude en escribirnos o llamarnos para coordinar una cita y que usted pueda no solo venir a ver y revisar la unidad sino también realizar un test drive con el mismo. TODOS NUESTROS VEHÍCULOS ESTAN A SU ENTERA DISPOSICIÓN PARA QUE LOS PRUEBE, HAGA REVISAR CON SU MECANICO DE CONFIANZA O LO QUE A USTED LE PAREZCA NECESARIO PARA SU TRANQUILIDAD. Recibimos su usado en excelente precio, Financiación a medida - Distintas formas de pago.-  ————————————————————————————— Somos una agencia ícono en Córdoba capital, ubicados en el corazón del parque de venta automotriz Contamos con gran variedad de vehículos usados y cero km con entrega inmediata brindando al cliente todo lo que necesita para su tranquilidad y una operación segura y sencilla.Muchísimas gracias por elegirnos!FRANCO VACCARI",0,0,0
14370,100000.0,Cambio de distribucion aceite y filtros.Cubiertas como nuevas.Impecable.Uso particular.Solo los detalles que se ve en la foto.,1,0,0
14373,150000.0,"Peugeot 2008 1.6 AllureMotor 1.6Transmision manual.Volante multifuncion.Alzacristales y retrovisores electricos.Veni a conocerlo y manejarlo!Todos nuestros autos pasan por una inspección al máximo detalle. Dándote la tranquilidad que necesitas.Con California Cars» Comprá o vendé tu auto de manera fácil, rápida y de forma segura.» Autos libres de multas, sin riesgo de fraude» Opciones de financiación con la mejor tasa en CUOTAS FIJAS EN PESOS de los bancos más importantes de Argentina.» Veni a probarlo en nuestro exclusivo circuito privado.¡Hacé click en Preguntar o Whatsapp para tener asesoramiento detallado!Horarios de atención:Lunes a Sábados de 09hs a 18hs.Domingos cerrado.Parque industrial Polo HudsonAutopista Buenos Aires - La Plata, Km 30",0,0,0
14380,26000.0,ÚNICA DUEÑA!!!!26.000 kmDetalles en pintura. Puertas traseras y óptica trasera izquierda Ver fotosEscucho Oferta,1,0,0
14406,63000.0,"VENDO O PERMUTO AUDI Q2 30TFSI STRONIC AÑO 2020 ÚNICA MANO CON SOLO 63.000 KM DE USO ,MANTENIDA SIEMPRE EN CONCESIONARIO OFICIAL.UNICO DUEÑO, ESTA MUY CUIDADA TAL CUAL SE VE EN LAS FOTOS , FUNCIONANDO A LA PERFECCIÓN SIN NADA PARA HACERLE, POSEE TODA LA PINTURA ORIGINAL DE FÁBRICA Y MECÁNICAMENTE ESTÁ 10 PUNTOS , ADEMÁS TIENE 4CUBIERTAS MICHELIN CON 10.000 KM DE USO LE HICE UN TRATAMIENTO CERÁMICO PARA PROTEGER LA PINTURA Y DARLE BRILLO , NO POSEE DETALLES TANTO EN SU INTERIOR COMO EN SU EXTERIOR ESTA COMPLETAMENTE AL DÍA Y LISTA PARA TRANSFERIR . ACLARACION IMPORTANTE;SOLO PERMUTO POR AUTO O CAMIONETA CONPOCOS KM Y EN IGUALES CONDICIONES",0,0,0
14437,58700.0,"BMW X1 20i (Año 2018) - 58.700 km - Caja Automática - Services Oficiales - Listo para Transferir.Puerto Madero Automóviles presenta este impecable BMW X1 20i del año 2018 con solo 58.700 kilómetros. Segundo dueño, con transmisión automática y un historial completo de services oficiales. Documentación al día y listo para transferir.Destacamos su excelente estado y el cuidado que ha recibido. Ideal para quienes buscan un SUV premium con la calidad y el prestigio de BMW.En Puerto Madero Automóviles, tomamos permutas de nuestro interés.No pierdas la oportunidad de conocer este BMW X1 20i. Contáctanos para más detalles y coordinar una visita.Contamos con gestoría propia para que sea una experiencia de compra inmejorable que te vayas feliz y nos recomiendes.Contamos con mas De 25 Autos en Stock. Estamos de Lunes a viernes de 10 a 18hs Y los sábados de 10 a 14hs",0,0,0
14452,42700.0,"VENDO JEEP RENEGADE 1.8L SPORT 2021. 2DO DUEÑO. VTV AL DÍA. CUBIERTAS EN EXCELENTE ESTADO. SERVICES CONSTANTES Y PARTICULARES. LISTO PARA TRANSFERIR Y DISFRUTAR!ACEPTAMOS PESOS, DÓLARES, EUROS, REALES Y CRIPTOMONEDAS A COTIZACIÓN JUSTA REAL DE MERCADO. ACEPTAMOS PERMUTAS DE MAYOR O MENOR VALOR Y TAMBIÉN FINANCIAMOS EN DÓLARES, Y EN PESOS MEDIANTE LOS PRINCIPALES BANCOS DEL PAIS.EL AUTOMÓVIL CUENTA CON DUPLICADO DE LLAVE, MANUALES, CRIQUE, LLAVE DE RUEDA, BALIZAS, MATAFUEGOS Y AUXILIO ORIGINAL, TAL COMO SALIÓ DE FÁBRICA EN 2021.—————ACERCA DE LA COMPRA Y LA TRANSFERENCIA DEL VEHÍCULO———EL COSTO DE LA TRANSFERENCIA DE TITULARIDAD DE ESTE VEHÍCULO ES DE $1.536.717. ESTE IMPORTE INCLUYE FIRMAS Y LEGALIZACIÓN EN ESCRIBANÍA, Y CUALQUIER OTRO TRÁMITE REGISTRAL QUE SEA NECESARIO. EL IMPORTE MENCIONADO ES FINAL Y NO HAY NINGÚN OTRO GASTO NI COSTO OCULTO.EL PROCEDIMIENTO DE COMPRA ES EL SIGUIENTE:1) USTED COORDINA UNA CITA Y SE ACERCA A VER Y PROBAR EL AUTOMÓVIL, Y SI LE GUSTA, PUEDE RESERVARLO EN EL MOMENTO CON $400.000.2) LUEGO, USTED TENDRÁ 7 DÍAS CORRIDOS PARA ACERCARSE A ABONAR EL VALOR DEL VEHÍCULO Y EL COSTO DE LA TRANSFERENCIA Y FIRMAR EN ESCRIBANÍA LA DOCUMENTACIÓN NECESARIA. ESE MISMO DÍA YA PODRÁ RETIRAR EN EL ACTO LA UNIDAD. NUESTRO PRODUCTOR LE PUEDE GENERAR UN SEGURO DEL AUTOMÓVIL, O BIEN PUEDE TRAER EL SUYO.3) AL CABO DE 7 DÍAS, NUESTRO EQUIPO DE GESTORES SE CONTACTARÁ CON USTED PARA HACERLE LLEGAR LA DOCUMENTACIÓN PERTINENTE.——ACERCA DE PUGLIA AUTO CONCESIONARIA OFICIAL MULTIMARCA——LA CONCESIONARIA FUE FUNDADA EN 1973 Y HA FUNCIONADO SIN INTERRUPCIÓN DESDE ESE ENTONCES POR CASI 5 DÉCADAS. LOS CIMIENTOS FUNDAMENTALES FUERON SIEMPRE LOS MISMOS:1) SOLO VEHÍCULOS DE CALIDAD VERIFICADOS, HASTA 10 AÑOS DE ANTIGÜEDAD E IDEALMENTE CON MENOS DE 100.000 KM. HACEMOS EXCEPCIONES, SOLO SI VALE LA PENA EL VEHÍCULO. NO COMPRAMOS NI VENDEMOS PROBLEMAS.2) TRANSPARENCIA Y VELOCIDAD EN EL TRÁMITE DE TRANSFERENCIA. SABEMOS LO IMPORTANTE QUE ES TENER LOS PAPELES EN REGLA, Y NOS OCUPAMOS DE QUE ASÍ SEA.SI USTED COMPRA CON NOSOTROS, POR FAVOR NO SE SORPRENDA SI RECIBE VARIAS ENCUESTAS TELEFÓNICAS DE NUESTRO EQUIPO DE AUDITORES A LO LARGO DEL PROCESO DE COMPRA. BUSCAMOS ASEGURARNOS LA MISMA EXPERIENCIA PARA CADA CLIENTE Y SOBRE TODO, QUE USTED QUEDE SATISFECHO Y VUELVA.LA CONCESIONARIA SE ENCUENTRA EN ALMAGRO (CAPITAL FEDERAL). (POR FAVOR, PEDIR LA DIRECCION EXACTA, POR POLITICA DE MERCADOLIBRE NO PODEMOS ANUNCIARLA AQUI).LOS ESPERAMOS!",0,0,0
14472,81000.0,"""VEHICULO DISPONIBLE EN SUCURSAL NORCENTER COORDINAR CITA PREVIANISSAN KICKS ADVANCE CVTAño 2020Km 81000•Vtv vigente•Grabado de autopartes•Cubiertas en excelente estado•Pantalla tactil•Comando al volante•Control crucero•Llave presencial•Boton de arranque•Sensores de estacionamiento•Levanta vidrios electricos•Espejos electricosEXPERIENCIA MERAK- Podes abonar el vehículo mediante transferencia bancaria, efectivo, USS. -- Para tu tranquilidad, podes venir con tu mecánico de confianza a ver el auto, escanearlo y que puedas salir a probarlo.- No aumentamos el valor del vehículo en permuta, manejamos precios reales tanto para nosotros como para el cliente.- En el mismo momento que abonas, retiras el vehículo y nuestra gestoría se encarga de tomar la firma en el 08 para poder realizar todos los tramites.- Todos nuestros vehículos se entregan con permiso de circulación o cedula vigente para la tranquilidad del cliente. Es primordial para nosotros que el auto se vaya transferido en el menor tiempo posible. A diferencia de otros concesionarios, esto lo podemos llevar a cabo gracias a que contamos con gestoría propia, con mandatarios matriculados cubriendo todas las zonas.¿TOMAMOS VEHICULOS EN PARTE DE PAGO?- -Si tomamos, y es nuestra prioridad que quieras dejarlo en nuestras manos.- Podes enviarnos fotos, detalles, kilómetros y nuestro equipo de ventas se encarga de cotizarlo en el momento.- Te damos la posibilidad de encargarnos y gestionar toda la documentación necesaria para entregar tu vehículo y que no tengas que moverte de tu casa, sin ningún tipo de honorarios, solamente abonando los aranceles correspondientes.- En ningún momento te quedas sin vehículo, llave contra llave.FINANCIACIÓN- Trabajamos con financieras directas, contamos con las mejores tasas. Cuotas fijas y en pesos.- Podes pedir vía WhatsApp la cotización del crédito a tu medida.- Financiamos hasta el 40% de la unidad.- Hacemos revisión de veras en el ACTO.- Señas el vehículo, la financiera se contacta con vos en el transcurso de 24hs, se arma el crédito y en 72hs estas firmando toda la documentación y retirando el vehículo en el concesionario.SEGURO- Podemos cotizarte el seguro con nuestra productora sin ningún tipo de compromiso, le brindamos a nuestros clientes el precio más bajo del mercado de las compañías más prestigiosas. Si te interesa nuestro presupuesto nos encargamos de gestionar todo para que no tengas que preocuparte y salir cubierto del concesionario. No tiene ningún tipo de honorarios ni adicional, buscamos brindarles todos los servicios en un mismo lugar.¿QUIENES SOMOS?- Somos un equipo joven que viene de una familia ligada al rubro automotor de toda la vida, decidimos dar el paso de abrir un concesionario con un concepto diferente al tradicional. Nuestro principal objetivo es que nuestros clientes se sientan cómodos desde el primer contacto con nosotros, que puedan sacarse todas las dudas sin ningún compromiso, brindarles todas nuestras herramientas para que encuentren el auto que buscan, que no tengan ninguna preocupación más que disfrutar el proceso. ¡Nos encantaría que nos conozcas y que puedas vivir la experiencia con nosotros!""",0,0,0
14483,198000.0,"CONCESIONARIO CHARLIEBROKERSJEEP GRAND CHEROKEE OVERLAND 4X4 AT 2.4 20134X4 CON MODOS CON BLOQUEO * CAJA AUTOMATICA *TECHO PANORAMICO Y CORREDIZO * TAPIZADO DE CUERO * VOLANTE MULTI FUNCION * STEREO CON PANTALLA ** TOPE DE LINEA * IMPECABLE POR DONDE LA MIRES ** CAMARA RETROCESO *--------------------------------------------------------------------------------------------------------------------Concesionario Charliebrokers Multimarcas, Av Las Magnolias 834, Autopista Panamericana Ramal Pilar Km 50, Pilar.(A 3 Cuadras de Panamericana, Bordeando Palmas de Pilar. A metros de Ruta 8)Lunes a viernes de 9.00Hs a 19.00Hs Horario de Corrido Sab 9.00 A 14.00Hs.TOMAMOS PERMUTA (Envíanos fotos y detalles para su cotización)Consultanos por nuestras facilidades! Cuotas fijas y en pesos sistema francés, mínimos requisitos!(No valido para vehículos menor al año 2010 o Motos)* 30 Años de experiencia + De 100 Vehículos en Stock! *| Venda su auto con nosotros! Libre de comisión |",0,0,0
14489,62000.0,"Nissan Kicks Sense MT 2020 – Gris Oscuro – 62.000 km¡Excelente estado! Vendo Nissan Kicks Sense 2020 con transmisión manual y solo 62.000 kilómetros reales. SUV moderno, cómodo y muy económico, ideal tanto para ciudad como para viajes largos.Características principales:Motor 1.6, muy eficiente en consumoCaja manual de 5 velocidadesColor Gris Oscuro, elegante y sobrioAire acondicionadoDirección asistida eléctricaPantalla táctil con sistema multimediaBluetooth, USB, AUXCámara de retrocesoControl de estabilidad (ESP) y tracciónFrenos ABS con EBDDoble airbag frontalLlantas de aleaciónInterior en excelente estado, sin detallesMantenimientos al día – Papeles en regla – Listo para transferirPrecio conversable.Se acepta prueba mecánica.Oportunidad única de llevarte una SUV moderna y confiable con poco uso.",0,0,0
14532,85000.0,"¡Te damos la bienvenida a nuestra publicación! Estamos emocionados de presentarte esta impresionante SUV Citroen C4 Cactus, que se encuentra en óptimas condiciones y está lista para llevar tus aventuras a un nuevo nivel. A continuación, te proporcionamos todos los detalles que necesitas conocer:Ofrecemos opciones de financiamiento flexibles con tasa al 60% , que se adaptan a tus necesidades y presupuesto. Nuestro equipo está disponible para ayudarte a encontrar la mejor solución financiera para que puedas adquirir esta SUV sin complicaciones. ¡Contáctanos para obtener más detalles sobre las tasas y plazos disponibles!¿Tenes un vehículo actual que deseas cambiar? Aceptamos permutas. Contanos sobre tu vehículo actual y te proporcionaremos una valoración justa para facilitar la transición hacia esta impresionante SUV. No dejes pasar la oportunidad de disfrutar de todas las ventajas y comodidades que ofrece este vehículo.Si estás interesado en esta SUV o deseas obtener más información, no dudes en ponerte en contacto con nosotros. Estamos aquí para ayudarte a encontrar el vehículo perfecto y hacer que tu experiencia de compra sea lo más fácil y placentera posible.Condiciones de Venta:Todos los papeles al día.Listo para transferir.¡No dejes pasar esta oportunidad y llévate a casa esta SUV excepcional hoy mismo! Estamos seguros de que será el compañero perfecto para todas tus aventuras",0,0,0
14569,70000.0,"CONTADO U$S 31.500------------------------------------------------------------------------------FINANCIACIÓN en pesos:MÁXIMO QUE SE PUEDE FINANCIAR POR ESTE MODELO: $ 22.080.000y pagarías EN CUOTAS FIJAS: 12 de $2.750.000; 24 de $1.800.000; 36 cuotas de $1.500.000 o HASTA 48 cuotas fijas de $ 1.170.000o en EN CUOTAS VARIABLES tasa UVA 12 de $2.300.000*; 24 de $1.300.000* o hasta 36 cuotas de $1.350.000* (*valor 1er cuota)------------------------------------------------------------------------------por cada $1.000.000 que financies devolvés 12 cuotas fijas y en pesos de $124.800 o 24 de $81.800.------------------------------------------------------------------------------**FORD TERRITORY TITANIUM*** Año: 2021* Kilometraje: 77.000 km* Motor: 1.5 Turbo EcoBoost - 143 CV* Transmisión: Automática CVT de 8 velocidades* Equipamiento Destacado: * Pantalla multimedia 10” con Apple CarPlay y Android Auto * Tapizado de cuero microperforado * Techo panorámico eléctrico * Cámara 360° y sensores de estacionamiento * Control de crucero adaptativo * Asistente de mantenimiento de carril * Frenado autónomo de emergencia * Llantas de aleación 18” * Y mucho más...EXCELENTE ESTADO !! SIN DETALLES.¡¡TOMAMOS TU AUTO EN PARTE DE PAGO!!VTV, GRABADO DE AUTOPARTES, Y LIBRE DE TODO TIPO DE DEUDAS.¡¡ TENEMOS GESTORIA PROPIA PARA LA TRANSFERENCIA DEL VEHÍCULO !!HORARIO DE ATENCIÓN: LUNES A VIERNES 9.30 A 17.45hsSábados de 9.30 a 12.45hsTURDERA, LOMAS DE ZAMORA:",0,0,0
14590,95000.0,"Automotores PalacioEstamos ubicados en Los polvorines, Zona norteValor publicado efectivoDólar billete!Valor permuta u$s 20.000Excelente unidad Listo para usar y disfrutar Toda su documentación al día Sin deudas de patentes Sin deudas de multas Listo para transferir sin problemas.",0,0,0
