Descripción,price_is_anticipo,Precio
ANTICIPO Y CUOTAS !!!!- Tasa 0% sin Interés- Anticipo y cuotas- Descuentos en todas las unidades- COLOR A ELECCIÓN- Stock disponible- Tomamos usados y planes en parte de pago- Entregas programadas- Te ayudamos a vender tu usado- Descuentos en equipamiento y opcionales- repuestos originales.MEJOR PRECIO DE FÁBRICAVENTAS A TODO EL PAÍS DE MANERA ÁGIL Y SENCILLA (MANEJO DE LA OPERACIÓN A DISTANCIA) SOLO VEN A RETIRAR LA UNIDAD SOMOS BETA AUTOMOTORES ESTAMOS EN ACASUSSO ASESORA COMERCIAL LUCIANA GUTIERREZ,1,28068900.0
"precio publicado de anticipo sugerido¡TU JEEP COMPASS TE ESTÁ ESPERANDO EN SPORT CARS JEEP!Si estás buscando una SUV que combine diseño, tecnología y robustez, la Jeep Compass es tu mejor elección. Y no hay mejor lugar para encontrarla que en Sport Cars Jeep, una de las concesionarias más grandes y confiables del país.¿POR QUÉ ELEGIR SPORT CARS JEEP?40 años de trayectoria en el mercado automotor, brindando confianza, respaldo y compromiso en cada operación.Somos concesionaria oficial Jeep, con atención especializada y asesoramiento profesional en cada etapa de tu compra.Contamos con altísimos estándares de calidad en atención al cliente: nuestro equipo está capacitado para brindarte una experiencia personalizada, clara y sin vueltas.Tenemos uno de los mayores stocks del país y posibilidades reales de entrega inmediata.Te ofrecemos planes de financiación exclusivos, toma de usados al mejor valor y promociones únicas.Miles de clientes satisfechos nos eligen año tras año por nuestra seriedad y dedicación.¿QUÉ TRAE LA NUEVA JEEP COMPASS?Estilo sofisticado y diseño robusto.Tecnología de última generación con conectividad total.Seguridad activa y pasiva para vos y tu familia.Interior amplio, cómodo y con terminaciones premium.Excelente performance tanto en ciudad como en ruta.Vení a Sport Cars Jeep y llevate la Compass que soñás con la confianza de estar en las mejores manos.¡Consulta ahora y descubrí una experiencia de compra a otro nivelFLORENCIA VASQUEZ",1,41000000.0
"VW NIVUS COMFORTLINE AT 1.0 TURBO 2025 0 KM ENTREGA INMEDIATAPRECIO PUBLICADO CORRESPONDE AL ANTICIPO, SALDO: EN EFECTIVO, PERMUTA Y/O A FINANCIAR- Banco Macro tarjeta selecta 12 cuotas sin interés-Banco Supervielle financia mas del 50%- Tomamos Dolares (Consultar cotización)- Entrega inmediata- Tomamos usados en parte de pago. Mejor cotización.- Financiamos con DNI, -Crédito prendarios-Créditos UVA- Leasing- Ventas corporativasHauswagen Escobar, Km 50 Panamericana ramal EscobarPertenecemos a uno de los grupos mas prestigiosos del país. (GCDC)Concesionario oficial VolkswagenKARINA BILAK Asesora comercial",1,26900000.0
"Precio publicado de versión entrada de gama/anticipo sugerido.¡TU JEEP RENEGADE TE ESTA ESPERANDO EN SPORT CARS JEEP!Si estas buscando una SUV que combine diseño, tecnología y robustez, LA JEEP RENEGADE ES TU MEJOR ELECCION. Y no hay mejor lugar para encontrarla que en SPORT CARS JEEP, una de las concesionarias mas grandes y confiables del pais.¿PORQUE ELEGIR SPORT CARS JEEP?* 40 años de trayectoria en el mercado automotor, brindando confianza, respaldo y compromiso en cada operación.* Somos concesionario oficial jeep, con atención especializada y asesoramiento profesional en cada etapa de tu compra.* Contamos con altísimos estándares de calidad de atención al cliente: nuestro equipo esta capacitado para brindarte una experiencia personalizada, clara y sin vueltas.* Tenemos uno de los mayores stock del pais y posibilidades reales de entrega inmediata.* Te ofrecemos planes de financiación exclusivos, toma de usado al mejor valor y promociones únicas.* Miles de clientes satisfechos nos eligen año tras año por nuestra seriedad y dedicación.¿QUE TRAE LA NUEVA JEEP RENEGADE?* Estilo sofisticado y diseño robusto.* Tecnología de ultima generación con conectividad total.* Interior amplio, cómodo y con terminaciones premium.* Excelente performance tanto en ciudad como en ruta.VENI A SPORT CARS JEEP Y LLEVATE LA SUV QUE SOÑAS CON LA CONFIANZA DE ESTAR EN LAS MEJORES MANOS.¡ Consulta ahora y descubrí una experiencia de compra a otro nivelCINTIA SOSA",1,34600000.0
"Somos motorville concesionario Nº1 en ventasNos destacamos por una propuesta de servicio, asesoramiento y calidad con los más altos estándares del mercado.INSPECCIÓN Y COBERTURA MECÁNICA: todos nuestros vehículos están chequeados y certificados en 240 puntos por nuestro equipo de expertos, VTV vigente, libre de deudas de patentes e infracciones.GESTORIA: Nosotros nos encargamos de todo!!!!! contamos con un equipo de gestores matriculados para que de lo único que te ocupes sea de disfrutar del vehículo.BROKER DE SEGUROS: También disponemos de un completo departamento de seguros, para que puedas comparar la cotización con compañías líderes.DEPARTAMENTO DE ACCESORIOS: personaliza tu vehículo con una gran diversidad de productos de prestigiadas marcas, nuestro compromiso es estar a la vanguardia de la tecnología y el conocimiento técnico para satisfacer las necesidades y expectativas de nuestros clientesEquipamientos y accesorios - Estética vehicular – Polarizados y laminadosMÉTODOS DE PAGO:* AL CONTADO: Paga vía transferencia bancaria o depósito.*DEJA TU AUTO COMO PARTE DE PAGO: Cambia tu auto por uno de calidad certificada de motorville y con cobertura mecánica.*FINANCIACIÓN: En MOTORVILLE podes acceder a tu próximo vehículo con un anticipo mínimo y una cuota ajustada a tu medida. Las mejores tasas del mercado.NO BUSQUES MAS TU PRÓXIMO VEHÍCULO TE ESPERA EN motorville",1,41990000.0
"Somos motorville concesionario Nº1 en ventasNos destacamos por una propuesta de servicio, asesoramiento y calidad con los más altos estándares del mercado.INSPECCIÓN Y COBERTURA MECÁNICA: todos nuestros vehículos están chequeados y certificados en 240 puntos por nuestro equipo de expertos, VTV vigente, libre de deudas de patentes e infracciones.GESTORIA: Nosotros nos encargamos de todo!!!!! contamos con un equipo de gestores matriculados para que de lo único que te ocupes sea de disfrutar del vehículo.BROKER DE SEGUROS: También disponemos de un completo departamento de seguros, para que puedas comparar la cotización con compañías líderes.DEPARTAMENTO DE ACCESORIOS: personaliza tu vehículo con una gran diversidad de productos de prestigiadas marcas, nuestro compromiso es estar a la vanguardia de la tecnología y el conocimiento técnico para satisfacer las necesidades y expectativas de nuestros clientesEquipamientos y accesorios - Estética vehicular – Polarizados y laminadosMÉTODOS DE PAGO:* AL CONTADO: Paga vía transferencia bancaria o depósito.*DEJA TU AUTO COMO PARTE DE PAGO: Cambia tu auto por uno de calidad certificada de motorville y con cobertura mecánica.*FINANCIACIÓN: En MOTORVILLE podes acceder a tu próximo vehículo con un anticipo mínimo y una cuota ajustada a tu medida. Las mejores tasas del mercado.NO BUSQUES MAS TU PRÓXIMO VEHÍCULO TE ESPERA EN motorville",1,36900000.0
"Somos motorville concesionario Nº1 en ventasNos destacamos por una propuesta de servicio, asesoramiento y calidad con los más altos estándares del mercado.INSPECCIÓN Y COBERTURA MECÁNICA: todos nuestros vehículos están chequeados y certificados en 240 puntos por nuestro equipo de expertos, VTV vigente, libre de deudas de patentes e infracciones.GESTORIA: Nosotros nos encargamos de todo!!!!! contamos con un equipo de gestores matriculados para que de lo único que te ocupes sea de disfrutar del vehículo.BROKER DE SEGUROS: También disponemos de un completo departamento de seguros, para que puedas comparar la cotización con compañías líderes.DEPARTAMENTO DE ACCESORIOS: personaliza tu vehículo con una gran diversidad de productos de prestigiadas marcas, nuestro compromiso es estar a la vanguardia de la tecnología y el conocimiento técnico para satisfacer las necesidades y expectativas de nuestros clientesEquipamientos y accesorios - Estética vehicular – Polarizados y laminadosMÉTODOS DE PAGO:* AL CONTADO: Paga vía transferencia bancaria o depósito.*DEJA TU AUTO COMO PARTE DE PAGO: Cambia tu auto por uno de calidad certificada de motorville y con cobertura mecánica.*FINANCIACIÓN: En MOTORVILLE podes acceder a tu próximo vehículo con un anticipo mínimo y una cuota ajustada a tu medida. Las mejores tasas del mercado.NO BUSQUES MAS TU PRÓXIMO VEHÍCULO TE ESPERA EN motorville",1,28990000.0
* SOMOS NOVO PEUGEOT  CONCESIONARIO OFICIAL *ENTREGA INMEDIATA DE LAS UNIDADES CON STOCK FISICO DE LAS MISMASVENTA CONVENCIONALANTICIPO MINIM0 Y FINANCIA HASTA 48 CUOTAS POR CREDITO PRENDARIO-Stock físico de la unidad-Entrega inmediata-Entrega tu usado como parte de pago-Mínimo anticipo y financia el restoTenemos toda la gama de colores y disponemos de STOCK Físico y con certificado de todas nuestras unidades para entrega inmediata.NOVO PEUGEOT  CONCESIONARIA OFICIAL CON MAS DE 30 AÑOS DE TRAYECTORIA.,1,24120000.0
Anticipo y cuotas.Tomamos usados al mejor precio.Financiamos en cuotas fijas con tasas presenciales.Entrega inmediata.,1,29780000.0
"CONCESIONARIO OFICIAL RENAULT LILLE – AMPLIO STOCK – COLORES DISPONIBLES    Comunicate por llamado, wspp o mensaje de esta publicación para conseguir EL MEJOR PRECIO DE CONTADO!!!         TE GARANTIZAMOS UNA OPERACIÓN RÁPIDA Y TRANSPARENTE.    Nuestra seriedad y respeto en la atención personalizada, se encuentra plasmada en las reseñas de nuestros clientes en Google. Respondemos siempre, en tiempo y forma, ante cualquier eventualidad.    Tomamos autos en parte de pago, cotizamos en el momento.        PRECIO DE LISTA  $35.050.000  VALOR DE CONTADO SIN GASTOS  $29.489.900          OPCIÓN 1 TASA 0%!!!    Anticipo con flete, patentamiento y prenda incluido    $13.510.99118 cuotas FIJAS TASA 0% de   $1.168.500      OPCIÓN 2 TASA RENAULT    Anticipo con flete, patentamiento y prenda incluido    $14.274.38018 cuotas FIJAS de  $1.298.400  24 cuotas FIJAS de  $1.005.900  36 cuotas FIJAS de   $941.600  48 cuotas FIJAS de   $866.100  60 cuotas FIJAS de   $789.100      OPCIÓN 3 ANTICIPO MÍNIMO    Anticipo con flete, patentamiento y prenda incluido    $6.735.12524 cuotas de  $1.410.900  36 cuotas de   $1.049.200  48 cuotas de  $871.500      Solicite anticipo según su presupuesto. Sujeto a aprobación crediticia.    Precio de contado no incluye gastos. Fotos y video a modo ilustrativo, puede variar del modelo publicado.     OFERTA SUJETA A CAMBIOS SIN PREVIO AVISO        # El mejor precio del mercado, ventas a todo el país    # Mejoramos cualquier presupuesto    # Tomamos el dólar a mejor precio mercado    # Tomamos usados en parte de pago, tasación profesional    # Financiación accesible, prendaria, personal y leasing en cuotas fijas y en pesos    # Test Drive disponible    # Garantía Oficial en unidades 0km    *No incluye sellado ni alta de patente",1,29489900.0
"*Hola, gusto en saludarte TENER EN CUENTA QUE EL VALOR PUBLICADO CORRESPONDE AL PRECIO DEL ANTICIPO CON TODOS LOS GASTOS INCLUIDOS EL SALDO ES TASA 0% CUOTAS FIJAS EN PESOS Te dejo las opciones comerciales posibles para avanzar con el presupuesto  Por favor nos podrías indicar que operación estarías interesado en realizarTe dejo las opciones comerciales posibles para avanzar con el presupuesto  Por favor nos podrías indicar que operación estarías interesado en realizar 1- OPERACION DE CONTADO 2- OPERACION CON CREDITO PRENDARIO 3- OPERACION CON CREDITO Y USADO4- OPERACION CON USADO Y CONTADO 5- OPERACION CON LEASING (100% financiado)6- OPERACION CON BALLOON (la cuota más baja) 7- CREDITOS PERSONALES EMPRESAS - AUTONOMOS EN EL CASO QUE QUIERAS TOMAR LA OPCION DE FINANCIACION 1- Con que anticipo contas = $2- Con que unidad contas =3- Que capacidad de pago mensual podes tomar = $TODAS LAS OPCIONES SON PARA PERSONA FISICA - JURIDICA (según disponibilidad y scoring crediticio)",1,23999999.0
"AUTOFRANCE PEUGEOT |||PRECIO PUBLICADO DE ANTICIPO PUESTO EN CALLE!!! , FINANCIANDO $8.000.00018 CUOTAS DE $444.444 FIJAS TASA 0%||| SALDO FINAL SOLICITANDO FINANCIACIÓN DE $14.000.000 EN 18 CUOTAS FIJAS DE $777.840 SIN INTERES ||| CON ENTREGA INMEDIATA |||||| SOMOS EL CONCESIONARIO OFICIAL PEUGEOT Nº 1 EN VENTAS DEL PAIS||| OPERAMOS VENTA DIRECTA DE FABRICA Y/O STOCK PARA ENTREGA INMEDIATA||| TODOS LOS USADOS Y SEMI NUEVOS EN STOCK FUERON SOMETIDOS A RIGUROSOS CONTROLES DE CALIDAD EN NUESTROS TALLERES PROPIOS||| EL MEJOR PRECIO CONTADO FINANCIADO O CON SU USADO||| RESPUESTA INMEDIATA A SUS CONSULTAS: Respondemos al instante consultas y llamados. Podemos programar una video llamada para que usted pueda ver los autos sin moverse de su casa u oficina.||| SOMOS CONCESIONARIO LIDER EN CALIDAD DE ATENCION.||| SOMOS ESPECIALISTAS EN FINANCIACION: Financiamos HASTA $ 14.000.000 en 18 CUOTAS FIJAS TASA 0% o HASTA $22.000.000 EN 24 CUOTAS UVA TASA 0%Aprobamos su crédito en el acto!||| SU AUTO USADO EN AUTOFRANCE VALE MAS: Pagamos más por su usado desde 2009 sin limite de kilometraje. También podemos tomar su auto en consignación.||| ENTREGA INMEDIATA EN TODA LA GAMA.||| COMODIDADES PARA CLIENTES: Estacionamiento exclusivo para clientes. Trato preferencial a clientes del interior del país. Lo hacemos bien simple. Usted solo viene a retirar su 0km.||| NUESTRO SERVICIO POSTVENTA ES CONSIDERADO EL MEJOR DEL PAIS.||| FORMAS DE PAGO: aceptamos todas las formas de pago. Tomamos sus dólares al mejor valor del mercado.||| ATENCION EXCLUSIVA EMPRESAS Y CLIENTES ESPECIALES: Somos Peugeot Professional Center. Ventas especiales para empresas comerciantes diplomáticos jueces y APM||| ASESOR COMERCIAL: TOMAS ARAUJO",1,35180000.0
"¡LIV MOTORS te acerca la oportunidad que estabas esperando!¡FINANCIACIÓN EXCLUSIVA! Cuotas en pesos con 0% de interés y entrega inmediata. Disponibilidad real de todas las unidades y colores. ¡Elegí el tuyo hoy mismo!El valor publicado corresponde al ANTICIPO ¡Podes financiar la diferencia con la financiación directa de fábrica!Beneficios que te ofrecemos:- Precios imbatibles: Contado, financiado o entregando tu usado.- Mejor tasación por tu auto usado (modelos desde 2010 en adelante).- Venta directa de fábrica o de stock para entrega inmediata.- Asesoramiento personalizado: Estamos listos para responder tus consultas al instante y te ofrecemos la opción de videollamadas en vivo para mostrarte los vehículos sin que salgas de tu casa.Concesionario líder en zona norte con más de 10 años de experiencia. ¡Garantía de calidad y atención!Enviamos a todo el país y te acompañamos durante todo el proceso. Solo tenés que venir a retirar tu 0 km cuando todo esté listo.- Comodidades para el cliente: Estacionamiento exclusivo para clientes. Trato preferencial a clientes del interior del país. Lo hacemos bien simple. Usted solo viene a retirar su vehículo.- Atención exclusiva para empresas y clientes especiales: Somos Peugeot Professional Center, con ofertas especiales para empresas, comerciantes, diplomáticos y jueces.¡No esperes más! Consúltanos hoy mismo y llévate tu próximo auto con la mejor financiación del mercado.LINEA DE CREDITO JEEP A TASA 0% CUOTA FIJA $12,000,000 EN 12 CUOTAS FIJAS$18,000,000 EN 12 CUOTAS FIJAS O CREDITO UVA HASTA $20,000,000ASESOR COMERCIAL: JUAN PABLO VITALE",1,38500000.0
"Concesionario Oficial Volkswagen con el Stock Más Amplio de 0KM.Asesor comercial ARIEL SOTOS.¡Bienvenido a nuestro concesionario oficial Volkswagen! Estamos orgullosos de ofrecer el stock de unidades 0KM más amplio del mercado, con disponibilidad de colores para satisfacer tus preferencias.Unidades Físicas para Entrega Inmediata.No esperes más para disfrutar de tu nuevo Volkswagen. Tenemos unidades físicas listas para entrega inmediata, sin demoras innecesarias.Formas de Pago para Unidades 0KM:Contado: La opción más rápida y sencilla.Crédito Prendario a través de Volkswagen Financial Service: Te ayudamos a financiar tu Volkswagen de la forma mas conveniente con créditos prendarios otorgados por BBVA. Con cuotas fijas y las tasas mas bajas del mercado.Tasas 0% en todas las versionesTomamos tu usado en forma de pago: Solo vehículos radicados en CABA y AMBA con menos de 100 mil km.Financiación de Fábrica en 84 cuotas: Una forma accesible de adquirir tu Volkswagen.Vehículos Adjudicados: Mínimo anticipo más cuotas.Nota Importante:El valor publicado no incluye gastos de agencia (flete, formularios, alistamiento, preentrega, patentamiento).Si deseas obtener más detalles sobre cualquiera de nuestras unidades, formas de pago o si tienes alguna pregunta, no dudes en contactarnos. Estamos aquí para ayudarte a encontrar el Volkswagen que se adapte a tus necesidades.ARIEL SOTOS 1140897165¡Gracias por considerarnos para tu próxima adquisición de vehículo!",1,37300000.0
Concesionario Oficial de Renault con el mayor estándar de Calidad.Contamos con las siguientes propuestas:- Financiaciones sin INTERES.- Cuotas Fijas.- Anticipos mínimos.- Entregas inmediatas.- Llave x Llave.- Tomamos Usados.- Tenemos Planes de Ahorro y Stock FISICO.*El monto publicado no es el valor final*Consultame con las características y propuestas de cada unidad especifica y analizamos las opciones!Contamos con una nueva playa de usados y excelente financiación para su retiro.Asesor: Velazquez MartinSucursal DIAZ - PATERNAL.,1,33000000.0
"¡Oferta ABRIL! Fiat PulseRetirá con:Anticipo: $8,700,000 y pagá en cuotas de $360,000 por mescon TASA 0%.Aceptamos:#Tu usado como parte de pago# Dólares al mejor valor# PesosEstamos en Capital Federal y Zona Oeste.Atendemos de lunes a sábados, de 9 a 19 hs.Atención rápida por #Whtspp para más información.",1,27400000.0
"CAR DISTRICT TE ESPERA CON LA OPORTUNIDAD QUE ESTABAS ESPERANDO !!!º|||||||º DESCUENTOS DE CONTADO !!!º|||||||º ENTREGA INMEDIATA !!!º|||||||º TOMAMOS USADOSº|||||||º OPCIONES DE ANTICIPO Y CUOTA FIJA 0% INTERESALGUNAS DE NUESTRAS OPCIONESPLANES DE FINANCIACION :FINANCIA $ 12.000.000 EN 12 CUOTAS FIJAS TASA 0% DE $ 1.012.000FINANCIA $ 18.000.000 EN 12 CUOTAS FIJAS TASA 19.9% % DE $ 1.450.000Concesionario líder en zona norte con más de 20 años de experiencia. ¡Garantía de calidad y atención!ESPERAMOS TU CONSULTA YA MISMO , NUESTROS ASESORES ESTAN LISTOS PARA ATENDERTE",1,55990000.0
"Bienvenido a Chevrolet Beta Concesionario Oficial El precio publicado es el anticipo de $ 20.320.000 + 18 cuotas fijas y en pesos de $ 888.888.En estos valores están incluidos todos los GASTOS!!!Si estas buscando tu próximo 0km, al mejor precio y con la mejor atención y asesoramiento del mercado, entonces no dudes en contactarnos!Estamos para brindarte la operación ideal para vos. Tomando tu usado como parte de pago al mejor precio y brindándote la mejor financiación en pesos y cuotas fijas. Para que llegar a tu 0km no sea un obstáculo ni un sueño lejano, sino que puedas disfrutar de él teniendo una operación simple, limpia y en cómodos pasos. No dudes en contactarnos para brindarte asesoramiento personalizado acorde a tu operación. Tu consulta no molesta. Subite a tu próximo 0km, subite a un Chevrolet!Automotores BetaSucursal Vicente Lopez",1,20320000.0
"Somos motorville concesionario Nº1 en ventasNos destacamos por una propuesta de servicio, asesoramiento y calidad con los más altos estándares del mercado.INSPECCIÓN Y COBERTURA MECÁNICA: todos nuestros vehículos están chequeados y certificados en 240 puntos por nuestro equipo de expertos, VTV vigente, libre de deudas de patentes e infracciones.GESTORIA: Nosotros nos encargamos de todo!!!!! contamos con un equipo de gestores matriculados para que de lo único que te ocupes sea de disfrutar del vehículo.BROKER DE SEGUROS: También disponemos de un completo departamento de seguros, para que puedas comparar la cotización con compañías líderes.DEPARTAMENTO DE ACCESORIOS: personaliza tu vehículo con una gran diversidad de productos de prestigiadas marcas, nuestro compromiso es estar a la vanguardia de la tecnología y el conocimiento técnico para satisfacer las necesidades y expectativas de nuestros clientesEquipamientos y accesorios - Estética vehicular – Polarizados y laminadosMÉTODOS DE PAGO:* AL CONTADO: Paga vía transferencia bancaria o depósito.*DEJA TU AUTO COMO PARTE DE PAGO: Cambia tu auto por uno de calidad certificada de motorville y con cobertura mecánica.*FINANCIACIÓN: En MOTORVILLE podes acceder a tu próximo vehículo con un anticipo mínimo y una cuota ajustada a tu medida. Las mejores tasas del mercado.NO BUSQUES MAS TU PRÓXIMO VEHÍCULO TE ESPERA EN motorville",1,29190000.0
"¡Cada vez más cerca de tu COMPASS! ¿Buscas anticipos y cuotas accesibles? ¡ Estás en el lugar correcto ! con un anticipo de $12,738,000 podes tener tu ram en la versión que prefieras!¿cómo podes presentar ese capital?EFECTIVO / DOLARES / AUTOS USADOS ¿Y el resto? Ahora podes aprovechar nuestro financiamiento a TASA CERO financia hasta el %60 del valor de tu unidad ¡no pagues sobreprecio!Contamos con financiaciones en 24/36/48 o hasta 70 cuotas Acomoda la cantidad y el monto de las cuotas a tu manera!                                             ¡no pierdas esta oportunidad! Subite al Jeep Compass y sentí la diferencia desde el primer día:# Espacio cómodo para que vos y tu familia viajen relajados# Tecnología que te conecta a todo: Android Auto y Apple CarPlay# Seguridad en serio: control de estabilidad, asistente en pendientes, múltiples airbags# Diseño premium que no pasa desapercibido[Estamos en: Capital Federal y Zona OesteDe lunes a sábados de 9 a 19 hs]Atención rápida por #Whtspp para más info.",1,29000000.0
"Somos Peugeot Toulon - Casa CentralConcesionario Oficial de la Red Peugeot Argentina- Peugeot 2008 ALLURE (Precio corresponde al mínimo anticipo)OPERACIÓN DE CONTADO PRECIO CHARLABLEFinanciaciones disponibles<<< Financia hasta $14.00.000 en 18 meses (tasa 0%) >>><<< Financia hasta $32.000.000 en 12, 24, 36 y 48 cuotas >>>* Tomamos tu usado en parte de pago.* Solicita tu Test Drive y consulta además las bonificaciones disponibles.* Contamos con unidades físicas de los modelos más vendidos, con financiación directa y entrega inmediata.* Mejoramos todos los presupuestos¡Dejanos tu consulta!SR",1,27650000.0
"TARABORELLI FR, CONCESIONARIO OFICIAL PEUGEOT EN BARILOCHE!!!¡¡¡40 AÑOS DE TRAYECTORIA NOS AVALAN!!!NUEVO PEUGEOT 2008 ACTIVE T200*TOMAMOS TU USADO AL MEJOR PRECIO****UNIDADES CON ENTREGA INMEDIATA*****FINANCIACIÓN EXCLUSIVA**RETIRA CON MINIMO ANTICIPO YFINANCIA HASTA $18.000.000 EN 12; 24; 36 Ó 48 CUOTAS FIJAS EN PESOS!COLORES DISPONIBLES: BLANCO, NEGRO, GRIS SELENIUM, GRIS ARTENSE, AZUL.+++NO DUDES EN ENVIARNOS TU CONSULTA Y RESPONDEREMOS A LA BREVEDAD+++",1,32127015.0
"precio publicado de anticipo sugerido¡TU JEEP COMPASS TE ESTÁ ESPERANDO EN SPORT CARS JEEP!Si estás buscando una SUV que combine diseño, tecnología y robustez, la Jeep Compass es tu mejor elección. Y no hay mejor lugar para encontrarla que en Sport Cars Jeep, una de las concesionarias más grandes y confiables del país.¿POR QUÉ ELEGIR SPORT CARS JEEP?40 años de trayectoria en el mercado automotor, brindando confianza, respaldo y compromiso en cada operación.Somos concesionaria oficial Jeep, con atención especializada y asesoramiento profesional en cada etapa de tu compra.Contamos con altísimos estándares de calidad en atención al cliente: nuestro equipo está capacitado para brindarte una experiencia personalizada, clara y sin vueltas.Tenemos uno de los mayores stocks del país y posibilidades reales de entrega inmediata.Te ofrecemos planes de financiación exclusivos, toma de usados al mejor valor y promociones únicas.Miles de clientes satisfechos nos eligen año tras año por nuestra seriedad y dedicación.¿QUÉ TRAE LA NUEVA JEEP COMPASS?Estilo sofisticado y diseño robusto.Tecnología de última generación con conectividad total.Seguridad activa y pasiva para vos y tu familia.Interior amplio, cómodo y con terminaciones premium.Excelente performance tanto en ciudad como en ruta.Vení a Sport Cars Jeep y llevate la Compass que soñás con la confianza de estar en las mejores manos.¡Consulta ahora y descubrí una experiencia de compra a otro nivel!",1,39000000.0
EL PRECIO CORRESPONDE A UN ANTICIPOSE FINANCIAN $8.000.000 CREDITO PERSONAL SIN PRENDA TASA 0%18 CUOTAS FIJAS DE $444.440 SIN INTERESES!!ENTREGA INMEDIATA!FINANCIALO CON ESTAS OPCIONES:** CREDITO PERSONAL HASTA 8.000.000 EN 18 CUOTAS SIN INTERES*****CREDITO HASTA 16.000.000 EN 18 CUOTAS SIN INTERES *****TOMAMOS TU USADO AL MEJOR PRECIOTomamos autos en parte de pago DE TODAS LAS MARCAS SIN LIMITE DE KILOMETRAJE*TEST DRIVE HABILITADO*VENI A LLEVARTE LA EXPERIENCIA DE MANEJO Y SENSACIONES REALES DE TU PROXIMO 0KMPEUGEOT AUTOFRANCEASESOR : LEANDRO MORENO,1,27388000.0
"Jeep® Renegade Sport 2024: Aventuras sin LímitesEl Jeep® Renegade Sport 2024 llega para los que buscan la combinación perfecta de estilo, rendimiento y seguridad. Compacto, pero capaz de llevarte a donde quieras, el Renegade Sport mantiene el legado de Jeep® mientras incorpora tecnología de punta y un diseño robusto, ideal para quienes desean vivir nuevas experiencias al volante.Motorización y DesempeñoMotor 1.8L: Potencia y eficiencia en cada trayecto, brindando la fuerza necesaria para moverse con soltura tanto en la ciudad como en terrenos más difíciles.Transmisión Manual de 5 Velocidades: Cambio preciso y eficiente para una conducción divertida y controlada.Tracción delantera: Ideal para quienes buscan un SUV compacto con gran respuesta en diversos tipos de caminos.Diseño Exterior: Estilo y VersatilidadEl Jeep® Renegade Sport 2024 mantiene el ADN de la marca con su parrilla de siete ranuras y los faros delanteros circulares, que siguen siendo emblemas de la marca. Con líneas modernas y compactas, su diseño robusto es ideal tanto para la jungla urbana como para aventuras fuera de ruta.Climatizador manual: Mantén el interior agradable con facilidad, adaptando la temperatura a tu gusto.Sistema de audio con conexión Bluetooth: Conectividad rápida y eficiente para que puedas escuchar tu música o atender llamadas sin distracciones.Tecnología y ConectividadPantalla multimedia de 7'': La central de entretenimiento con Android Auto y Apple CarPlay te permite conectar tu teléfono y acceder a tus aplicaciones favoritas, sin distracciones.Puerto USB: Mantén tus dispositivos cargados y conectados durante el trayecto.Seguridad y Asistencia al ConductorLa seguridad es uno de los pilares del Jeep® Renegade Sport 2024. Con un conjunto de tecnologías y sistemas que garantizan una conducción más segura y tranquila:6 Airbags (frontales, laterales y de cortina): Protección integral para todos los ocupantes del vehículo.Control de estabilidad electrónico: Ayuda a mantener el vehículo bajo control en condiciones adversas.Frenos de disco en las cuatro ruedas con sistema ABS: Brindan una mayor eficiencia y seguridad en frenadas de emergencia.Diseño Interior Práctico y EspaciosoEl interior del Renegade Sport 2024 ha sido pensado para adaptarse a tu estilo de vida. Con un amplio espacio interior, tanto en los asientos delanteros como traseros, y un maletero de 320 litros, tendrás todo el espacio que necesitas para tus actividades diarias y tus escapadas de fin de semana.El Jeep® Renegade Sport 2024 es la elección perfecta para quienes buscan un SUV compacto con todas las ventajas de un Jeep®, pero con un diseño accesible y funcional para la vida urbana y la aventura.ANTICIPO $20.500.000 Y 12 / 18 Y 24 CUOTAS FIJAS, EN PESOS, A SOLA FIRMA, ENTREGA INMEDIATA. AGENCIA OFICIAL. º|||||||º Cristian Coronel - Asesor Comercial º|||||||º",1,25500.0
"*Peugeot 2008 1.0 T200: Un Vehículo Urbano y Versátil*Descubre el nuevo Peugeot 2008 Active, un vehículo que combina la elegancia y la practicidad en un solo paquete. Con su motor 1.0 T200 y transmisión automática, este vehículo es perfecto para la ciudad.*Características Destacadas:*- Motor 1.0 T200 con una potencia y eficiencia impresionantes- Diseño elegante y sofisticado, con detalles de alta calidad- Tecnología avanzada para una conducción más segura y confortable- Color Gris Selenium, un tono elegante y sofisticado*Precio y Condiciones:*- Precio desde $- Opción de crédito  -Prendario: $18.000.000 0%- Personal personal $8.000.000 0%- Uva $26.000.000 11.9%- Anticipo: Minimo- Entrega inmediata*¿Qué esperas? ¡Ven y descubre el nuevo Peugeot 2008 Active, Allure y Gt*Comunícate con tu asesor para asegurarte una experiencia única de compra. Llamame al nro de publicacion y descubre cómo podemos ayudarte a encontrar el vehículo perfecto para ti.**Consulte utilitarios* -Partner-BoxerVenta coorporativa",1,31130222.0
"¡Tu 0km está más cerca de lo que pensás! Con solo el 30% de anticipo, sacás tu Volkswagen y financiás el resto en cuotas accesibles, directo de fábrica. Además, tomamos tu auto usado como parte de pago. Es fácil, rápido y sin complicaciones. ¡Consultanos y empezá a disfrutar de tu nuevo auto hoy!Asesora líderBrenda Lazarte",1,29000000.0
"BIENVENIDOS A HAUSWAGEN ESCOBAR*EL VALOR DE VENTA ES UN ANTICIPO, DONDE EL RESTANTE LO FINANCIAS A TASA 0% EN CUOTAS FIJAS!!!HAUSWAGEN cuenta con más de 26 años de trayectoria en el país, desarrollándose en la provincia de Bs. As.* SOMOS concesionario oficial Volkswagen* OFRECEMOS entrega inmediata transfiriendo nosotros (ahorro de tiempo y dinero)* TOMAMOS usados en parte de pago* MEJORAMOS presupuestos y ajustamos valor toma de usados* NUESTROS vehículos están físicos (Son usados seleccionados)* FINANCIAMOS en cuotas fijas* TENEMOS mejor precio al contado* OFRECEMOS test drive para manejar tu próximo vehículo* VENDEMOS a todo el país de manera ágil y contundenteCONSULTANOSACEPTAMOS : (Deposito – Transferencia bancaria - Cheque Común)DÉJANOS TU CONSULTAFERNANDO MARTINSASESOR COMERCIALHAUSWAGENSUCURSAL ESCOBAR",1,24990000.0
"¡Bienvenido a nuestro concesionario oficial Volkswagen! Estamos orgullosos de ofrecer el stock de unidades 0KM más amplio del mercado, con disponibilidad de colores para satisfacer tus preferencias.Unidades Físicas para Entrega Inmediata.No esperes más para disfrutar de tu nuevo Volkswagen. Tenemos unidades físicas listas para entrega inmediata, sin demoras innecesarias.Formas de Pago para Unidades 0KM:Contado: La opción más rápida y sencilla.Crédito Prendario a través de Volkswagen Financial Services: Te ayudamos a financiar tu Volkswagen de la forma más conveniente con créditos prendarios otorgados por V.W. Con cuotas fijas y las tasas más bajas del mercado.Tasas 0% en todas las versiones.Tomamos tu usado en forma de pago: Solo vehículos radicados en CABA y AMBA con menos de 100 mil km.Financiación de Fábrica en 84 cuotas: Una forma accesible de adquirir tu Volkswagen.Vehículos Adjudicados: Mínimo anticipo más cuotas.Nota Importante:El valor publicado no incluye gastos de agencia (flete, formularios, alistamiento, preentrega, patentamiento).Si deseas obtener más detalles sobre cualquiera de nuestras unidades, formas de pago o si tienes alguna pregunta, no dudes en contactarnos. Estamos aquí para ayudarte a encontrar el Volkswagen que se adapte a tus necesidades.¡Gracias por considerarnos para tu próxima adquisición de vehículo!FEDERICO ,C",1,43995000.0
"•ALRA S.A. CONCESIONARIO OFICIAL VOLKSWAGEN•Taos 1.4 250tsi Comfortline Automatica Linea Nueva - 2025• Anticipo: $27.000.000• Financia: $14.000.000 en 9 cuotas (TNA 0.00%) de $1.555.556 + seguro.Gastos incluidos de flete, formularios y prenda bancaria. Al retirar abona el patentamiento que es un 8% de sellos + patente proporcional.********************************************************************************Equipamiento destacado:- Tapizado de cuero ecologico-Cluster digital 8""-Llantas de aleación 18"" Lagomera-Volante Multifunción forrado en cuero con Levas-VW Play 10""-Control de velocidad crucero-Sensores de estacionamientos delanteros y traseros-Detector de fatiga-Cámara de visión trasera-Sensor de presión de neumáticos-Sistema de apertura sin llave ""Keyless Access""-Climatización digital Bi-Zona********************************************************************************Erika Parra- Av. Juan B. Justo 2611 - Villa Crespo Buenos Aires -",1,38900001.0
"Bienvenido a Jeep Freeway NavemotorsConcesionario Oficial (Banfield)COMPASS SERIE-S 1.3 A/T6 4X2Mínimo anticipo $14.000.000 para retirarla, el resto se puede financiar atreves de la nueva financiación de fabrica a tasa 0% de interés.Operamos venta directa de fabrica y/o stock fisico con certificado a disposición para una entrega inmediata.– Anticipo y cuotas fijas.– Anticipo y cuotas variables (con entrega inmediata)– Consultar precio de contado.Tomamos vehículo usado como forma de pago, llave por llave.Asesor: LUCIANO",1,41950000.0
"Bienvenido a Jeep Freeway NavemotorsConcesionario Oficial (ADROGUE)JEEP RENEGADE SPORT A/T6 4X2Mínimo anticipo para retirarla, el resto se puede financiar atreves de la nueva financiación de fabrica a tasa 0% de interés.Operamos venta directa de fabrica y/o stock fisico con certificado a disposición para una entrega inmediata.– Anticipo y cuotas fijas.– Anticipo y cuotas variables (con entrega inmediata)– Consultar precio de contado.Tomamos vehículo usado como forma de pago, llave por llave.El valor publicado corresponde al monto para retiro inmediato. Consultar por valores de contadoAsesor: Luciano",1,25900000.0
CONCESIONARIO JEEP JACK CARS - CANNINGASESOR COMERCIAL: JORGE SABBAGHCITROEN C3 AIRCROSS SHINE 7 ASIENTOSMOTOR T200 1.0t - 120cvCAJA AUTOMATICA CVT 7 MARCHASFINANCIACION PROMO $16.000.000ANTICIPO + 18 CUOTAS FIJAS SIN INTERES DE $777.840ENTREGA INMEDIATATOMAMOS USADOSNo se incluyen gastos.,1,33958300.0
"NUEVO CITROËN C3 AIRCROSS 7 PLAZASACEPTAMOS TU USADO EN PARTE DE PAGOVALOR PUBLICADO CORRESPONDE AL ANTICIPOCONTAMOS CON UNA FINANCIACION SIN INTERESPRECIO CONTADO A NEGOCIAR CON EL VENDEDORCONSULTA TAMBIEN POR ANTICIPOS MENORESY FINANCIACION SIN INTERES, RETIRANDO EN EL MES EN CURSOASESOR COMERCIAL EDUARDO CARDOSO",1,28100000.0
"VW TIGUAN ALLSPACE LIFE 350TSI DSG 4x4  AT 0 KM ENTREGA INMEDIATAPRECIO PUBLICADO CORRESPONDE AL ANTICIPO, SALDO: EN EFECTIVO, PERMUTA Y/O A FINANCIAR- Financiacion VW a tasa 0 %- Banco Macro tarjeta selecta 12 cuotas sin interés-Banco Supervielle financia mas del 50%- Tomamos Dolares (Consultar cotización)- Entrega inmediata- Tomamos usados en parte de pago. Mejor cotización.- Financiamos con DNI, sin intereses.-Crédito prendarios- Leasing- Ventas corporativasHauswagen Escobar, Km 50 Panamericana ramal EscobarPertenecemos a uno de los grupos mas prestigiosos del país. (GCDC)Concesionario oficial VolkswagenKARINA BILAK  Asesora comercial",1,51990000.0
/// CITROEN C3 AIRCROSS T200 SHINE 5 ///========================================================FINANCIAMOS HASTA $16.000.000 A TASA 0%TOMAMOS TU USADO EN PARTE DE PAGORESTAN GASTOS (**CONSULTAR**)PRECIO PUBLICADO CORRESPONDE AL ANTICIPO + CUOTASIMAGENES ILUSTRATIVAS========================================================ESTAMOS UBICADOS EN ZONA OESTE Y ZONA SURCONCESIONARIO OFICIAL CITROEN/// *VENDEDOR SEBASTIÁN CASTELLANA* ///,1,30600000.0
*CONCESIONARIO OFICIAL VOLKSWAGEN*******EXPERECIENCIA 5 ESTRELLAS*****¡¡MEJOR PRECIO Y FINANCIACIÓN!!!*AUTOS EN STOCK PERMANENTE.*VARIEDAD DE COLORES.AV LA PLATA 2050. CABA - BS. AS.*NUEVA FINANCIACIÓN EXCLUSIVA * TASA 0% EN TODAS LAS UNIDADES*SERVICIO DE MANTENIMIENTO BONIFICADO.*FORMAS DE PAGO: INTEGRANDO CONTADO O TU USADO COMO ANTICIPO Y EL RESTO EN 12 CTS 24 CTS 18 CTS 36 CTS O 48 CTS 60 CTS FIJAS Y EN $-*TOMAMOS TU USADO AL MEJOR PRECIO DEL MERCADO.*ENTREGA INMEDIATA.PODEMOS ASESORARTE Y ARMAR UN PLAN DE PAGOS DE ACUERDO A TUS NECESIDADESTENE EN CUENTA QUE TODOS LOS CREDITOS PRENDARIOS Y LEASING SON EN CUOTAS FIJAS EN PESOS.PRIMER CENTRO DE ATENCION PERSONALIZADAVOLKSWAGEN DE ARGENTINAPARA EL OTORGAMIENTO DE CREDITOS PRENDARIOS-LEASINGTRABAJAMOS CON TODOS LOS BANCOSNuestra trayectoria de mas de 35 años nos avala como lideres en el mercado nacionalContamos con el equipo mas profesional para asesorarte1- Créditos prendarios2- Leasing para empresas3- Venta Corporativa4- Cotización de tu usado/s5- Todas nuestras unidades cuentan con su correspondiente certificado de fabricación Y SON AÑO MODELO 2025.6- TOMAMOS CREDITOS DE INVERSION PRODUCTIVA7- CREDITOS PARA PyMEs.RETIRAS EN 10 DÍAS REALES.DEJANOS TU CONTACTO ASI PODEMOS ASESORARTEESTAMOS AUTORIZADOS PARA REALIZAR GESTIONES EN CUALQUIER PARTE DEL PAIS POR VOLKSWAGEN ARGENTINANO DUDES EN CONSULTAR LA MEJOR OPCION DE COMPRA ESTA ACA !!TRABAJAMOS CON LEASING DE TODOS LOS BANCOS.AGUARDAMOS TU CONSULTA   *MARTIN*,1,34699999.0
"////// FIAT AUTO NOVO////RETIRA CON MÍNIMO ANTICIPO $4.000.0000 el resto en 48 CUOTAS ***CRÉDITO PRENDARIO*****TOMAMOS TU USADO EN FORMA DE PAGO, AL MEJOR PRECIO DEL MERCADO* OPCIÓN DE CUOTA FIJAS O VARIABLES ////*ENTREGA 7 A 10 DÍAS///COLORES A ELECCIÓN///",1,29400000.0
"¡Estrena tu Volkswagen T-Cross en Maynar A.G.!-Financiacion 70/30-Tasa 0% y cuotas en pesos sin interés. ¡Aprovecha la financiación directa de fábrica!-Anticipo desde 11 millones o tu usado como parte de pago.-Entregas programadas y asesoría personalizada para adaptar el plan de pagos a tus necesidades.-Financiación avanzada y sin bancos ni financieras.-Descuentos exclusivos en todas las unidades y equipamiento adicional.-Operación 100% online, venta a todo el país, ¡te gestionamos todo y solo vienes a retirar tu 0Km!Visítanos en Nuñez, Devoto, o contactanos por WhatsApp para más información.¡No te pierdas las últimas unidades con adjudicación directa! ¡Llévatela ya!",1,12300000.0
"pregunta por Mathias Barrios Asesor Comercial - Taraborelli Cars Jeep/RAM CaballitoObtené tu 0km de la manera más segura.Contamos con diferentes opciones de pago:-Contado.-Anticipo y cuotas fijas.-Anticipo y cuotas variables (con entrega inmediata)-Pone tu usado en parte de pago.(Tenemos la mejor cotización del mercado, con nosotros tu usado vale más!)Tenemos toda la gama de colores y disponemos de STOCK físico y con certificado de todas nuestras unidades para entrega inmediata.Ventas a todo el país de forma eficaz.*Nosotros no tenemos letra chica!",1,35900000.0
/// AUTOFRANCE PEUGEOT ////// SOMOS EL CONCESIONARIO OFICIAL PEUGEOT Nº 1 EN VENTAS DEL PAIS ///PRECIO PUBLICADO TIENE UN CREDITO DE $14.000.000 EN 18 CUOTAS DE 777.680 FIJAS Y EN PESOS TASA 0% INTERESGASTOS DE PATENTAMIENTO INCLUIDOS EN EL PRECIO PUBLICADO./// OPERAMOS VENTA DIRECTA DE FABRICA Y/O STOCK PARA ENTREGA INMEDIATA ////// TODOS LOS USADOS Y SEMI NUEVOS EN STOCK FUERON SOMETIDOS A RIGUROSOS CONTROLES DE CALIDAD EN NUESTROS TALLERES PROPIOS ////// EL MEJOR PRECIO CONTADO FINANCIADO O CON SU USADO ////// RESPUESTA INMEDIATA A SUS CONSULTAS: Respondemos al instante consultas y llamados. Podemos programar una video llamada para que usted pueda ver los autos sin moverse de su casa u oficina./// SOMOS CONCESIONARIO LIDER EN CALIDAD DE ATENCION.// EL PRECIO PUBLICADO ES UN ANTICIPO MAS SALDO A TASA 0% //INCLUYE FLETES Y FORMULARIOS/// SOMOS ESPECIALISTAS EN FINANCIACION: SALDO EN 12 CUOTAS FINANCIANDO CON TASA 0% DE INTERÉS !! Te financiamos el saldo de $ 10.00.000 en 12 cuotas fijasAprobamos su crédito en el acto!/// SU AUTO USADO EN AUTOFRANCE VALE MAS: Pagamos más por su usado desde 2009 sin limite de kilometraje. También podemos tomar su auto en consignación./// ENTREGA INMEDIATA EN TODA LA GAMA./// COMODIDADES PARA CLIENTES: Estacionamiento exclusivo para clientes. Trato preferencial a clientes del interior del país. Lo hacemos bien simple. Usted solo viene a retirar su 0km./// NUESTRO SERVICIO POSTVENTA ES CONSIDERADO EL MEJOR DEL PAIS./// FORMAS DE PAGO: aceptamos todas las formas de pago. Tomamos sus dólares al mejor valor del mercado./// ATENCION EXCLUSIVA EMPRESAS Y CLIENTES ESPECIALES: Somos Peugeot Professional Center. Ventas especiales para empresas comerciantes diplomáticos jueces y APM //////ASESORA COMERCIAL TAMARA CHIOCCONI,1,29723000.0
"NISSAN CAPITALConcesionario Número #1 de la Argentina-- Variedad de colores-- Tomamos todos los usados al mejor precio.-- Mejoramos cualquier oferta.-- ¡ENTREGA INMEDIATA!-- Financiación y tasas preferenciales CREDINISSAN-- Anticipo Y 12, 24, 48 Y hasta 60 CUOTAS FIJAS!!-- Atención Personalizada-- Garantía oficial NissanNISSAN CAPITALCaballito - Villa Luro - Ciudadela-- ¡Esperamos tu consulta!El precio publicado no incluye gastos de flete,ni formularios ni gastos administrativos.Foto no contractual.Corresponde al modelo del título de la descripción.Equipamiento según versión.",1,36030000.0
EL VALOR PUBLICADO CORRESPONDE AL ANTICIPOMAS UN CREDITO POR $ 8.000.000.- A TASA 0%* GRUPO ROBAYNA *LA MEJOR TOMA DE USADOSFINANCIACION DIRECTA DE FABRICACONSULTE PLANES TASA 0%Gustavo FerrariAsesor Comercial11-5806-4304,1,24400000.0
"******** NUEVO PEUGEOT 2008 ACTIVE ********VEHICULO 0KM.CAJA AUTOMATICANUEVO MOTOR 1.0 TURBO- EL PRECIO CORRESPONDE AL ANTICIPO FINANCIANDO 18 MILLONES A TASA 7.9%- RESPONDEMOS SU CONSULTA VÍA WHATSAPP.- ENTREGA INMEDIATA.- FINANCIAMOS EN CUOTAS FIJAS Y EN PESOS: En SVA ofrecemos siempre las mejores tasas del mercado. Aceptamos permutas de todas las marcas. Aceptamos tu Plan de Ahorro Peugeot / Citroën en parte de pago.- ATENCIÓN DE VENTAS ESPECIALES: En SVA atendemos empresas, comerciantes, diplomáticos, jueces y APM.- FORMAS DE PAGO: en SVA aceptamos todas las formas de pago.- SU USADO PARA NOSOTROS VALE MUCHO MÁS: En SVA pagamos mejor por su usado sin límite de kilometraje. También podemos tomar su auto en consignación.- MEJORAMOS CUALQUIER PRESUPUESTO.- LA MEJOR ATENCIÓN POST VENTA, CON TALLERES PROPIOS EN LA ZONA: Nuestros talleres de servicio post venta en Capital Federal y Zona Norte de GBA están puntuados como los mejores del país.- AUMENTAMOS NUESTRA ATENCIÓN EN CANALES DIGITALES Y TELEFÓNICOS CON LA INTENCIÓN DE QUE, PUEDA HACER UNA OPERACIÓN 100% ONLINE.| GRUPO SVA |Concesionarios Oficiales Peugeot / Citroën¡MÁS DE 60 AÑOS EN EL RUBRO AUTOMOTOR!",1,19704000.0
"Nuevo 2008 ACTIVE 1.0Turbo""El Peugeot 2008 Active destaca por su diseño moderno, tecnología intuitiva y excelente eficiencia, ofreciendo una experiencia de conducción segura y cómoda que se adapta perfectamente al ritmo de la vida urbana y aventurera.""Llévalo con un anticipo de $19.385.800 + 24 cuotas de $838.080 con una tasa del 7,9% *Stock disponible*Entrega inmediataGrupo Robayna Concesionario Oficial PeugeotAsesor Comercial Lopez Martina*EL MEJOR PRECIO DEL MERCADO. Ventas a toda la República Argentina.*MEJORAMOS PRECIO CONTADO. Trae tu presupuesto.*TOMAMOS EL DÓLAR A MEJOR PRECIO MERCADO.* AMPLIO STOCK PARA ENTREGA INMEDIATA*TOMAMOS USADOS EN PARTE DE PAGO, contamos con tasación profesional.*SOLUCIONES DE FINANCIAMIENTO: Prendaria, personal y leasing en cuotas fijas y en pesos.*FINANCIACIÓN $ 8,000,000 EN 18 MESES TNA 0%*FINANCIACIÓN $ 14,000,000 EN 18 MESES TNA 0%*FINANCIACIÓN UVA $22.000.000 EN 24 MESES TNA 0%*TEST DRIVE A DISPOSICIÓN.*AMPLIA DISPONIBILIDAD DE COLORES.*CONSULTAR VALORES VIGENTES.*VENTA DIRECTA DE FABRICA Y/O STOCK PARA ENTREGA INMEDIATA **El precio no incluye Fletes y ni Patentamientos.* RESPUESTA AL INSTANTE EN SU CONSULTA POR WHATSS APP O LLAMADO*TALLERES PROPIOS OFICIALES Y VENTA DE REPUESTOSGRUPO ROBAYNA, TU SOCIO DE CONFIANZA EN MOVILIDADSucursal Peugeot Zarate - Grupo Robayna – Concesionario Oficial PeugeotMIGUEL ROBAYNA S.A",1,32400000.0
"Concesionario Oficial Volkswagen con el Stock Más Amplio de 0KM.Asesor comercial RODRIGO TOBIA.¡Bienvenido a nuestro concesionario oficial Volkswagen! Estamos orgullosos de ofrecer el stock de unidades 0KM más amplio del mercado, con disponibilidad de colores para satisfacer tus preferencias.Unidades Físicas para Entrega Inmediata.No esperes más para disfrutar de tu nuevo Volkswagen. Tenemos unidades físicas listas para entrega inmediata, sin demoras innecesarias.Formas de Pago para Unidades 0KM:Contado: La opción más rápida y sencilla.Crédito Prendario a través de Volkswagen Financial Service: Te ayudamos a financiar tu Volkswagen de la forma mas conveniente con créditos prendarios otorgados por BBVA. Con cuotas fijas y las tasas mas bajas del mercado. Tasas 0% en todas las versionesTomamos tu usado en forma de pago: Solo vehículos radicados en CABA y AMBA con menos de 100 mil km.Financiación de Fábrica en 84 cuotas: Una forma accesible de adquirir tu Volkswagen.Vehículos Adjudicados: Mínimo anticipo más cuotas.Nota Importante:El valor publicado no incluye gastos de agencia (flete, formularios, alistamiento, preentrega, patentamiento).Si deseas obtener más detalles sobre cualquiera de nuestras unidades, formas de pago o si tienes alguna pregunta, no dudes en contactarnos. Estamos aquí para ayudarte a encontrar el Volkswagen que se adapte a tus necesidades.¡Gracias por considerarnos para tu próxima adquisición de vehículo!",1,26100000.0
"NISSAN CAPITALConcesionario Número #1 de la Argentina-- Variedad de colores-- Tomamos todos los usados al mejor precio.-- Mejoramos cualquier oferta.-- ¡ENTREGA INMEDIATA!-- Financiación y tasas preferenciales CREDINISSAN-- Anticipo Y 12, 24, 48 Y hasta 60 CUOTAS FIJAS!!-- Atención Personalizada-- Garantía oficial NissanNISSAN CAPITALCaballito - Villa Luro - Ciudadela-- ¡Esperamos tu consulta!El precio publicado no incluye gastos de flete,ni formularios ni gastos administrativos.Foto no contractual.Corresponde al modelo del título de la descripción.Equipamiento según versión.",1,36030000.0
"Ultima unidad con bonificación especial- Contactanos para recibir más información y reservar tu unidad 0km!***********************************************************************************Vehículo: Volkswagen TAOS Highline 250 tsi bi TonoAño: 2025Km: 0km ***********************************************************************************Equipamiento: Nuevo TAOS. Llega para marcar una diferencia entre los SUV. Tecnología interior y exterior, de imagen solida y robusta. Tiene todo para vos: conectividad, diseño, seguridad, comfort, eficiencia son algunas de las cualidad que dan identidad a nuestro SUV TAOS. Un equilibrio justo, para vos.-Consultar opciones de colores disponibles.***********************************************************************************Romera Hnos concesionario oficial Volkswagen. 96 años de vida comercial y de experiencia al servicio de nuestros clientes y amigos. 8 sucursales de venta y post venta en Tandil, Balcarce, Necochea y Mar del Plata. Nuestra trayectoria garantiza la confianza al elegirnos. Vendemos en todo el país mediante nuestro nuevo proceso Digital Sale asegurado con reserva Online de MercadoLibre.***********************************************************************************Forma de pago: Contactanos para recibir información sobre valores de venta , disponibilidades, financiaciones directas de VWfs, anticipos, precio especial por compras corporativas y permutas o tomas de unidades usadas en parte de pago. Los valores quedan sujetos a modificación sín previo aviso y a disponibilidad a confirmar por nuestros asesores comerciales oficiales. Antes de realizar una reserva por favor contactanos para chequear y acordar forma de compra.Pedinos un presupuesto completo!***********************************************************************************El precio publicado corresponde a pago contado- No incluidos gastos de retiro.-***********************************************************************************",1,45900000.0
"Somos motorville concesionario Nº1 en ventasNos destacamos por una propuesta de servicio, asesoramiento y calidad con los más altos estándares del mercado.INSPECCIÓN Y COBERTURA MECÁNICA: todos nuestros vehículos están chequeados y certificados en 240 puntos por nuestro equipo de expertos, VTV vigente, libre de deudas de patentes e infracciones.GESTORIA: Nosotros nos encargamos de todo!!!!! contamos con un equipo de gestores matriculados para que de lo único que te ocupes sea de disfrutar del vehículo.BROKER DE SEGUROS: También disponemos de un completo departamento de seguros, para que puedas comparar la cotización con compañías líderes.DEPARTAMENTO DE ACCESORIOS: personaliza tu vehículo con una gran diversidad de productos de prestigiadas marcas, nuestro compromiso es estar a la vanguardia de la tecnología y el conocimiento técnico para satisfacer las necesidades y expectativas de nuestros clientesEquipamientos y accesorios - Estética vehicular – Polarizados y laminadosMÉTODOS DE PAGO:* AL CONTADO: Paga vía transferencia bancaria o depósito.*DEJA TU AUTO COMO PARTE DE PAGO: Cambia tu auto por uno de calidad certificada de motorville y con cobertura mecánica.*FINANCIACIÓN: En MOTORVILLE podes acceder a tu próximo vehículo con un anticipo mínimo y una cuota ajustada a tu medida. Las mejores tasas del mercado.NO BUSQUES MAS TU PRÓXIMO VEHÍCULO TE ESPERA EN motorville",1,37000000.0
"*** PEUGEOT NUEVO 2008 GT AM25 OPORTUNIDAD 2025 ****EL PRECIO DE LA PUBLICACION PERTENECE A UN ANTICIPO + CREDITO BANCARIO PERSONAL SIN/PRENDA INCLUYE GASTOS DE RETIRO( Flete y Formulario)!!!!! Patenta Cliente!ANTICIPO + PSA FINANCE 8.000.000 18 CUOTAS TASA 0 FIJAS Y EN PESOS** GRUPO ROBAYNA **_BENITEZ MARCOS!!!!!_# El mejor precio del mercado, ventas a toda la República Argentina.# Mejoramos precio contado, trae tu presupuesto.# Tomamos el dólar a mejor precio mercado.# Tomamos usados en parte de pago, contamos con tasación profesional.# Financiación accesible, prendaria, personal y leasing en cuotas fijas y en pesos.# Test Drive a disposición.# Consultar disponibilidad de colores.# El precio no incluye Fletes y ni Patentamientos.# Consultar valores vigentes._¿Por qué Grupo Robayna - Peugeot?* Somos una concesionaria oficial de Peugeot con más de 30+ años en el mercado. Contamos con un excelente equipo de asesoramiento especializado que estarán contigo desde el primer contacto hasta el retiro de su vehículo.* Tenemos a disposición vehículos 100% de calidad, excelencia y lo más importante, directo de la marca.* Brindamos soluciones de financiamiento con variedad de opciones como también para nuestros planes de ahorro directo de la fábrica.* Ofrecemos Test Drive para que puedas vivir la experiencia en primera persona y así poder disfrutar de tu próximo vehículo antes de tomar cualquier decisión.* Nuestras garantías son respaldadas por la certificación oficial Peugeot. Como así también ofrecemos un excelente servicio de postventa para potenciar aún más tu vehículo a tu estilo. Ya sea con más asesoramiento de tu nuevo vehículo, mantenimiento, repuestos y más servicios que necesites.* Nuestra misión y ética se fortalecen mediante la transparencia, honestidad, trabajo digno y sobre todo, en equipo. Crear un ecosistema de excelencia dónde comprar tu vehículo sea rápido, seguro y muy confiable.* Nuestros clientes son los que mejores representan lo que somos como empresa. Son nuestro núcleo para cada día ser los mejores en el sector._Sucursal Robayna - Concesionaria San Miguel, única en la zona.MIGUEL ROBAYNA S.AAgente Oficial Peugeot Argentina.- Imágenes Ilustrativas.",1,31900000.0
Valor informado corresponde a anticipo- Saldo a convenir. Consultanos para mayor información. Líneas disponibles de crédito. VW Financial Service- Agronación Mi Pyme - Santanderrio - Banco Provincia - Banco Nación - Banco Galicia - Banco Superville - Credicoop - Banco Francés.-,1,31000000.0
"Somos motorville concesionario Nº1 en ventasNos destacamos por una propuesta de servicio, asesoramiento y calidad con los más altos estándares del mercado.INSPECCIÓN Y COBERTURA MECÁNICA: todos nuestros vehículos están chequeados y certificados en 240 puntos por nuestro equipo de expertos, VTV vigente, libre de deudas de patentes e infracciones.GESTORIA: Nosotros nos encargamos de todo!!!!! contamos con un equipo de gestores matriculados para que de lo único que te ocupes sea de disfrutar del vehículo.BROKER DE SEGUROS: También disponemos de un completo departamento de seguros, para que puedas comparar la cotización con compañías líderes.DEPARTAMENTO DE ACCESORIOS: personaliza tu vehículo con una gran diversidad de productos de prestigiadas marcas, nuestro compromiso es estar a la vanguardia de la tecnología y el conocimiento técnico para satisfacer las necesidades y expectativas de nuestros clientesEquipamientos y accesorios - Estética vehicular – Polarizados y laminadosMÉTODOS DE PAGO:* AL CONTADO: Paga vía transferencia bancaria o depósito.*DEJA TU AUTO COMO PARTE DE PAGO: Cambia tu auto por uno de calidad certificada de motorville y con cobertura mecánica.*FINANCIACIÓN: En MOTORVILLE podes acceder a tu próximo vehículo con un anticipo mínimo y una cuota ajustada a tu medida. Las mejores tasas del mercado.NO BUSQUES MAS TU PRÓXIMO VEHÍCULO TE ESPERA EN motorville",1,43790000.0
"*** NUEVA JEEP COMMANDER BLACKHAWK 2.0T 4X4 272CV ***CAR DISTRICT TE ESPERA CON LA OPORTUNIDAD QUE ESTABAS ESPERANDO !!!																														º|||||||º DESCUENTOS DE CONTADO !!!															º|||||||º ENTREGA INMEDIATA !!!															º|||||||º TOMAMOS USADOS															º|||||||º OPCIONES DE ANTICIPO Y CUOTA FIJA 0% INTERES																														ALGUNAS DE NUESTRAS OPCIONES															PLANES DE FINANCIACION :																														FINANCIA $ 12.000.000 EN 12 CUOTAS FIJAS TASA 0% DE $ 1.012.000															FINANCIA $ 18.000.000 EN 12 CUOTAS FIJAS TASA 19.9% % DE $ 1.450.000																														Concesionario líder en zona norte con más de 20 años de experiencia. ¡Garantía de calidad y atención!																														ESPERAMOS TU CONSULTA YA MISMO , NUESTROS ASESORES ESTAN LISTOS PARA ATENDERTE",1,68000000.0
AUTOTAG S.A. Concesionario Oficial N°1 Volkswagen“CONCESIONARIO LIDER EN VENTAS A NIVEL NACIONAL”Realizamos operaciones:Contado Efectivo (Cotizamos dólar al dia).Financiación con Anticipo y Cuotas fijas en pesos (SOLO DNI).Permuta (Tasamos mejor tu usado).Amplio Stock Físico – Entrega Inmediata – Venta a TODO el País.,1,55999900.0
"*** CONSECIONARIO OFICIAL PEUGEOT / FIAT / CITROEN / JEEP ***PEUGEOT NUEVO 208 ACTIVE 1.0T CVT- Modelo 2025- Version ACTIVE CVT- Unidad 0km, Sin Patentar, Sin rodar * EN STOCK FISICO*- VALOR EXPRESADO EN ANTICIPO Y EL RESTO HASTA 24 CUOTAS A TASA 0%- CONSULTE POR OTRAS OPCIONES DE FINANCIACION A TASA 0% / 9.9% Y DEMAS...- UNIDADES 0KM SIN RODAR! Y SIN PATENTAR!!!*** Contamos tambien con unidades patentadas 0km sin rodar ***Hacé click en preguntar para más información!Nave Motors Automoviles S.A. concesionario oficial PEUGEOT, ofrece la más amplia gama de vehículos usados seleccionados y las mejores condiciones para encontrar tu próximo auto.USADOS SELECCIONADOSAntes de ingresar al salón de ventas cada unidad es revisada por nuestros especialistas para poder ofrecer rodados en óptimo estado.ATENCIÓN ESPECIALIZADAContamos con un equipo de asesores profesionales. Cada cliente recibe la mejor atención para poder encontrar el vehículo que busca.TOMAMOS TU USADOPodemos recibir tu auto al mejor precio de la plaza y cotizar en el momento.REVISIÓN COMPLETACada cliente cuenta con la posibilidad de revisar, escanear o probar el auto con su mecánico de confianza.DOCUMENTACIÓN GARANTIZADACada unidad a la venta tiene toda la documentación revisada y garantizada por un equipo administrativo y gestores propios.Gonzalez EzequielAsesor Comercial",1,14000000.0
"GRUPO NAVE MOTORSFIAT - JEEP - CITROEN - PEUGEOT - RENAULTUSADOS SELECCIONADOSN°1 EN VENTAS, ATENCIÓN Y SERVICIO.ANTICIPO + CUOTAS FIJAS A TASA 0%.ENTREGA INMEDIATA.FINANCIACION EXCLUSIVA DE FIAT A TASA 0% FIJA Y EN PESOS.TOMAMOS USADOS EN PARTE DE PAGO.DEJANOS TU CONSULTA.ASESOR COMERCIAL LEANDRO RODRIGUEZ",1,129000.0
** OPORTUNIDAD DE ESTE MES **° Anticipo o Tu Usado el Resto en Cuotas.° Variedad de Colores.° Entrega Inmediata.° No es Plan.° Venta A Todo El País Sin Restricciones.° Financiamos.° Seña Y Pago Siempre Al Concesionario Oficial.° Vehiculos 0km Con Garantía.° Tomamos Su Usado Al Mejor Precio.° Atención Personalizada Las 24 Hs.--.Disponible Toda La Línea 0Km.--*AGENTE OFICIAL ZONA NORTE*,1,13000000.0
"Somos motorville concesionario Nº1 en ventasNos destacamos por una propuesta de servicio, asesoramiento y calidad con los más altos estándares del mercado.INSPECCIÓN Y COBERTURA MECÁNICA: todos nuestros vehículos están chequeados y certificados en 240 puntos por nuestro equipo de expertos, VTV vigente, libre de deudas de patentes e infracciones.GESTORIA: Nosotros nos encargamos de todo!!!!! contamos con un equipo de gestores matriculados para que de lo único que te ocupes sea de disfrutar del vehículo.BROKER DE SEGUROS: También disponemos de un completo departamento de seguros, para que puedas comparar la cotización con compañías líderes.DEPARTAMENTO DE ACCESORIOS: personaliza tu vehículo con una gran diversidad de productos de prestigiadas marcas, nuestro compromiso es estar a la vanguardia de la tecnología y el conocimiento técnico para satisfacer las necesidades y expectativas de nuestros clientesEquipamientos y accesorios - Estética vehicular – Polarizados y laminadosMÉTODOS DE PAGO:* AL CONTADO: Paga vía transferencia bancaria o depósito.*DEJA TU AUTO COMO PARTE DE PAGO: Cambia tu auto por uno de calidad certificada de motorville y con cobertura mecánica.*FINANCIACIÓN: En MOTORVILLE podes acceder a tu próximo vehículo con un anticipo mínimo y una cuota ajustada a tu medida. Las mejores tasas del mercado.NO BUSQUES MAS TU PRÓXIMO VEHÍCULO TE ESPERA EN motorville",1,41990000.0
"¡Estrena tu Volkswagen Taos Comfortline en Maynar A.G.!-Financiacion 60/40-Tasa 0% y cuotas en pesos sin interés. ¡Aprovecha la financiación directa de fábrica!-Anticipo desde 16 millones o tu usado como parte de pago.-Entregas programadas y asesoría personalizada para adaptar el plan de pagos a tus necesidades.-Financiación avanzada y sin bancos ni financieras.-Descuentos exclusivos en todas las unidades y equipamiento adicional.-Operación 100% online, venta a todo el país, ¡te gestionamos todo y solo vienes a retirar tu 0Km!Visítanos en Nuñez, Devoto, o contactanos por WhatsApp para más información.¡No te pierdas las últimas unidades con adjudicación directa! ¡Llévatela ya!",1,17300000.0
"Hola, Somos Hauswagen Escobar, Te ofrecemos Usados con garantia.NUEVA TAOS HIGHLINE EN STOCK PARA PARA FINANCIACIÓN CON CUOTA FIJA EN PESOS, ENTREGA INMEDIATA.- ANTICIPO $35.490.000 + CRÉDITO PRENDARIO VWFS - PROMO TAOS TASA 0% TNA  $ 16.000.000 en 9 Cuotas de $ 1.440.000 TASA 0%Beneficios para clientes de Banco MACRO.- Podés financiar hasta $12.000.000 en 12 cuotas sin interés con tarjeta Macro SELECTA. Sin Prenda.- Podés financiar hasta $12.000.000 en 6 cuotas sin interés por cada tarjeta Macro, Sin prenda.- Si NO sos cliente MACRO, con la reserva de la unidad un ejecutivo del Banco te califica para que accedas a las tarjetas en tiempo records.- Escuchamos Ofertas de contado.- Podes entregar tu usado en parte de pago.- Fináncianos con VOLKSWAGEN financial services, Banco MACRO y Santander Rio con las mejores tasas.- También tenemos cuotas accesibles con Créditos UVAs.- Tomamos Dolares (Consultar cotización)- Financiamos con DNI.- Hauswagen Escobar, Km 50 Panamericana ramal EscobarPertenecemos a uno de los grupos más prestigiosos del país. (GCDC)Somos Concesionario oficial Volkswagen",1,35490000.0
"// BIENVENIDOS A AUTODRIVE CONCESIONARIO OFICIAL JEEP // RAM// ANTICIPO Y 12 CUOTAS / NO INCLUYE GASTOS //// ENTREGAS INMEDIATA //// TOMAMOS USADOS //PLANES DE FINANCIACION :FINANCIA $ 10.000.000 EN 12 CUOTAS FIJAS DE TASA 0% DE $ 845.000.-FINANCIA $ 12.000.000 EN 12 CUOTAS FIJAS TASA 0% DE $ 1.012.0000.-FINANCIA $ 15.000.000 EN 12 CUOTAS FIJAS TASA 12.9% DE $ 1.386.100.-SIMULA TU CREDTIO °|||||||° POR WhastApp en el momentoPresentamos la Nueva JEEP RENEGADE SERIE S AT/6 1.3 TurboMotorización 1.3 Turbo 175cv | 270 NmTransmisión automática de 6 velocidadesTablero full digital a color de 7""Sistema multimedia Uconnect de 8,4""Conectividad Apple CarPlay / Android AutoCargador de celulares por InducciónHerramientas de asistencia a la conducción ADAS+Cámara de retrocesoInterior tapizado en cueroLlantas de aleación 18""Carrocería bi-colorTecho solar panorámicoEspejos laterales color gris granito7 AirbagsPark AssistEncendido remotoRevestimiento interior de techo en color negroFaros Full LedConectividad USB A y CTE GARANTIZAMOS UNA OPERACIÓN RÁPIDA Y TRANSPARENTE.Nuestra seriedad y respeto en la atención personalizada, se encuentra plasmada en las reseñas de nuestros clientes en Google. Respondemos siempre, en tiempo y forma, ante cualquier eventualidad.Tomamos autos en parte de pago, cotizamos en el momento.Reserva tu Jeep 0km de manera Online.Av San Martin 5700 Villa Devoto// DAMIAN GARCIA //",1,32500000.0
"CAR DISTRICT TIENE LA OPORTUNIDAD QUE ESTABAS ESPERANDO !!!º|||||||º DESCUENTOS DE CONTADO !!!º|||||||º ENTREGA INMEDIATA !!!º|||||||º TOMAMOS USADOSº|||||||º OPCIONES DE ANTICIPO Y CUOTA FIJA 0% INTERESALGUNAS DE NUESTRAS OPCIONESPLANES DE FINANCIACION :FINANCIA $ 12.000.000 EN 12 CUOTAS FIJAS TASA 0% DE $ 1.012.000FINANCIA $ 18.000.000 EN 12 CUOTAS FIJAS TASA 19.9% % DE $ 1.450.000Concesionario líder en zona norte con más de 20 años de experiencia. ¡Garantía de calidad y atención!HACE TU CONSULTA YA MISMO , NUESTROS ASESORES ESTAN LISTOS PARA ATENDERTE",1,36200000.0
"CONCESIONARIO OFICIAL CHEVROLET ----------------- PRECIO DE CONTADO ENTREGA INMEDIATA-------------------- CONSULTE ANTICIPO y CUOTAS FIJAS SOLO DNIASESOR LEONARDOCONSULTE COLORES DISPONIBLESVENDEMOS UNIDADES DISPONIBLES EN STOCK, CON ENTREGA INMEDIATACONSULTE PRECIO DE CONTADO PARA ENTREGA YATAMBIEN CONTAMOS CON FINANCIACION CON TASA 0% Y OTRAS OPCIONESTOMAMOS SU AUTO USADO EN FORMA DE PAGOAGENCIA OFICIAL DE GENERAL MOTORSN°1 EN CHEVROLETSUCURSAL SAAVEDRA",1,27000000.0
CHEVROLET TRACKER 1.2 TURBO LT AT  > 0KM 2025 <OPORTUNIDAD ÚNICA --------- > PRECIOS BONIFICADOS* MEJOR CONTADO* UNIDAD DISPONIBLE EN STOCK* TOMAMOS SU USADO * CONSULTE TAMBIÉN ANTICIPO Y FINANCIACIÓN CUOTA FIJA TASA 0% EN 12 MESES!! (cupos limitados)ENTREGA INMEDIATA!,1,26850000.0
"*Hola, gusto en saludarte TENER EN CUENTA QUE EL VALOR PUBLICADO CORRESPONDE AL PRECIO DEL ANTICIPO CON TODOS LOS GASTOS INCLUIDOS EL SALDO ES TASA 0% CUOTAS FIJAS EN PESOS Te dejo las opciones comerciales posibles para avanzar con el presupuesto  Por favor nos podrías indicar que operación estarías interesado en realizarTe dejo las opciones comerciales posibles para avanzar con el presupuesto  Por favor nos podrías indicar que operación estarías interesado en realizar 1- OPERACION DE CONTADO 2- OPERACION CON CREDITO PRENDARIO 3- OPERACION CON CREDITO Y USADO4- OPERACION CON USADO Y CONTADO 5- OPERACION CON LEASING (100% financiado)6- OPERACION CON BALLOON (la cuota más baja) 7- CREDITOS PERSONALES EMPRESAS - AUTONOMOS EN EL CASO QUE QUIERAS TOMAR LA OPCION DE FINANCIACION 1-	Con que anticipo contas = $2-	Con que unidad contas =3-	Que capacidad de pago mensual podes tomar = $TODAS LAS OPCIONES SON PARA PERSONA FISICA - JURIDICA (según disponibilidad y scoring crediticio)",1,33899999.0
"*** NUEVA JEEP COMPASS BLACKHAWK 2.0T 4X4 272CV ***CAR DISTRICT TE ESPERA CON LA OPORTUNIDAD QUE ESTABAS ESPERANDO !!!																														º|||||||º DESCUENTOS DE CONTADO !!!															º|||||||º ENTREGA INMEDIATA !!!															º|||||||º TOMAMOS USADOS															º|||||||º OPCIONES DE ANTICIPO Y CUOTA FIJA 0% INTERES																														ALGUNAS DE NUESTRAS OPCIONES															PLANES DE FINANCIACION :																														FINANCIA $ 12.000.000 EN 12 CUOTAS FIJAS TASA 0% DE $ 1.012.000															FINANCIA $ 18.000.000 EN 12 CUOTAS FIJAS TASA 19.9% % DE $ 1.450.000																														Concesionario líder en zona norte con más de 20 años de experiencia. ¡Garantía de calidad y atención!																														ESPERAMOS TU CONSULTA YA MISMO , NUESTROS ASESORES ESTAN LISTOS PARA ATENDERTE",1,55500000.0
"*Hola, gusto en saludarte TENER EN CUENTA QUE EL VALOR PUBLICADO CORRESPONDE AL PRECIO DEL ANTICIPO EL SALDO TE LO FINANCIAMOS EN CUOTAS FIJAS TASA 0%Soy Diego José Schönfeld , tu asesor asignado para asesorarte y brindarte información por la versión que nos consultas Te dejo las opciones comerciales posibles para avanzar con el presupuesto  Por favor nos podrías indicar que operación estarías interesado en realizarTe dejo las opciones comerciales posibles para avanzar con el presupuesto  Por favor nos podrías indicar que operación estarías interesado en realizar 1- OPERACION DE CONTADO 2- OPERACION CON CREDITO PRENDARIO 3- OPERACION CON CREDITO Y USADO4- OPERACION CON USADO Y CONTADO 5- OPERACION CON LEASING (100% financiado)6- OPERACION CON BALLOON (la cuota más baja) 7- CREDITOS PERSONALES EMPRESAS - AUTONOMOS EN EL CASO QUE QUIERAS TOMAR LA OPCION DE FINANCIACION 1- Con que anticipo contas = $2- Con que unidad contas =3- Que capacidad de pago mensual podes tomar = $TODAS LAS OPCIONES SON PARA PERSONA FISICA - JURIDICA (según disponibilidad y scoring crediticio)",1,42899999.0
"TARABORELLI FR, CONCESIONARIO OFICIAL PEUGEOT EN BARILOCHE!!!¡¡¡40 AÑOS DE TRAYECTORIA NOS AVALAN!!!NUEVO PEUGEOT 2008 GT T200*TOMAMOS TU USADO AL MEJOR PRECIO****UNIDADES CON ENTREGA INMEDIATA*****FINANCIACIÓN EXCLUSIVA**RETIRA CON MINIMO ANTICIPO YFINANCIA HASTA $18.000.000 EN 12; 24; 36 Ó 48 CUOTAS FIJAS EN PESOS!COLORES DISPONIBLES: BLANCO, NEGRO, GRIS SELENIUM, GRIS ARTENSE, AZUL.+++NO DUDES EN ENVIARNOS TU CONSULTA Y RESPONDEREMOS A LA BREVEDAD+++",1,39442031.0
CHEVROLET TRACKER PREMIER 1.2 TURBO > 0KM <* OPORTUNIDAD ÚNICA* CONSULTE ANTICIPO $ 28.900.000 Y 18 CUOTAS FIJAS TASA 0 % SOLO DNI* MEJOR CONTADO * UNIDAD DISPONIBLE EN STOCK* TOMAMOS SU USADOENTREGA INMEDIATA!,1,28900000.0
"•• ¡ENTREGA INMEDIATA! •• -----------------------------------------------------------------------------------------------------------------------------” Bonificación mencionando que vio la publicación de Florencia Rodriguez en mercado libre.”-----------------------------------------------------------------------------------------------------------------------------El precio publicado es un anticipo y te resta a pagar 18 cuotas fijas de $888.888 Tasa 0% Credito Psa. Entrega en 10 dias.-----------------------------------------------------------------------------------------------------------------------------CONSULTAR COLOR DISPONIBLE PARA ENTREGA INMEDIATA-----------------------------------------------------------------------------------------------------------------------------•CREDITO EXCLUSIVO!!! TODAS LAS VERSION HASTA 48 CUOTAS•FINANCIACION PARA C3 AIRCROSS, C4 CACTUS, BASALT ,BERLINGO FURGON, C3 Y JUMPY FURGON HASTA 18 CUOTAS FIJAS EN PESOS A TASA 0 SIN INTERES• ¡ENTREGA INMEDIATA!!! ¡¡¡DISPONIBILIDAD DE COLORES!!!• MEJORO CUALQUIER PRESUPUESTO, CON PRESUPUESTO EN MANO!!!-----------------------------------------------------------------------------------------------------------------------------EXPERIENCIAS DE COMPRA DE EXCELENCIA Y CALIDAD COMPROBABLES CON SU ASESORA FLORENCIA RODRIGUEZ-----------------------------------------------------------------------------------------------------------------------------•• Concesionaria Oficial Citroen••",1,17950000.0
"FORD BRONCO BIG BEND AT8 1.5L TURBO 175CV 4x4 2025 0KMSomos líderes en Ventas y Servicios¡Bonificaciones Especiales!Para consultarnos hacé click en el botón ""Preguntar"". Estamos para atenderte.+ (Consultá por el color que querés)+ Bonificaciones especiales online+ Tomamos mejor tu usado+ Entrega inmediata - Stock permanente+ Mínimo anticipo y cuotas fijas en PesosENTREGA INMEDIATA!!NO DUDES EN CONSULTAR",1,49900000.0
"*Anticipo y cuotas * financiación tasa 0 % stock fisico para entrega inmediata* Mejoramos cualquier presupuesto del país * * Somos concesionario oficial citroën ** NAVE MOTORS ** Concesionario con mas de 10 años de experiencia en vehiculos citroën ** El asesoramiento personalizado, calidad de servicio, buena atención, responsabilidad y transparencia son nuestros principales atributos para que tengas la mejor experiencia de compra ** NO DUDES Y CONSÚLTANOS ANTES DE DECIDIRTE *SIEMPRE CON ¡ENTREGA INMEDIATA!* RETIRA YA TU 0KM CON UN MÍNIMO ANTICIPO y SOLO CON DNI * (FINANCIACIÓN + DESCUENTO) * * * (FINANCIACIÓN + DESCUENTO + TOMA DE TU USADO) ** TOMAMOS TU AUTO USADO AL MEJOR PRECIO DEL MERCADO ** RESERVA TU TURNO PARA HACER UN TEST DRIVE **Asesor Cristian Mansilla*",1,18300000.0
"¡LIV MOTORS te acerca la oportunidad que estabas esperando!¡FINANCIACIÓN EXCLUSIVA! Cuotas en pesos con 0% de interés y entrega inmediata. Disponibilidad real de todas las unidades y colores. ¡Elegí el tuyo hoy mismo!El valor publicado corresponde al ANTICIPO ¡Podes financiar la diferencia con la financiación directa de fábrica!Beneficios que te ofrecemos:- Precios imbatibles: Contado, financiado o entregando tu usado.- Mejor tasación por tu auto usado (modelos desde 2010 en adelante).- Venta directa de fábrica o de stock para entrega inmediata.- Asesoramiento personalizado: Estamos listos para responder tus consultas al instante y te ofrecemos la opción de videollamadas en vivo para mostrarte los vehículos sin que salgas de tu casa.Concesionario líder en zona norte con más de 10 años de experiencia. ¡Garantía de calidad y atención!Enviamos a todo el país y te acompañamos durante todo el proceso. Solo tenés que venir a retirar tu 0 km cuando todo esté listo.- Comodidades para el cliente: Estacionamiento exclusivo para clientes. Trato preferencial a clientes del interior del país. Lo hacemos bien simple. Usted solo viene a retirar su vehículo.- Atención exclusiva para empresas y clientes especiales: Somos Peugeot Professional Center, con ofertas especiales para empresas, comerciantes, diplomáticos y jueces.¡No esperes más! Consúltanos hoy mismo y llévate tu próximo auto con la mejor financiación del mercado.LINEA DE CREDITO JEEP A TASA 0% CUOTA FIJA $12,000,000 EN 12 CUOTAS FIJAS$18,000,000 EN 12 CUOTAS FIJAS O CREDITO UVA HASTA $20,000,000",1,39229601.0
"VW NIVUS TRENDLINE MANUAL 0 KM 2025 ENTREGA INMEDIATAPRECIO PUBLICADO CORRESPONDE AL ANTICIPO, SALDO: EN EFECTIVO, PERMUTA Y/O A FINANCIAR- Financiacion a tasa 0 %- Banco Macro tarjeta selecta 12 cuotas sin interés-Banco Supervielle financia mas del 50%- Tomamos Dolares (Consultar cotización)- Entrega inmediata- Tomamos usados en parte de pago. Mejor cotización.- Financiamos con DNI, sin intereses.-Crédito prendarios- Leasing- Ventas corporativasHauswagen Escobar, Km 50 Panamericana ramal EscobarPertenecemos a uno de los grupos mas prestigiosos del país. (GCDC)Concesionario oficial VolkswagenKARINA BILAK  Asesora comercial",1,21990000.0
"**************STOCK REAL...OPORTUNIDADES REALES*******************BENEFICIOS BLEU AUTOMOTORES DEL GRUPO CAR ONE**************CONTACTANOS Y RESERVALO HOY*************************#ENTREGA INMEDIATA#FINANCIACION EXCLUSIVA CON RENAULT A TASA DESDE 0% ANUAL, NECESITAS MAS CAPITAL...TE DAMOS MAS OPCIONES!!#IMPORTANTES BONIFICACIONES#ATENCIÓN PERSONALIZADA#GARANTIA DE 3 AÑOS ó 100.000 KMS#SOLICITA UN TEST DRIVE#MEJORAMOS CUALQUIER PRESUPUESTO PARA LA COMPRA DE TU RENAULT 0KM# ACCEDE A TU PRÓXIMO OKM CON LAS SIGUIENTES OPCIONES:*Opción 1: ANTICIPO $ 11.000.000.- / FINANCIA- $ 15.000.000.- TNA 0% 12 meses.*Opción 2: ANTICIPO $ 11.000.000.- / FINANCIA- $ 15.000.000.- TNA 19,9% 18 meses.*Opción 3: ANTICIPO $ 11.000.000.- / FINANCIA- $ 15.000.000.- TNA 29,9% 24 meses.*Opción 4: ANTICIPO $ 11.000.000.- / FINANCIA- $ 15.000.000.- TNA 39,9% 36 meses.#No dudes en dejarnos tus datos y te contactaremos a la brevedad.#No dudes en dejarnos tus datos y te contactaremos a la brevedad.#El precio no incluye los gastos de flete, formularios, patentamiento, sellado 2%( ARBA-RENTAS).Consulta los colores disponibles en stock y otras versiones!!!!#Fotos no contractuales.",1,25700000.0
"*** CONSECIONARIO OFICIAL PEUGEOT / FIAT / CITROEN / JEEP ***PEUGEOT NUEVA 2008 GT 1.0T CVT- Modelo 2025- Version GT CVT- Unidad 0km, Sin Patentar, Sin rodar * EN STOCK FISICO*- VALOR EXPRESADO EN ANTICIPO Y EL RESTO HASTA 24 CUOTAS A TASA 0%- CONSULTE POR OTRAS OPCIONES DE FINANCIACION A TASA 0% / 9.9% Y DEMAS...- UNIDADES 0KM SIN RODAR! Y SIN PATENTAR!!!*** Contamos tambien con unidades patentadas 0km sin rodar ***Hacé click en preguntar para más información!Nave Motors Automoviles S.A. concesionario oficial PEUGEOT, ofrece la más amplia gama de vehículos usados seleccionados y las mejores condiciones para encontrar tu próximo auto.USADOS SELECCIONADOSAntes de ingresar al salón de ventas cada unidad es revisada por nuestros especialistas para poder ofrecer rodados en óptimo estado.ATENCIÓN ESPECIALIZADAContamos con un equipo de asesores profesionales. Cada cliente recibe la mejor atención para poder encontrar el vehículo que busca.TOMAMOS TU USADOPodemos recibir tu auto al mejor precio de la plaza y cotizar en el momento.REVISIÓN COMPLETACada cliente cuenta con la posibilidad de revisar, escanear o probar el auto con su mecánico de confianza.DOCUMENTACIÓN GARANTIZADACada unidad a la venta tiene toda la documentación revisada y garantizada por un equipo administrativo y gestores propios.Gonzalez EzequielAsesor Comercial",1,18500000.0
"CITROEN CACTUS OKM,LA ENTREGA ES INMEDIATA,PUBLICACION ,ANTICIPO Y CUOTAS,NO ES PLAN DE AHORRO,FINANCIA CON UNA TASA 0%, FINANCIA CON UNA CUOTA FIJA SIN INTERES.HASTA 16.000.000 EN 18 CUOTAS SIN INTERES.",1,24900000.0
"// BIENVENIDOS A AUTODRIVE CONCESIONARIO OFICIAL JEEP // RAM// ANTICIPO Y 12 CUOTAS / NO INCLUYE GASTOS //// ENTREGAS INMEDIATA //// TOMAMOS USADOS //PLANES DE FINANCIACION :FINANCIA $ 10.000.000 EN 12 CUOTAS FIJAS DE TASA 0% DE $ 845.000.-FINANCIA $ 12.000.000 EN 12 CUOTAS FIJAS TASA 0% DE $ 1.012.0000.-FINANCIA $ 15.000.000 EN 12 CUOTAS FIJAS TASA 12.9% DE $ 1.386.100.-SIMULA TU CREDTIO °|||||||° POR WhastApp en el momentoPresentamos la Nueva JEEP RENEGADE LONGITRUDE AT/6 1.3 TurboMotorización 1.3 Turbo 175cv | 270 NmTransmisión automática de 6 velocidadesTablero full digital a color de 7""Sistema multimedia Uconnect de 8,4""Conectividad Apple CarPlay / Android AutoCargador de celulares por InducciónHerramientas de asistencia a la conducción ADAS+Cámara de retrocesoInterior tapizado en cueroLlantas de aleación 18""Carrocería bi-colorTecho solar panorámicoEspejos laterales color gris granito7 AirbagsPark AssistEncendido remotoRevestimiento interior de techo en color negroFaros Full LedConectividad USB A y CTE GARANTIZAMOS UNA OPERACIÓN RÁPIDA Y TRANSPARENTE.Nuestra seriedad y respeto en la atención personalizada, se encuentra plasmada en las reseñas de nuestros clientes en Google. Respondemos siempre, en tiempo y forma, ante cualquier eventualidad.Tomamos autos en parte de pago, cotizamos en el momento.Reserva tu Jeep 0km de manera Online.Av San Martin 5700 Villa Devoto// DAMIAN GARCIA //",1,32500000.0
"Volkswagen Taos Comfortline 250 TSI Automática 0KM  Anticipo de $ 21.400.000 O TU USADO LLAVE CONTRA LLAVE y 18 cuotas TASA 0% de $ 1.666.000Consulta por disponibilidad de colores! Envíanos un Whatsapp a través de esta misma publicación y te armamos una propuesta personalizada a tus necesidades (contado/permuta/financiación)¿Por qué elegirnos?Amplio stock y variedad de modelos y colores.Inmejorable servicio de post-venta y service.Somos ALRA, concesionario oficial Volkswagen con más de 38 años de trayectoria en Argentina",1,37900000.0
Valor publicado ejemplo de anticipo.Tenemos entrega inmediata.Tomamos tu usado con la mejor tasación.Financia en cuotas y a Tasa 0%.Mejor precio para contado.Somos Concesionaria Oficial.Estamos en Balvanera.,1,9200.0
"KANSAI - Concesionario Oficial Toyota Nº1 en Ventas en Argentina por 25 Años Consecutivos.LA MEJOR POSVENTA DEL PAÍS.CONSULTAR DISPONIBILIDAD, NUESTROS ASESORES ESTÁN A SU DISPOSICIÓN PARA BRINDARLE ATENCIÓN PERSONALIZADA EN BASE A SU CONSULTA.¡EXCELENTES CONDICIONES POR COMPRA AL CONTADO!Tomamos tu USADO al mejor precio del mercado. ¡COMPROBALO!Además, tenemos las mejores opciones de financiación para adquirir tu 0km:ANTICIPOS DESDE 30%.HASTA 72 CUOTAS FIJAS EN PESOS.LEASING PARA EMPRESAS Y RESPONSABLES INSCRIPTOS.PLANES DE AHORRO.PLANES ADJUDICADOS – CARTERA PROPIA.NOS ENCONTRAMOS EN AV RIVADAVIA 6102 – CABALLITO CONTAMOS CON ESTACINAMIENTO SIN CARGO.JUAN RIVERA – ASESOR COMERCIAL TOYOTA KANSAI",1,71188000.0
"GRUPO NAVE MOTORSFIAT - JEEP - CITROEN - PEUGEOT - RENAULTUSADOS SELECCIONADOSN°1 EN VENTAS, ATENCIÓN Y SERVICIO.ANTICIPO + CUOTAS FIJAS A TASA 0%.ENTREGA INMEDIATA.FINANCIACION EXCLUSIVA DE FIAT A TASA 0% FIJA Y EN PESOS.TOMAMOS USADOS EN PARTE DE PAGO.DEJANOS TU CONSULTA.ASESOR COMERCIAL LEANDRO RODRIGUEZ",1,16920000.0
"Grupo Robayna Concesionario Oficial PeugeotAsesor Comercial EMILIANO REINOSOPEUGEOT GT COLOR NEGRO 38.500.000ANTICIPO 31.965.000 + 18 CUOTAS FIJAS DE 445.000*EL MEJOR PRECIO DEL MERCADO. Ventas a toda la República Argentina.*MEJORAMOS PRECIO CONTADO. Trae tu presupuesto.* AMPLIO STOCK PARA ENTREGA INMEDIATA*TOMAMOS USADOS EN PARTE DE PAGO, contamos con tasación profesional.*SOLUCIONES DE FINANCIAMIENTO: Prendaria, personal y leasing en cuotas fijas y en pesos.*FINANCIACIÓN $ 8,000,000 EN 18 MESES TNA 0%*FINANCIACIÓN $ 14,000,000 EN 18 MESES TNA 0%*FINANCIACIÓN UVA $22.000.000 EN 24 MESES TNA 0%*TEST DRIVE A DISPOSICIÓN.*AMPLIA DISPONIBILIDAD DE COLORES.*CONSULTAR VALORES VIGENTES. PRECIO PUBLICADO, ANTICIPO + CREDITO PSA*VENTA DIRECTA DE FABRICA Y/O STOCK PARA ENTREGA INMEDIATA **El precio no incluye Fletes y ni Patentamientos.* RESPUESTA AL INSTANTE EN SU CONSULTA POR WHATSS APP O LLAMADO*TALLERES PROPIOS OFICIALES Y VENTA DE REPUESTOSGRUPO ROBAYNA, TU SOCIO DE CONFIANZA EN MOVILIDADSucursal San Miguel- Grupo Robayna – Concesionario Oficial PeugeotMIGUEL ROBAYNA S.A",1,39890000.0
"• CONCESIONARIO OFICIAL PEUGEOT ¡IMPORTANTE!!! ¡LEER CON ATENCION!!¡IMPORTANTE!!! ¡LEER CON ATENCION!!¡IMPORTANTE!!! ¡LEER CON ATENCION!!• Anticipo y cuotas, el precio se complementa con crédito PSA.• FINANCIACION CON LA MEJOR TASA DEL MERCADO.• CREDITO EXCLUSIVO!!! TNA 0% HASTA $16.000.000 // PERSONAL HASTA $8.000.000 TNA 0%• TASA PREFERENCIAL TNA 12,9% / 29,9% HASTA 24 CUOTAS // TNA 39,9% HASTA $18.000.000 • TOMAMOS TU USADO AL MEJOR VALOR DEL MERCADO• NO ES TITULO PROPIO, NI PLAN ADJUDICADO• STOCK FISICO/DEPOSITO• TE ASIGNAMOS CHASIS Y MOTOR EN EL MOMENTO DE LA RESERVA• ENTREGA INMEDIATA - 7/10 DIAS HABILES ------------------------------------------------------------------------------------------------------------------------------• ¡ENTREGA INMEDIATA!!! ¡¡¡DISPONIBILIDAD DE COLORES!!!• EL MEJOR PRECIO DEL MERCADO • ¡NUEVO PEUGEOT 208 y 2008! • ¡PEUGEOT EXPERT - RESTAILING 2025!• PREVENTA NUEVO 408 / 3008• SERVICIO POST VENTA• CONCESIONARIO PLATINUM QUALITY SERVICEASESOR COMERCIAL CRISTIAN CARLOS",1,26999999.0
*CONCESIONARIO OFICIAL VOLKSWAGEN*******EXPERECIENCIA 5 ESTRELLAS*****¡¡MEJOR PRECIO Y FINANCIACIÓN!!!*AUTOS EN STOCK PERMANENTE.*VARIEDAD DE COLORES.AV LA PLATA 2050. CABA - BS. AS.*NUEVA FINANCIACIÓN EXCLUSIVA * TASA 0% EN TODAS LAS UNIDADES*SERVICIO DE MANTENIMIENTO BONIFICADO.*FORMAS DE PAGO: INTEGRANDO CONTADO O TU USADO COMO ANTICIPO Y EL RESTO EN 12 CTS 24 CTS 18 CTS 36 CTS O 48 CTS 60 CTS FIJAS Y EN $-*TOMAMOS TU USADO AL MEJOR PRECIO DEL MERCADO.*ENTREGA INMEDIATA.PODEMOS ASESORARTE Y ARMAR UN PLAN DE PAGOS DE ACUERDO A TUS NECESIDADESTENE EN CUENTA QUE TODOS LOS CREDITOS PRENDARIOS Y LEASING SON EN CUOTAS FIJAS EN PESOS.PRIMER CENTRO DE ATENCION PERSONALIZADAVOLKSWAGEN DE ARGENTINAPARA EL OTORGAMIENTO DE CREDITOS PRENDARIOS-LEASINGTRABAJAMOS CON TODOS LOS BANCOSNuestra trayectoria de mas de 35 años nos avala como lideres en el mercado nacionalContamos con el equipo mas profesional para asesorarte1- Créditos prendarios2- Leasing para empresas3- Venta Corporativa4- Cotización de tu usado/s5- Todas nuestras unidades cuentan con su correspondiente certificado de fabricación Y SON AÑO MODELO 2025.6- TOMAMOS CREDITOS DE INVERSION PRODUCTIVA7- CREDITOS PARA PyMEs.RETIRAS EN 10 DÍAS REALES.DEJANOS TU CONTACTO ASI PODEMOS ASESORARTEESTAMOS AUTORIZADOS PARA REALIZAR GESTIONES EN CUALQUIER PARTE DEL PAIS POR VOLKSWAGEN ARGENTINANO DUDES EN CONSULTAR LA MEJOR OPCION DE COMPRA ESTA ACA !!TRABAJAMOS CON LEASING DE TODOS LOS BANCOS.AGUARDAMOS TU CONSULTA   *MARTIN*,1,30999999.0
"Bienvenido a la Nueva COMPASS SPORT AT6 1.3 TURBO 175CVTENEMOS TODAS LAS FINANCIACIONES DE CONTADO.TOMAMOS TU USADO AL MEJOR PRECIO.EQUIPAMIENTO-Llantas de aleación 17""-Faros antiniebla delanteros y traseros LED-Espejos laterales con comando eléctricoINTERIOR-Volante y selectora tapizados en cuero-Comandos satelitales al volante-Asientos tapizados en tela-Apoyabrazos central delantero-Climatizador automático bi-zonaSEGURIDAD-6 Airbags-Control de estabilidad-Freno de arranque en pendiente-Fijación de asientos para niños (ISOFIX)TECNOLOGIA-Cierre centralizado sensible a la velocidad-Conectividad USB A-C/Conectividad Wireless-Cámara de retroceso-Control de velocidad crucero-Sensor de estacionamiento trasero-Sensor de lluviaAnticipo $14.800.000 o $11.1360.00 y/o tu usado para retira la unidadQUE ESPERAS PARA SUBIRTE A LA AVENTURA JEEP!!!!Consultas las 24hsAtención rápida! desde el Botón azul!!",1,38050000.0
"*Hola, gusto en saludarte TENER EN CUENTA QUE EL VALOR PUBLICADO CORRESPONDE AL PRECIO DEL ANTICIPO CON TODOS LOS GASTOS INCLUIDOS EL SALDO ES TASA 0% CUOTAS FIJAS EN PESOS Te dejo las opciones comerciales posibles para avanzar con el presupuesto  Por favor nos podrías indicar que operación estarías interesado en realizarTe dejo las opciones comerciales posibles para avanzar con el presupuesto  Por favor nos podrías indicar que operación estarías interesado en realizar 1- OPERACION DE CONTADO 2- OPERACION CON CREDITO PRENDARIO 3- OPERACION CON CREDITO Y USADO4- OPERACION CON USADO Y CONTADO 5- OPERACION CON LEASING (100% financiado)6- OPERACION CON BALLOON (la cuota más baja) 7- CREDITOS PERSONALES EMPRESAS - AUTONOMOS EN EL CASO QUE QUIERAS TOMAR LA OPCION DE FINANCIACION 1- Con que anticipo contas = $2- Con que unidad contas =3- Que capacidad de pago mensual podes tomar = $TODAS LAS OPCIONES SON PARA PERSONA FISICA - JURIDICA (según disponibilidad y scoring crediticio)",1,37999999.0
"FORD BRENSON CONCESIONARIO OFICIALSucursal - VICENTE LOPEZAsesor Comercial Lucas InzaurraldezFORD TERRITORY 1.8l 185cv TITANIUM AT 2025 Somos líderes en Ventas y Servicios¡Bonificaciones Especiales!Para consultarnos hacé click en el botón ""Preguntar"". Estamos para atenderte.+ (Consultá por el color que querés)+ Bonificaciones especiales online+ Tomamos mejor tu usado+ Entrega inmediata - Stock permanente+ Mínimo anticipo y cuotas fijas en PesosENTREGA INMEDIATA!!NO DUDES EN CONSULTAR",1,46800000.0
"FINANCIA TU NIVUS EN AUTOTAG CON TASA 0%, EL CONCESIONARIO OFICIAL VOLKSWAGEN MAS ELEGIDO DE ARGENTINAGASTON DOMINGUEZASESOR COMERCIAL CASA CENTRALCERTIFICADO POR VW INTERNATIONAL CENTER***** EXPERIENCIA 5 ESTRELLAS *****+ ENTREGA INMEDIATA+ MAS DE 1000 AUTOS EN STOCK PERMANENTE¡CONCESIONARIO # 1 EN VENTAS!Miembro DE * GRUPO DIAZ * con mas de 40 años en el mercado.En Autotag Volkswagen priorizamos tu experiencia de compra para que sea 5 estrellas *****------------------------------------------------------------------------------------------------------------El valor expresado corresponde al anticipo con gastos incluidos, financias el saldo en 9 cuotas sin interes------------------------------------------------------------------------------------------------------------COMPRA TU NUEVO NIVUS CON NOSOTROS, PODEMOS OFRECERTE:+ COMPRA ONLINE+ COLORES A ELECCIÓN+ AMPLIO STOCK+ MEJORES PRECIOS+ ENTREGA INMEDIATA+ VENDEMOS A TODO EL PAIS+ EMITIMOS FACTURA PROFORMA+ FINANCIA SOLO CON DNI CUOTAS FIJAS+ RECIBIMOS SU USADO DE TODAS LAS MARCAS AL MEJOR PRECIO",1,24200000.0
"NUEVO CITROEN C3 AIRCROSS SHINE T200STOCK DISPONIBLE PARA RETIRO INMEDIATOLLEVALO CON UN ANTICIPO DE $20.000.000 FINALES + $16.000.000 FINANCIADOS A TASA 0% MEDIANTE CREDITO PRENDARIO, CON LAS SIGUIENTES OPCIONES DE CUOTAS:- 18 CUOTAS TNA 0% DE $888.900- O 24 CUOTAS TNA 9,9% DE $765.300(GASTOS DE CREDITO Y PATENTAMIENTO YA INCLUIDOS EN EL ANTICIPO)PRECIO PROMOCIONAL : $31.200.000 + gastos de patentamientoTAMBIEN PODES FINANCIAR CON ESTAS OPCIONES:*FINANCIACIÓN EXCLUSIVA DE PSA A TASA 0% DE INTERÉS DE HASTA $18.000.000 PRENDARIAO HASTA $18.000.000 MEDIANTE CREDITO PRENDARIO EN:12 CUOTAS TNA 9,9%24 CUOTAS TNA 23,9%36 CUOTAS TNA 34,9%48 CUOTAS TNA 34,9%*HASTA $22.000.000 CON CREDITO UVA#TOMAMOS TU USADO AL MEJOR PRECIO#TEST DRIVE A DISPOSICIÓNCATALINA CASTRELLON - ASESORA COMERCIAL VNSucursales Robayna -Sucursales Zarate, Escobar, Don Torcuato( Tigre) y Remeros Plaza( Nordelta)MIGUEL ROBAYNA S.AAgente Oficial Peugeot Citroën Argentina",1,31200000.0
"•**DARC CITROEN**•••• ENTREGA INMEDIATA! •••-FINANCIACIÓN A TASA EXCLUSIVA-PAGAMOS MEJOR TU AUTO-RETÍRALO CON MÍNIMO ANTICIPO Y SALDO EN CUOTAS, SOLO CON TU DNI-MEJORAMOS CUALQUIER PRESUPUESTO-TALLERES PROPIO EN SUCURSAL-ESTACIONAMIENTO EXCLUSIVO PARA CLIENTES-TEST DRIVE DISPONIBLE-FORMA DE PAGO A CONVENIR SEGÚN TIPO DE VENTA-ATENDEMOS VENTA A EMPRESAS-VENTA DISCAPACITADOS DIPLOMÁTICOS-LO VISITAMOS EN SU DOMICILIO O EMPRESA• Concesionario Oficial D'arc Citroen •*** imágenes no contractuales ***",1,30521000.0
"CAR DISTRICT TE ESPERA CON LA OPORTUNIDAD QUE ESTABAS ESPERANDO !!!																										º|||||||º DESCUENTOS DE CONTADO !!!													º|||||||º ENTREGA INMEDIATA !!!													º|||||||º TOMAMOS USADOS													º|||||||º OPCIONES DE ANTICIPO Y CUOTA FIJA 0% INTERES																										ALGUNAS DE NUESTRAS OPCIONES													PLANES DE FINANCIACION :																										FINANCIA $ 12.000.000 EN 12 CUOTAS FIJAS TASA 0% DE $ 1.012.000													FINANCIA $ 18.000.000 EN 12 CUOTAS FIJAS TASA 19.9% % DE $ 1.450.000																										Concesionario líder en zona norte con más de 20 años de experiencia. ¡Garantía de calidad y atención!																										HACE TU CONSULTA YA MISMO , NUESTROS ASESORES ESTAN LISTOS PARA ATENDERTE",1,44590000.0
"TU PEUGEOT 2008 0KM ESTÁ EN GIAMA___________________________________________LA PUBLICACIÓN ES DEL ANTICIPO + 18 CUOTAS FIJAS DE $444.445, TNA 0%_________________________________________#UNIDADES EN STOCK PARA ENTREGA INMEDIATA!#CONTAMOS CON LAS MEJORES OPCIONES DE FINANCIACIÓN CON CUOTAS FIJAS!#CRÉDITO EXCLUSIVO TASA 0%#TOMAMOS TU USADO AL MEJOR PRECIO!_____________________________________#NUEVO DISEÑO, TOTALMENTE RENOVADO!#NUEVO MOTOR TURBO 1.0 CON CADENA DE DISTRIBUCIÓN + CAJA AUTOMÁTICA DE 7 MARCHAS.#TABLERO DIGITAL.#CÁMARA TRASERA Y SENSORES DE ESTACIONAMIENTO FRONTALES Y TRASEROS!#LUCES FULL LED!#ASISTENCIAS A LA CONDUCCIÓN.#TECHO PANORÁMICO CON APERTURA#LEVAS EN VOLANTEHACE TU CONSULTA HOY Y APROVECHA CONDICIONES UNICAS!!TE ESPERAMOS CON LA MEJOR ATENCIÓN !",1,33700000.0
"Somos motorville concesionario Nº1 en ventasNos destacamos por una propuesta de servicio, asesoramiento y calidad con los más altos estándares del mercado.INSPECCIÓN Y COBERTURA MECÁNICA: todos nuestros vehículos están chequeados y certificados en 240 puntos por nuestro equipo de expertos, VTV vigente, libre de deudas de patentes e infracciones.GESTORIA: Nosotros nos encargamos de todo!!!!! contamos con un equipo de gestores matriculados para que de lo único que te ocupes sea de disfrutar del vehículo.BROKER DE SEGUROS: También disponemos de un completo departamento de seguros, para que puedas comparar la cotización con compañías líderes.DEPARTAMENTO DE ACCESORIOS: personaliza tu vehículo con una gran diversidad de productos de prestigiadas marcas, nuestro compromiso es estar a la vanguardia de la tecnología y el conocimiento técnico para satisfacer las necesidades y expectativas de nuestros clientesEquipamientos y accesorios - Estética vehicular – Polarizados y laminadosMÉTODOS DE PAGO:* AL CONTADO: Paga vía transferencia bancaria o depósito.*DEJA TU AUTO COMO PARTE DE PAGO: Cambia tu auto por uno de calidad certificada de motorville y con cobertura mecánica.*FINANCIACIÓN: En MOTORVILLE podes acceder a tu próximo vehículo con un anticipo mínimo y una cuota ajustada a tu medida. Las mejores tasas del mercado.NO BUSQUES MAS TU PRÓXIMO VEHÍCULO TE ESPERA EN motorville",1,36990000.0
"CONCESIONARIA OFICIAL RENAULT LEPICSUCURSAL PUERTO MADEROUNIDAD: DUSTER ICONIC 1.3 CVTULTIMAS 2 UNIDADES Opción 1EFECTIVO: $32.541.000.-Valor final, con flete y formularios, sellados todo listo para que patentes.Opción 2ANTICIPO: $19.356.000.-Valor final, con flete y formularios, patentamiento y gastos de créditoSaldo en 12 cuotas de $ 1.249.950.- TASA 0%OFERTA STOCK FISICO,TOMAMOS PERMUTAS, COTIZACIÓN EN EL MOMENTO.NO DUDES EN CONSULTAR.ALEJANDRO ZAPATAVENTAS RENAULT LEPIC Concesionario Oficial.",1,28200000.0
"Grupo Robayna Concesionario Oficial PeugeotAsesor Comercial EMILIANO REINOSOPEUGEOT GT COLOR NEGRO 38.500.000ANTICIPO 31.965.000    +   18 CUOTAS FIJAS DE 445.000*EL MEJOR PRECIO DEL MERCADO. Ventas a toda la República Argentina.*MEJORAMOS PRECIO CONTADO. Trae tu presupuesto.* AMPLIO STOCK PARA ENTREGA INMEDIATA*TOMAMOS USADOS EN PARTE DE PAGO, contamos con tasación profesional.*SOLUCIONES DE FINANCIAMIENTO: Prendaria, personal y leasing en cuotas fijas y en pesos.*FINANCIACIÓN $ 8,000,000 EN 18 MESES TNA 0%*FINANCIACIÓN $ 14,000,000 EN 18 MESES TNA 0%*FINANCIACIÓN UVA $22.000.000 EN 24 MESES TNA 0%*TEST DRIVE A DISPOSICIÓN.*AMPLIA DISPONIBILIDAD DE COLORES.*CONSULTAR VALORES VIGENTES. PRECIO PUBLICADO, ANTICIPO + CREDITO PSA*VENTA DIRECTA DE FABRICA Y/O STOCK PARA ENTREGA INMEDIATA **El precio no incluye Fletes y ni Patentamientos.* RESPUESTA AL INSTANTE EN SU CONSULTA POR WHATSS APP O LLAMADO*TALLERES PROPIOS OFICIALES Y VENTA DE REPUESTOSGRUPO ROBAYNA, TU SOCIO DE CONFIANZA EN MOVILIDADSucursal San Miguel- Grupo Robayna – Concesionario Oficial PeugeotMIGUEL ROBAYNA S.A",1,31965000.0
"Somos STRIANESE MOTORS concesionario oficial Volkswagen, el más GRANDE del país.*CONCESIONARIO OFICIAL VOLKSWAGEN*¡¡MEJOR PRECIO Y FINANCIACIÓN!!-ANTICIPO Y CUOTAS FIJAS (VALOR PUBLICADO NO INCLUYE GASTOS)*AUTOS EN STOCK PERMANENTE.*VARIEDAD DE COLORES.AV HIPOLITO YRIGOYEN 11.026 , TURDERA.*FORMAS DE PAGO:-CONTADO-INTEGRANDO CONTADO O TU USADO COMO ANTICIPO Y EL RESTO EN 12 CTS 24 CTS 18 CTS 36 CTS O 48 CTS 60 CTS FIJAS Y EN $-*FINANCIACIÓN EXCLUSIVA **TOMAMOS TU USADO AL MEJOR PRECIO DEL MERCADO.*ENTREGA INMEDIATA.PODEMOS ASESORARTE Y ARMAR UN PLAN DE PAGOS DE ACUERDO A TUS NECESIDADESTENE EN CUENTA QUE TODOS LOS CREDITOS PRENDARIOS Y LEASING SON EN CUOTAS FIJAS EN PESOS.PRIMER CENTRO DE ATENCION PERSONALIZADAVOLKSWAGEN DE ARGENTINAPARA EL OTORGAMIENTO DE CREDITOS PRENDARIOS-LEASINGNuestra trayectoria de más de 100 años nos avala como lideres en el mercado nacionalContamos con el equipo más profesional para asesorarte1- Créditos prendarios tasa 0%2- Leasing para empresas3- Venta Corporativa4- Cotización de tu usado/s5- Todas nuestras unidades cuentan con su correspondiente certificado de fabricación Y SON AÑO MODELO 2024/256- TOMAMOS CREDITOS DE INVERSION PRODUCTIVA7- CREDITOS PARA Pymes.RETIRAS EN 15 DÍAS REALES.DEJANOS TU CONTACTO ASI PODEMOS ASESORARTEESTAMOS AUTORIZADOS PARA REALIZAR GESTIONES EN CUALQUIER PARTE DEL PAIS POR VOLKSWAGEN ARGENTINA¡¡NO DUDES EN CONSULTAR LA MEJOR OPCION DE COMPRA ESTA ACA!!TRABAJAMOS CON LEASING DE TODOS LOS BANCOS.AGUARDAMOS TU CONSULTASTRIANESE MOTORSConcesionario OFICIAL Volkswagen",1,27443000.0
/// SOMOS EL CONCESIONARIO OFICIAL PEUGEOT Nº 1 EN VENTAS DEL PAIS ///PEDIDO A FABRICA/// OPERAMOS VENTA DIRECTA DE FABRICA Y/O STOCK PARA ENTREGA INMEDIATA ///SISTEMAS DE CUOTAS 0% INTERES-ANTICIPO MINIMO DE $11.500.000+ CUOTAS $274.000BONIFICACIONES EXCLUSIVAS*** EL VALOR PUBLICADO CORRESPONDE A EL ANTICIPO Y RESERVA DE LA UNIDAD***LA CANCELACION TOTAL DEL VALOR DE LA UNIDAD PUEDE FINANCIARSE EN CUOTAS 0% INTERES O CANCELAR LA TOTALIDAD A OPCION DEL COMPRADOR***TOMAMOS TU USADO AL MEJOR PRECIOTE BRINDAMOS NUESTRO EXCLUSIVO SISTEMA LLAVE CONTRA LLAVEATENCIÓN PERSONALIZADAGARANTÍA DE FÁBRICA 3 AÑOS O 100.000 KM LO PRIMERO QUE OCURRATE FINANCIAMOS HASTA $4.000.000 DEL ANTICO CON UNA INCREIBLE TASA DEL 2% DIRECTO EN 6 O 12 CUOTAS FIJAS.TENEMOS STOCK FISICO DE TODAS LAS UNIDADES Y COLORES ./// SOMOS CONCESIONARIO LIDER EN CALIDAD DE ATENCION./// RESPUESTA INMEDIATA A SUS CONSULTAS: Respondemos al instante consultas y llamados. Podemos programar una video llamada para que usted pueda ver los autos sin moverse de su casa u oficina.///VENTAS A TODO EL PAIS//////TE ACOMPAÑAMOS EN TODA LA GESTION Y SOLAMENTE TENES QUE VENIR A RETIRAR EL 0KM///*Los precios están sujetos a la lista de precios actual y sujetos a cualquier cambio en la misma*ASESOR COMERCIAL CARINA VERA,1,13300001.0
Anticipo : $27.500.000- Saldo en cuotas Tasa 0%- NUEVO!!!.  Tu usado es efectivo! Consultanos para recibir asesoramiento.,1,27500000.0
"***** PEUGEOT PLAN *****•EL VALOR PUBLICADO CORRESPONDE AL ANTICIPO.•POSIBILIDAD DE CAMBIO DE MODELO.#-LA OPERACIÓN 100% ONLINE, SIN MOVERTE DE TU CASA.# RETIRA CON EL 30%.------------------------------------------------------*- CUPOS LIMITADOS!*- PLANES DIRECTO DE FABRICA.*- CUOTAS EN PESOS Y SIN INTERÉS.*- MÍNIMOS REQUISITOS, SOLO DNI.*- BONIFICACIONES Y DESCUENTOS EXCLUSIVOS A CLIENTES DE MERCADOLIBRE.*- TOMAMOS TU USADO ""LLAVE x LLAVE"".** CONSULTE TAMBIÉN POR NUESTRO STOCK DE PLANES AGRUPADOS / ADJUDICADOS!!!!**------------------------------------------------------•Concesionario Oficial D'arc Peugeot••Más de 56 años de trayectoria•~Precio Publicado Corresponde Al Anticipo~*** imágenes no contractuales ***",1,13600000.0
"• CONCESIONARIO OFICIAL PEUGEOT ¡IMPORTANTE!!! ¡LEER CON ATENCION!!¡IMPORTANTE!!! ¡LEER CON ATENCION!!¡IMPORTANTE!!! ¡LEER CON ATENCION!!• Anticipo y cuotas, el precio se complementa con crédito PSA.• FINANCIACION CON LA MEJOR TASA DEL MERCADO.• CREDITO EXCLUSIVO!!! TNA 0% HASTA $16.000.000 // PERSONAL HASTA $8.000.000 TNA 0%• TASA PREFERENCIAL TNA 12,9% / 29,9% HASTA 24 CUOTAS // TNA 39,9% HASTA $18.000.000 • TOMAMOS TU USADO AL MEJOR VALOR DEL MERCADO• NO ES TITULO PROPIO, NI PLAN ADJUDICADO• STOCK FISICO/DEPOSITO• TE ASIGNAMOS CHASIS Y MOTOR EN EL MOMENTO DE LA RESERVA• ENTREGA INMEDIATA - 7/10 DIAS HABILES ------------------------------------------------------------------------------------------------------------------------------• ¡ENTREGA INMEDIATA!!! ¡¡¡DISPONIBILIDAD DE COLORES!!!• EL MEJOR PRECIO DEL MERCADO • ¡NUEVO PEUGEOT 208 y 2008! • ¡PEUGEOT EXPERT - RESTAILING 2025!• PREVENTA NUEVO 408 / 3008• SERVICIO POST VENTA• CONCESIONARIO PLATINUM QUALITY SERVICEASESOR COMERCIAL CRISTIAN CARLOS",1,26999999.0
NO ES PLAN DE AHORRO / ES VENTA CONVENCIONAL - ENTREGA INMEDIATA 5 DIAS1° RETIRALA CON UN ANTICIPO DE $ 10.000.000 (*) Y SALDO EN CUOTAS EN CUOTAS FIJAS O UVA.-(*) el anticipo incluye gastos para poner la unidad en calleENTREGA INMEDIATA -5 DIAS - NO ES PLAN DE AHORRO!!!STOCK FISICO DISPONIBLE !!! 3 UNIDADES > Credito prendario - (Cuota Fija + Tasa Preferencial) VOLKSWAGEN FINANCIAL SERVICES – BANCO SANTANDER RIO > BANCO FRANCES >> ENTREGA INMEDIATA > DISPONIBILIDAD DE UNIDADES - STOCK FISICO> MINIMOS REQUISITOS - APROBACION CREDITICIA A SOLA FIRMA Y CON DNI! (No necesitas garantes)Tomamos Autos en parte de pago.Su consulta no molesta.CONCESIONARIO OFICIAL VOLKSWAGEN TITO GONZALEZ contacto 11-2172-3622Horario de atención: Lunes a Sábados de 9:00hs a 19:00hs,1,34356000.0
"// BIENVENIDOS A AUTODRIVE CONCESIONARIO OFICIAL JEEP //// PRECIO ANTICIPO 38.500.000 Y CUOTAS //// NO INCLUYE GASTOSENTREGA INMEDIATAS , ULTIMAS DOS UNIDADES!TOMAMOS USADOSFINANCIA $ 10.000.000 EN 12 CUOTAS FIJAS DE TASA 0% DE $ 845.000.-FINANCIA $ 12.000.000 EN 12 CUOTAS FIJAS TASA 0% DE $ 1.012.0000.-FINANCIA $ 15.000.000 EN 12 CUOTAS FIJAS TASA 12.9% DE $ 1.386.100.-SIMULA TU CREDTIO °|||||||° POR WhastApp en el momentoPresentamos la Nueva Jeep Compass limited plus 1.3 Turbo My25Climatizador automático bi-zonaCámara de retrocesoInterior tapizado en cuero7 AirbagsEncendido remotoPark AssistCargador de celulares por inducciónHerramientas de asistencia a la conducción ADAS+Butacas delanteras eléctricasApertura de portón trasero eléctricoCarrocería bi-colorEmblemas oscurecidosMolduras inferiores externas color carroceríaRevestimiento interior de techo en color negroDoble salida de escapeLlantas de aleación 19"" oscurecidasSistema multimedia Uconnect de 10,1""Conectividad Apple CarPlay / Android Auto wireless""Sonido Premium BeatsFaros LED inteligentes- Combustible: NAFTATE GARANTIZAMOS UNA OPERACIÓN RÁPIDA Y TRANSPARENTE.Nuestra seriedad y respeto en la atención personalizada, se encuentra plasmada en las reseñas de nuestros clientes en Google. Respondemos siempre, en tiempo y forma, ante cualquier eventualidad.Tomamos autos en parte de pago, cotizamos en el momento.Reserva tu Jeep 0km de manera Online.-// DAMIAN GARCIA //",1,42900000.0
"VW TAOS HIGHLINE 1.4 TSI AT | 0KM 202. Retirala con Anticipo desde $10.000.000 + Financiación.El Precio Publicado corresponde a operaciones Contado . CONSULTANOS por otras unidades VW 0KM ( Financiación Banco Santander solo con DNI - Tna 19.9% hasta 48 Cuotas ). 0km - Entrega Inmediata - Unidad Física en Exposición en nustro salón de ventas. Somos Imola Automotores, concesionario multimarca con más de 17 años en el mercado.VENTAS A DISTANCIATe asesoramos para que compres tu Próximo Auto Usado o 0KM desde tu Casa y viajas cuando este todo listo para retirarlo.OBJETIVOBrindarle a nuestros amigos, clientes y público en general, un proceso transparente y dinámico durante el proceso de compra de su próximo auto usado o 0km. Hacemos la diferencia, antes, durante y después de la compra de tu nuevo auto. DESCUENTOSMejoramos cualquier oferta por pago contado.STOCKDisponemos de 100 unidades en stock entre usados seleccionados y 0km con entrega inmediata de diferentes marcas. GESTORIATodos nuestros vehículos se entregan transferidos.FINANCIACIÓNPodes Financiar hasta el 95% de tu 0KM y hasta el 85% de tu próximo vehículo usados, dependiendo del modelo, año y versión. Requisitos: Activamos tu crédito en el acto, solo con tu DNI. Contamos con la Tna más baja del mercado. PERMUTASRecibimos unidades como permuta, únicamente en excelente estado. ( Excluyente )",1,49900000.0
"Tu Nissan Kicks 0KM está a tu alcance!!!Unidad lista para patentar!!!El valor publicado corresponde al ANTICIPO.Ofrecemos las mejores opciones de financiación a través de Banco Santander Río e ICBC. Consulta el plan que mejor se adapte a tus necesidades.Brindamos crédito prendario con cuotas fijas y variables, garantizando la mejor tasa del mercado.Aceptamos permutas.Anticipo + cuotas y entrega inmediata el mismo día de la operación.Plan de financiación:Entrega: $17.704.000El resto en cuotas:12 cuotas de $2.459.00024 cuotas de $1.348.00036 cuotas de $981.00048 cuotas de $801.00060 cuotas de $694.000Transferencia y sellado de prenda se abonan por separado.Estamos en Av. San Martín 7118, esquina Griveo, Villa Devoto.Envianos tu consulta.",1,17704000.0
"Somos Peugeot Toulon - Casa CentralConcesionario Oficial de la Red Peugeot Argentina- Peugeot 2008 ACTIVE (Precio corresponde al mínimo anticipo)OPERACIÓN DE CONTADO PRECIO CHARLABLEFinanciaciones disponibles<<< Financia hasta $14.00.000 en 18 meses (tasa 0%) >>><<< Financia hasta $32.000.000 en 12, 24, 36 y 48 cuotas >>>* Tomamos tu usado en parte de pago.* Solicita tu Test Drive y consulta además las bonificaciones disponibles.* Contamos con unidades físicas de los modelos más vendidos, con financiación directa y entrega inmediata.* Mejoramos todos los presupuestos¡Dejanos tu consulta!SR",1,23820000.0
!!!OFERTA ESPECIAL DEL MES!!! OBTENELO CON UN CRÉDITO DE HASTA $16.000.000 EN TASA 0%El valor publicado corresponde a anticipo y cuotasSTOCK FÍSICO Y CON CERTIFICADO .UNIDADES DISPONIBLE PARA ENTREGA INMEDIATA .!NAVE MOTORS CONCESIONARIO OFICIAL CITROEN!CALIDAD Y TRAYECTORIA A NIVEL NACIONAL.NUMERO 1 DE ARGENTINA.GRACIAS A NUESTROS CLIENTES NOS POSICIONAMOS EN LA MEJOR RED DE CONCESIONARIOS DEL PAÍS.DANIEL AGUIRREVENTAS,1,27900000.0
*EL PRECIO CORRESPONDE AL ANTICIPO*EL SALDO EN CUOTAS EN PESOS*UNIDADES FISICAS DE STOCK CON NRO DE MOTOR Y CHASIS*COMPRA TU 0KM DE LA FORMA MAS SEGURA**ENTREGA INMEDIATA**,1,25000274.0
"•ALRA S.A. CONCESIONARIO OFICIAL VOLKSWAGEN•NIVUS 1.0 200TSI HIGHLINE AUTOMATICA - LINEA NUEVA MY25• Anticipo: $25.800.000• Financia: $14.000.000 en9 cuotas (TNA 0.00%) de $1.555.556 + seguro.Gastos incluidos de flete, formularios y prenda bancaria. Al retirar abona el patentamiento que es un 8% de sellos + patente proporcional.********************************************************************************Equipamiento destacado:- Llantas de aleación de 17""- Frenado asistido para evitar colisiones múltiples- Frenado autónomo de emergencia (AEB)- Control de velocidad crucero adaptativo (ACC)- Detector de punto ciego con asistente trasero de tráfico cruzado- Grilla LED frontal iluminada- Barras de techo silver- Sistema de detector de fatiga- Indicador para el control de presión de neumáticos- Tapizado en cuero ecológico- Espejos rebatibles en forma eléctrica- Sensor de estacionamiento delantero- Tablero 100% digital 10,25"" | Active Info Display- Sistema Multimedia VW Play 10"" Conectada con App connect sin cable********************************************************************************Erika Parra- Av. Juan B. Justo 2611 - Villa Crespo Buenos Aires -•ALRA S.A. CONCESIONARIO OFICIAL VOLKSWAGEN•",1,25800002.0
"º|||||||º BIENVENIDOS A AUTODRIVE º|||||||ºº|||||||º CONCESIONARIO OFICIAL JEEP º|||||||º/VALOR PUBLICADO COMO ANTICIPOº|||||||º OFERTA UNIDADES º|||||||ºº|||||||º TOMAMOS USADOS º|||||||ºPLANES DE FINANCIACION :FINANCIA $ 10.000.000 EN 12 CUOTAS FIJAS TASA 0% $ 843.300.-FINANCIA $ 12.000.000 EN 12 CUOTAS FIJAS TASA 0% DE $ 1.012.000FINANCIA $1 5.000.000 EN 12 CUOTAS FIJAS TASA 12.9 % DE $ 1.375.500GASTOS CREDITICIOS Y PRENDA $ 500.000.-ASESOR COMERCIAL // JAVIER AGUILARPresentamos la Nueva Jeep Compass Serie s 1.3t my 25Motorización 1.3T 175 CV T 270Llantas de aleación 19Sist. multimedia Uconnect de 10,1”.Apple carplay/Android Auto wireless.Tablero full digital de 10,25”.Climatizador Automático Bi-Zona.Cámara de retroceso.6 Airbags.Sistema Adastechocuero",1,45990000.0
-- CONCESIONARIO GRUPO SVA --*** 2008 GT 1.0T - Stock Físico ***- EL VALOR PUBLICADO CORRESPONDE AL ANTICIPO RESTO FINANCIANDO $8.000.000 EN 18 CUOTAS FIJAS A TASA 0 % (SIN PRENDA)- NO INCLUYE GASTOS PATENTAMIENTO.-FINANCIA A TASA 0% EN 24 CUOTAS FIJAS $14.000.000.--FINANCIA HASTA $18.000.000.- CON TASAS BAJAS Y CUOTAS FIJAS-FINANCIACION CON CREDITO UVA HASTA 22.000.000CONSULTE OTRAS OPCIONES DE FINANCIACIÓN CON TASA PROMOCIONAL.** VENTA CONSUMIDOR FINAL o EMPRESAS/RES. INCRIPTO.TEST DRIVE DISPONIBLE EXCLUSIVO PARA CLIENTES*** TOMAMOS TU USADO AL MEJOR PRECIOFORMAS DE PAGO: aceptamos todas las formas de pago. Tomamos mejor sus dólares.-- Realiza tu consulta vía whatapp --| SOMOS GRUPO SVA |Concesionarios Oficiales Peugeot / Citroën¡MÁS DE 65 AÑOS EN EL RUBRO AUTOMOTOR!,1,29900000.0
"¡Cada vez más cerca de tu COMPASS! ¿Buscas anticipos y cuotas accesibles? ¡ Estás en el lugar correcto ! con un anticipo de $12,738,000 podes tener tu ram en la versión que prefieras!¿cómo podes presentar ese capital?EFECTIVO / DOLARES / AUTOS USADOS ¿Y el resto? Ahora podes aprovechar nuestro financiamiento a TASA CERO financia hasta el %60 del valor de tu unidad ¡no pagues sobreprecio!Contamos con financiaciones en 24/36/48 o hasta 70 cuotas Acomoda la cantidad y el monto de las cuotas a tu manera!                                             ¡no pierdas esta oportunidad! Subite al Jeep Compass y sentí la diferencia desde el primer día:# Espacio cómodo para que vos y tu familia viajen relajados# Tecnología que te conecta a todo: Android Auto y Apple CarPlay# Seguridad en serio: control de estabilidad, asistente en pendientes, múltiples airbags# Diseño premium que no pasa desapercibido[Estamos en: Capital Federal y Zona OesteDe lunes a sábados de 9 a 19 hs]Atención rápida por #Whtspp para más info.",1,31999999.0
"****Cupos  Limitado financiación exclusiva $20.000.000 Tasa 0 % 24 meses***** Mejoramos cualquier presupuesto del país * * Somos concesionario oficial citroën ** NAVE MOTORS ** Concesionario con mas de 10 años de experiencia en vehiculos citroën ** El asesoramiento personalizado, calidad de servicio, buena atención, responsabilidad y transparencia son nuestros principales atributos para que tengas la mejor experiencia de compra ** NO DUDES Y CONSÚLTANOS ANTES DE DECIDIRTE *SIEMPRE CON ¡ENTREGA INMEDIATA!* RETIRA YA TU 0KM CON UN MÍNIMO ANTICIPO y SOLO CON DNI * (FINANCIACIÓN + DESCUENTO) * * * (FINANCIACIÓN + DESCUENTO + TOMA DE TU USADO) ** TOMAMOS TU AUTO USADO AL MEJOR PRECIO DEL MERCADO ** RESERVA TU TURNO PARA HACER UN TEST DRIVE *",1,14500000.0
"KANSAI - Concesionario Oficial Toyota Nº1 en Ventas en Argentina por 25 Años Consecutivos.LA MEJOR POSVENTA DEL PAÍS.CONSULTAR DISPONIBILIDAD, NUESTROS ASESORES ESTÁN A SU DISPOSICIÓN PARABRINDARLE ATENCIÓN PERSONALIZADA EN BASE A SU CONSULTA.¡EXCELENTES CONDICIONES POR COMPRA AL CONTADO!Tomamos tu USADO al mejor precio del mercado. ¡COMPROBALO!Además, tenemos las mejores opciones de financiación para adquirir tu 0km:ANTICIPOS DESDE 30%.HASTA 72 CUOTAS FIJAS EN PESOS.LEASING PARA EMPRESAS Y RESPONSABLES INSCRIPTOS.PLANES DE AHORRO.PLANES ADJUDICADOS – CARTERA PROPIA.RESPONSABLE FREDDY JEREZ",1,47951000.0
"Stock fisico entrega inmediata !!!!!!* Mejoramos cualquier presupuesto del país * * Somos concesionario oficial citroën ** NAVE MOTORS ** Concesionario con mas de 10 años de experiencia en vehiculos citroën ** El asesoramiento personalizado, calidad de servicio, buena atención, responsabilidad y transparencia son nuestros principales atributos para que tengas la mejor experiencia de compra ** NO DUDES Y CONSÚLTANOS ANTES DE DECIDIRTE *SIEMPRE CON ¡ENTREGA INMEDIATA!* RETIRA YA TU 0KM CON UN MÍNIMO ANTICIPO y SOLO CON DNI * (FINANCIACIÓN + DESCUENTO) * * * (FINANCIACIÓN + DESCUENTO + TOMA DE TU USADO) ** TOMAMOS TU AUTO USADO AL MEJOR PRECIO DEL MERCADO ** RESERVA TU TURNO PARA HACER UN TEST DRIVE *",1,28500000.0
"Compra tu Nissan Kicks 0KM !Anticipo y cuotas, la mejor financiacion !Contamos con toda la linea Nissan al mejor precio !Lista para transferir, posee toda la documentación necesaria para llevártelo en el día.Tomamos tu usado al mejor precio!No aceptamos motos, cuatriciclos, terrenos etc.Estamos ubicados en Villa Devoto.Av San Martin 7118, esquina Griveo. A tan solo 300 metros de Av Gral Paz.Horarios de atención: Lunes a Viernes de 09:00 a 18:30 hsSábados de 09:00 a 15:00 hsCualquier consulta, por aca o directamente a mi whatsapp;1158952993.Axel .-",1,32999.0
!!!OFERTA ESPECIAL!!! TE FINANCIAMOS HASTA EL 80% DE LA UNIDAD(sujeto a aprobación crediticia)PRECIO PUBLICADO CORRESPONDE A ANTICIPO Y CUOTASSTOCK FÍSICO Y CON CERTIFICADO .UNIDADES DISPONIBLE PARA ENTREGA INMEDIATA .!NAVE MOTORS CONCESIONARIO OFICIAL CITROEN!CALIDAD Y TRAYECTORIA A NIVEL NACIONAL.NUMERO 1 DE ARGENTINA.GRACIAS A NUESTROS CLIENTES NOS POSICIONAMOS EN LA MEJOR RED DE CONCESIONARIOS DEL PAÍS.Daniel AguirreVentas,1,49000000.0
"Promo COMPASS ¡solo por este mes! 2025(el valor publicado corresponde a la entrega del anticipo + patentamiento)Podes realizar una entrega de $26,000,000 para tener tu unidad en calle El resto lo podes financiar en 24/36/48 o hasta 70 cuotas ¡ A tasa cero 0%!contamos con cuotas a partir de los $450,000 en adelante!Financiación | Tomamos tu usado | Dólares | PesosSubite al Jeep Compass y sentí la diferencia desde el primer día:# Espacio cómodo para que vos y tu familia viajen relajados# Tecnología que te conecta a todo: Android Auto y Apple CarPlay# Seguridad en serio: control de estabilidad, asistente en pendientes, múltiples airbags# Diseño premium que no pasa desapercibido[Estamos en: Capital Federal y Zona OesteDe lunes a sábados de 9 a 19 hs]Atención rápida por #Whtspp para más info.",1,36700.0
"-Acapulco Autos: Concesionaria Automotriz multimarca con 40 años de experiencia, nos destacamos por la venta de usados seleccionados y 0Km. Contamos con un stock de mas de 100 unidades. Realizamos financiaciones hasta el 50% del valor con solo Dni y aprobación inmediata. -0Km, entrega inmediata..-Anticipo de $19.000.000 + cuotas fijas en pesos, solo DNI!!! - Horarios para visitarnos:Lunes a Viernes de 9:00 a 18:30hs.Sabados de 9 a 13:30 hs.",1,28500000.0
"¡Cada vez más cerca de tu COMPASS!¿Buscas anticipos y cuotas accesibles? ¡Estás en el lugar correcto ! Con un anticipo de $12,738,000 ¡podes tener tu COMPASS en la versión que prefieras!¿cómo podes presentar ese capital?EFECTIVO / DOLARES / AUTOS USADOS ¿Y el resto? Ahora podés aprovechar nuestro financiamiento a TASA CERO financia hasta el %60 del valor de tu unidad ¡no pagues sobreprecio!Tenemos financiamientos en 24/36/48 o hasta 70 cuotas ¡Acomoda la cantidad y el monto de las cuotas a tu manera!¡no pierdas esta oportunidad! Subite al Jeep Compass y sentí la diferencia desde el primer día:# Espacio cómodo para que vos y tu familia viajen relajados# Tecnología que te conecta a todo: Android Auto y Apple CarPlay# Seguridad en serio: control de estabilidad, asistente en pendientes, múltiples airbags# Diseño premium que no pasa desapercibido[Estamos en: Capital Federal y Zona OesteDe lunes a sábados de 9 a 19 hs]Atención rápida por #Whtspp para más info.",1,22978000.0
"Nuevo Peugeot 2008 Active T200""""ACCEDE A ESTA PROPUESTA SOLO CONTACTANDO VIA WHATSAPP""""** El precio de OFERTA corresponde ** únicamente contactando por ""WhatsApp""Retira con el Anticipo y el proporcional de patentes (Aparte)Luego Cuotas Fijas en PesosPersonal Cuota Fija  $ 27.878.808 + 18 x $ 444.480   Prendario   Cuota Fija  $ 22.958.813 + 18 x $ 777.840 + Seguro  Prendario   Cuota Fija  $ 19.704.167 + 24 x $ 838.080 + Seguro*No incluye Proporcional de Patentes** Todos los anticipos incluyen: flete , formularios , gastos crediticios , administrativos, patentamiento , gestoría, inscripción y sellado.Opcional: Contado / Permuta / Otras Versiones (a consultar)Tu consulta no molesta HACELA!Test Drive Físico Disponible! (a combinar)|| GRUPO SVA ||Concesionario Oficial || Peugeot - Citroën ||MÁS DE 60 AÑOS EN EL RUBRO AUTOMOTOR!",1,32100000.0
"CONCESIONARIA OFICIAL PEUGEOTLEER CON ATENCION ANTICIPO $13.400.000-----------------ABRIL 2025------------------EL BOLETO TE LO LLEVAS CON NUMERO DE CHASIS Y MOTOR UNIDADES FISICAS----------------------------LEER CON ATENCIONNUEVO LANZAMIENTO PEUGEOT 208 y 2008 NUEVO 2025--------------------------------------------------------------------------NUEVO LANZAMIENTONUEVO PEUGEOT 208 //ALLURE//GTHASTA $ 14,000,0000 MILLONES DE PESOS A TASA 0%EN 18,24,36 CUOTAS SIN INTERES Y FIJAS///////CON UN COSTO DE OTORGAMIENTO de $1.863.000//NUEVO PEUGEOT 208 ALLURE AUTOMATICO Y MANUAL//$16,000,000 A TASA 0 % SIN INTERESDE 24 CUOTAS FIJAS (CONSULTAR) CUOTAS $666.720COSTO DE OTORGAMIENTO FINANCIERO $1.936.000=====================================================VENTAS DIGITALES ASESOR : ADRIAN PARRATE PELEO EL MEJOR PRECIOPARA EL CLIENTE + EXCELENTES BONIFICACIONES EXCLUSIVAS.=====================================================CONTAMOS CON LOS MEJORES PRECIOS DEL MERCADO!!!Expecificaciones Tecnicas!El Nuevo 208 y 2008 llego a la Argentina con dos motorizaciones: el 1.6 VTi, 16V de la familia EC5 con 115 CV y 150 Nm, y el multipremiado propulsor turbo de 120 CV y 200 Nm de torque. Los dos motores nafteros combinan bajos costos de mantenimiento, robustez y suavidad de operación.El propulsor T200 de Stellantis se incorpora a la marca y hace su debut en el Nuevo PEUGEOT 208. Un motor de última generación, que entrega prestaciones destacadas sin comprometer la eficiencia. PEUGEOT incorpora el motor turbo-nafta T200 que genera 120 CV de potencia máxima a 5.750 rpm. El rendimiento superior también se extiende al par máximo, que alcanza los 200 Nm a 1.750 rpm.Estas cifras son posibles gracias a elementos como el uso de un turbocompresor con válvula de descarga electrónica, inyección directa de combustible y el exclusivo sistema MultiAir III, que permite un control más flexible y eficiente de las válvulas de admisión.Otro punto destacado del propulsor es la aceleración. La mayor potencia y par combinado con una estructura robusta pero ligera, lleva al B-Hatch de 0 a 100 km/h en 9,4 segundos, lo que representa el tiempo más corto respecto a sus principales competidores.",1,33230000.0
*EL PRECIO CORRESPONDE AL ANTICIPO*EL SALDO EN CUOTAS EN PESOS*UNIDADES FISICAS DE STOCK CON NRO DE MOTOR Y CHASIS*COMPRA TU 0KM DE LA FORMA MAS SEGURA**ENTREGA INMEDIATA**,1,28000071.0
"CONCESIONARIO OFICIAL PEUGEOT LEXPRES (EL PRECIO CORRESPONDE AL ANTICIPO, CONSULTAR PRECIO DE CONTADO)FINANCIA $14.000.000 A TASA 0% EN 18 MESES CON UN CREDITO PRENDARIOFINANCIA $8.000.000 A TASA 0% EN 18 MESES CON UN CREDITO PERSONALSTOCK FISICOGRUPO JACK",1,34545457.0
----------------------TRACKER RS ----EDICIÓN LIMITADA-------- ANTICIPO + 12 CUOTAS SIN INTERES -UNIDADES PARA ENTREGA INMEDIATA.- SE PUEDE FINANCIAR HASTA EL 70%- TOMAMOS PERMUTAS-CONSULTE AL WHSTAP LAS 24H-ASESOR; SR GUSTAVO,1,26500000.0
"///AUTOFRANCE PEUGEOT///*CONCESIONARIO #1 EN VENTAS<<2008 GT T200<<***DISPONIBILIDAD DE COLORES, STOCK DE UNIDADES**** SOMOS ESPECIALISTAS EN FINANCIACIONFINANCIACION HASTA $18.000.000 EN 24 CUOTAS FIJAS CON TNA 7.9%****FINANCIACION HASTA $14.000.000 TASA 0% EN 18 CUOTAS FIJAS**PRECIO PUBLICADO CORRESPONDE AL ANTICIPO + CUOTASNO INCLUYE GASTOSAprobamos su crédito en el momento. La mejor tasa del mercado. ** OPERAMOS VENTA DIRECTA DE FABRICA Y/O STOCK PARA ENTREGA INMEDIATA ** EL MEJOR PRECIO, CONTADO, FINANCIADO O CON SU USADO *///ASESORA COMERCIAL: SALOMÉ HERNÁNDEZ///",1,31650000.0
"GRUPO NAVE MOTORSFIAT - JEEP - CITROEN - PEUGEOT - RENAULTUSADOS SELECCIONADOSN°1 EN VENTAS, ATENCIÓN Y SERVICIO.ANTICIPO + CUOTAS FIJAS A TASA 0%.ENTREGA INMEDIATA.FINANCIACION EXCLUSIVA DE FIAT A TASA 0% FIJA Y EN PESOS.TOMAMOS USADOS EN PARTE DE PAGO.DEJANOS TU CONSULTA.ASESOR COMERCIAL LEANDRO RODRIGUEZ",1,35000000.0
"*Financiacion exclusiva hasta $20.000.000.Tasa 0% 24 meses ** Mejoramos cualquier presupuesto del país * * Somos concesionario oficial citroën ** NAVE MOTORS ** Concesionario con mas de 10 años de experiencia en vehiculos citroën ** El asesoramiento personalizado, calidad de servicio, buena atención, responsabilidad y transparencia son nuestros principales atributos para que tengas la mejor experiencia de compra ** NO DUDES Y CONSÚLTANOS ANTES DE DECIDIRTE *SIEMPRE CON ¡ENTREGA INMEDIATA!* RETIRA YA TU 0KM CON UN MÍNIMO ANTICIPO y SOLO CON DNI * (FINANCIACIÓN + DESCUENTO) * * * (FINANCIACIÓN + DESCUENTO + TOMA DE TU USADO) ** TOMAMOS TU AUTO USADO AL MEJOR PRECIO DEL MERCADO ** RESERVA TU TURNO PARA HACER UN TEST DRIVE *",1,14500000.0
"***** CITROEN PLAN *****••RETIRA CON EL 30%•••EL VALOR PUBLICADO CORRESPONDE AL ANTICIPO•POSIBILIDAD DE CAMBIO DE MODELO#-LA OPERACIÓN 100% ONLINE, SIN MOVERTE DE TU CASA.#-VENTAS A TODO EL PAÍS (GESTIONAMOS TODA LA OPERACIÓN A DISTANCIA) SOLO VENIS A RETIRAR TU 0KM.------------------------------------------------------*- CUPOS LIMITADOS!*- PLANES DIRECTO DE FABRICA.*- CUOTAS EN PESOS Y SIN INTERÉS.*- PODES CANCELAR O ANTICIPAR CUOTAS.*- MÍNIMOS REQUISITOS, SOLO DNI.*- BONIFICACIONES Y DESCUENTOS EXCLUSIVOS A CLIENTES DE MERCADOLIBRE.*- TOMAMOS TU USADO ""LLAVE x LLAVE"".** CONSULTE TAMBIÉN POR NUESTRO STOCK DE PLANES AGRUPADOS / ADJUDICADOS!!!!**------------------------------------------------------•Concesionario Oficial D'arc Citroën••N° 1 en Patentamientos, más de 56 años de trayectoria•~Precio Publicado Corresponde Al Anticipo~*** imágenes no contractuales ***",1,13590000.0
CHEVROLET TRACKER 1.2 TURBO LTZ AT > 0KM <* OPORTUNIDAD ÚNICA --------- > PRECIOS BONIFICADOS* ANTICIPO $ 15.000.000 Y CUOTAS FIJAS TASA 0 % * UNIDAD DISPONIBLE EN STOCK* TOMAMOS SU USADO ENTREGA INMEDIATA!,1,30000000.0
"Volkswagen Taos 2025 Comfortline AT – Entrega inmediataPrecio publicado corresponde al anticipo inicialDiferencia en cuotas fijas –** No es plan de ahorro**Entrega inmediata garantizadaAceptamos planes de ahorro Volkswagen al día como parte de pagoConcesionario oficial VolkswagenVenta a todo el país, con gestión ágil, segura y personalizadaEquipamiento destacado – Versión Comfortline ATMotor 250 TSI 1.4L de 150 CV y 250 NmCaja automática Tiptronic de 6 velocidadesSistema multimedia VW Play con pantalla táctil de 10""App Connect inalámbrico (iOS & Android)Climatizador táctil bizona + salidas traserasSensores de estacionamiento delanteros y traserosCámara de visión traseraSistema Keyless (apertura y encendido sin llave)Volante multifunción en cuero con levasControl de velocidad cruceroTapizado en cuerinaAsistente de arranque en pendienteControl de estabilidad (ESP) + ABS + ASR + EDS + MSR6 airbags (frontales, laterales y de cortina)Freno de estacionamiento eléctricoIndicador de presión de neumáticosLuces LED delanteras y traserasIluminación ""Coming & Leaving Home""Dirección asistida eléctricaDimensiones técnicasLargo: 4.468 mmAncho: 1.841 mmAlto: 1.624 mmDistancia entre ejes: 2.681 mmCapacidad del baúl: 498 litrosTanque de combustible: 50 litrosEsperamos tu consulta!",1,29104000.0
"PRECIO PUBLICADO DE ANTICIPO SUGERIDO¡TU JEEP COMPASS TE ESTÁ ESPERANDO EN SPORT CARS JEEP!Si estás buscando una SUV que combine diseño, tecnología y robustez, la Jeep Compass es tu mejor elección. Y no hay mejor lugar para encontrarla que en Sport Cars Jeep, una de las concesionarias más grandes y confiables del país.¿POR QUÉ ELEGIR SPORT CARS JEEP?40 años de trayectoria en el mercado automotor, brindando confianza, respaldo y compromiso en cada operación.Somos concesionaria oficial Jeep, con atención especializada y asesoramiento profesional en cada etapa de tu compra.Contamos con altísimos estándares de calidad en atención al cliente: nuestro equipo está capacitado para brindarte una experiencia personalizada, clara y sin vueltas.Tenemos uno de los mayores stocks del país y posibilidades reales de entrega inmediata.Te ofrecemos planes de financiación exclusivos, toma de usados al mejor valor y promociones únicas.Miles de clientes satisfechos nos eligen año tras año por nuestra seriedad y dedicación.¿QUÉ TRAE LA NUEVA JEEP COMPASS?Estilo sofisticado y diseño robusto.Tecnología de última generación con conectividad total.Seguridad activa y pasiva para vos y tu familia.Interior amplio, cómodo y con terminaciones premium.Excelente performance tanto en ciudad como en ruta.Vení a Sport Cars Jeep y llevate la Compass que soñás con la confianza de estar en las mejores manos.¡Consulta ahora y descubrí una experiencia de compra a otro nivel!FLORENCIA VASQUEZ",1,39500000.0
"TARABORELLI CARS JEEP/RAM CaballitoObtené tu 0km de la manera más segura.Contamos con diferentes opciones de pago:-Contado.-Anticipo y cuotas fijas.-Anticipo y cuotas variables (entrega inmediata)-mejor cotización del mercado, con nosotros tu usado vale más!Tenemos toda la gama de colores, disponemos de STOCK físico con certificado de todas nuestras unidades para entrega inmediata.Ventas a todo el país de forma eficaz. ASESOR COMERCIAL: VENTAS CONVENCIONAL Y EMPRESAS DANIELA MARTINEZ PICOS",1,45859002.0
"Jeep Renegade Willys 2025 - Edición Especial¡Llega la nueva Jeep Renegade Willys 2025, una edición limitada que rinde homenaje a los legendarios modelos Willys de la década de 1940! Este SUV compacto combina el espíritu todoterreno con tecnología moderna y un diseño exclusivo.Motor: 1.3 Turbo naftero de 175 CV y 270 Nm de torqueTransmisión: Automática de 9 velocidades con tracción integralCapacidad 4x4: Bloqueo de diferencial electrónico y selector de terrenosDiseño exclusivo: Color Recon Green, llantas de 17” y neumáticos ATR+Interior premium: Asientos de cuero con grabados Willys y techo solarSolo 7 unidades disponibles, ¡no te quedes sin la tuya!***ANTICIPO + CUOTAS FIJAS (TNA 0%)***FINANCIACIÓN PRE CANCELABLEENTREGA INMEDIATACONSULTAR COLORESCINTIA SOSAEJECUTIVA COMERCIAL",1,38000000.0
"***** CITROEN PLAN *****••RETIRA CON EL 30%•••EL VALOR PUBLICADO CORRESPONDE AL ANTICIPO•POSIBILIDAD DE CAMBIO DE MODELO#-LA OPERACIÓN 100% ONLINE, SIN MOVERTE DE TU CASA.#-VENTAS A TODO EL PAÍS (GESTIONAMOS TODA LA OPERACIÓN A DISTANCIA) SOLO VENIS A RETIRAR TU 0KM.------------------------------------------------------*- CUPOS LIMITADOS!*- PLANES DIRECTO DE FABRICA.*- CUOTAS EN PESOS Y SIN INTERÉS.*- PODES CANCELAR O ANTICIPAR CUOTAS.*- MÍNIMOS REQUISITOS, SOLO DNI.*- BONIFICACIONES Y DESCUENTOS EXCLUSIVOS A CLIENTES DE MERCADOLIBRE.*- TOMAMOS TU USADO ""LLAVE x LLAVE"".** CONSULTE TAMBIÉN POR NUESTRO STOCK DE PLANES AGRUPADOS / ADJUDICADOS!!!!**------------------------------------------------------•Concesionario Oficial D'arc Citroën••N° 1 en Patentamientos, más de 56 años de trayectoria•~Precio Publicado Corresponde Al Anticipo~*** imágenes no contractuales ***",1,13650000.0
TU 2008 GT ESTÁ EN GIAMA !!#APROVECHÁ EL HOT SALE !!!!!*****************************************UNIDADES EN STOCK PARA ENTREGA INMEDIATA!TENELA CON UN ANTICIPO DE $30.700.000 + 24 CUOTAS FIJAS !!#ACEPTAMOS TU USADO EN PARTE DE PAGO AL MEJOR PRECIO!#TEST DRIVE DISPONIBLE#TENEMOS LOS MEJORES PLANES DE FINANCIACIÓN#COMPRA TAMBIEN CON TU BANCO POR LEASING________________________________________#NUEVO MOTOR TURBO CON CADENA DE DISTRIBUCIÓN#CAJA CVT DE 7 MARCHAS#LEVAS EN VOLANTE#ASISTENCIAS A LA CONDUCCIÓN#TECHO PANORÁMICO CON APERTUTURA#TAPIZADO DE CUERO#ASISTENCIAS A LA CONDUCCIÓN#CÁMARA FRONTAL Y TRASERA DE ESTACIONAMIENTOHACÉ TU CONSULTA HOY!,1,30700000.0
"Concesionario Oficial Volkswagen, líder en ventas y créditos del País desde el año 2000El valor publicado corresponde al anticipo.Contamos con el mejor precio de contado, tomamos tu unidad usada llave contra llave, facilidades de pago.Financiación directa y oficial por Volkswagen Financial Services.Esta unidad cuenta con una garantía de 6 años o 150.000 km, lo que ocurra primero.Stock permanente de vehículos y entrega inmediata.• RESPONDEMOS SU CONSULTA EN 5 MINUTOS.• NO ES PLAN DE AHORRO.• CONCESIONARIO OFICIAL VOLKSWAGEN.• ENTREGA INMEDIATA.• TOMAMOS TU USADO EN PARTE DE PAGO.• MEJORAMOS PRESUPUESTOS.• VEHICULO EN STOCK.• FINANCIAMOS.• EL MEJOR PRECIO DE CONTADO.• PRUEBA DE MANEJO DISPONIBLE.• VENDEMOS A TODO EL PAÍS DE MANERA ÁGIL Y SENCILLA.• NO ES PLAN DE AHORRO.• Publicamos el valor promocional del 0km, el valor final depende la operación que haga el cliente.• Ofrecemos créditos prendarios directamente de Volkswagen Financial Services CUOTA FIJA.• Tomamos tu usado en parte de pago y si lo solicitas financiar la diferencia con una tasa baja !!•CONCESIONARIO OFICIAL VOLKSWAGEN••EJECUTIVO DE VENTAS CALIFICADO••ESTEBAN KAIRUZ•",1,36500000.0
"// BIENVENIDOS A AUTODRIVE CONCESIONARIO OFICIAL JEEP //// PRECIO ANTICIPO 38.500.000 Y CUOTAS //// NO INCLUYE GASTOSENTREGA INMEDIATAS , ULTIMAS DOS UNIDADES!TOMAMOS USADOSFINANCIA $ 10.000.000 EN 12 CUOTAS FIJAS DE TASA 0% DE $ 845.000.-FINANCIA $ 12.000.000 EN 12 CUOTAS FIJAS TASA 0% DE $ 1.012.0000.-FINANCIA $ 15.000.000 EN 12 CUOTAS FIJAS TASA 12.9% DE $ 1.386.100.-SIMULA TU CREDTIO °|||||||° POR WhastApp en el momentoPresentamos la Nueva Jeep Compass limited plus 1.3 Turbo My25Climatizador automático bi-zonaCámara de retrocesoInterior tapizado en cuero7 AirbagsEncendido remotoPark AssistCargador de celulares por inducciónHerramientas de asistencia a la conducción ADAS+Butacas delanteras eléctricasApertura de portón trasero eléctricoCarrocería bi-colorEmblemas oscurecidosMolduras inferiores externas color carroceríaRevestimiento interior de techo en color negroDoble salida de escapeLlantas de aleación 19"" oscurecidasSistema multimedia Uconnect de 10,1""Conectividad Apple CarPlay / Android Auto wireless""Sonido Premium BeatsFaros LED inteligentes- Combustible: NAFTATE GARANTIZAMOS UNA OPERACIÓN RÁPIDA Y TRANSPARENTE.Nuestra seriedad y respeto en la atención personalizada, se encuentra plasmada en las reseñas de nuestros clientes en Google. Respondemos siempre, en tiempo y forma, ante cualquier eventualidad.Tomamos autos en parte de pago, cotizamos en el momento.Reserva tu Jeep 0km de manera Online.-// DAMIAN GARCIA //",1,41500000.0
"-RETIRALO CON UN ANTICIPO DE $5.999.9999 Y CUOTAS INMEDIATAMENTETASA FIJA DEL 35%-TE APROBAMOS TU CREDITO EN EL ACTO SIN GASTOS DE AVERIGUCACION CREDITICIA Y SIN VUELTAS-EN 24/48HS YA ESTAS RETIRANDO TU UNIDAD-TOMAMOS TU AUTO MEJOR QUE NADIE-PODES ABONAR TU TRANSFERENCIA CON TODAS LAS TARJETA DE CREDITOTRABAJAMOS CON TODAS LAS LINEA DE 0KMPEUGEOT, RENAULT, VOLKSWAGEN, CHRYESLER, JEEP, DODGE, CHEVROLET, FIAT, CITROEN, DSMEJORAMOS CUALQUIER PRESUPUESTO POR ESCRITO",1,39900000.0
"BETA AUTOMOTORESConcesionario Oficial ChevroletLíder en ventas y calidad de atención, la opinión de nuestros clientes y 27 años en la marca, nos avala.¡SUPER OPORTUNIDAD!!!!!!!!! HASTA AGOTAR STOCK VARIOS COLORESPRECIO FINAL DE LA UNIDAD $58.500.000 MAS GASTOS.ENTREGA INMEDIATA!!!-Entrega en 7 días, contamos con amplio stock y variedad de colores. Brindamos numero de chasis antes de la reserva, para una compra tranquila y segura.Financiación directa de GPAT CON ENTREGA INMEDIATA (NO ES PLAN DE AHORRO)CUOTAS FIJAS!ANTICIPO A: $51.100.000 con gastos de entrega + 12 cuotas al 9.9% $2.025.000ANTICIPO B: $45.775.000 con gastos de entrega + 18 cuotas al 9.9% $2.700.000ANTICIPO C: $41.450.000 con gastos de entrega + 30 cuotas al 29,9% $3.3750.000Recibimos tu vehículo en parte de pago para el anticipo!!!!¡CONSULTA AHORA!Estamos para ayudarte y asesorarte de manera personalizadaEjecutiva comercial Soto Marilin de Chevrolet Beta San Fernando.",1,58399000.0
"JEEP RENEGADE 0KM – TODAS LAS VERSIONES DISPONIBLES¡OFERTA EXCLUSIVA SOLO POR ESTE MES!Elegí la versión que mejor se adapte a vos:• Sport• Longitude• Serie SFinanciación directa | Cuotas desde $437.630 Tasa 0%Retiralo con anticipos accesibles desde $17.712.900Tomamos tu usado | Aceptamos dólares o pesosTecnología, confort y diseño Jeep en cada detalle:• Pantalla táctil de alta definición y conectividad total• Seguridad en serio: control de estabilidad, múltiples airbags• Bajo consumo y gran rendimiento en ciudad y ruta• Ideal para moverte cómodo todos los días o salir de escapada[Ubicación: Capital Federal y Zona Oeste.]De lunes a sábados de 9 a 19 hs.Atención rápida por #Whtsp para más info.",1,39000000.0
"¡Bienvenido a nuestro concesionario oficial Volkswagen! Estamos orgullosos de ofrecer el stock de unidades 0KM más amplio del mercado, con disponibilidad de colores para satisfacer tus preferencias.Unidades Físicas para Entrega Inmediata.No esperes más para disfrutar de tu nuevo Volkswagen. Tenemos unidades físicas listas para entrega inmediata, sin demoras innecesarias.Formas de Pago para Unidades 0KM:Contado: La opción más rápida y sencilla.Crédito Prendario a través de Volkswagen Financial Services: Te ayudamos a financiar tu Volkswagen de la forma más conveniente con créditos prendarios otorgados por V.W. Con cuotas fijas y las tasas más bajas del mercado.Tasas 0% en todas las versiones.Tomamos tu usado en forma de pago: Solo vehículos radicados en CABA y AMBA con menos de 100 mil km.Financiación de Fábrica en 84 cuotas: Una forma accesible de adquirir tu Volkswagen.Vehículos Adjudicados: Mínimo anticipo más cuotas.Nota Importante:El valor publicado no incluye gastos de agencia (flete, formularios, alistamiento, preentrega, patentamiento).Si deseas obtener más detalles sobre cualquiera de nuestras unidades, formas de pago o si tienes alguna pregunta, no dudes en contactarnos. Estamos aquí para ayudarte a encontrar el Volkswagen que se adapte a tus necesidades.¡Gracias por considerarnos para tu próxima adquisición de vehículo!FEDERICO ,C",1,38499999.0
ENTREGA INMEDIATA!- OKM A PATENTAR - MUY BUEN PRECIO DE CONTADO - TE OFRECEMOS ANTICIPO Y CUOTAS - COLORES A ELECCION SUJETA A DISPONIBILIDAD - BRIDAMOS ATENCION PERSONALIZADA EN TODO EL PROCESO ADMINISTRATIVO- ESTAMOS UBICADOS EN ZONA PALERMO¡CONTACTANO!,1,49900000.0
"Somos motorville concesionario Nº1 en ventasNos destacamos por una propuesta de servicio, asesoramiento y calidad con los más altos estándares del mercado.INSPECCIÓN Y COBERTURA MECÁNICA: todos nuestros vehículos están chequeados y certificados en 240 puntos por nuestro equipo de expertos, VTV vigente, libre de deudas de patentes e infracciones.GESTORIA: Nosotros nos encargamos de todo!!!!! contamos con un equipo de gestores matriculados para que de lo único que te ocupes sea de disfrutar del vehículo.BROKER DE SEGUROS: También disponemos de un completo departamento de seguros, para que puedas comparar la cotización con compañías líderes.DEPARTAMENTO DE ACCESORIOS: personaliza tu vehículo con una gran diversidad de productos de prestigiadas marcas, nuestro compromiso es estar a la vanguardia de la tecnología y el conocimiento técnico para satisfacer las necesidades y expectativas de nuestros clientesEquipamientos y accesorios - Estética vehicular – Polarizados y laminadosMÉTODOS DE PAGO:* AL CONTADO: Paga vía transferencia bancaria o depósito.*DEJA TU AUTO COMO PARTE DE PAGO: Cambia tu auto por uno de calidad certificada de motorville y con cobertura mecánica.*FINANCIACIÓN: En MOTORVILLE podes acceder a tu próximo vehículo con un anticipo mínimo y una cuota ajustada a tu medida. Las mejores tasas del mercado.NO BUSQUES MAS TU PRÓXIMO VEHÍCULO TE ESPERA EN motorville",1,39190000.0
"¡Cada vez más cerca de tu RENEGADE!¿Buscas anticipos y cuotas accesibles? ¡Estás en el lugar correcto ! Con un anticipo de $10,626,,000 podes tener tu ram en la versión que prefieras!¿cómo podes presentar ese capital?EFECTIVO / DOLARES / AUTOS USADOS ¿Y el resto? Ahora podes aprovechar nuestro financiamiento a TASA CERO financia hasta el %60 del valor de tu unidad ¡no pagues sobreprecio!El resto lo podes financiar en 24/36/48 o hasta 70 cuotas Acomoda la cantidad y el monto de las cuotas a tu manera!                                             ¡no pierdas esta oportunidad! Tecnología, confort y diseño Jeep en cada detalle:# Pantalla táctil de alta definición y conectividad total# Seguridad en serio: control de estabilidad, múltiples airbags# Bajo consumo y gran rendimiento en ciudad y ruta# Ideal para moverte cómodo todos los días o salir de escapada[Estamos en: Capital Federal y Zona OesteDe lunes a sábados de 9 a 19 hs]Atención rápida por #Whtspp para más info.",1,21000000.0
"NUEVO PLAN ADJUDICADONIVUS 170 TSI MT MY24- SIN BANCOS NI FINANCIERAS,- FINANCIACIÓN DIRECTO DE FÁBRICA- COMPRA DE CONTADO- PLAN 70/30- FINANCIACIÓN AVANZADA 3 CUOTAS- Tasa 0% sin Interés- Anticipo y cuotas- Descuentos en todas las unidades- Stock disponible- Tomamos usados y planes en parte de pago- Entregas programadas- Te ayudamos a vender tu usado- Repuestos originales.- Exclusivo llave contra llave sin perder la movilidadSOMOS MERCADO LIDERCOMPRA SEGURA O REINTEGRO AL 100%LISTO PARA PATENTAR.**AGRUPADO Y SUSCRIPCIONES""ENTREGA DIRECTAMEJOR PRECIO DE FÁBRICAVENTAS A TODO EL PAÍS DE MANERA ÁGIL Y SENCILLA (MANEJO DE LA OPERACIÓN A DISTANCIA) SOLO VENÍ A RETIRAR LA UNIDAD¡EL PRECIO PUBLICADO CORRESPONDE A UNA PROMOCIÓN DEL MES EN CURSO PARA OPERACIONES FINANCIANDO CON O SIN ENTREGA DE USADO!PESTELLI S.A. CONCESIONARIO OFICIAL VOLKSWAGENMAS DE 60 AÑOS DE EXPERIENCIA GARANTIZAN UNA COMPRA SEGURA, STOCK DISPONIBLE, LA MEJOR ATENCIÓN",1,27349500.0
"JEEP RENEGADE 0KM – TODAS LAS VERSIONES DISPONIBLES¡OFERTA EXCLUSIVA SOLO POR ESTE MES!Elegí la versión que mejor se adapte a vos:• Sport• Longitude• Serie SFinanciación directa | Cuotas desde $437.630 Tasa 0%Retiralo con anticipos accesibles desde $17.712.900Tomamos tu usado | Aceptamos dólares o pesosTecnología, confort y diseño Jeep en cada detalle:• Pantalla táctil de alta definición y conectividad total• Seguridad en serio: control de estabilidad, múltiples airbags• Bajo consumo y gran rendimiento en ciudad y ruta• Ideal para moverte cómodo todos los días o salir de escapada[Ubicación: Capital Federal y Zona Oeste.]De lunes a sábados de 9 a 19 hs.Atención rápida por #Whtsp para más info.",1,38523900.0
"***** ATENCION**** CONTAMOS CON STOCK DISPONIBLE *ENTREGA INMEDIATA!!!FINANCIA $20.000.000 EN 24 CUOTAS FIJAS EN PESOS DE 833.400 TASA 0% INTERES!!!!!**** EXCLUSIVA FINANCIACION A TASA 0% POR VEINTE MILLONES DE PESOS A 24 MESES****** Mejoramos cualquier presupuesto del país * *financiacion en cuotas fijas o variables** NAVE MOTORS ** Concesionario con mas de 10 años de experiencia en vehiculos citroën **tenemos la mejor financiacion del mercado** El asesoramiento personalizado, calidad de servicio, buena atención, responsabilidad y transparencia son nuestros principales atributos para que tengas la mejor experiencia de compra ** NO DUDES Y CONSÚLTANOS ANTES DE DECIDIRTE *SIEMPRE CON ¡ENTREGA INMEDIATA!* RETIRA YA TU 0KM CON UN MÍNIMO ANTICIPO y SOLO CON DNI * (FINANCIACIÓN + DESCUENTO) * * * (FINANCIACIÓN + DESCUENTO *",1,27400000.0
"Fiat Pulse Audace 1.0 Turbo cvt automático 2025 0km""Leer el aviso previamente a realizar consulta""EL PRECIO PUBLICDO ES UN ANTICIPO Publicación corresponde al canal de venta convencional, 0km. #NO ES PLAN DE AHORRO#Stock disponible para entrega inmediataHorario de atención de Lunes a Sábados de 09:00 a 19:00Se toman reservas de la unidad únicamente con color disponible en stock""Precio publicado contado bonificado mas gastos de flete/patentamiento""Por la variante de precios confirmar con el vendedor valor actualizado previamente a realizar la reserva de la unidadOperación con entrega inmediata de la unidad según color disponible en stockReserva unidad $1.000.000 mediante mercado pago, transferencia, deposito o en salón de ventas (débito-crédito-efectivo-mercado pago)Asesor de venta convencional directo de central mi numero de cel figura en esta publicacion contactame y te hare el mejor presupuesto y atencionMarcela Mendez Fiat Autogenerali Concesionario oficialCapital FederalOpción a financiar: Anticipo mínimo 30% del valor publicado o usado solo con dni el saldo se puede realizar en 12/24/36/48 o 60 cuotas fijas sistema francés---entrega inmediata----Consultar créditos UVA con anticipo minino 20% del valor publicado---entrega inmediata----(No es plan de ahorro, no se toman como parte de pago)Tomamos tu usado---Gran Buenos Aires y Capital federal---informar datos del usados en la consulta para enviar valor aproximado de cotización---Consultar colores disponibles en stockConcesionario oficial Fiat GeneraliServicio oficial de post ventaVentas al interior solo contado o con crédito (No se toman usados)Ventas convencional contado o crédito prendarioGARANTÍA: 3 AÑOS O 100.000KM (LO QUE OCURRA PRIMERO) ORÍGEN DEL VEHÍCULO: BRASIL.IMAGENES ILUSTRATIVAS, LOS VALORES ASÍ COMO LOS DETALLES DESCRIPTOS EN ESTE FOLLETO SON APROXIMADOS, DESCRIPTIVOS.Reserva unidad $1.000.000 mediante mercado pago, transferencia, deposito o en salón de ventas (débito-crédito-efectivo-mercado pago)",1,28000000.0
"° FIAT PULSE DRIVE MANUAL PATENTADA SIN RODAR. ° OPORTUNIDAD ÚNICA DE TENERLO AL MEJOR PRECIO DEL PAIS.° RETIRALO YA.° NO VENDEMOS PLANES DE AHORRO.° TODA LA GAMA DE COLORES DISPONIBLES.° LLEVATELO EN UNA SEMANA.° DISPONGO DE MAS VERSIONES, CONSULTAR.° UNICO CONCESIONARIO CON UNIDADES EN STOCK REAL PERMANENTE.° LO INVITAMOS A QUE VENGA A VER EL AUTO QUE SE LLEVARÁ.° VENTAS A TODO EL PAÍS DE MANERA ÁGIL Y SENCILLA (MANEJO DE LA OPERACIÓN A DISTANCIA) SOLO VENGA A RETIRAR LA UNIDAD.° ENTREGA INMEDIATA GARANTIZADA.° CONSULTENOS POR MÍNIMOS ANTICIPOS.° CUOTA FIJA EN PESOS.° TASA FIJA EN PESOS.° TOMAMOS SU USADO AL MEJOR PRECIO DEL MERCADO.° CENTRO INTEGRAL FIAT.° CONCESIONARIO OFICIAL EN ZONA NORTE.",1,24799000.0
2008 GT T200 AM250km | 2025El precio de la publicación corresponde al anticipo FINAL & el resto se financia en 18 cuotas FIJAS & en PESOS de 778.000 + Seguro del vehículo¡ENTREGA INMEDIATA!ACEPTAMOS VEHÍCULOS USADOS COMO PARTE DE PAGOOPCIÓN DE ABONAR EN DÓLARES (Excelente cotización)PARA UNA RESPUESTA MÁS RÁPIDA CONSULTE VÍA WHATSAPP| GRUPO SVA |Concesionario Oficial PEUGEOT & CITROËN¡MÁS DE 60 AÑOS QUE AVALAN NUESTRA TRAYECTORIA EN EL RUBRO AUTOMOTOR!,1,29385000.0
Valor informado corresponde a anticipo- Saldo a convenir. Consultanos para mayor información. Líneas disponibles de crédito. VW Financial Service- Agronación Mi Pyme - Santanderrio - Banco Provincia - Banco Nación - Banco Galicia - Banco Superville - Credicoop - Banco Francés.-,1,31000000.0
"GRUPO NAVE MOTORSFIAT - JEEP - CITROEN - PEUGEOT - RENAULTUSADOS SELECCIONADOSN°1 EN VENTAS, ATENCIÓN Y SERVICIO.ANTICIPO + CUOTAS FIJAS A TASA 0%.ENTREGA INMEDIATA.FINANCIACION EXCLUSIVA DE FIAT A TASA 0% FIJA Y EN PESOS.TOMAMOS USADOS EN PARTE DE PAGO.DEJANOS TU CONSULTA.ASESOR COMERCIAL LEANDRO RODRIGUEZ",1,15300000.0
EL PRECIO CORRESPONDE A UN ANTICIPOSE FINANCIAN $8.000.000 CREDITO PERSONAL SIN PRENDA!!18 CUOTAS DE $444.440 SIN INTERESES!!ENTREGA INMEDIATA!FINANCIALO CON ESTAS OPCIONES:** CREDITO HASTA 14.000.000 EN 18 CUOTAS SIN INTERES*****CREDITO HASTA 18.000.000 EN 24 CUOTAS FIJAS *****TOMAMOS TU USADO AL MEJOR PRECIOTomamos autos en parte de pago DE TODAS LAS MARCAS SIN LIMITE DE KILOMETRAJE*TEST DRIVE HABILITADO*VENI A LLEVARTE LA EXPERIENCIA DE MANEJO Y SENSACIONES REALES DE TU PROXIMO 0KMPEUGEOT AUTOFRANCEASESOR : LEANDRO MORENO,1,28864000.0
"AUTOFRANCE PEUGEOT |||PRECIO PUBLICADO DE ANTICIPO PUESTO EN CALLE!!! , FINANCIANDO $8.000.00018 CUOTAS DE $444.444 FIJAS TASA 0%||| SALDO FINAL SOLICITANDO FINANCIACIÓN DE $14.000.000 EN 18 CUOTAS FIJAS DE $777.840 SIN INTERES ||| CON ENTREGA INMEDIATA |||||| SOMOS EL CONCESIONARIO OFICIAL PEUGEOT Nº 1 EN VENTAS DEL PAIS||| OPERAMOS VENTA DIRECTA DE FABRICA Y/O STOCK PARA ENTREGA INMEDIATA||| TODOS LOS USADOS Y SEMI NUEVOS EN STOCK FUERON SOMETIDOS A RIGUROSOS CONTROLES DE CALIDAD EN NUESTROS TALLERES PROPIOS||| EL MEJOR PRECIO CONTADO FINANCIADO O CON SU USADO||| RESPUESTA INMEDIATA A SUS CONSULTAS: Respondemos al instante consultas y llamados. Podemos programar una video llamada para que usted pueda ver los autos sin moverse de su casa u oficina.||| SOMOS CONCESIONARIO LIDER EN CALIDAD DE ATENCION.||| SOMOS ESPECIALISTAS EN FINANCIACION: Financiamos HASTA $ 14.000.000 en 18 CUOTAS FIJAS TASA 0% o HASTA $22.000.000 EN 24 CUOTAS UVA TASA 0%Aprobamos su crédito en el acto!||| SU AUTO USADO EN AUTOFRANCE VALE MAS: Pagamos más por su usado desde 2009 sin limite de kilometraje. También podemos tomar su auto en consignación.||| ENTREGA INMEDIATA EN TODA LA GAMA.||| COMODIDADES PARA CLIENTES: Estacionamiento exclusivo para clientes. Trato preferencial a clientes del interior del país. Lo hacemos bien simple. Usted solo viene a retirar su 0km.||| NUESTRO SERVICIO POSTVENTA ES CONSIDERADO EL MEJOR DEL PAIS.||| FORMAS DE PAGO: aceptamos todas las formas de pago. Tomamos sus dólares al mejor valor del mercado.||| ATENCION EXCLUSIVA EMPRESAS Y CLIENTES ESPECIALES: Somos Peugeot Professional Center. Ventas especiales para empresas comerciantes diplomáticos jueces y APM||| ASESOR COMERCIAL: LEONARDO SCHIAVONE",1,35180000.0
"KANSAI - Concesionario Oficial Toyota Nº1 en Ventas en Argentina por 25 Años Consecutivos.LA MEJOR POSVENTA DEL PAÍS.*****UNIDAD BLINDADA******CONSULTAR DISPONIBILIDAD, NUESTROS ASESORES ESTÁN A SU DISPOSICIÓN PARA BRINDARLE ATENCIÓN PERSONALIZADA EN BASE A SU CONSULTA.¡EXCELENTES CONDICIONES POR COMPRA AL CONTADO!Tomamos tu USADO al mejor precio del mercado. ¡COMPROBALO!Además, tenemos las mejores opciones de financiación para adquirir tu 0km:ANTICIPOS DESDE 30%.HASTA 72 CUOTAS FIJAS EN PESOS.LEASING PARA EMPRESAS Y RESPONSABLES INSCRIPTOS.PLANES DE AHORRO.PLANES ADJUDICADOS – CARTERA PROPIA.NOS ENCONTRAMOS EN AV RIVADAVIA 6102 – CABALLITO CONTAMOS CON ESTACINAMIENTO SIN CARGO.EZEQUIEL FARUT – ASESOR COMERCIAL TOYOTA KANSAI",1,78000.0
"** AUTOFRANCE PEUGEOT **2008 ALLURE T200*CREDITO A TASA 0% INTERES $14.000.000 18 CUOTAS FIJAS Y EN PESOS DE $777.780 APLICADO A ESTA PUBLICACION*** VENTA CONSUMIDOR FINAL o EMPRESAS/RES. INCRIPTO.** OFERTA ( 1 ) - FINANCIACIÓN DE $14.000.000TNA 0% EN 18 CUOTAS FIJAS DE $77.780TNA 9.9% EN 18 CUOTAS FIJAS DE $679.140** $28.494.000 de ANTICIPO, PATENTADO PUESTO EN CALLE.** OFERTA ( 2 )* - FINANCIACIÓN DE $13.000.000 CON PRENDARIO UVA TNA 0%EN 24 CUOTAS DE $541.666** $25.742.000 de ANTICIPO, PATENTADO PUESTO EN CALLE.TEST DRIVE DISPONIBLE EXCLUSIVO PARA CLIENTES*** TOMAMOS TU USADO AL MEJOR PRECIO** TRAENOS EL CREDITO PRENDARIO DE TU BANCOAprobamos su crédito en el momento- VEHÍCULO DE PRODUCCIÓN NACIONAL.----------------------------------------------------** RESPUESTA INMEDIATA A SUS CONSULTAS:Respondemos al instante consultas y llamados. Podemos programar una video llamada para que usted pueda ver los autos sin moverse de su casa u oficina.AUTOFRANCE S.A.CONCESIONARIO PEUGEOT Nº 1 EN VENTAS DEL PAISTAMARA CHIOCCONIAsesora Comercial",1,25788000.0
"// BIENVENIDOS A AUTODRIVE CONCESIONARIO OFICIAL JEEP //// ANTICIPO 33.000.0000 Y 12 CUOTAS FIJAS TASA 0%DESCUENTOS DE CONTADO !!!ENTREGA INMEDIATA !!!TOMAMOS USADOS//PRECIO NO INCLUYE GASTOS ////JEEP COMPASS SPORT AT6 MY 25// EQUIPAMIENTO // UNIDAD FISICA ULTIMAS 2 //Motorización T270 con 270Nm.Llantas de aleación de 17”.Sist. multimedia Uconnect 8,4”.Apple carplay/Android Auto wireless.Climatizador Automático Bi-Zona.Cámara de retroceso.Smart Key.Interior tapizado en tela.6 Airbags.Control de velocidad crucero.Sensores crepuscular y de lluvia.Faros Full Led.JeepTraction Control.AutoHold.Start and Stop.USB-C.6 Parlantes.// GARCIA DAMIAN // AV SAN MARTIN 5700 //",1,38000000.0
"**********CONCESIONARIO OFICIAL FIAT VERONA**********ENTREGA EN 10 DIAS CONTADO O FINANCIADO.ANTICIPO 4.200.000 Y 48 CUOTAS.EL MEJOR CONTADO SIEMPRE!!!ACEPTAMOS PERMUTAS, CON LA MEJOR DIFERENCIA ENTRE SU USADO Y EL 0KM.FINANCIACIÓN A TASAS PREFERENCIALES (Nos adaptamos a cada cliente) ENTREGA INMEDIATA DE UNIDADES FISICAS EN STOCK CON VARIEDAD EN COLORES!!!VENTAS ESPECIALES A EMPRESAS!!!VENTAS AL INTERIOR DEL PAÍS CON LA MAS ABSOLUTA SERIEDAD Y COMPROMISO QUE NOS CARACTERIZAN, FACILITANDO DOCUMENTACIÓN Y HACIENDO DINÁMICA LA COMPRA-VENTA!!!¡¡¡EL PRECIO DE LA PUBLICACIÓN CORRESPONDE AL ANTICIPO!!!ASESOR COMERCIAL LEANDRO RODRIGUEZ",1,28650000.0
"Somos motorville concesionario Nº1 en ventasNos destacamos por una propuesta de servicio, asesoramiento y calidad con los más altos estándares del mercado.INSPECCIÓN Y COBERTURA MECÁNICA: todos nuestros vehículos están chequeados y certificados en 240 puntos por nuestro equipo de expertos, VTV vigente, libre de deudas de patentes e infracciones.GESTORIA: Nosotros nos encargamos de todo!!!!! contamos con un equipo de gestores matriculados para que de lo único que te ocupes sea de disfrutar del vehículo.BROKER DE SEGUROS: También disponemos de un completo departamento de seguros, para que puedas comparar la cotización con compañías líderes.DEPARTAMENTO DE ACCESORIOS: personaliza tu vehículo con una gran diversidad de productos de prestigiadas marcas, nuestro compromiso es estar a la vanguardia de la tecnología y el conocimiento técnico para satisfacer las necesidades y expectativas de nuestros clientesEquipamientos y accesorios - Estética vehicular – Polarizados y laminadosMÉTODOS DE PAGO:* AL CONTADO: Paga vía transferencia bancaria o depósito.*DEJA TU AUTO COMO PARTE DE PAGO: Cambia tu auto por uno de calidad certificada de motorville y con cobertura mecánica.*FINANCIACIÓN: En MOTORVILLE podes acceder a tu próximo vehículo con un anticipo mínimo y una cuota ajustada a tu medida. Las mejores tasas del mercado.NO BUSQUES MAS TU PRÓXIMO VEHÍCULO TE ESPERA EN motorville",1,39490000.0
"Somos motorville concesionario Nº1 en ventasNos destacamos por una propuesta de servicio, asesoramiento y calidad con los más altos estándares del mercado.INSPECCIÓN Y COBERTURA MECÁNICA: todos nuestros vehículos están chequeados y certificados en 240 puntos por nuestro equipo de expertos, VTV vigente, libre de deudas de patentes e infracciones.GESTORIA: Nosotros nos encargamos de todo!!!!! contamos con un equipo de gestores matriculados para que de lo único que te ocupes sea de disfrutar del vehículo.BROKER DE SEGUROS: También disponemos de un completo departamento de seguros, para que puedas comparar la cotización con compañías líderes.DEPARTAMENTO DE ACCESORIOS: personaliza tu vehículo con una gran diversidad de productos de prestigiadas marcas, nuestro compromiso es estar a la vanguardia de la tecnología y el conocimiento técnico para satisfacer las necesidades y expectativas de nuestros clientesEquipamientos y accesorios - Estética vehicular – Polarizados y laminadosMÉTODOS DE PAGO:* AL CONTADO: Paga vía transferencia bancaria o depósito.*DEJA TU AUTO COMO PARTE DE PAGO: Cambia tu auto por uno de calidad certificada de motorville y con cobertura mecánica.*FINANCIACIÓN: En MOTORVILLE podes acceder a tu próximo vehículo con un anticipo mínimo y una cuota ajustada a tu medida. Las mejores tasas del mercado.NO BUSQUES MAS TU PRÓXIMO VEHÍCULO TE ESPERA EN motorville",1,29500000.0
CHEVROLET TRACKER RS AT* CONSULTE ANTICIPO $ 26.950.000 Y 18 CUOTAS FIJAS TASA 0 % CUPOS LIMITADOS* OPORTUNIDAD ÚNICA * MEJOR CONTADO * UNIDAD DISPONIBLE EN STOCK* TOMAMOS SU USADO,1,26950000.0
"PRECIO PUBLICADO DE ANTICIPO SUGERIDO¡TU JEEP RENEGADE TE ESTÁ ESPERANDO EN SPORT CARS JEEP!Si estás buscando una SUV que combine diseño, tecnología y robustez, la Jeep Renegade es tu mejor elección. Y no hay mejor lugar para encontrarla que en Sport Cars Jeep, una de las concesionarias más grandes y confiables del país.¿POR QUÉ ELEGIR SPORT CARS JEEP?40 años de trayectoria en el mercado automotor, brindando confianza, respaldo y compromiso en cada operación.Somos concesionaria oficial Jeep, con atención especializada y asesoramiento profesional en cada etapa de tu compra.Contamos con altísimos estándares de calidad en atención al cliente: nuestro equipo está capacitado para brindarte una experiencia personalizada, clara y sin vueltas.Tenemos uno de los mayores stocks del país y posibilidades reales de entrega inmediata.Te ofrecemos planes de financiación exclusivos, toma de usados al mejor valor y promociones únicas.Miles de clientes satisfechos nos eligen año tras año por nuestra seriedad y dedicación.¿QUÉ TRAE LA NUEVA JEEP RENEGADE?Estilo sofisticado y diseño robusto.Tecnología de última generación con conectividad total.Seguridad activa y pasiva para vos y tu familia.Interior amplio, cómodo y con terminaciones premium.Excelente performance tanto en ciudad como en ruta.Vení a Sport Cars Jeep y llevate la SUV que soñás con la confianza de estar en las mejores manos.¡Consulta ahora y descubrí una experiencia de compra a otro nivel!FLORENCIA VASQUEZ",1,32000000.0
"NUEVO PEUGEOT 2008*****Grupo Robayna Concesionario Oficial Peugeot *****Asesor Comercial DAMIAN DEFELIPPEWP 11-6195-6544PRECIO CONTADO CON FYF PATENTAR MAYO $38.400.000* RESPUESTA AL INSTANTE EN SU CONSULTA POR WHATSS APP O LLAMADO*EL MEJOR PRECIO DEL MERCADO. Ventas a toda la República Argentina. *MEJORAMOS PRECIO CONTADO. Trae tu presupuesto* AMPLIO STOCK PARA ENTREGA INMEDIATA *TOMAMOS USADOS EN PARTE DE PAGO, contamos con tasación profesional.*SOLUCIONES DE FINANCIAMIENTO: Prendaria, personal*FINANCIACIÓN $ 8,000,000 EN 18 MESES TNA 0%*FINANCIACIÓN $ 14,000,000 EN 18 MESES TNA 0%*FINANCIACIÓN UVA $22.000.000 EN 24 MESES TNA 0%*NUEVA FINANCIACION $18.000.000 24 CUOTAS TASA TNA 7.9% $839.000 MAS SEGURO/////// ANTICIPO DE $27.355.800 MAS SELLADO Y PATENTE PROPORCIONAL CUANDO RETIRA/////*TEST DRIVE A DISPOSICIÓN.*AMPLIA DISPONIBILIDAD DE COLORES.*CONSULTAR VALORES VIGENTES.*VENTA DIRECTA DE FABRICA Y/O STOCK PARA ENTREGA INMEDIATA **TALLERES PROPIOS OFICIALES Y VENTA DE REPUESTOSGRUPO ROBAYNA, TU SOCIO DE CONFIANZA EN MOVILIDADSucursal NORDELTA :TIGRE Av. Santa Maria de las Conchas 4711,Shopping Remeros PlazaLUNES A VIERNES DE 10.00 A 20.00 HS SABADOS DE 10.00 A 20.00 HSDOMINGOS O FERIADOS DE 10.00HS A 18.00HS",1,37990000.0
*CONCESIONARIO OFICIAL VOLKSWAGEN*******EXPERECIENCIA 5 ESTRELLAS*****¡¡MEJOR PRECIO Y FINANCIACIÓN!!!*AUTOS EN STOCK PERMANENTE.*VARIEDAD DE COLORES.AV LA PLATA 2050. CABA - BS. AS.*NUEVA FINANCIACIÓN EXCLUSIVA * TASA 0% EN TODAS LAS UNIDADES*SERVICIO DE MANTENIMIENTO BONIFICADO.*FORMAS DE PAGO: INTEGRANDO CONTADO O TU USADO COMO ANTICIPO Y EL RESTO EN 12 CTS 24 CTS 18 CTS 36 CTS O 48 CTS 60 CTS FIJAS Y EN $-*TOMAMOS TU USADO AL MEJOR PRECIO DEL MERCADO.*ENTREGA INMEDIATA.PODEMOS ASESORARTE Y ARMAR UN PLAN DE PAGOS DE ACUERDO A TUS NECESIDADESTENE EN CUENTA QUE TODOS LOS CREDITOS PRENDARIOS Y LEASING SON EN CUOTAS FIJAS EN PESOS.PRIMER CENTRO DE ATENCION PERSONALIZADAVOLKSWAGEN DE ARGENTINAPARA EL OTORGAMIENTO DE CREDITOS PRENDARIOS-LEASINGTRABAJAMOS CON TODOS LOS BANCOSNuestra trayectoria de mas de 35 años nos avala como lideres en el mercado nacionalContamos con el equipo mas profesional para asesorarte1- Créditos prendarios2- Leasing para empresas3- Venta Corporativa4- Cotización de tu usado/s5- Todas nuestras unidades cuentan con su correspondiente certificado de fabricación Y SON AÑO MODELO 2025.6- TOMAMOS CREDITOS DE INVERSION PRODUCTIVA7- CREDITOS PARA PyMEs.RETIRAS EN 10 DÍAS REALES.DEJANOS TU CONTACTO ASI PODEMOS ASESORARTEESTAMOS AUTORIZADOS PARA REALIZAR GESTIONES EN CUALQUIER PARTE DEL PAIS POR VOLKSWAGEN ARGENTINANO DUDES EN CONSULTAR LA MEJOR OPCION DE COMPRA ESTA ACA !!TRABAJAMOS CON LEASING DE TODOS LOS BANCOS.AGUARDAMOS TU CONSULTA   *MARTIN*,1,34499999.0
"•ALRA S.A. CONCESIONARIO OFICIAL VOLKSWAGEN•Taos 1.4 250tsi Comfortline Automatica Linea Nueva - 2025• Anticipo: $27.000.000• Financia: $14.000.000 en 9 cuotas (TNA 0.00%) de $1.555.556 + seguro.Gastos incluidos de flete, formularios y prenda bancaria. Al retirar abona el patentamiento que es un 8% de sellos + patente proporcional.********************************************************************************Equipamiento destacado:- Tapizado de cuero ecologico-Cluster digital 8""-Llantas de aleación 18"" Lagomera-Volante Multifunción forrado en cuero con Levas-VW Play 10""-Control de velocidad crucero-Sensores de estacionamientos delanteros y traseros-Detector de fatiga-Cámara de visión trasera-Sensor de presión de neumáticos-Sistema de apertura sin llave ""Keyless Access""-Climatización digital Bi-Zona********************************************************************************Erika Parra- Av. Juan B. Justo 2611 - Villa Crespo Buenos Aires -",1,27000002.0
"Concesionario Oficial Volkswagen, líder en ventas y créditos del País desde el año 2000El valor publicado corresponde al anticipo.Contamos con el mejor precio de contado, tomamos tu unidad usada llave contra llave, facilidades de pago.Financiación directa y oficial por Volkswagen Financial Services.Esta unidad cuenta con una garantía de 6 años o 150.000 km, lo que ocurra primero.Stock permanente de vehículos y entrega inmediata.• RESPONDEMOS SU CONSULTA EN 5 MINUTOS.• NO ES PLAN DE AHORRO.• CONCESIONARIO OFICIAL VOLKSWAGEN.• ENTREGA INMEDIATA.• TOMAMOS TU USADO EN PARTE DE PAGO.• MEJORAMOS PRESUPUESTOS.• VEHICULO EN STOCK.• FINANCIAMOS.• EL MEJOR PRECIO DE CONTADO.• PRUEBA DE MANEJO DISPONIBLE.• VENDEMOS A TODO EL PAÍS DE MANERA ÁGIL Y SENCILLA.• NO ES PLAN DE AHORRO.• Publicamos el valor promocional del 0km, el valor final depende la operación que haga el cliente.• Ofrecemos créditos prendarios directamente de Volkswagen Financial Services CUOTA FIJA.• Tomamos tu usado en parte de pago y si lo solicitas financiar la diferencia con una tasa baja !!•CONCESIONARIO OFICIAL VOLKSWAGEN••EJECUTIVO DE VENTAS CALIFICADO••ESTEBAN KAIRUZ•",1,37000000.0
"NUEVO PEUGEOT 2008*****Grupo Robayna Concesionario Oficial Peugeot *****Asesor Comercial DAMIAN DEFELIPPEWP 11-6195-6544PRECIO CONTADO CON FYF PATENTAR MAYO $38.400.000* RESPUESTA AL INSTANTE EN SU CONSULTA POR WHATSS APP O LLAMADO*EL MEJOR PRECIO DEL MERCADO. Ventas a toda la República Argentina. *MEJORAMOS PRECIO CONTADO. Trae tu presupuesto* AMPLIO STOCK PARA ENTREGA INMEDIATA *TOMAMOS USADOS EN PARTE DE PAGO, contamos con tasación profesional.*SOLUCIONES DE FINANCIAMIENTO: Prendaria, personal*FINANCIACIÓN $ 8,000,000 EN 18 MESES TNA 0%*FINANCIACIÓN $ 14,000,000 EN 18 MESES TNA 0%*FINANCIACIÓN UVA $22.000.000 EN 24 MESES TNA 0%*NUEVA FINANCIACION $18.000.000 24 CUOTAS TASA TNA 7.9% $839.000 MAS SEGURO/////// ANTICIPO DE $27.355.800 MAS SELLADO Y PATENTE PROPORCIONAL CUANDO RETIRA/////*TEST DRIVE A DISPOSICIÓN.*AMPLIA DISPONIBILIDAD DE COLORES.*CONSULTAR VALORES VIGENTES.*VENTA DIRECTA DE FABRICA Y/O STOCK PARA ENTREGA INMEDIATA **TALLERES PROPIOS OFICIALES Y VENTA DE REPUESTOSGRUPO ROBAYNA, TU SOCIO DE CONFIANZA EN MOVILIDADSucursal NORDELTA :TIGRE Av. Santa Maria de las Conchas 4711,Shopping Remeros PlazaLUNES A VIERNES DE 10.00 A 20.00 HS SABADOS DE 10.00 A 20.00 HSDOMINGOS O FERIADOS DE 10.00HS A 18.00HS",1,37990000.0
*CONCESIONARIO OFICIAL VOLKSWAGEN*******EXPERECIENCIA 5 ESTRELLAS*****¡¡MEJOR PRECIO Y FINANCIACIÓN!!! TASA 0%*AUTOS EN STOCK PERMANENTE.*VARIEDAD DE COLORES.AV LA PLATA 2050. CABA - BS. AS.*NUEVA FINANCIACIÓN EXCLUSIVA * TASA 0% EN TODAS LAS UNIDADES*FORMAS DE PAGO: INTEGRANDO CONTADO O TU USADO COMO ANTICIPO Y EL RESTO EN 12 CTS 24 CTS 18 CTS 36 CTS O 48 CTS 60 CTS FIJAS Y EN $-*TOMAMOS TU USADO AL MEJOR PRECIO DEL MERCADO.*ENTREGA INMEDIATA.PODEMOS ASESORARTE Y ARMAR UN PLAN DE PAGOS DE ACUERDO A TUS NECESIDADESTENE EN CUENTA QUE TODOS LOS CREDITOS PRENDARIOS Y LEASING SON EN CUOTAS FIJAS EN PESOS.PRIMER CENTRO DE ATENCION PERSONALIZADAVOLKSWAGEN DE ARGENTINAPARA EL OTORGAMIENTO DE CREDITOS PRENDARIOS-LEASINGTRABAJAMOS CON TODOS LOS BANCOSNuestra trayectoria de mas de 35 años nos avala como lideres en el mercado nacionalContamos con el equipo mas profesional para asesorarte1- Créditos prendarios2- Leasing para empresas3- Venta Corporativa4- Cotización de tu usado/s5- Todas nuestras unidades cuentan con su correspondiente certificado de fabricación Y SON AÑO MODELO 2024.6- TOMAMOS CREDITOS DE INVERSION PRODUCTIVA7- CREDITOS PARA PyMEs.RETIRAS EN 10 DÍAS REALES.DEJANOS TU CONTACTO ASI PODEMOS ASESORARTEESTAMOS AUTORIZADOS PARA REALIZAR GESTIONES EN CUALQUIER PARTE DEL PAIS POR VOLKSWAGEN ARGENTINANO DUDES EN CONSULTAR LA MEJOR OPCION DE COMPRA ESTA ACA !!TRABAJAMOS CON LEASING DE TODOS LOS BANCOS.AGUARDAMOS TU CONSULTA   *MARTIN*,1,22999999.0
*CONCESIONARIO OFICIAL VOLKSWAGEN*******EXPERECIENCIA 5 ESTRELLAS*****¡¡MEJOR PRECIO Y FINANCIACIÓN!!! TASA 0%*AUTOS EN STOCK PERMANENTE.*VARIEDAD DE COLORES.AV LA PLATA 2050. CABA - BS. AS.*NUEVA FINANCIACIÓN EXCLUSIVA * TASA 0% EN TODAS LAS UNIDADES*FORMAS DE PAGO: INTEGRANDO CONTADO O TU USADO COMO ANTICIPO Y EL RESTO EN 12 CTS 24 CTS 18 CTS 36 CTS O 48 CTS 60 CTS FIJAS Y EN $-*TOMAMOS TU USADO AL MEJOR PRECIO DEL MERCADO.*ENTREGA INMEDIATA.PODEMOS ASESORARTE Y ARMAR UN PLAN DE PAGOS DE ACUERDO A TUS NECESIDADESTENE EN CUENTA QUE TODOS LOS CREDITOS PRENDARIOS Y LEASING SON EN CUOTAS FIJAS EN PESOS.PRIMER CENTRO DE ATENCION PERSONALIZADAVOLKSWAGEN DE ARGENTINAPARA EL OTORGAMIENTO DE CREDITOS PRENDARIOS-LEASINGTRABAJAMOS CON TODOS LOS BANCOSNuestra trayectoria de mas de 35 años nos avala como lideres en el mercado nacionalContamos con el equipo mas profesional para asesorarte1- Créditos prendarios2- Leasing para empresas3- Venta Corporativa4- Cotización de tu usado/s5- Todas nuestras unidades cuentan con su correspondiente certificado de fabricación Y SON AÑO MODELO 2024.6- TOMAMOS CREDITOS DE INVERSION PRODUCTIVA7- CREDITOS PARA PyMEs.RETIRAS EN 10 DÍAS REALES.DEJANOS TU CONTACTO ASI PODEMOS ASESORARTEESTAMOS AUTORIZADOS PARA REALIZAR GESTIONES EN CUALQUIER PARTE DEL PAIS POR VOLKSWAGEN ARGENTINANO DUDES EN CONSULTAR LA MEJOR OPCION DE COMPRA ESTA ACA !!TRABAJAMOS CON LEASING DE TODOS LOS BANCOS.AGUARDAMOS TU CONSULTA   *MARTIN*,1,30499999.0
"PEUGEOT 2008 GTAsesor Comercial CATALINA CASTRELLONLlévala con un anticipo de $25.990.000 + $14.000.000 FINANCIADOS A TASA 0% EN 18 CUOTAS DE $778.000*EL MEJOR PRECIO DEL MERCADO. Ventas a toda la República Argentina.*MEJORAMOS PRECIO CONTADO. Trae tu presupuesto.*TOMAMOS EL DÓLAR A MEJOR PRECIO MERCADO.* AMPLIO STOCK PARA ENTREGA INMEDIATA*TOMAMOS USADOS EN PARTE DE PAGO, contamos con tasación profesional.*SOLUCIONES DE FINANCIAMIENTO: Prendaria, personal y leasing en cuotas fijas y en pesos.*FINANCIACIÓN $ 8,000,000 EN 18 MESES TNA 0%*FINANCIACIÓN $ 14,000,000 EN 18 MESES TNA 0%*FINANCIACIÓN UVA $22.000.000 EN 24 MESES TNA 0%*TEST DRIVE A DISPOSICIÓN.*AMPLIA DISPONIBILIDAD DE COLORES.*CONSULTAR VALORES VIGENTES.*VENTA DIRECTA DE FABRICA Y/O STOCK PARA ENTREGA INMEDIATA **TALLERES PROPIOS OFICIALES Y VENTA DE REPUESTOSGRUPO ROBAYNA, TU SOCIO DE CONFIANZA EN MOVILIDADSucursal ZARATE- ESCOBAR- DON TORCUATO- SAN MIGUEL- NORDELTA - Grupo Robayna – Concesionario Oficial PeugeotMIGUEL ROBAYNA S.A",1,31990000.0
"Fiat Pulse Audace 1.0 Turbo cvt automático 2025 0km""Leer el aviso previamente a realizar consulta""EL PRECIO PUBLICDO ES UN ANTICIPO Publicación corresponde al canal de venta convencional, 0km. #NO ES PLAN DE AHORRO#Stock disponible para entrega inmediataHorario de atención de Lunes a Sábados de 09:00 a 19:00Se toman reservas de la unidad únicamente con color disponible en stock""Precio publicado contado bonificado mas gastos de flete/patentamiento""Por la variante de precios confirmar con el vendedor valor actualizado previamente a realizar la reserva de la unidadOperación con entrega inmediata de la unidad según color disponible en stockReserva unidad $1.000.000 mediante mercado pago, transferencia, deposito o en salón de ventas (débito-crédito-efectivo-mercado pago)Asesor de venta convencional directo de central mi numero de cel figura en esta publicacion contactame y te hare el mejor presupuesto y atencionMarcela Mendez Fiat Autogenerali Concesionario oficialCapital FederalOpción a financiar: Anticipo mínimo 30% del valor publicado o usado solo con dni el saldo se puede realizar en 12/24/36/48 o 60 cuotas fijas sistema francés---entrega inmediata----Consultar créditos UVA con anticipo minino 20% del valor publicado---entrega inmediata----(No es plan de ahorro, no se toman como parte de pago)Tomamos tu usado---Gran Buenos Aires y Capital federal---informar datos del usados en la consulta para enviar valor aproximado de cotización---Consultar colores disponibles en stockConcesionario oficial Fiat GeneraliServicio oficial de post ventaVentas al interior solo contado o con crédito (No se toman usados)Ventas convencional contado o crédito prendarioGARANTÍA: 3 AÑOS O 100.000KM (LO QUE OCURRA PRIMERO) ORÍGEN DEL VEHÍCULO: BRASIL.IMAGENES ILUSTRATIVAS, LOS VALORES ASÍ COMO LOS DETALLES DESCRIPTOS EN ESTE FOLLETO SON APROXIMADOS, DESCRIPTIVOS.Reserva unidad $1.000.000 mediante mercado pago, transferencia, deposito o en salón de ventas (débito-crédito-efectivo-mercado pago)",1,27000000.0
"°|||||||° BIENVENIDOS A AUTODRIVE CONCESIONARIO OFICIAL JEEP °|||||||°°|||||||° MICHELLE BUSTOS ASESORA COMERCIAL °|||||||°°|||||||° ANTICIPO $39.000.000 YA INCLUYE PATENTAMIENTO + 12 CUOTAS FIJAS DE $ 1.050.000 °|||||||° °|||||||°DISPONIBILIDAD DE COLORES, STOCK FISICO PARA ENTREGA INMEDIATAMEJORAMOS CULAQUIER PRESUPUESTO°|||||||°°|||||||°NUEVO JEEP COMPASS SERIE S 1.3 T AT6 4X2 MY25°|||||||°Motorización 1.3T 175 CV T 270Llantas de aleación 19”.Sist. multimedia Uconnect de 10,1”.Apple carplay/Android Auto wireless.Sonido Premium Beats.Tablero full digital de 10,25”.Climatizador Automático Bi-Zona.Cámara de retroceso.Interior tapizado en cuero .7 Airbags.Encendido remoto.Park Assist automático.Cargador de celular wireless.Asistencia a la conducción ADAS.Hace click en whasapp para mas información, tu consulta va a ser respondida a la brevedad",1,39900000.0
"CITROËN - CASA CENTRALCitroën C3 Aircross¡La manera más fácil y segura de retirar tu 0KM, con un mínimo anticipo!Te ofrecemos la mejor financiación de fábrica, cuotas accesibles sin interés a tasa 0.-Consulte financiación al 100 % del valor de la unidad.-Recibimos tu unidad usada como parte de pago.-Bonificaciones exclusivas.-Garantía de 3 años.-Tenemos el auto para que puedas manejarlo, realizar un test drive y así vivir una experiencia única.-El mejor precio de contado y financiado del mercado.-Ventas a todo el país.-La mejor atención y el mejor precio.¡Consulta por el modelo que estés buscando!¡Entregas rápidas y programadas!",1,28850000.0
*CONCESIONARIO OFICIAL VOLKSWAGEN*******EXPERECIENCIA 5 ESTRELLAS*****¡¡MEJOR PRECIO Y FINANCIACIÓN!!! TASA 0%*AUTOS EN STOCK PERMANENTE.*VARIEDAD DE COLORES.AV LA PLATA 2050. CABA - BS. AS.*NUEVA FINANCIACIÓN EXCLUSIVA * TASA 0% EN TODAS LAS UNIDADES*FORMAS DE PAGO: INTEGRANDO CONTADO O TU USADO COMO ANTICIPO Y EL RESTO EN 12 CTS 24 CTS 18 CTS 36 CTS O 48 CTS 60 CTS FIJAS Y EN $-*TOMAMOS TU USADO AL MEJOR PRECIO DEL MERCADO.*ENTREGA INMEDIATA.PODEMOS ASESORARTE Y ARMAR UN PLAN DE PAGOS DE ACUERDO A TUS NECESIDADESTENE EN CUENTA QUE TODOS LOS CREDITOS PRENDARIOS Y LEASING SON EN CUOTAS FIJAS EN PESOS.PRIMER CENTRO DE ATENCION PERSONALIZADAVOLKSWAGEN DE ARGENTINAPARA EL OTORGAMIENTO DE CREDITOS PRENDARIOS-LEASINGTRABAJAMOS CON TODOS LOS BANCOSNuestra trayectoria de mas de 35 años nos avala como lideres en el mercado nacionalContamos con el equipo mas profesional para asesorarte1- Créditos prendarios2- Leasing para empresas3- Venta Corporativa4- Cotización de tu usado/s5- Todas nuestras unidades cuentan con su correspondiente certificado de fabricación Y SON AÑO MODELO 2024.6- TOMAMOS CREDITOS DE INVERSION PRODUCTIVA7- CREDITOS PARA PyMEs.RETIRAS EN 10 DÍAS REALES.DEJANOS TU CONTACTO ASI PODEMOS ASESORARTEESTAMOS AUTORIZADOS PARA REALIZAR GESTIONES EN CUALQUIER PARTE DEL PAIS POR VOLKSWAGEN ARGENTINANO DUDES EN CONSULTAR LA MEJOR OPCION DE COMPRA ESTA ACA !!TRABAJAMOS CON LEASING DE TODOS LOS BANCOS.AGUARDAMOS TU CONSULTA   *MARTIN*,1,30500000.0
*CONCESIONARIO OFICIAL VOLKSWAGEN*******EXPERECIENCIA 5 ESTRELLAS*****¡¡MEJOR PRECIO Y FINANCIACIÓN!!!*AUTOS EN STOCK PERMANENTE.*VARIEDAD DE COLORES.AV LA PLATA 2050. CABA - BS. AS.*NUEVA FINANCIACIÓN EXCLUSIVA * TASA 0% EN TODAS LAS UNIDADES*SERVICIO DE MANTENIMIENTO BONIFICADO.*FORMAS DE PAGO: INTEGRANDO CONTADO O TU USADO COMO ANTICIPO Y EL RESTO EN 12 CTS 24 CTS 18 CTS 36 CTS O 48 CTS 60 CTS FIJAS Y EN $-*TOMAMOS TU USADO AL MEJOR PRECIO DEL MERCADO.*ENTREGA INMEDIATA.PODEMOS ASESORARTE Y ARMAR UN PLAN DE PAGOS DE ACUERDO A TUS NECESIDADESTENE EN CUENTA QUE TODOS LOS CREDITOS PRENDARIOS Y LEASING SON EN CUOTAS FIJAS EN PESOS.PRIMER CENTRO DE ATENCION PERSONALIZADAVOLKSWAGEN DE ARGENTINAPARA EL OTORGAMIENTO DE CREDITOS PRENDARIOS-LEASINGTRABAJAMOS CON TODOS LOS BANCOSNuestra trayectoria de mas de 35 años nos avala como lideres en el mercado nacionalContamos con el equipo mas profesional para asesorarte1- Créditos prendarios2- Leasing para empresas3- Venta Corporativa4- Cotización de tu usado/s5- Todas nuestras unidades cuentan con su correspondiente certificado de fabricación Y SON AÑO MODELO 2025.6- TOMAMOS CREDITOS DE INVERSION PRODUCTIVA7- CREDITOS PARA PyMEs.RETIRAS EN 10 DÍAS REALES.DEJANOS TU CONTACTO ASI PODEMOS ASESORARTEESTAMOS AUTORIZADOS PARA REALIZAR GESTIONES EN CUALQUIER PARTE DEL PAIS POR VOLKSWAGEN ARGENTINANO DUDES EN CONSULTAR LA MEJOR OPCION DE COMPRA ESTA ACA !!TRABAJAMOS CON LEASING DE TODOS LOS BANCOS.AGUARDAMOS TU CONSULTA *MARTIN*,1,36200000.0
º|||||||º DESCUENTOS DE CONTADO !!!º|||||||º ENTREGA INMEDIATA !!!º|||||||º TOMAMOS USADOSº|||||||º OPCIONES DE ANTICIPO Y CUOTA FIJA 0% INTERES,1,44990000.0
"Ultima unidad con bonificación especial- Contactanos para recibir más información y reservar tu unidad 0km!***********************************************************************************Vehículo: Volkswagen TAOS Highline 250 tsi bi TonoAño: 2025Km: 0km ***********************************************************************************Equipamiento: Nuevo TAOS. Llega para marcar una diferencia entre los SUV. Tecnología interior y exterior, de imagen solida y robusta. Tiene todo para vos: conectividad, diseño, seguridad, comfort, eficiencia son algunas de las cualidad que dan identidad a nuestro SUV TAOS. Un equilibrio justo, para vos.-Consultar opciones de colores disponibles.***********************************************************************************Romera Hnos concesionario oficial Volkswagen. 96 años de vida comercial y de experiencia al servicio de nuestros clientes y amigos. 8 sucursales de venta y post venta en Tandil, Balcarce, Necochea y Mar del Plata. Nuestra trayectoria garantiza la confianza al elegirnos. Vendemos en todo el país mediante nuestro nuevo proceso Digital Sale asegurado con reserva Online de MercadoLibre.***********************************************************************************Forma de pago: Contactanos para recibir información sobre valores de venta , disponibilidades, financiaciones directas de VWfs, anticipos, precio especial por compras corporativas y permutas o tomas de unidades usadas en parte de pago. Los valores quedan sujetos a modificación sín previo aviso y a disponibilidad a confirmar por nuestros asesores comerciales oficiales. Antes de realizar una reserva por favor contactanos para chequear y acordar forma de compra.Pedinos un presupuesto completo!***********************************************************************************El precio publicado corresponde a pago contado- No incluidos gastos de retiro.-",1,45900000.0
"¡Estrena tu Volkswagen Taos 0Km en Maynar A.G.!Toda la línea Volkswagen disponible.- Tasa 0% y cuotas en pesos sin interés. ¡Aprovecha la financiación directa de fábrica!- Anticipo desde 17 millones o tu usado como parte de pago.- Entregas programadas y asesoría personalizada para adaptar el plan de pagos a tus necesidades.- Financiación avanzada y sin bancos ni financieras.- Descuentos exclusivos en todas las unidades y equipamiento adicional.- Operación 100% online, venta a todo el país, ¡te gestionamos todo y solo vienes a retirar tu 0Km!- Más de 50 años de experiencia como concesionario oficial Volkswagen, con stock disponible y atención de calidad.- Visítanos en Nuñez, Devoto, o contactanos por WhatsApp para más información.¡No te pierdas las últimas unidades con adjudicación directa! ¡Llévatela ya!",1,21800000.0
"° OPORTUNIDAD ÚNICA DE TENERLO AL MEJOR PRECIO DEL PAIS.° PRECIO ANTICIPO Y CUOTAS! CONSULTAR. ° RETIRALO YA.° NO VENDEMOS PLANES DE AHORRO.° TODA LA GAMA DE COLORES DISPONIBLES.° LLEVATELO EN UNA SEMANA.° DISPONGO DE MAS VERSIONES, CONSULTAR.° UNICO CONCESIONARIO CON UNIDADES EN STOCK REAL PERMANENTE.° LO INVITAMOS A QUE VENGA A VER EL AUTO QUE SE LLEVARÁ.° VENTAS A TODO EL PAÍS DE MANERA ÁGIL Y SENCILLA (MANEJO DE LA OPERACIÓN A DISTANCIA) SOLO VENGA A RETIRAR LA UNIDAD.° ENTREGA INMEDIATA GARANTIZADA.° CONSULTENOS POR MÍNIMOS ANTICIPOS.° CUOTA FIJA EN PESOS.° TASA FIJA EN PESOS.° TOMAMOS SU USADO AL MEJOR PRECIO DEL MERCADO.° CENTRO INTEGRAL FIAT.° CONCESIONARIO OFICIAL EN ZONA NORTE.",1,15000000.0
"Concesionario Oficial Volkswagen con el Stock Más Amplio de 0KM.Asesor comercial ARIEL SOTOS.¡Bienvenido a nuestro concesionario oficial Volkswagen! Estamos orgullosos de ofrecer el stock de unidades 0KM más amplio del mercado, con disponibilidad de colores para satisfacer tus preferencias.Unidades Físicas para Entrega Inmediata.No esperes más para disfrutar de tu nuevo Volkswagen. Tenemos unidades físicas listas para entrega inmediata, sin demoras innecesarias.Formas de Pago para Unidades 0KM:Contado: La opción más rápida y sencilla.Crédito Prendario a través de Volkswagen Financial Service: Te ayudamos a financiar tu Volkswagen de la forma mas conveniente con créditos prendarios otorgados por BBVA. Con cuotas fijas y las tasas mas bajas del mercado.Tasas 0% en todas las versionesTomamos tu usado en forma de pago: Solo vehículos radicados en CABA y AMBA con menos de 100 mil km.Financiación de Fábrica en 84 cuotas: Una forma accesible de adquirir tu Volkswagen.Vehículos Adjudicados: Mínimo anticipo más cuotas.Nota Importante:El valor publicado no incluye gastos de agencia (flete, formularios, alistamiento, preentrega, patentamiento).Si deseas obtener más detalles sobre cualquiera de nuestras unidades, formas de pago o si tienes alguna pregunta, no dudes en contactarnos. Estamos aquí para ayudarte a encontrar el Volkswagen que se adapte a tus necesidades.ARIEL SOTOS¡Gracias por considerarnos para tu próxima adquisición de vehículo!",1,27800000.0
"* SOMOS FIAT AUTO NOVO DEVOTO CONCESIONARIO OFICIAL CASA CENTRAL *ANTICIPO + FINANCIANDO $10.000.000 EN TASA 0% Y FIJAENTREGA INMEDIATA DE LAS UNIDADES CON STOCK FISICOVENTA CONVENCIONAL-Contamos con financiación en cuotas fijas y TASA 0%-Entrega inmediata-Contamos con Stock físico de la unidad-Tomamos tu usado como parte de pago AL MEJOR PRECIO-Tomamos dolar mejor cotización-Con un mínimo anticipo podes financiar el restoTenemos toda la gama de colores y disponemos de STOCK Físico y con certificado de todas nuestras unidades para entrega inmediata.AUTO NOVO CONCESIONARIA NUMERO 1 DE FIAT EN EL PAISASESOR COMERCIAL ANDREA AGUILARCasa central Sanabria 2470, CABA. Devoto",1,20900000.0
Concesionario Peugeot OficialPeugeot 208 2025Retira con tu anticipo y el resto en cuotas de $260.000Tomamos tu usadoContamos con adjudicados listos para entregar!Entrega tu anticipo al recibir!recibi bonificaciones desde:Patentamiento hasta una cuota paga,1,14760000.0
"Bienvenido a AutoDrive Concesionario Oficial Precio publicado en referencia a anticipo de compra(ACTUALMENTE LAS UNIDADES NO TRAEN GRAFICAS )¡Solicita ahora Cotización a nuestro Asesor de  ventas Lucia  , te garantizamos el mejor precio del mercado !Estamos en Belgrano - CabaCREDITOS PROMOCIONALES UVA TASAS DESDE 0 A 23% HASTA 60 MESES Y MAXIMO 95% DEL PRECIO DE LISTA DE LA UNIDAD SEGUN SCORE CREDITICIO.TOMAMOS TU VEHICULO USADO, REALIZA TU COMPRA EN UN EMPRESA 100% SERIA CON ASESORE PROFESIONALES Y RETIRA TU VEHICULO DE MANERA INMEDIATAReserva tu Fiat 0Km de manera Online con Mercado Libre y accede a Beneficios exclusivos en accesorios !!!El mejor precio final todo el mercado garantizado en AutoDrive, comprobalo ahora  Solicitá Tour Virtual con  Videollamada y Cotización de tu usado via Whatsapp.",1,33900000.0
"PRECIO PUBLICADO DE ANTICIPO SUGERIDO¡TU JEEP COMPASS TE ESTÁ ESPERANDO EN SPORT CARS JEEP!Si estás buscando una SUV que combine diseño, tecnología y robustez, la Jeep Compass es tu mejor elección. Y no hay mejor lugar para encontrarla que en Sport Cars Jeep, una de las concesionarias más grandes y confiables del país.¿POR QUÉ ELEGIR SPORT CARS JEEP?40 años de trayectoria en el mercado automotor, brindando confianza, respaldo y compromiso en cada operación.Somos concesionaria oficial Jeep, con atención especializada y asesoramiento profesional en cada etapa de tu compra.Contamos con altísimos estándares de calidad en atención al cliente: nuestro equipo está capacitado para brindarte una experiencia personalizada, clara y sin vueltas.Tenemos uno de los mayores stocks del país y posibilidades reales de entrega inmediata.Te ofrecemos planes de financiación exclusivos, toma de usados al mejor valor y promociones únicas.Miles de clientes satisfechos nos eligen año tras año por nuestra seriedad y dedicación.¿QUÉ TRAE LA NUEVA JEEP COMPASS?Estilo sofisticado y diseño robusto.Tecnología de última generación con conectividad total.Seguridad activa y pasiva para vos y tu familia.Interior amplio, cómodo y con terminaciones premium.Excelente performance tanto en ciudad como en ruta.Vení a Sport Cars Jeep y llevate la Compass que soñás con la confianza de estar en las mejores manos.¡Consulta ahora y descubrí una experiencia de compra a otro nivel!FLORENCIA VASQUEZ",1,40000000.0
"¡LIV MOTORS te acerca la oportunidad que estabas esperando!¡FINANCIACIÓN EXCLUSIVA! Cuotas en pesos con 0% de interés y entrega inmediata. Disponibilidad real de todas las unidades y colores. ¡Elegí el tuyo hoy mismo!El valor publicado corresponde al ANTICIPO ¡Podes financiar la diferencia con la financiación directa de fábrica!Beneficios que te ofrecemos:- Precios imbatibles: Contado, financiado o entregando tu usado.- Mejor tasación por tu auto usado (modelos desde 2010 en adelante).- Venta directa de fábrica o de stock para entrega inmediata.- Asesoramiento personalizado: Estamos listos para responder tus consultas al instante y te ofrecemos la opción de videollamadas en vivo para mostrarte los vehículos sin que salgas de tu casa.Concesionario líder en zona norte con más de 10 años de experiencia. ¡Garantía de calidad y atención!Enviamos a todo el país y te acompañamos durante todo el proceso. Solo tenés que venir a retirar tu 0 km cuando todo esté listo.- Comodidades para el cliente: Estacionamiento exclusivo para clientes. Trato preferencial a clientes del interior del país. Lo hacemos bien simple. Usted solo viene a retirar su vehículo.- Atención exclusiva para empresas y clientes especiales: Somos Peugeot Professional Center, con ofertas especiales para empresas, comerciantes, diplomáticos y jueces.¡No esperes más! Consúltanos hoy mismo y llévate tu próximo auto con la mejor financiación del mercado.LINEA DE CREDITO JEEP A TASA 0% CUOTA FIJA $12,000,000 EN 12 CUOTAS FIJAS$18,000,000 EN 12 CUOTAS FIJAS O CREDITO UVA HASTA $20,000,000",1,43253001.0
"RENAULT DUSTER 1.3T ICONIC 4x4 MtRetirala con Anticipo desde $8.000.000 + Cuotas( Financiación Banco Santander solo con DNI - Tna 19.9% hasta 48 Cuotas ). 0km - Entrega Inmediata - Unidades Física en Exposición en nustro salón de ventas. . CONSULTANOS por otras unidades Renault 0KMSomos Imola Automotores, concesionario multimarca con más de 16 años en el mercado.VENTAS A DISTANCIATe asesoramos para que compres tu Próximo Auto Usado o 0KM desde tu Casa y viajas cuando este todo listo para retirarlo.OBJETIVOBrindarle a nuestros amigos, clientes y público en general, un proceso transparente y dinámico durante el proceso de compra de su próximo auto usado o 0km. Hacemos la diferencia, antes, durante y después de la compra de tu nuevo auto. DESCUENTOSMejoramos cualquier oferta por pago contado.STOCKDisponemos de 100 unidades en stock entre usados seleccionados y 0km con entrega inmediata de diferentes marcas. GESTORIATodos nuestros vehículos se entregan transferidos.FINANCIACIÓNPodes Financiar hasta el 95% de tu 0KM y hasta el 85% de tu próximo vehículo usados, dependiendo del modelo, año y versión. Requisitos: Activamos tu crédito en el acto, solo con tu DNI. Contamos con la Tna más baja del mercado. PERMUTASRecibimos unidades como permuta, únicamente en excelente estado. ( Excluyente )",1,38000000.0
"Compra tu Nissan Kicks 0KM !Anticipo y cuotas, la mejor financiacion !Contamos con toda la linea Nissan al mejor precio !Lista para transferir, posee toda la documentación necesaria para llevártelo en el día.Tomamos tu usado al mejor precio!No aceptamos motos, cuatriciclos, terrenos etc.Estamos ubicados en Villa Devoto.Av San Martin 7118, esquina Griveo. A tan solo 300 metros de Av Gral Paz.Horarios de atención: Lunes a Viernes de 09:00 a 18:30 hsSábados de 09:00 a 15:00 hsCualquier consulta, por aca o directamente a mi whatsapp;1158952993.Axel .-",1,32999.0
"Hola, Somos Hauswagen Escobar.Nivus Highline 1.0 Tsi ATANTICIPO + CUOTAS!!En STOCK para entrega inmediata!!!Beneficios para clientes de Banco MACRO.- Podés financiar hasta $6.000.000 en 12 cuotas sin interés por cada tarjeta Macro SELECTA que tengas.- Podés financiar hasta $6.000.000 en 6 cuotas sin interés por cada tarjeta Macro.- Sin prenda.- Si NO sos cliente, un ejecutivo del Banco te califica para que puedas acceder a este convenio y accedas al beneficio.- FINANCIAMOS CON VWFS CON LAS MEJORES TASAS DEL MERCADO.- Consúltenos para financiar mucho más.- Tomamos Dólares (Consultar cotización)- Entrega inmediata- Tomamos usados en parte de pago. Mejor cotización.- Financiamos con DNI, sin intereses.- Crédito prendario- Leasing- Ventas corporativasHauswagen Escobar, Km 50 Panamericana ramal EscobarPertenecemos a uno de los grupos más prestigiosos del país. (GCDC)Concesionario oficial Volkswagen",1,33990000.0
"Hola, Somos Hauswagen Escobar.T-CROSS TRENDLINE 200TSI ATANTICIPO + CUOTAS!!En STOCK para entrega inmediata!!!Beneficios para clientes de Banco MACRO.- Podés financiar hasta $6.000.000 en 12 cuotas sin interés por cada tarjeta Macro SELECTA que tengas.- Podés financiar hasta $6.000.000 en 6 cuotas sin interés por cada tarjeta Macro.- Sin prenda.- Si NO sos cliente, un ejecutivo del Banco te califica para que puedas acceder a este convenio y accedas al beneficio.- FINANCIAMOS CON VWFS CON LAS MEJORES TASAS DEL MERCADO.- Consúltenos para financiar mucho más.- Tomamos Dólares (Consultar cotización)- Entrega inmediata- Tomamos usados en parte de pago. Mejor cotización.- Financiamos con DNI, sin intereses.- Crédito prendario- Leasing- Ventas corporativasHauswagen Escobar, Km 50 Panamericana ramal EscobarPertenecemos a uno de los grupos más prestigiosos del país. (GCDC)Concesionario oficial Volkswagen",1,25490000.0
"CONCESIONARIO OFICIAL CHEVROLETASESOR LEONARDO ANTICIPO $ 26.890.000 Y 18  CUOTAS FIJAS TASA 0 % SOLO DNICONSULTE COLORES DISPONIBLESVENDEMOS UNIDADES DISPONIBLES EN STOCK, CON ENTREGA INMEDIATACONSULTE PRECIO DE CONTADO PARA ENTREGA YATOMAMOS SU AUTO USADO EN FORMA DE PAGOAGENCIA OFICIAL DE GENERAL MOTORSN°1 EN CHEVROLETSUCURSAL SAAVEDRA",1,26890000.0
¡Aprovecha nuestras Ofertas Especiales en Renault!- Tasas Bonificadas en financiamiento.- Cuotas Fijas y Anticipos Mínimos.- Entregas Rápidas.- Programa Llave x Llave (En el mismo dia).- Aceptamos Autos Usados como parte de pago.- Planes de Ahorro y Stock Disponible.Descubre nuestra nueva playa de autos usados y aprovecha la financiación conveniente para tu próximo Renault.Asesor: Matías Lucini.,1,36185000.0
"PATRICIA BELISARIO  Asesora Comercial - Taraborelli Cars Jeep/RAM CaballitoObtené tu 0km de la manera más segura.Contamos con diferentes opciones de pago:-Contado.-Anticipo y cuotas fijas.-Anticipo y cuotas variables (con entrega inmediata)-Pone tu usado en parte de pago.(Tenemos la mejor cotización del mercado, con nosotros tu usado vale más!)Tenemos toda la gama de colores y disponemos de STOCK físico y con certificado de todas nuestras unidades para entrega inmediata.Ventas a todo el país de forma eficaz.*Nosotros no tenemos letra chica!",1,30900000.0
"-Acapulco Autos: Concesionaria Automotriz multimarca con 40 años de experiencia, nos destacamos por la venta de usados seleccionados y 0Km. Contamos con un stock de mas de 100 unidades. Realizamos financiaciones hasta el 50% del valor con solo Dni y aprobación inmediata. -0Km, entrega inmediata..-Anticipo de $20.000.000 + cuotas fijas en pesos, solo DNI!!! - Horarios para visitarnos:Lunes a Viernes de 9:00 a 18:30hs.Sabados de 9 a 13:30 hs.",1,34900000.0
"¡Retira tu Volkswagen Taos en Maynar A.G.!Volkswagen Taos Comfortline AT 2025-Financiacion 60/40 -Tasa 0% y cuotas en pesos sin interés. ¡Aprovecha la financiación directa de fábrica!-Anticipo desde 17 millones o tu usado como parte de pago.-Entregas programadas y asesoría personalizada para adaptar el plan de pagos a tus necesidades.-Financiación sin bancos ni financieras de por medio.-Descuentos exclusivos en todas las unidades y equipamiento adicional.-Operación 100% online, venta a todo el país, ¡te gestionamos todo y solo venis a retirar tu 0Km!Visítanos en CABA, o contactanos por WhatsApp para más información.¡No te pierdas las últimas unidades con adjudicación directa! ¡Llévatela ya!Asesora comercial Natalia Kleiva",1,17911000.0
"Concesionario Oficial Volkswagen con el Stock Más Amplio de 0KM.Asesor comercial RODRIGO TOBIA.¡Bienvenido a nuestro concesionario oficial Volkswagen! Estamos orgullosos de ofrecer el stock de unidades 0KM más amplio del mercado, con disponibilidad de colores para satisfacer tus preferencias.Unidades Físicas para Entrega Inmediata.No esperes más para disfrutar de tu nuevo Volkswagen. Tenemos unidades físicas listas para entrega inmediata, sin demoras innecesarias.Formas de Pago para Unidades 0KM:Contado: La opción más rápida y sencilla.Crédito Prendario a través de Volkswagen Financial Service: Te ayudamos a financiar tu Volkswagen de la forma mas conveniente con créditos prendarios otorgados por BBVA. Con cuotas fijas y las tasas mas bajas del mercado. Tasas 0% en todas las versionesTomamos tu usado en forma de pago: Solo vehículos radicados en CABA y AMBA con menos de 100 mil km.Financiación de Fábrica en 84 cuotas: Una forma accesible de adquirir tu Volkswagen.Vehículos Adjudicados: Mínimo anticipo más cuotas.Nota Importante:El valor publicado no incluye gastos de agencia (flete, formularios, alistamiento, preentrega, patentamiento).Si deseas obtener más detalles sobre cualquiera de nuestras unidades, formas de pago o si tienes alguna pregunta, no dudes en contactarnos. Estamos aquí para ayudarte a encontrar el Volkswagen que se adapte a tus necesidades.¡Gracias por considerarnos para tu próxima adquisición de vehículo!",1,29700000.0
"-Acapulco Autos: Concesionaria Automotriz multimarca con 40 años de experiencia, nos destacamos por la venta de usados seleccionados y 0Km. Contamos con un stock de mas de 100 unidades. Realizamos financiaciones hasta el 50% del valor con solo Dni y aprobación inmediata. -0Km, entrega inmediata..-Anticipo de $35.000.000 + cuotas fijas en pesos, solo DNI!!! - Horarios para visitarnos:Lunes a Viernes de 9:00 a 18:30hs.Sabados de 9 a 13:30 hs.",1,48900000.0
"Promo COMPASS ¡solo por este mes! 2025(el valor publicado corresponde a la entrega del anticipo + patentamiento)Podes realizar una entrega de $26,000,000 para tener tu unidad en calle El resto lo podes financiar en 24/36/48 o hasta 70 cuotas ¡ A tasa cero 0%!contamos con cuotas a partir de los $450,000 en adelante!Financiación | Tomamos tu usado | Dólares | PesosSubite al Jeep Compass y sentí la diferencia desde el primer día:# Espacio cómodo para que vos y tu familia viajen relajados# Tecnología que te conecta a todo: Android Auto y Apple CarPlay# Seguridad en serio: control de estabilidad, asistente en pendientes, múltiples airbags# Diseño premium que no pasa desapercibido[Estamos en: Capital Federal y Zona OesteDe lunes a sábados de 9 a 19 hs]Atención rápida por #Whtspp para más info.",1,36509000.0
"Concesionario Oficial Volkswagen, líder en ventas y créditos del País desde el año 2000El valor publicado corresponde al anticipo.Contamos con el mejor precio de contado, tomamos tu unidad usada llave contra llave, facilidades de pago.Financiación directa y oficial por Volkswagen Financial Services.Esta unidad cuenta con una garantía de 6 años o 150.000 km, lo que ocurra primero.Stock permanente de vehículos y entrega inmediata.• RESPONDEMOS SU CONSULTA EN 5 MINUTOS.• NO ES PLAN DE AHORRO.• CONCESIONARIO OFICIAL VOLKSWAGEN.• ENTREGA INMEDIATA.• TOMAMOS TU USADO EN PARTE DE PAGO.• MEJORAMOS PRESUPUESTOS.• VEHICULO EN STOCK.• FINANCIAMOS.• EL MEJOR PRECIO DE CONTADO.• PRUEBA DE MANEJO DISPONIBLE.• VENDEMOS A TODO EL PAÍS DE MANERA ÁGIL Y SENCILLA.• NO ES PLAN DE AHORRO.• Publicamos el valor promocional del 0km, el valor final depende la operación que haga el cliente.• Ofrecemos créditos prendarios directamente de Volkswagen Financial Services CUOTA FIJA.• Tomamos tu usado en parte de pago y si lo solicitas financiar la diferencia con una tasa baja !!•CONCESIONARIO OFICIAL VOLKSWAGEN••EJECUTIVO DE VENTAS CALIFICADO••ESTEBAN KAIRUZ•",1,28000000.0
"CAR DISTRICT TE ESPERA CON LA OPORTUNIDAD QUE ESTABAS ESPERANDO !!!																										º|||||||º DESCUENTOS DE CONTADO !!!													º|||||||º ENTREGA INMEDIATA !!!													º|||||||º TOMAMOS USADOS													º|||||||º OPCIONES DE ANTICIPO Y CUOTA FIJA 0% INTERES																										ALGUNAS DE NUESTRAS OPCIONES													PLANES DE FINANCIACION :																										FINANCIA $ 12.000.000 EN 12 CUOTAS FIJAS TASA 0% DE $ 1.012.000													FINANCIA $ 18.000.000 EN 12 CUOTAS FIJAS TASA 19.9% % DE $ 1.450.000																										Concesionario líder en zona norte con más de 20 años de experiencia. ¡Garantía de calidad y atención!																										HACE TU CONSULTA YA MISMO , NUESTROS ASESORES ESTAN LISTOS PARA ATENDERTE",1,39229600.0
"CAR DISTRICT TE ESPERA CON LA OPORTUNIDAD QUE ESTABAS ESPERANDO !!!																														º|||||||º DESCUENTOS DE CONTADO !!!															º|||||||º ENTREGA INMEDIATA !!!															º|||||||º TOMAMOS USADOS															º|||||||º OPCIONES DE ANTICIPO Y CUOTA FIJA 0% INTERES																														ALGUNAS DE NUESTRAS OPCIONES															PLANES DE FINANCIACION :																														FINANCIA $ 12.000.000 EN 12 CUOTAS FIJAS TASA 0% DE $ 1.012.000															FINANCIA $ 18.000.000 EN 12 CUOTAS FIJAS TASA 19.9% % DE $ 1.450.000																														Concesionario líder en zona norte con más de 20 años de experiencia. ¡Garantía de calidad y atención!																														ESPERAMOS TU CONSULTA YA MISMO , NUESTROS ASESORES ESTAN LISTOS PARA ATENDERTE",1,55500000.0
"LEPIC, CONCESIONARIO OFICIAL RENAULTEL PRECIO PUBLICADO CORRESPONDE A UN ANTICIPO CON EL PATENTAMIENTO INCLUIDO, EL SALDO RESTANTE HACELO EN 18 CUOTAS FIJAS Y EN PESOS SIN INTERESLA ENTREGA ES INMEDIATATOMO TU USADO EN PARTE DE PAGO",1,26402000.0
"CONCESIONARIO OFICIAL CHEVROLET CAR ONE S.AOPORTUNIDAD UNICA EN NOVIEMBRE !!!NUEVA CHEVROLET TRACKER 1.2 AUTOMATICA 132CVEL PRECIO PUBLICADO NO INCLUYE GASTOSENTREGA INMEDIATA TODOS LOS COLORES !!!VENTAS A TODO EL PAÍS!DISPONIBILIDAD DE TODA LA GAMAUSADO O ANTICIPO DESDE $ 18.800.000 Y SALDO HASTA 30 CUOTAS FIJAS*CONSULTAR FINANCIACION EXCLUSIVA CON TASAS 0% !!*TOMAMOS SU USADO EN PARTE DE PAGO*ENTREGA INMEDIATA STOCK PERMANENTE*NO ES PLAN DE AHORROCAJA AUTOMATICA DE 6 VELOCIDADESCONTROL DE TRACCION,ESTABILIDAD Y PENDIENTES6 AIRBAG1.2 TURBO 130CV DE POTENCIAPACK ELECTRICO COMPLETOAGUSTIN DIAZASESOR COMERCIAL",1,28600000.0
"* SOMOS FIAT AUTO NOVO DEVOTO CONCESIONARIO OFICIAL CASA CENTRAL *ANTICIPO + FINANCIANDO $12.000.000 EN TASA 0% Y FIJAENTREGA INMEDIATA DE LAS UNIDADES CON STOCK FISICOVENTA CONVENCIONAL-Contamos con financiación en cuotas fijas y TASA 0%-Entrega inmediata-Contamos con Stock físico de la unidad-Tomamos tu usado como parte de pago AL MEJOR PRECIO-Tomamos dolar mejor cotización-Con un mínimo anticipo podes financiar el restoTenemos toda la gama de colores y disponemos de STOCK Físico y con certificado de todas nuestras unidades para entrega inmediata.AUTO NOVO CONCESIONARIA NUMERO 1 DE FIAT EN EL PAISASESOR COMERCIAL ANDREA AGUILARCasa central Sanabria 2470, CABA. Devoto",1,17500000.0
º|||||||º DESCUENTOS DE CONTADO !!!º|||||||º ENTREGA INMEDIATA !!!º|||||||º TOMAMOS USADOSº|||||||º OPCIONES DE ANTICIPO Y CUOTA FIJA 0% INTERESº|||||||º DESCUENTOS DE CONTADO !!!º|||||||º ENTREGA INMEDIATA !!!º|||||||º TOMAMOS USADOSº|||||||º OPCIONES DE ANTICIPO Y CUOTA FIJA 0% INTERESº|||||||º DESCUENTOS DE CONTADO !!!º|||||||º ENTREGA INMEDIATA !!!º|||||||º TOMAMOS USADOSº|||||||º OPCIONES DE ANTICIPO Y CUOTA FIJA 0% INTERES,1,44990000.0
Anticipo : $27.500.000- Saldo en cuotas Tasa 0%- NUEVO!!!.  Tu usado es efectivo! Consultanos para recibir asesoramiento.,1,27500000.0
"BIENVENIDOS A HAUSWAGEN ESCOBAR CONCESIONARIO OFICIAL VWVALOR DE ANTICIPO Y POSIBILIDAD DE FINANCIAR CON TASAS BAJAS* SOMOS concesionario oficial Volkswagen* OFRECEMOS entrega inmediata* TOMAMOS usados en parte de pago* MEJORAMOS presupuestos y ajustamos valor toma de usados* NUESTROS vehículos están físicos en diferentes colores  * 25 FOTOS REALES publicamos fotos propias * FINANCIAMOS* TENEMOS mejor precio al contado* OFRECEMOS test drive para manejar * VENDEMOS a todo el país de manera ágil y contundente CONSULTANOSACEPTAMOS : (Deposito – Transferencia bancaria - Cheque Común - Echeq)HAUSWAGEN cuenta con más de 27 años de trayectoria en el país, desarrollándose en la provincia de Bs. As.DÉJANOS TU CONSULTA",1,22490000.0
"CONCESIONARIO OFICIAL FIAT¡Descubrí el Fiat Pulse Drive 1.3 CVT!¡Anticipo desde $9.000.000 y entrega inmediata en toda la gama! Disponibilidad en varios colores.¡NO ES UN PLAN DE AHORRO!- Ofrecemos el mejor precio, ya sea en efectivo, financiado o con permuta.- ¡Te superamos cualquier presupuesto! Vení con tu cotización y te ofreceremos una mejor propuesta.- Valoramos tu usado más que nadie: Pagamos más por tu auto usado, sin límite de kilometraje y radicado en cualquier parte del país.- Especialistas en financiación: Financiamos hasta el 70% del valor de tu 0km, con cuotas accesibles y plazos de 1 a 5 años. ¡Crédito aprobado al instante y con las mejores tasas del mercado!Beneficios exclusivos para nuestros clientes:- Estacionamiento preferencial.- Atención preferencial para clientes del interior del país.- Proceso simple y rápido: solo tenes que venir a retirar tu nuevo Fiat.Respuestas inmediatas a todas tus consultas:- Respondemos al instante llamadas y mensajes.- Si lo preferís, podemos agendar una videollamada para que veas el auto desde la comodidad de tu casa u oficina.El precio publicado no corresponde a la totalidad de la unidad.Tenemos toda la gama de colores y disponemos de STOCK Físico y con certificado de todas nuestras unidades para entrega inmediata.Renzo MenaAsesor Comercial.TE: 11xx2434xx8216",1,20000000.0
"•ALRA S.A. CONCESIONARIO OFICIAL VOLKSWAGEN•T-CROSS 1.0 200TSI COMFORTLINE AUTOMATICA 2025 0KM• Anticipo: $24.300.000• Financia: $14.000.000 en9 cuotas (TNA 0.00%) de $1.555.556 + seguro.Gastos incluidos de flete, formularios y prenda bancaria. Al retirar abona el patentamiento que es un 8% de sellos + patente proporcional.********************************************************************************Equipamiento destacado:- Llantas de aleación de 17""- Tapizado en cuero ecológico- Espejos exteriores eléctricos con Tilt Down- Cámara de estacionamiento con visión trasera- Cargador inalámbrico- Sistema de apertura y encendido sin llave- Sistema Multimedia VW Play 10"" con Wireless App Connect- VW Digital Cockpit 8"" (Tablero Digital)- Sensor de estacionamiento trasero- Volante multifunción revestido en cuero con levas al volante- Asiento del conductor con regulación lumbar- Control de estabilidad con sistema de frenado de emergencia postcolisión- Difusores de aire traseros- Climatizador automático 1 zona********************************************************************************Erika Parra- Av. Juan B. Justo 2611 - Villa Crespo Buenos Aires -•ALRA S.A. CONCESIONARIO OFICIAL VOLKSWAGEN•",1,35220001.0
"// BIENVENIDOS A AUTODRIVE CONCESIONARIO OFICIAL JEEP // RAM// ANTICIPO Y 12 CUOTAS / NO INCLUYE GASTOS //// ENTREGAS INMEDIATA //// TOMAMOS USADOS //PLANES DE FINANCIACION :FINANCIA $ 10.000.000 EN 12 CUOTAS FIJAS DE TASA 0% DE $ 845.000.-FINANCIA $ 12.000.000 EN 12 CUOTAS FIJAS TASA 0% DE $ 1.012.0000.-FINANCIA $ 15.000.000 EN 12 CUOTAS FIJAS TASA 12.9% DE $ 1.386.100.-SIMULA TU CREDTIO °|||||||° POR WhastApp en el momentoPresentamos la Nueva JEEP RENEGADE SERIE S AT/6 1.3 TurboMotorización 1.3 Turbo 175cv | 270 NmTransmisión automática de 6 velocidadesTablero full digital a color de 7""Sistema multimedia Uconnect de 8,4""Conectividad Apple CarPlay / Android AutoCargador de celulares por InducciónHerramientas de asistencia a la conducción ADAS+Cámara de retrocesoInterior tapizado en cueroLlantas de aleación 18""Carrocería bi-colorTecho solar panorámicoEspejos laterales color gris granito7 AirbagsPark AssistEncendido remotoRevestimiento interior de techo en color negroFaros Full LedConectividad USB A y CTE GARANTIZAMOS UNA OPERACIÓN RÁPIDA Y TRANSPARENTE.Nuestra seriedad y respeto en la atención personalizada, se encuentra plasmada en las reseñas de nuestros clientes en Google. Respondemos siempre, en tiempo y forma, ante cualquier eventualidad.Tomamos autos en parte de pago, cotizamos en el momento.Reserva tu Jeep 0km de manera Online.Av San Martin 5700 Villa Devoto// DAMIAN GARCIA //",1,32500000.0
"Auto 0km - Disponible en DamvilleAnticipo $11.000.000 más cuotas!¡Tu oportunidad de tener un auto 0km está aquí! En Damville, llevamos más de 10 años brindando soluciones confiables para que puedas estrenar tu vehículo con total tranquilidad. Somos concesionaria categoría A, lo que garantiza nuestra experiencia y compromiso con cada cliente.Opciones de pago:con un anticipo de 12 millones, el resto lo podes financiar en cuotas de $350.000 por mes, tomamos tu usado en parte de pago",1,30000000.0
"Concesionario Oficial Renault DIAZ S.A-Stock disponible, entrega inmediata-Financiacion sin interes-Tomo usado sistema llave por llave*Precio publicado para anticipo y cuotas*",1,28000000.0
*CONCESIONARIO OFICIAL VOLKSWAGEN*******EXPERECIENCIA 5 ESTRELLAS*****¡¡MEJOR PRECIO Y FINANCIACIÓN!!!*AUTOS EN STOCK PERMANENTE.*VARIEDAD DE COLORES.AV LA PLATA 2050. CABA - BS. AS.*NUEVA FINANCIACIÓN EXCLUSIVA * TASA 0% EN TODAS LAS UNIDADES*SERVICIO DE MANTENIMIENTO BONIFICADO.*FORMAS DE PAGO: INTEGRANDO CONTADO O TU USADO COMO ANTICIPO Y EL RESTO EN 12 CTS 24 CTS 18 CTS 36 CTS O 48 CTS 60 CTS FIJAS Y EN $-*TOMAMOS TU USADO AL MEJOR PRECIO DEL MERCADO.*ENTREGA INMEDIATA.PODEMOS ASESORARTE Y ARMAR UN PLAN DE PAGOS DE ACUERDO A TUS NECESIDADESTENE EN CUENTA QUE TODOS LOS CREDITOS PRENDARIOS Y LEASING SON EN CUOTAS FIJAS EN PESOS.PRIMER CENTRO DE ATENCION PERSONALIZADAVOLKSWAGEN DE ARGENTINAPARA EL OTORGAMIENTO DE CREDITOS PRENDARIOS-LEASINGTRABAJAMOS CON TODOS LOS BANCOSNuestra trayectoria de mas de 35 años nos avala como lideres en el mercado nacionalContamos con el equipo mas profesional para asesorarte1- Créditos prendarios2- Leasing para empresas3- Venta Corporativa4- Cotización de tu usado/s5- Todas nuestras unidades cuentan con su correspondiente certificado de fabricación Y SON AÑO MODELO 2025.6- TOMAMOS CREDITOS DE INVERSION PRODUCTIVA7- CREDITOS PARA PyMEs.RETIRAS EN 10 DÍAS REALES.DEJANOS TU CONTACTO ASI PODEMOS ASESORARTEESTAMOS AUTORIZADOS PARA REALIZAR GESTIONES EN CUALQUIER PARTE DEL PAIS POR VOLKSWAGEN ARGENTINANO DUDES EN CONSULTAR LA MEJOR OPCION DE COMPRA ESTA ACA !!TRABAJAMOS CON LEASING DE TODOS LOS BANCOS.AGUARDAMOS TU CONSULTA   *MARTIN*,1,36999999.0
"Concesionario Oficial Volkswagen con el Stock Más Amplio de 0KM.Asesor comercial RODRIGO TOBIA.¡Bienvenido a nuestro concesionario oficial Volkswagen! Estamos orgullosos de ofrecer el stock de unidades 0KM más amplio del mercado, con disponibilidad de colores para satisfacer tus preferencias.Unidades Físicas para Entrega Inmediata.No esperes más para disfrutar de tu nuevo Volkswagen. Tenemos unidades físicas listas para entrega inmediata, sin demoras innecesarias.Formas de Pago para Unidades 0KM:Contado: La opción más rápida y sencilla.Crédito Prendario a través de Volkswagen Financial Service: Te ayudamos a financiar tu Volkswagen de la forma mas conveniente con créditos prendarios otorgados por BBVA. Con cuotas fijas y las tasas mas bajas del mercado. Tasas 0% en todas las versionesTomamos tu usado en forma de pago: Solo vehículos radicados en CABA y AMBA con menos de 100 mil km.Financiación de Fábrica en 84 cuotas: Una forma accesible de adquirir tu Volkswagen.Vehículos Adjudicados: Mínimo anticipo más cuotas.Nota Importante:El valor publicado no incluye gastos de agencia (flete, formularios, alistamiento, preentrega, patentamiento).Si deseas obtener más detalles sobre cualquiera de nuestras unidades, formas de pago o si tienes alguna pregunta, no dudes en contactarnos. Estamos aquí para ayudarte a encontrar el Volkswagen que se adapte a tus necesidades.¡Gracias por considerarnos para tu próxima adquisición de vehículo!",1,38700000.0
"*** CONSECIONARIO OFICIAL PEUGEOT / FIAT / CITROEN / JEEP ***PEUGEOT NUEVA 2008 ALLURE 1.0T CVT- Modelo 2025- Version ALLURE CVT- Unidad 0km, Sin Patentar, Sin rodar * EN STOCK FISICO*- VALOR EXPRESADO EN ANTICIPO Y EL RESTO HASTA 24 CUOTAS A TASA 7.9%- CONSULTE POR OTRAS OPCIONES DE FINANCIACION A TASA 0% / 9.9% Y DEMAS...- UNIDADES 0KM SIN RODAR! Y SIN PATENTAR!!!*** Contamos tambien con unidades patentadas 0km sin rodar ***Hacé click en preguntar para más información!Nave Motors Automoviles S.A. concesionario oficial PEUGEOT, ofrece la más amplia gama de vehículos usados seleccionados y las mejores condiciones para encontrar tu próximo auto.USADOS SELECCIONADOSAntes de ingresar al salón de ventas cada unidad es revisada por nuestros especialistas para poder ofrecer rodados en óptimo estado.ATENCIÓN ESPECIALIZADAContamos con un equipo de asesores profesionales. Cada cliente recibe la mejor atención para poder encontrar el vehículo que busca.TOMAMOS TU USADOPodemos recibir tu auto al mejor precio de la plaza y cotizar en el momento.REVISIÓN COMPLETACada cliente cuenta con la posibilidad de revisar, escanear o probar el auto con su mecánico de confianza.DOCUMENTACIÓN GARANTIZADACada unidad a la venta tiene toda la documentación revisada y garantizada por un equipo administrativo y gestores propios.Gonzalez EzequielAsesor Comercial",1,23000000.0
"Concesionario Oficial Volkswagen, líder en ventas y créditos del País desde el año 2000El valor publicado corresponde al anticipo.Contamos con el mejor precio de contado, tomamos tu unidad usada llave contra llave, facilidades de pago.Financiación directa y oficial por Volkswagen Financial Services.Esta unidad cuenta con una garantía de 6 años o 150.000 km, lo que ocurra primero.Stock permanente de vehículos y entrega inmediata.• RESPONDEMOS SU CONSULTA EN 5 MINUTOS.• NO ES PLAN DE AHORRO.• CONCESIONARIO OFICIAL VOLKSWAGEN.• ENTREGA INMEDIATA.• TOMAMOS TU USADO EN PARTE DE PAGO.• MEJORAMOS PRESUPUESTOS.• VEHICULO EN STOCK.• FINANCIAMOS.• EL MEJOR PRECIO DE CONTADO.• PRUEBA DE MANEJO DISPONIBLE.• VENDEMOS A TODO EL PAÍS DE MANERA ÁGIL Y SENCILLA.• NO ES PLAN DE AHORRO.• Publicamos el valor promocional del 0km, el valor final depende la operación que haga el cliente.• Ofrecemos créditos prendarios directamente de Volkswagen Financial Services CUOTA FIJA.• Tomamos tu usado en parte de pago y si lo solicitas financiar la diferencia con una tasa baja !!•CONCESIONARIO OFICIAL VOLKSWAGEN••EJECUTIVO DE VENTAS CALIFICADO••ESTEBAN KAIRUZ•",1,32000000.0
Bienvenido a Fiat Autodrive - Concesionario OficialFINANCIACION TASA 0% INTERESPRECIO OFICIAL SIN SOBREPRECIOS !Modelo: pulse drive 1.3Anticipo TOTAL $ 8.153.400CUOTAS DESDE $270.000Financiación directa de fábrica sin bancos o intermediarios.Adelanto de cuotas a tu medida y cambio de modelo.Con tasa 0% de interés real.Entrega del vehículo asegurada por contrato.Tomamos al mejor precio tu vehículo usado.Tenemos el mejor precio del país.AutoDrive es uno de los Concesionarios líderes en Patentamiento a nivel Nacional.Solicita ahora el Tour Virtual por Videollamada para ver el modelo y Cotización de tu usado x WhatsApp.¡¡¡Reserva tu Fiat 0km de manera Online con Mercado Libre y accede a beneficios exclusivos en accesorios!!!AutoDrive | Concesionario Oficial Fiat,1,27178005.0
"•ALRA S.A. CONCESIONARIO OFICIAL VOLKSWAGEN•NIVUS 1.0 200TSI COMFORTLINE AUTOMATICA - LINEA NUEVA MY25• Anticipo: $22.250.000• Financia: $14.000.000 en9 cuotas (TNA 0.00%) de $1.555.556 + seguro.Gastos incluidos de flete, formularios y prenda bancaria. Al retirar abona el patentamiento que es un 8% de sellos + patente proporcional.********************************************************************************Equipamiento destacado:- Llantas de aleación de 17''- Cargador de celular inalámbrico- Volante revestido en cuero- Palanca de cambios revestida en cuero- Apoyabrazos delantero central con salida de aire traseras- Cámara de estacionamiento con visión trasera- Sensor de estacionamiento trasero- Tablero digital 8"" | VW Digital Cockpit- Sistema Multimedia VW Play 10"" Conectada con App connect sin cable- Control de velocidad crucero- 2 tomas USB Tipo C en consola central- Espejo interior con anti-encandilamiento automático- Levas al volante- Limpiaparabrisas automático con sensor de lluvia********************************************************************************Erika Parra- Av. Juan B. Justo 2611 - Villa Crespo Buenos Aires -•ALRA S.A. CONCESIONARIO OFICIAL VOLKSWAGEN•",1,22250002.0
"Volkswagen Nivus Comfortline 200 TSI MY25Entrega inmediata | Financiación disponible | Tomamos usados o planesEsta publicacion corresponde al anticipo de la unidad ( INCLUYE PATENTAMIENTO)Restan :18 x $1.170.000 + seguroDiseño deportivo, tecnología avanzada y gran eficiencia: el Nuevo Nivus Comfortline combina lo mejor de un SUV con el estilo único de Volkswagen.Características destacadasMotor 1.0 TSI de 116 CVCaja automática Tiptronic de 6 velocidadesTorque máximo: 200 NmSuspensión delantera McPhersonFrenos a disco en las 4 ruedasNorma Euro 6Tecnología y confortSistema Multimedia VW Play 10” con App Connect inalámbricoTablero digital 8” VW Digital CockpitClimatizador automático táctilCámara de visión traseraSensor de estacionamiento delantero y traseroVolante multifunción y dirección eléctricaCierre centralizado y levantavidrios eléctricos delanteros/traserosControl de velocidad cruceroSeguridad activa y pasiva6 airbags (frontales, laterales y de cortina)Control de estabilidad (ESC)Asistente de arranque en pendienteISOFIX para sillas infantilesDetector de fatigaAlarma e inmovilizador electrónico Dimensiones y capacidadLargo: 4.272 mm | Alto: 1.493 mm | Distancia entre ejes: 2.566 mmBaúl de 415 litrosTanque de combustible: 52 litrosSomos Concesionaria Oficial VolkswagenEntrega inmediataVentas a todo el país con proceso ágil y 100% seguroRecibimos tu usado o plan de ahorro como parte de pagoAtención personalizada",1,21804900.0
C3 AIRCROSS T200 FEEL PK MY25 CAM/FAROS/CLIM 7 ASIENTOSTE FINANCIAMOS HASTA $18.000.000.- en 24 cuotas a tasa 0%(sujeto a aprobación crediticia)El precio corresponde a anticipo y cuotasSTOCK FÍSICO Y CON CERTIFICADO .UNIDADES DISPONIBLE PARA ENTREGA INMEDIATA .!NAVE MOTORS CONCESIONARIO OFICIAL CITROEN!CALIDAD Y TRAYECTORIA A NIVEL NACIONAL.NUMERO 1 DE ARGENTINA.GRACIAS A NUESTROS CLIENTES NOS POSICIONAMOS EN LA MEJOR RED DE CONCESIONARIOS DEL PAÍS.Daniel AguirreVentas,1,29100000.0
"* NORDELBAHN CONCESIONARIO OFICIAL VOLKSWAGEN *SOMOS EL GRUPO TREPAT LÍDER EN VENTA Y POSTVENTA.EXPERIENCIA 5 ESTRELLAS .ANTICIPO PARA FINANCIACION TASA 0 %CONTAMOS CON EL STOCK MÁS AMPLIO DEL MERCADO.ENTREGA INMEDIATA.FORMAS DE PAGO PARA UNIDADES 0KM• TOMAMOS TU USADO EN FORMA DE PAGO, AL MEJOR VALOR DEL MERCADO.• FINANCIACIÓN A TASA 0% PARA VEHICULOS.• FINANCIACIÓN ESPECIAL PARA VEHÍCULOS ALTA GAMA.• FINANCIACIÓN EXCLUSIVA AMAROK CON TASAS 0% Y PREFERENCIALES.• VENTAS ESPECIALES A EMPRESAS Y PARTICULARES.• TAMBIÉN CONTAMOS CON VEHÍCULOS USADOS SELECCIONADOS.•TENEMOS UNA PROPUESTA INTEGRAL; RAPIDEZ, SEGURIDAD Y LA MEJOR ATENCIÓN.PARA UNA ATENCIÓN PERSONALIZADA, ENVÍA UN WHATSAPP AL CONTACTO DE LA PUBLICACIÓN PARA SER ASESORADO.",1,45000000.0
CHEVROLET TRACKER 1.2 TURBO RS AT* OPORTUNIDAD ÚNICA * ANTICIPO $ 26.900.000 Y 18 CUOTAS FIJAS TASA 0 %* MEJOR CONTADO * UNIDAD DISPONIBLE EN STOCK* TOMAMOS SU USADO,1,26900000.0
"AUTOFRANCE PEUGEOT |||PRECIO PUBLICADO DE ANTICIPO PUESTO EN CALLE!!! , FINANCIANDO $8.000.00018 CUOTAS DE $444.444 FIJAS TASA 0%||| SALDO FINAL SOLICITANDO FINANCIACIÓN DE $14.000.000 EN 18 CUOTAS FIJAS DE $777.840 SIN INTERES ||| CON ENTREGA INMEDIATA |||||| SOMOS EL CONCESIONARIO OFICIAL PEUGEOT Nº 1 EN VENTAS DEL PAIS||| OPERAMOS VENTA DIRECTA DE FABRICA Y/O STOCK PARA ENTREGA INMEDIATA||| TODOS LOS USADOS Y SEMI NUEVOS EN STOCK FUERON SOMETIDOS A RIGUROSOS CONTROLES DE CALIDAD EN NUESTROS TALLERES PROPIOS||| EL MEJOR PRECIO CONTADO FINANCIADO O CON SU USADO||| RESPUESTA INMEDIATA A SUS CONSULTAS: Respondemos al instante consultas y llamados. Podemos programar una video llamada para que usted pueda ver los autos sin moverse de su casa u oficina.||| SOMOS CONCESIONARIO LIDER EN CALIDAD DE ATENCION.||| SOMOS ESPECIALISTAS EN FINANCIACION: Financiamos HASTA $ 14.000.000 en 18 CUOTAS FIJAS TASA 0% o HASTA $22.000.000 EN 24 CUOTAS UVA TASA 0%Aprobamos su crédito en el acto!||| SU AUTO USADO EN AUTOFRANCE VALE MAS: Pagamos más por su usado desde 2009 sin limite de kilometraje. También podemos tomar su auto en consignación.||| ENTREGA INMEDIATA EN TODA LA GAMA.||| COMODIDADES PARA CLIENTES: Estacionamiento exclusivo para clientes. Trato preferencial a clientes del interior del país. Lo hacemos bien simple. Usted solo viene a retirar su 0km.||| NUESTRO SERVICIO POSTVENTA ES CONSIDERADO EL MEJOR DEL PAIS.||| FORMAS DE PAGO: aceptamos todas las formas de pago. Tomamos sus dólares al mejor valor del mercado.||| ATENCION EXCLUSIVA EMPRESAS Y CLIENTES ESPECIALES: Somos Peugeot Professional Center. Ventas especiales para empresas comerciantes diplomáticos jueces y APM||| ASESOR COMERCIAL: TOMAS ARAUJO",1,35200000.0
"TARABORELLI CARS JEEP/RAM Caballito ASESOR COMERCIAL:VENTAS CONVENCIONAL Y EMPRESASDANIELA MARTINEZ PICOSObtené tu 0km de la manera más segura.Contamos con diferentes opciones de pago:-Contado.-Anticipo y cuotas fijas.-Anticipo y cuotas variables (entrega inmediata)-mejor cotización del mercado, con nosotros tu usado vale más!Tenemos toda la gama de colores, disponemos de STOCK físico con certificado de todas nuestras unidades para entrega inmediata.Ventas a todo el país de forma eficaz.ASESOR COMERCIAL:VENTAS CONVENCIONAL Y EMPRESASDANIELA MARTINEZ PICOS",1,46253002.0
"Chevrolet Tracker 1.2T AT 2025 | 0 KM | FINANCIACIÓN DISPONIBLEConcesionario Oficial Chevrolet - Beta AutomotoresMás de 20 años de trayectoria en Vicente López, ofreciendo confianza, calidad y servicio.Consulte ahora con su asesor online, reserve, compre rápido y seguro._ El precio corresponde al anticipo contado incluyendo gastos de entrega (no incluye altas de patentes ni sellados)._ El saldo en cuotas en pesos_Unidades fisicas de stock con nro de motor y chasis_Compra tu 0KM de la forma mas segura|| ENTREGA INMEDIATA ||REQUISITOS SOLO DNILos invitamos a que, ante cualquier duda nos contacten y estaremos encantados de brindarle toda la información que usted necesite.Guadalupe Garcia",1,27800000.0
"¡Bienvenido a nuestro concesionario oficial Volkswagen! Estamos orgullosos de ofrecer el stock de unidades 0KM más amplio del mercado, con disponibilidad de colores para satisfacer tus preferencias.Unidades Físicas para Entrega Inmediata.No esperes más para disfrutar de tu nuevo Volkswagen. Tenemos unidades físicas listas para entrega inmediata, sin demoras innecesarias.Formas de Pago para Unidades 0KM:Contado: La opción más rápida y sencilla.Crédito Prendario a través de Volkswagen Financial Services: Te ayudamos a financiar tu Volkswagen de la forma más conveniente con créditos prendarios otorgados por V.W. Con cuotas fijas y las tasas más bajas del mercado.Tasas 0% en todas las versiones.Tomamos tu usado en forma de pago: Solo vehículos radicados en CABA y AMBA con menos de 100 mil km.Financiación de Fábrica en 84 cuotas: Una forma accesible de adquirir tu Volkswagen.Vehículos Adjudicados: Mínimo anticipo más cuotas.Nota Importante:El valor publicado no incluye gastos de agencia (flete, formularios, alistamiento, preentrega, patentamiento).Si deseas obtener más detalles sobre cualquiera de nuestras unidades, formas de pago o si tienes alguna pregunta, no dudes en contactarnos. Estamos aquí para ayudarte a encontrar el Volkswagen que se adapte a tus necesidades.¡Gracias por considerarnos para tu próxima adquisición de vehículo!FEDERICO ,C",1,43999999.0
"Grupo Robayna Concesionario Oficial PeugeotAsesor Comercial EMILIANO REINOSO***PRECIO CORRESPONDE A UN ANTICIPO, NO ES EL PRECIO DE CONTADO****EL MEJOR PRECIO DEL MERCADO. Ventas a toda la República Argentina.*MEJORAMOS PRECIO CONTADO. Trae tu presupuesto.* AMPLIO STOCK PARA ENTREGA INMEDIATA*TOMAMOS USADOS EN PARTE DE PAGO, contamos con tasación profesional.*SOLUCIONES DE FINANCIAMIENTO: Prendaria, personal y leasing en cuotas fijas y en pesos.*FINANCIACIÓN $ 8,000,000 EN 18 MESES TNA 0%*FINANCIACIÓN $ 14,000,000 EN 18 MESES TNA 0%*FINANCIACIÓN UVA $22.000.000 EN 24 MESES TNA 0%*TEST DRIVE A DISPOSICIÓN.*AMPLIA DISPONIBILIDAD DE COLORES.*CONSULTAR VALORES VIGENTES. PRECIO PUBLICADO, ANTICIPO + CREDITO PSA*VENTA DIRECTA DE FABRICA Y/O STOCK PARA ENTREGA INMEDIATA **El precio no incluye Fletes y ni Patentamientos.* RESPUESTA AL INSTANTE EN SU CONSULTA POR WHATSS APP O LLAMADO*TALLERES PROPIOS OFICIALES Y VENTA DE REPUESTOSGRUPO ROBAYNA, TU SOCIO DE CONFIANZA EN MOVILIDADSucursal San Miguel- Grupo Robayna – Concesionario Oficial PeugeotMIGUEL ROBAYNA S.A",1,26461200.0
"Somos Peugeot Toulon - Casa CentralConcesionario Oficial de la Red Peugeot Argentina- Peugeot 2008 ACTIVE (Precio corresponde al mínimo anticipo)OPERACIÓN DE CONTADO PRECIO CHARLABLEFinanciaciones disponibles<<< Financia hasta $14.00.000 en 18 meses (tasa 0%) >>><<< Financia hasta $32.000.000 en 12, 24, 36 y 48 cuotas >>>* Tomamos tu usado en parte de pago.* Solicita tu Test Drive y consulta además las bonificaciones disponibles.* Contamos con unidades físicas de los modelos más vendidos, con financiación directa y entrega inmediata.* Mejoramos todos los presupuestos¡Dejanos tu consulta!SR",1,23820000.0
"NUEVA VW TAOS HIGHLINE 1.4 TSI 250NM AT MY25OFERTA PAGO CONTADO, NO INCLUYE PATNTAMIENTO NI GASTOS.GARANTÍA 3 AÑOS O 100.000KMS * PRIMEROS TRES SERVICIOS BONIFICADOS.FINANCIACIÓN VW: ANTICIPO CON PATENTAMIENTO Y GASTOS DE FINANCAICIÓN $38.900.000.-FINANCIA $16.000.000 EN 9 CUOTAS FIJAS 0% DE 1.777.778.- + SEGURO UNIDAD FISICA PARA ENTREGA INMEDIATAPATENTAMIENTO 2025!NO ES PLAN DE AHORRO!CONCESIONARIO OFICIAL VOLKSWAGEN# VIVÍ UNA EXPERIENCIA 5 ESTRELLAS# LÍDERES EN CALIDAD DE VENTAS# MEJOR PRECIO DE CONTADO# AMPLIO STOCK DISPONIBLE# CUOTAS FIJAS EN PESOS SOLO CON DNI.# TASA PREFERENCIAL.# TOMAMOS EL USADO AL MEJOR PRECIO DEL MERCADO.# ENTREGA INMEDIATA.# MEJORAMOS TU PROPUESTA POR ESCRITO!!#FINANCIAMIENTO PROPIO EXCLUSIVO PARA EMPRESAS#CONSULTAR FINANCIACION CON CHEQUES",1,45500000.0
"¡LIV MOTORS te acerca la oportunidad que estabas esperando!¡FINANCIACIÓN EXCLUSIVA! Cuotas en pesos con 0% de interés y entrega inmediata. Disponibilidad real de todas las unidades y colores. ¡Elegí el tuyo hoy mismo!El valor publicado corresponde al ANTICIPO ¡Podes financiar la diferencia con la financiación directa de fábrica!Beneficios que te ofrecemos:- Precios imbatibles: Contado, financiado o entregando tu usado.- Mejor tasación por tu auto usado (modelos desde 2010 en adelante).- Venta directa de fábrica o de stock para entrega inmediata.- Asesoramiento personalizado: Estamos listos para responder tus consultas al instante y te ofrecemos la opción de videollamadas en vivo para mostrarte los vehículos sin que salgas de tu casa.Concesionario líder en zona norte con más de 10 años de experiencia. ¡Garantía de calidad y atención!Enviamos a todo el país y te acompañamos durante todo el proceso. Solo tenés que venir a retirar tu 0 km cuando todo esté listo.- Comodidades para el cliente: Estacionamiento exclusivo para clientes. Trato preferencial a clientes del interior del país. Lo hacemos bien simple. Usted solo viene a retirar su vehículo.- Atención exclusiva para empresas y clientes especiales: Somos Peugeot Professional Center, con ofertas especiales para empresas, comerciantes, diplomáticos y jueces.¡No esperes más! Consúltanos hoy mismo y llévate tu próximo auto con la mejor financiación del mercado.LINEA DE CREDITO JEEP A TASA 0% CUOTA FIJA $12,000,000 EN 12 CUOTAS FIJAS$18,000,000 EN 12 CUOTAS FIJAS O CREDITO UVA HASTA $20,000,000ASESOR COMERCIAL: JUAN PABLO VITALE",1,33400000.0
"° OPORTUNIDAD ÚNICA DE TENERLO AL MEJOR PRECIO DEL PAIS.° PRECIO ANTICIPO Y CUOTAS! CONSULTAR. ° RETIRALO YA.° NO VENDEMOS PLANES DE AHORRO.° TODA LA GAMA DE COLORES DISPONIBLES.° LLEVATELO EN UNA SEMANA.° DISPONGO DE MAS VERSIONES, CONSULTAR.° UNICO CONCESIONARIO CON UNIDADES EN STOCK REAL PERMANENTE.° LO INVITAMOS A QUE VENGA A VER EL AUTO QUE SE LLEVARÁ.° VENTAS A TODO EL PAÍS DE MANERA ÁGIL Y SENCILLA (MANEJO DE LA OPERACIÓN A DISTANCIA) SOLO VENGA A RETIRAR LA UNIDAD.° ENTREGA INMEDIATA GARANTIZADA.° CONSULTENOS POR MÍNIMOS ANTICIPOS.° CUOTA FIJA EN PESOS.° TASA FIJA EN PESOS.° TOMAMOS SU USADO AL MEJOR PRECIO DEL MERCADO.° CENTRO INTEGRAL FIAT.° CONCESIONARIO OFICIAL EN ZONA NORTE.",1,15000000.0
"CONCESIONARIO OFICIAL CHEVROLET ANTICIPO $ 27.500.000 y 18 CUOTAS FIJAS TASA 0 %ASESOR LEONARDOCONSULTE COLORES DISPONIBLESVENDEMOS UNIDADES DISPONIBLES EN STOCK, CON ENTREGA INMEDIATACONSULTE PRECIO DE CONTADO PARA ENTREGA YATAMBIEN CONTAMOS CON FINANCIACION CON TASA 0% Y OTRAS OPCIONESTOMAMOS SU AUTO USADO EN FORMA DE PAGOAGENCIA OFICIAL DE GENERAL MOTORSN°1 EN CHEVROLETSUCURSAL SAAVEDRA",1,27500000.0
*CONCESIONARIO OFICIAL VOLKSWAGEN*******EXPERECIENCIA 5 ESTRELLAS*****¡¡MEJOR PRECIO Y FINANCIACIÓN!!!*AUTOS EN STOCK PERMANENTE.*VARIEDAD DE COLORES.AV LA PLATA 2050. CABA - BS. AS.*NUEVA FINANCIACIÓN EXCLUSIVA * TASA 0% EN TODAS LAS UNIDADES*SERVICIO DE MANTENIMIENTO BONIFICADO.*FORMAS DE PAGO: INTEGRANDO CONTADO O TU USADO COMO ANTICIPO Y EL RESTO EN 12 CTS 24 CTS 18 CTS 36 CTS O 48 CTS 60 CTS FIJAS Y EN $-*TOMAMOS TU USADO AL MEJOR PRECIO DEL MERCADO.*ENTREGA INMEDIATA.PODEMOS ASESORARTE Y ARMAR UN PLAN DE PAGOS DE ACUERDO A TUS NECESIDADESTENE EN CUENTA QUE TODOS LOS CREDITOS PRENDARIOS Y LEASING SON EN CUOTAS FIJAS EN PESOS.PRIMER CENTRO DE ATENCION PERSONALIZADAVOLKSWAGEN DE ARGENTINAPARA EL OTORGAMIENTO DE CREDITOS PRENDARIOS-LEASINGTRABAJAMOS CON TODOS LOS BANCOSNuestra trayectoria de mas de 35 años nos avala como lideres en el mercado nacionalContamos con el equipo mas profesional para asesorarte1- Créditos prendarios2- Leasing para empresas3- Venta Corporativa4- Cotización de tu usado/s5- Todas nuestras unidades cuentan con su correspondiente certificado de fabricación Y SON AÑO MODELO 2025.6- TOMAMOS CREDITOS DE INVERSION PRODUCTIVA7- CREDITOS PARA PyMEs.RETIRAS EN 10 DÍAS REALES.DEJANOS TU CONTACTO ASI PODEMOS ASESORARTEESTAMOS AUTORIZADOS PARA REALIZAR GESTIONES EN CUALQUIER PARTE DEL PAIS POR VOLKSWAGEN ARGENTINANO DUDES EN CONSULTAR LA MEJOR OPCION DE COMPRA ESTA ACA !!TRABAJAMOS CON LEASING DE TODOS LOS BANCOS.AGUARDAMOS TU CONSULTA   *MARTIN*,1,58000000.0
NUEVA COMMANDER BLACKHAWK !!! 2.0T NAFTA 272HP 4X4CAR DISTRICT TIENE LA OPORTUNIDAD QUE ESTABAS ESPERANDO !!!º|||||||º DESCUENTOS DE CONTADO !!!º|||||||º ENTREGA INMEDIATA !!!º|||||||º TOMAMOS USADOSº|||||||º OPCIONES DE ANTICIPO Y CUOTA FIJA 0% INTERES,1,67900000.0
"Fiat Pulse Drive 1.3 99cv automático CVT 2025 0km""Leer el aviso previamente a realizar consulta""Publicación corresponde al canal de venta convencional, 0km. #NO ES PLAN DE AHORRO#Stock disponible para entrega inmediataHorario de atención de Lunes a Sábados de 09:00 a 19:00Fiat Autogenerali Concesionario oficialPaladino luis Av. Cabildo a 5 cuadras de general pazSe toman reservas de la unidad únicamente con color disponible en stock""Precio publicado contado bonificado mas gastos de flete/patentamiento""Por la variante de precios confirmar con el vendedor valor actualizado previamente a realizar la reserva de la unidadOperación con entrega inmediata de la unidad según color disponible en stockReserva unidad $1.000.000 mediante mercado pago, transferencia, deposito o en salón de ventas (débito-crédito-efectivo-mercado pago)Opción a financiar: Anticipo mínimo 30% del valor publicado o usado solo con dni el saldo se puede realizar en 12/24/36/48 o 60 cuotas fijas sistema francésConsultar créditos UVA con anticipo minino 20% del valor publicado---entrega inmediata----(No es plan de ahorro, no se toman como parte de pago)Tomamos tu usado---Gran Buenos Aires y Capital federal---informar datos del usados en la consulta para enviar valor aproximado de cotización---Consultar colores disponibles en stockConcesionario oficial Fiat GeneraliServicio oficial de post ventaVentas al interior solo contado (No se toman usados)Ventas convencional contado o crédito prendarioGARANTÍA: 3 AÑOS O 100.000KM (LO QUE OCURRA PRIMERO) ORÍGEN DEL VEHÍCULO: BRASIL.IMAGENES ILUSTRATIVAS, LOS VALORES ASÍ COMO LOS DETALLES DESCRIPTOS EN ESTE FOLLETO SON APROXIMADOS, DESCRIPTIVOS.Quiénes SomosAUTOGENERALI es una compañía dedicada a la comercialización de vehículos, Concesionario Oficial de Fiat Auto Argentina desde el año 1996, que viene ocupando, ya desde sus comienzos, un lugar de liderazgo dentro de la vasta red que posee la prestigiosa marca italiana.Actualmente contamos con casi 8.000 m2 de infraestructura comercial y de servicios compuesta por cuatro puntos de ventas distribuidos en el territorio de la Ciudad Autónoma de Buenos Aires y dos Talleres de Servicio y Venta de Repuestos dentro del mismo ámbito.Con un plantel de casi 200 personas distribuidas en las distintas áreas de la empresa, estamos en condiciones de brindar a nuestros clientes los más altos estándares de servicio.En permanente proceso de capacitación para atender los requerimientos de un mercado cada vez más exigente y con la experiencia que nos da haber entregado más de 60,000 vehículos, ofrecemos todos nuestros canales de comunicación, entre ellos nuestro Sitio Web Oficial, nuestra Facebook Fan Page, Twitter, etc., como herramientas para acercarnos de manera más directa con nuestros clientes y con quienes sin serlo, tienen la intención de acercarse al mundo FIAT de la forma más amigable.",1,26700000.0
"¡LIV MOTORS te acerca la oportunidad que estabas esperando!¡FINANCIACIÓN EXCLUSIVA! Cuotas en pesos con 0% de interés y entrega inmediata. Disponibilidad real de todas las unidades y colores. ¡Elegí el tuyo hoy mismo!El valor publicado corresponde al ANTICIPO ¡Financia la diferencia con la financiación directa de fábrica!-----------------MAYO 2025------------------EL BOLETO TE LO LLEVAS CON NUMERO DE CHASIS Y MOTOR UNIDADES FÍSICAS----------------------------LEER CON ATENCIÓNNUEVO LANZAMIENTO PEUGEOT 2008 NUEVO 2025--------------------------------------------------------------------------PEUGEOT 2008 ACTIVE //ALLURE//GTHASTA $ 8,000,0000 MILLONES DE PESOS A TASA 0%EN 18,CUOTAS SIN INTERÉS Y FIJAS, CRÉDITO PERSONAL SI GASTO DE PRENDA///////================================================================NUEVA FINANCIACIÓN EXCLUSIVA 2008 ACTIVE//ALLURE//GT$14,000,000 A TASA 0 % SIN INTERÉSDE 24 CUOTAS FIJAS DE $777.840================================================================NUEVA FINANCIACIÓN EXCLUSIVA 2008 ACTIVE//ALLURE//GT$18,000,000 A TASA 7,9 % EN CUOTAS FIJASDE 24 CUOTAS FIJAS DE $838.080NO DEJES DE PREGUNTARNOS POR OTRAS LINEAS DE FINANCIACIÓN (UVA FINANCIANDO HASTA EL 80% DEL VALOR DEL AUTO).=====================================================ASESOR E-COMMERS: NICOLÁS MARCINNOCONSULTA BONIFICACIONES COMPRANDO ESTA SEMANA - DESCUENTOS EXCLUSIVOS.=====================================================Beneficios que te ofrecemos:- Precios imbatibles: Contado, financiado o entregando tu usado.- Mejor tasación por tu auto usado (modelos desde 2010 en adelante).- Venta directa de fábrica o de stock para entrega inmediata.- Asesoramiento personalizado: Estamos listos para responder tus consultas al instante y te ofrecemos la opción de videollamadas en vivo para mostrarte los vehículos sin que salgas de tu casa.Concesionario líder en zona norte con más de 10 años de experiencia. ¡Garantía de calidad y atención!Enviamos a todo el país y te acompañamos durante todo el proceso. Solo tenés que venir a retirar tu 0 km cuando todo esté listo.- Comodidades para el cliente: Estacionamiento exclusivo para clientes. Trato preferencial a clientes del interior del país. Lo hacemos bien simple. Usted solo viene a retirar su vehículo.- Atención exclusiva para empresas y clientes especiales: Somos Peugeot Professional Center, con ofertas especiales para empresas, comerciantes, diplomáticos y jueces.",1,35286351.0
"•ALRA S.A. CONCESIONARIO OFICIAL VOLKSWAGEN•NIVUS 1.0 200TSI TRENDLINE AUTOMATICA - LINEA NUEVA MY25• Anticipo: $18.300.000• Financia: $14.000.000 en9 cuotas (TNA 0.00%) de $1.555.556 + seguro.Gastos incluidos de flete, formularios y prenda bancaria. Al retirar abona el patentamiento que es un 8% de sellos + patente proporcional.********************************************************************************Equipamiento destacado:- Llantas de aleación de 16""- Faros principales VW LED y luz de marcha diurna- Volante revestido en cuero- Palanca de cambios revestida en cuero- Apoyabrazos delantero central con salida de aire traseras- Cámara de estacionamiento con visión trasera- Sensor de estacionamiento trasero- Tablero digital 8"" | VW Digital Cockpit- Sistema Multimedia VW Play 10"" con App connect sin cable- Control de velocidad crucero- 2 tomas USB Tipo C en consola central- 2 tomas USB Tipo C traseras********************************************************************************Erika Parra- Av. Juan B. Justo 2611 - Villa Crespo Buenos Aires -•ALRA S.A. CONCESIONARIO OFICIAL VOLKSWAGEN•",1,29500001.0
"PRECIO PUBLICADO DE ANTICIPO SUGERIDO¡TU JEEP RENEGADE TE ESTÁ ESPERANDO EN SPORT CARS JEEP!Si estás buscando una SUV que combine diseño, tecnología y robustez, la Jeep Renegade es tu mejor elección. Y no hay mejor lugar para encontrarla que en Sport Cars Jeep, una de las concesionarias más grandes y confiables del país.¿POR QUÉ ELEGIR SPORT CARS JEEP?40 años de trayectoria en el mercado automotor, brindando confianza, respaldo y compromiso en cada operación.Somos concesionaria oficial Jeep, con atención especializada y asesoramiento profesional en cada etapa de tu compra.Contamos con altísimos estándares de calidad en atención al cliente: nuestro equipo está capacitado para brindarte una experiencia personalizada, clara y sin vueltas.Tenemos uno de los mayores stocks del país y posibilidades reales de entrega inmediata.Te ofrecemos planes de financiación exclusivos, toma de usados al mejor valor y promociones únicas.Miles de clientes satisfechos nos eligen año tras año por nuestra seriedad y dedicación.¿QUÉ TRAE LA NUEVA JEEP RENEGADE?Estilo sofisticado y diseño robusto.Tecnología de última generación con conectividad total.Seguridad activa y pasiva para vos y tu familia.Interior amplio, cómodo y con terminaciones premium.Excelente performance tanto en ciudad como en ruta.Vení a Sport Cars Jeep y llevate la SUV que soñás con la confianza de estar en las mejores manos.¡Consulta ahora y descubrí una experiencia de compra a otro nivel!",1,32000000.0
"CITROEN NOVO CASTELAR ,LIDERES EN ZONA OESTE,EL VALOR PUBLICADO CORRESPONDE AL ANTICIPO DE LA VERSION ,SE PUEDE FINANCIAR EL RESTO EN CUOTAS,CON ENTREGA INMEDIATA!TOMAMOS MEJOR TU USADO,SUBITE A TU OKM !!!!",1,27900000.0
"º|||||||º DESCUENTOS DE CONTADO !!!º|||||||º ENTREGA INMEDIATA !!!º|||||||º TOMAMOS USADOSº|||||||º OPCIONES DE ANTICIPO Y CUOTA FIJA 0% INTERESALGUNAS DE NUESTRAS OPCIONESPLANES DE FINANCIACION :FINANCIA $ 12.000.000 EN 12 CUOTAS FIJAS TASA 0% DE $ 1.012.000FINANCIA $ 18.000.000 EN 12 CUOTAS FIJAS TASA 19.9% % DE $ 1.450.000Concesionario líder en zona norte con más de 20 años de experiencia. ¡Garantía de calidad y atención!ESPERAMOS TU CONSULTA YA MISMO , NUESTROS ASESORES ESTAN LISTOS PARA ATENDERTE",1,44990000.0
*EL PRECIO CORRESPONDE AL ANTICIPO*EL SALDO EN CUOTAS EN PESOS*UNIDADES FISICAS DE STOCK CON NRO DE MOTOR Y CHASIS*COMPRA TU 0KM DE LA FORMA MAS SEGURA**ENTREGA INMEDIATA**,1,19000024.0
"Somos motorville concesionario Nº1 en ventasNos destacamos por una propuesta de servicio, asesoramiento y calidad con los más altos estándares del mercado.INSPECCIÓN Y COBERTURA MECÁNICA: todos nuestros vehículos están chequeados y certificados en 240 puntos por nuestro equipo de expertos, VTV vigente, libre de deudas de patentes e infracciones.GESTORIA: Nosotros nos encargamos de todo!!!!! contamos con un equipo de gestores matriculados para que de lo único que te ocupes sea de disfrutar del vehículo.BROKER DE SEGUROS: También disponemos de un completo departamento de seguros, para que puedas comparar la cotización con compañías líderes.DEPARTAMENTO DE ACCESORIOS: personaliza tu vehículo con una gran diversidad de productos de prestigiadas marcas, nuestro compromiso es estar a la vanguardia de la tecnología y el conocimiento técnico para satisfacer las necesidades y expectativas de nuestros clientesEquipamientos y accesorios - Estética vehicular – Polarizados y laminadosMÉTODOS DE PAGO:* AL CONTADO: Paga vía transferencia bancaria o depósito.*DEJA TU AUTO COMO PARTE DE PAGO: Cambia tu auto por uno de calidad certificada de motorville y con cobertura mecánica.*FINANCIACIÓN: En MOTORVILLE podes acceder a tu próximo vehículo con un anticipo mínimo y una cuota ajustada a tu medida. Las mejores tasas del mercado.NO BUSQUES MAS TU PRÓXIMO VEHÍCULO TE ESPERA EN motorville",1,37890000.0
"Somos AUTOTAG SAN MARTIN concesionario oficial Volkswagen, el más GRANDE del país.*CONCESIONARIO OFICIAL VOLKSWAGEN*¡¡MEJOR PRECIO Y FINANCIACIÓN!!*AUTOS EN STOCK PERMANENTE.*VARIEDAD DE COLORES.AV RICARDO BALBIN 1959 SAN MARTIN*FORMAS DE PAGO: INTEGRANDO CONTADO O TU USADO COMO ANTICIPO Y EL RESTO EN 12 CTS 24 CTS 18 CTS 36 CTS O 48 CTS 60 CTS FIJAS Y EN $-*FINANCIACIÓN EXCLUSIVA **TOMAMOS TU USADO AL MEJOR PRECIO DEL MERCADO.*ENTREGA INMEDIATA.PODEMOS ASESORARTE Y ARMAR UN PLAN DE PAGOS DE ACUERDO A TUS NECESIDADESTENE EN CUENTA QUE TODOS LOS CREDITOS PRENDARIOS Y LEASING SON EN CUOTAS FIJAS EN PESOS.PRIMER CENTRO DE ATENCION PERSONALIZADAVOLKSWAGEN DE ARGENTINAPARA EL OTORGAMIENTO DE CREDITOS PRENDARIOS-LEASINGTRABAJAMOS CON TODOS LOS BANCOSNuestra trayectoria de más de 35 años nos avala como lideres en el mercado nacionalContamos con el equipo más profesional para asesorarte1- Créditos prendarios tasa 0%2- Leasing para empresas3- Venta Corporativa4- Cotización de tu usado/s5- Todas nuestras unidades cuentan con su correspondiente certificado de fabricación Y SON AÑO MODELO 2024.6- TOMAMOS CREDITOS DE INVERSION PRODUCTIVA7- CREDITOS PARA Pymes.RETIRAS EN 10 DÍAS REALES.DEJANOS TU CONTACTO ASI PODEMOS ASESORARTEESTAMOS AUTORIZADOS PARA REALIZAR GESTIONES EN CUALQUIER PARTE DEL PAIS POR VOLKSWAGEN ARGENTINA¡¡NO DUDES EN CONSULTAR LA MEJOR OPCION DE COMPRA ESTA ACA!!TRABAJAMOS CON LEASING DE TODOS LOS BANCOS.AGUARDAMOS TU CONSULTAAUTOTAG SAN MARTINConcesionario OFICIAL Volkswagen",1,44400000.0
"Concesionario Oficial Renault DIAZ S.A – Sucursal Belgrano-Stock disponible – Entrega inmediata-Financiación sin interés – Cuotas a medida-Tomamos tu usado – Sistema llave por llave*Precio publicado para anticipo y cuotas*Beneficios exclusivos:-Solo con DNI, a sola firma.-Aprobación inmediata.-Cuotas en pesos, sin interés y tasa fija.-Posibilidad de cambiar de modelo sin afectar anticipo ni cuotas.-Test Drive disponible bajo solicitud.Ubicación y Atención:Estamos en Av. Cabildo 3636, CABA – Estacionamiento exclusivo para clientes.Lunes a sábados de 9 a 19 hs.Consultas sin compromiso – Contacta con nosotros al 11 2301-7479Asesor : Tiago Federico",1,24552008.0
"Automobiles Lyon l CITROËNConcesionario OficialCITROËN C3 AIRCROSS – TODAS LAS VERSIONES5 Y 7 ASIENTOSMejoramos cualquier presupuesto.____________________OFERTA 19/3FEEL PACK 7A.- $31.000.000 FINAL PATENTADAANTICIPO $17.080.000 + 18 CUOTAS FIJAS DE $888.888ULTIMAS UNIDADES CON DESCUENTO____________________FINANCIACIÓN DIRECTAEntrega Inmediata – STOCK PROPIOHasta $16.000.000 / 18 cuotas / tasa 0% fija en pesosHasta $16.000.000 / 24 cuotas / tasa 9,9% fija en pesosHasta $22.000.000 / 24 cuotas / tasa 0% PRENDARIO UVA____________________FINANCIACIÓN DE FÁBRICAEntrega ProgramadaSujeto a aprobación por cupos limitadosRetiras con el 40% $12.056.000 (o tu usado)La diferencia se financia a tasa 0% interés en cuotas de $370.000____________________Tomamos tu usado al mejor precio.Ventas a todo el país.Posibilidad de hacer la operación a distancia.TEST DRIVE DISPONIBLE____________________BONIFICACIONES EXCLUSIVASPara clientes bancarizados____________________Dejanos tu consulta, y programá tu entrevista en el concesionario.Automobiles Lyon – 25 años de trayectoriaSucursales: Ramos Mejía / Ciudadela / LujánLeandro Stefan – Asesor Comercial",1,29750000.0
"ANTICIPO MINIMO CON GASTOS INCLUIDOSDesde $ 9.900.000 ENTREGA INMEDIATAFINANCIA HASTA $15.000.000 EN 12/18/24 CUOTAS FIJAS CON TASA REDUCIDA DEL 0% AL 34.90%O HASTA EL 80% EN 12/24/36/48/60 CUOTAS UVA( NO ES PLAN DE AHORRO)TOMAMOS TU USADO PARA FACILITARTE LA COMPRA, TRAELO Y LO TASAMOS EN EL ACTOGRUPO TARABORELLISomos una compañía con más de 30 años de experiencia en la comercialización de vehículos y servicios. Nuestra trayectoria revela más de 100.000 vehículos entregados y un equipo de trabajo que supera los 500 colaboradores, especialmente capacitados para ofrecer el mejor servicio al cliente.Contamos con un complejo de concesionarias diseñadas para lograr la mejor experiencia de compra, 10.000 metros cuadrados de talleres integrales para brindarle el mejor servicio postventa y tres Centros de Entrega de 0km propios.En Taraborelli te brindamos las mejores condiciones para que puedas acceder a tu 0km, efectivo, usado y/o financiado.Ponete en contacto con nosotrosCasa Central: PATERNAL (CABA)",1,31649509.0
"CONCESIONARIO OFICIAL RENAULT LILLE – AMPLIO STOCK – COLORES DISPONIBLES    Comunicate por llamado, wspp o mensaje de esta publicación para conseguir EL MEJOR PRECIO DE CONTADO!!!         TE GARANTIZAMOS UNA OPERACIÓN RÁPIDA Y TRANSPARENTE.    Nuestra seriedad y respeto en la atención personalizada, se encuentra plasmada en las reseñas de nuestros clientes en Google. Respondemos siempre, en tiempo y forma, ante cualquier eventualidad.    Tomamos autos en parte de pago, cotizamos en el momento.        PRECIO DE LISTA  $36.610.000  VALOR DE CONTADO SIN GASTOS  $30.989.900          OPCIÓN 1 TASA 0%!!!    Anticipo con flete, patentamiento y prenda incluido    $14.663.67018 cuotas FIJAS TASA 0% de   $1.220.500      OPCIÓN 2 TASA RENAULT    Anticipo con flete, patentamiento y prenda incluido    $15.461.03618 cuotas FIJAS de  $1.356.200  24 cuotas FIJAS de  $1.050.700  36 cuotas FIJAS de   $983.500  48 cuotas FIJAS de   $904.600  60 cuotas FIJAS de   $824.200      OPCIÓN 3 ANTICIPO MÍNIMO    Anticipo con flete, patentamiento y prenda incluido    $7.586.22524 cuotas de  $1.473.700  36 cuotas de   $1.095.900  48 cuotas de  $910.300      Solicite anticipo según su presupuesto. Sujeto a aprobación crediticia.    Precio de contado no incluye gastos. Fotos y video a modo ilustrativo, puede variar del modelo publicado.     OFERTA SUJETA A CAMBIOS SIN PREVIO AVISO        # El mejor precio del mercado, ventas a todo el país    # Mejoramos cualquier presupuesto    # Tomamos el dólar a mejor precio mercado    # Tomamos usados en parte de pago, tasación profesional    # Financiación accesible, prendaria, personal y leasing en cuotas fijas y en pesos    # Test Drive disponible    # Garantía Oficial en unidades 0km    *No incluye sellado ni alta de patente",1,30989900.0
"¡Bienvenido a nuestro concesionario oficial Volkswagen! Estamos orgullosos de ofrecer el stock de unidades 0KM más amplio del mercado, con disponibilidad de colores para satisfacer tus preferencias.Unidades Físicas para Entrega Inmediata.No esperes más para disfrutar de tu nuevo Volkswagen. Tenemos unidades físicas listas para entrega inmediata, sin demoras innecesarias.Formas de Pago para Unidades 0KM:Contado: La opción más rápida y sencilla.Crédito Prendario a través de Volkswagen Financial Services: Te ayudamos a financiar tu Volkswagen de la forma más conveniente con créditos prendarios otorgados por V.W. Con cuotas fijas y las tasas más bajas del mercado.Tasas 0% en todas las versiones.Tomamos tu usado en forma de pago: Solo vehículos radicados en CABA y AMBA con menos de 100 mil km.Financiación de Fábrica en 84 cuotas: Una forma accesible de adquirir tu Volkswagen.Vehículos Adjudicados: Mínimo anticipo más cuotas.Nota Importante:El valor publicado no incluye gastos de agencia (flete, formularios, alistamiento, preentrega, patentamiento).Si deseas obtener más detalles sobre cualquiera de nuestras unidades, formas de pago o si tienes alguna pregunta, no dudes en contactarnos. Estamos aquí para ayudarte a encontrar el Volkswagen que se adapte a tus necesidades.¡Gracias por considerarnos para tu próxima adquisición de vehículo!FEDERICO ,C",1,36499999.0
"***** ATENCION**** CONTAMOS CON STOCK DISPONIBLE *ENTREGA INMEDIATA!!!!EL VALOR DE LA PUBLICACION ES POR ANTICIPO MAS 12 CUOTAS FIJAS EN PESOS DE $749.970,TASA O% INTERES* Mejoramos cualquier presupuesto del país * *financiacion en cuotas fijas o variables** NAVE MOTORS ** Concesionario con mas de 10 años de experiencia en vehiculos citroën **tenemos la mejor financiacion del mercado** El asesoramiento personalizado, calidad de servicio, buena atención, responsabilidad y transparencia son nuestros principales atributos para que tengas la mejor experiencia de compra ** NO DUDES Y CONSÚLTANOS ANTES DE DECIDIRTE *SIEMPRE CON ¡ENTREGA INMEDIATA!* RETIRA YA TU 0KM CON UN MÍNIMO ANTICIPO y SOLO CON DNI * (FINANCIACIÓN + DESCUENTO) * * * (FINANCIACIÓN + DESCUENTO + TOMA DE TU USADO) ** RESERVA TU TURNO PARA HACER UN TEST DRIVE ** Somos concesionario oficial citroën *",1,20800000.0
"Volkswagen T-Cross 1.0 200 Tsi Trendline AutSE PUEDE FINANCIAR CON ANTICIPO MINIMO DE 5 MILLONES Y CUOTAS.Caja automáticaCarPlay inalambricoVelocidad cruceroTira Led completa baúl (línea nueva)Llantas De AleaciónSensor de EstacionamientoCarga Cable Ficha CControl de estabilidad++ El precio publicado es un ANTICIPO, por financiación. ++>> Valor contado US$27.000 <<ACEPTAMOS DOLAR, EURO, CRIPTO, PAYPAL ETCValor permuta / financiación +5%",1,22100.0
"•ALRA S.A. CONCESIONARIO OFICIAL VOLKSWAGEN•NIVUS 1.0 200TSI HIGHLINE AUTOMATICA - LINEA NUEVA MY25• Anticipo: $25.800.000• Financia: $14.000.000 en9 cuotas (TNA 0.00%) de $1.555.556 + seguro.Gastos incluidos de flete, formularios y prenda bancaria. Al retirar abona el patentamiento que es un 8% de sellos + patente proporcional.********************************************************************************Equipamiento destacado:- Llantas de aleación de 17""- Frenado asistido para evitar colisiones múltiples- Frenado autónomo de emergencia (AEB)- Control de velocidad crucero adaptativo (ACC)- Detector de punto ciego con asistente trasero de tráfico cruzado- Grilla LED frontal iluminada- Barras de techo silver- Sistema de detector de fatiga- Indicador para el control de presión de neumáticos- Tapizado en cuero ecológico- Espejos rebatibles en forma eléctrica- Sensor de estacionamiento delantero- Tablero 100% digital 10,25"" | Active Info Display- Sistema Multimedia VW Play 10"" Conectada con App connect sin cable********************************************************************************Erika Parra- Av. Juan B. Justo 2611 - Villa Crespo Buenos Aires -•ALRA S.A. CONCESIONARIO OFICIAL VOLKSWAGEN•",1,37000001.0
*CONCESIONARIO OFICIAL VOLKSWAGEN*******EXPERECIENCIA 5 ESTRELLAS*****¡¡MEJOR PRECIO Y FINANCIACIÓN!!!*AUTOS EN STOCK PERMANENTE.*VARIEDAD DE COLORES.AV LA PLATA 2050. CABA - BS. AS.*NUEVA FINANCIACIÓN EXCLUSIVA * TASA 0% EN TODAS LAS UNIDADES*SERVICIO DE MANTENIMIENTO BONIFICADO.*FORMAS DE PAGO: INTEGRANDO CONTADO O TU USADO COMO ANTICIPO Y EL RESTO EN 12 CTS 24 CTS 18 CTS 36 CTS O 48 CTS 60 CTS FIJAS Y EN $-*TOMAMOS TU USADO AL MEJOR PRECIO DEL MERCADO.*ENTREGA INMEDIATA.PODEMOS ASESORARTE Y ARMAR UN PLAN DE PAGOS DE ACUERDO A TUS NECESIDADESTENE EN CUENTA QUE TODOS LOS CREDITOS PRENDARIOS Y LEASING SON EN CUOTAS FIJAS EN PESOS.PRIMER CENTRO DE ATENCION PERSONALIZADAVOLKSWAGEN DE ARGENTINAPARA EL OTORGAMIENTO DE CREDITOS PRENDARIOS-LEASINGTRABAJAMOS CON TODOS LOS BANCOSNuestra trayectoria de mas de 35 años nos avala como lideres en el mercado nacionalContamos con el equipo mas profesional para asesorarte1- Créditos prendarios2- Leasing para empresas3- Venta Corporativa4- Cotización de tu usado/s5- Todas nuestras unidades cuentan con su correspondiente certificado de fabricación Y SON AÑO MODELO 2025.6- TOMAMOS CREDITOS DE INVERSION PRODUCTIVA7- CREDITOS PARA PyMEs.RETIRAS EN 10 DÍAS REALES.DEJANOS TU CONTACTO ASI PODEMOS ASESORARTEESTAMOS AUTORIZADOS PARA REALIZAR GESTIONES EN CUALQUIER PARTE DEL PAIS POR VOLKSWAGEN ARGENTINANO DUDES EN CONSULTAR LA MEJOR OPCION DE COMPRA ESTA ACA !!TRABAJAMOS CON LEASING DE TODOS LOS BANCOS.AGUARDAMOS TU CONSULTA   *MARTIN*,1,28999999.0
"¡Oferta MAYO! Fiat PulseRetirá con:Anticipo: $8,700.000 y pagá en cuotas de $360,000 por mescon TASA 0%.Aceptamos:# Tu usado como parte de pago# Dólares al mejor valor# PesosEstamos en Capital Federal y Zona Oeste.Atendemos de lunes a sábados, de 9 a 19 hs.Atención rápida por #Whtspp para más información",1,27100000.0
TRAILBLAZER 2.8 4x4 HC AT¡DISPONIBLE YA!- RETIRA CON ANTICIPO $37.000.000 (más patentamiento)- FINANCIACIÓN A TASA FIJA- UNIDADES EN STOCK- ENTREGA INMEDIATA,1,57700000.0
"///AUTOFRANCE PEUGEOT///*CONCESIONARIO #1 EN VENTAS***STOCK DE UNIDADES, DISPONIBLIDAD DE COLORES**** SOMOS ESPECIALISTAS EN FINANCIACIONFINANCIACION HASTA $18.000.000 EN 24 FIJAS DE $838.080 CON TNA DEL 7.9%*FINANCIACION HASTA $14.0000.000 EN 18 CUOTAS FIJAS DE $777.840 , TNA 0%***PRECIO PUBLICADO CORRESPONDE AL ANTICIPO + CUOTASNO INCLUYE GASTOSAprobamos su crédito en el momento. La mejor tasa del mercado. ** OPERAMOS VENTA DIRECTA DE FABRICA Y/O STOCK PARA ENTREGA INMEDIATA ** TODOS LOS USADOS Y SEMI NUEVOS EN STOCK FUERON SOMETIDOS A RIGUROSOS CONTROLES DE CALIDAD EN NUESTROS TALLERES PROPIOS ** EL MEJOR PRECIO, CONTADO, FINANCIADO O CON SU USADO *///ASESORA COMERCIAL: SALOMÉ HERNÁNDEZ///",1,28000000.0
"* CONCESIONARIO OFICIAL CITROËN ****CENTRAL***Citroën C3 Aircross Feel Pk 7¡Retira ya tu 0KM con un mínimo anticipo y solo con DNI!- Financiamos hasta el 100% del valor de la unidad.- Cuotas tasa 0%- Tomamos usados como en forma de pago.- Bonificaciones exclusivas- Garantía de 3 años y los primeros 3 service bonificados.*VENTAS A TODO EL PAIS*-Sin bancos ni financieras-Servicio post-venta de repuestos y accesorios.-Tenemos el auto para que puedas manejarlo y realizar un test drive.-El mejor precio de contado y financiado del mercado.Asesoramiento personalizado, calidad de servicio, buena atención, responsabilidad y transparencia, son nuestros principales atributos para que tengas la mejor experiencia de compra.",1,26000000.0
"*Anticipo y cuotas : consúltanos ** Mejoramos cualquier presupuesto del país * * Somos concesionario oficial citroën ** NAVE MOTORS ** Concesionario con mas de 10 años de experiencia en vehiculos citroën ** El asesoramiento personalizado, calidad de servicio, buena atención, responsabilidad y transparencia son nuestros principales atributos para que tengas la mejor experiencia de compra ** NO DUDES Y CONSÚLTANOS ANTES DE DECIDIRTE *SIEMPRE CON ¡ENTREGA INMEDIATA!* RETIRA YA TU 0KM CON UN MÍNIMO ANTICIPO y SOLO CON DNI * (FINANCIACIÓN + DESCUENTO) * * * (FINANCIACIÓN + DESCUENTO + TOMA DE TU USADO) ** TOMAMOS TU AUTO USADO AL MEJOR PRECIO DEL MERCADO ** RESERVA TU TURNO PARA HACER UN TEST DRIVE *",1,22000000.0
PEUGEOT 2008 ACTIVE 0KM!!!!!!!!!!!!!!!!!* FINANCIAMIENTO DIRECTO DE FABRICA!!!!!!!* VALOR DE LA UNIDAD: $32.900.000* ANTICIPO DE $14.000.000 ( O TU AUTO) Y EL RESTO SE TE FINANCIAN EN CUOTAS* TENES UN AUTO QUE CUBRA EL ANTICIPO???? TE LO TOMAMOS LLAVE X LLAVE * ENTREGAS PROGRAMADASBUSCAS ENTREGA INMEDIATA???? CONSULTAME EL STOCK Y FINANCIAMIENTOSOMOS PEUGEOT GIAMA,1,33230000.0
"NUEVA TOYOTA COROLLA CROSS XEI HV LINEA 2025PLAN ADJUDICADO Y SALDO EN CUOTAS, FINANCIACION DIRECTA DE FABRICA, MÍNIMOS REQUISITOS. Cancela el anticipo y retiraENTREGA A TRAVES DE PLAN DE AHORROCONSULTANOS POR PLANES AVANZADOSCONSULTANOS POR PLANES ADJUDICADOSCOLORES A ELECCIONBONIFICACIONES EXCLUSIVAS A TRAVES DE PLAN DE AHORRO*** FINANCIACIÓN SIN INTERÉS******CUOTAS PRE-CANCELABLES******TOTALMENTE EN PESOS******""MÍNIMOS REQUISITOS***PRECIO DE LISTA:$ 39.809.000 + FLETE Y FORMULARIOS.*****GARANTÍA DE 5 AÑOS o 150.000 KM*****ATENCIÓN PERSONALIZADA.TOMAMOS TU USADO EN PARTE DE PAGO AL MEJOR VALOR Y TE LO DEJAMOS HASTA UNA SEMANA ANTES DE RETIRAR EL 0KM.SOLICITA UN TEST DRIVE, VENI A CONOCER EL CONCESIONARIO MAS IMPORTANTE DE C.A.B.A.NUESTRA VISIÓNEn Jorge Ferro nos preocupamos por brindar la máxima calidad y excelencia, tanto en nuestros vehículos cómo en nuestra atención. Esperamos darte la bienvenida a nuestras instalaciones y puedas comprobar por qué la gente nos elige cada día.NUESTRO OBJETIVOEn Jorge Ferro buscamos entregarte vehículos de la mejor calidad y posibilitarte de la manera más rápida soluciones concretas y satisfactorias para todas las inquietudes que se puedan generar.Con más de 40 años trabajando con la firma TOYOTA, sinónimo de calidad y alta exigencia. Garantizamos nuestro nivel con la experiencia en el mercado comercializando automóviles, prestación de servicios pos ventas, comercialización de repuestos y accesorios.Contamos con personal calificado y especializado en cada área, siendo óptimos tanto a nivel individual como en equipo.Nos regimos por mantener el respeto hacia nuestros usuarios, capacitándonos constantemente y bajo la norma “El usuario es primero”. Reforzamos la confianza que en nosotros depositan trabajando de manera transparente desde el minuto 0. Por eso nuevamente, te invitamos a que te acerques a nuestras instalaciones, para darte una cálida bienvenida y podamos juntos vivir la experiencia TOYOTA.---------------------------------------HORARIOS DE ATENCIÓN:Lunes a Viernes: 9 a 20hs.Sábados: 10 a 18hs---------------------------------------TOYOTA JORGE FERROConcesionario Oficial",1,38300000.0
*CONCESIONARIO OFICIAL VOLKSWAGEN*******EXPERECIENCIA 5 ESTRELLAS*****¡¡MEJOR PRECIO Y FINANCIACIÓN!!!*AUTOS EN STOCK PERMANENTE.*VARIEDAD DE COLORES.AV LA PLATA 2050. CABA - BS. AS.*NUEVA FINANCIACIÓN EXCLUSIVA * TASA 0% EN TODAS LAS UNIDADES*SERVICIO DE MANTENIMIENTO BONIFICADO.*FORMAS DE PAGO: INTEGRANDO CONTADO O TU USADO COMO ANTICIPO Y EL RESTO EN 12 CTS 24 CTS 18 CTS 36 CTS O 48 CTS 60 CTS FIJAS Y EN $-*ENTREGA INMEDIATA.PODEMOS ASESORARTE Y ARMAR UN PLAN DE PAGOS DE ACUERDO A TUS NECESIDADESTENE EN CUENTA QUE TODOS LOS CREDITOS PRENDARIOS Y LEASING SON EN CUOTAS FIJAS EN PESOS.VOLKSWAGEN DE ARGENTINAPARA EL OTORGAMIENTO DE CREDITOS PRENDARIOS-LEASINGTRABAJAMOS CON TODOS LOS BANCOSNuestra trayectoria de mas de 35 años nos avala como lideres en el mercado nacionalContamos con el equipo mas profesional para asesorarte1- Créditos prendarios2- Leasing para empresas3- Venta Corporativa4- Cotización de tu usado/s5- Todas nuestras unidades cuentan con su correspondiente certificado de fabricación Y SON AÑO MODELO 2025.6- TOMAMOS CREDITOS DE INVERSION PRODUCTIVA7- CREDITOS PARA PyMEs.RETIRAS EN 10 DÍAS REALES.DEJANOS TU CONTACTO ASI PODEMOS ASESORARTEESTAMOS AUTORIZADOS PARA REALIZAR GESTIONES EN CUALQUIER PARTE DEL PAIS POR VOLKSWAGEN ARGENTINANO DUDES EN CONSULTAR LA MEJOR OPCION DE COMPRA ESTA ACA !!TRABAJAMOS CON LEASING DE TODOS LOS BANCOS.AGUARDAMOS TU CONSULTA   *MARTIN*,1,36899999.0
CONCESIONARIO OFICIAL RENAULT LEPICDUSTER ICONIC 1.3 T 4X2 CVT.CONSULTAR OTRAS VERSIONESANTICIPO Y FINANCIACION TASA BAJATOMO TU USADO AL MEJOR VALORPRECIO CONTADO INMEJORABLELLAMAR PARA VER Y RESERVARLEANDRO,1,29520000.0
"Bienvenido a Chevrolet Beta Concesionario Oficial El precio publicado es el anticipo de $ 24.925.000 + 18 cuotas fijas y en pesos de $ 633.334En estos valores están incluidos todos los GASTOS!!!Si estas buscando tu próximo 0km, al mejor precio y con la mejor atención y asesoramiento del mercado, entonces no dudes en contactarnos!Estamos para brindarte la operación ideal para vos. Tomando tu usado como parte de pago al mejor precio y brindándote la mejor financiación en pesos y cuotas fijas. Para que llegar a tu 0km no sea un obstáculo ni un sueño lejano, sino que puedas disfrutar de él teniendo una operación simple, limpia y en cómodos pasos. No dudes en contactarnos para brindarte asesoramiento personalizado acorde a tu operación. Tu consulta no molesta. Subite a tu próximo 0km, subite a un Chevrolet!Automotores BetaSucursal Vicente Lopez",1,24925000.0
Bienvenido a Fiat Autodrive - Concesionario OficialFINANCIACION TASA 0% INTERESPRECIO OFICIAL SIN SOBREPRECIOS !Modelo: Fatsback Anticipo TOTAL $ 9.800.000CUOTAS DESDE $295.000Financiación directa de fábrica sin bancos o intermediarios.Adelanto de cuotas a tu medida y cambio de modelo.Con tasa 0% de interés real.Entrega del vehículo asegurada por contrato.Tomamos al mejor precio tu vehículo usado.Tenemos el mejor precio del país.AutoDrive es uno de los Concesionarios líderes en Patentamiento a nivel Nacional.Solicita ahora el Tour Virtual por Videollamada para ver el modelo y Cotización de tu usado x WhatsApp.¡¡¡Reserva tu Fiat 0km de manera Online con Mercado Libre y accede a beneficios exclusivos en accesorios!!!,1,32282005.0
"¡LO MAS IMPORTANTE!¡TIENE MOTOR CADENERO 1.5 !!¡7 AÑOS DE GARANTIA O 150.000KM!¡Entrega inmediata y opciones de pago flexibles!¡Tu próximo auto está presente en el concesionario oficial para que puedas verlo y encenderlo!!!¡Disponible para entrega inmediata! Y lo mejor es que puedes retirarlo con tu auto usado o con mínimo anticipo, ¡y la diferencia la puedes financiar!¡Consulta que colores tenemos disponibles!!COMPRA SIN VUELTAS, FACIL, SEGURO Y SENCILLODiego Meza",1,22000.0
"•ALRA S.A. CONCESIONARIO OFICIAL VOLKSWAGEN•T-CROSS 1.0 200TSI HIGHLINE AT MY25 2025• Anticipo: $29.800.000• Financia: $14.000.000 en 9 cuotas (TNA 0.00%) de $1.555.556 + seguro.Gastos incluidos de flete, formularios y prenda bancaria. Al retirar abona el patentamiento que es un 8% de sellos + patente proporcional.********************************************************************************Equipamiento destacado:- Sistema Multimedia VW Play 10"" con Wireless App Connect- Active Info Display 10"" (Tablero Digital)- Sensor de estacionamiento delantero y trasero- Camara de estacionamiento trasera.- Sistema de estacionamiento automático “Park Assist”- Techo solar panorámico- Tapizado en cuero- Luz de ambiente LED ""Ambient Light""- Sistema de detector de fatiga- Llantas de aleación de 17''- Espejo interior con anti-encandilamiento automático- Asistente de aviso de mantenimiento de carril- Detector de punto ciego con asistente trasero de tráfico cruzado********************************************************************************Erika ParraAv. Juan b. Justo 2611 Villa Crespo- Caba",1,29800002.0
RENAULT DUSTER ICONIC 4X4 - 1.6LA 4X4 MAS ECONOMICA Y COMPLETA DEL PAIS - DESCUBRILA!VALOR PUBLICADO AL CONTADO!! * FINANCIA HASTA $20.000.000 A TASA 0% EN CUOTAS FIJAS EN PESOS (BBA)* TOMAMOS UNIDADES COMO PARTE DE PAGO* POSIBILIDAD DE FINANCIAR A TRAVES DE PLAN ROMBO ANTICIPO MINIMO - CUOTA PROMEDIO DE $ 352.842.-* CONSULTAR CUPO PARA RESPONSABLE INSCRIPTOCONCESIONARIO OFICIAL RENAULTCASA CENTRAL RUTA 3 AUTOMOTORES S.AASESORA COMERCIALBELEN TORRES,1,33800000.0
"LIV MOTORS te acerca la oportunidad que estabas esperando!¡FINANCIACIÓN EXCLUSIVA! Cuotas en pesos con 0% de interés y entrega inmediata. Disponibilidad real de todas las unidades y colores. ¡Elegí el tuyo hoy mismo!El valor publicado corresponde al ANTICIPO¡Financia la diferencia con la financiación directa de fábrica!-----------------MAYO 2025------------------EL BOLETO TE LO LLEVAS CON NUMERO DE CHASIS Y MOTOR UNIDADES FÍSICAS----------------------------LEER CON ATENCIÓNNUEVO LANZAMIENTO PEUGEOT 208 NUEVO AM25.5--------------------------------------------------------------------------PEUGEOT 208 //ALLURE//ALLURE PACK//GTHASTA $ 8,000,0000 MILLONES DE PESOS A TASA 0%EN 18,CUOTAS SIN INTERÉS Y FIJAS, CRÉDITO PERSONAL SI GASTO DE PRENDA///////================================================================NUEVA FINANCIACIÓN EXCLUSIVA 208 ALLURE//ALLURE PACK//GT$14,000,000 A TASA 0 % SIN INTERÉSDE 24 CUOTAS FIJAS DE $777.840====================================================================NUEVA FINANCIACIÓN EXCLUSIVA 208 ALLURE AUTOMÁTICO Y MANUAL//$16,000,000 A TASA 0 % SIN INTERÉSDE 24 CUOTAS FIJAS DE $666.720NO DEJES DE PREGUNTARNOS POR OTRAS LINEAS DE FINANCIACIÓN (UVA FINANCIANDO HASTA EL 80% DEL VALOR DEL AUTO).=====================================================ASESOR E-COMMERS: NICOLÁS MARCINNOCONSULTA BONIFICACIONES COMPRANDO ESTA SEMANA - DESCUENTOS EXCLUSIVOS.=====================================================Beneficios que te ofrecemos:- Precios imbatibles: Contado, financiado o entregando tu usado.- Mejor tasación por tu auto usado (modelos desde 2010 en adelante).- Venta directa de fábrica o de stock para entrega inmediata.- Asesoramiento personalizado: Estamos listos para responder tus consultas al instante y te ofrecemos la opción de videollamadas en vivo para mostrarte los vehículos sin que salgas de tu casa.Concesionario líder en zona norte con más de 10 años de experiencia. ¡Garantía de calidad y atención!Enviamos a todo el país y te acompañamos durante todo el proceso. Solo tenés que venir a retirar tu 0 km cuando todo esté listo.- Comodidades para el cliente: Estacionamiento exclusivo para clientes. Trato preferencial a clientes del interior del país. Lo hacemos bien simple. Usted solo viene a retirar su vehículo.- Atención exclusiva para empresas y clientes especiales: Somos Peugeot Professional Center, con ofertas especiales para empresas, comerciantes, diplomáticos y jueces.",1,31972800.0
"NUEVO CITROËN C3 AIRCROSS 7 PLAZASACEPTAMOS TU USADO EN PARTE DE PAGOCONTAMOS CON UNA FINANCIACION SIN INTERESPRECIO CONTADO A NEGOCIAR CON EL VENDEDORCONSULTA TAMBIEN POR ANTICIPOS MENORESY FINANCIACION SIN INTERES, RETIRANDO EN EL MES EN CURSOASESOR COMERCIAL EDUARDO CARDOSO",1,32500000.0
"Grupo Robayna Concesionario Oficial PeugeotAsesor Comercial Javier BoadaFinancia Hasta 18.000.000Con una entrega de $19.385.800 y 24 Cuotas*EL MEJOR PRECIO DEL MERCADO. Ventas a toda la República Argentina.*MEJORAMOS PRECIO CONTADO. Trae tu presupuesto.*TOMAMOS EL DÓLAR A MEJOR PRECIO MERCADO.* AMPLIO STOCK PARA ENTREGA INMEDIATA*TOMAMOS USADOS EN PARTE DE PAGO, contamos con tasación profesional.*SOLUCIONES DE FINANCIAMIENTO: Prendaria, personal y leasing en cuotas fijas y en pesos.*FINANCIACIÓN $ 8,000,000 EN 18 MESES TNA 0%*FINANCIACIÓN $ 14,000,000 EN 18 MESES TNA 0%*FINANCIACIÓN $ 18,000,000 EN 24 MESES TNA 0%*FINANCIACIÓN UVA $22.000.000 EN 24 MESES TNA 0%*TEST DRIVE A DISPOSICIÓN.*AMPLIA DISPONIBILIDAD DE COLORES.*CONSULTAR VALORES VIGENTES. PRECIO PUBLICADO, ANTICIPO + CREDITO PSA*VENTA DIRECTA DE FABRICA Y/O STOCK PARA ENTREGA INMEDIATA **El precio no incluye Fletes y ni Patentamientos.* RESPUESTA AL INSTANTE EN SU CONSULTA POR WHATSS APP O LLAMADO*TALLERES PROPIOS OFICIALES Y VENTA DE REPUESTOSGRUPO ROBAYNA, TU SOCIO DE CONFIANZA EN MOVILIDADSucursal ESCOBAR - Grupo Robayna – Concesionario Oficial PeugeotMIGUEL ROBAYNA S.A",1,32400000.0
"¡LO MAS IMPORTANTE!  ¡TIENE MOTOR CADENERO 1.5 !! ¡7 AÑOS DE GARANTIA O 150.000KM lo que ocurra primero! ¡Entrega inmediata y opciones de pago flexibles! ¡RETIRAS CON TU USADO O ANTICIPO!!TENES QUE APROVECHAR LA SEMANA HOT SALE, POLARIZADO, KID DE SEGURIDAD DE REGALO!!¡50% DE DESCUENTO EN GASTOS DEL CONSECIONARIO!!!! ¡Disponible para entrega inmediata! Y lo mejor es que puedes retirarlo con tu auto usado o con mínimo anticipo, ¡y la diferencia la puedes financiar! ¡Consulta que colores tenemos disponibles!! ¡PODES OBTENER UN PRESUPUESTO PERSONALIZADO SIN COMPROMISO!Inversión publicada corresponde al mínimo anticipo para retirarlo con entrega inmediata.fl",1,10000000.0
"•**DARC CITROEN**•••• ENTREGA INMEDIATA! •••-FINANCIACIÓN A TASA EXCLUSIVA-PAGAMOS MEJOR TU AUTO-RETÍRALO CON MÍNIMO ANTICIPO Y SALDO EN CUOTAS, SOLO CON TU DNI-MEJORAMOS CUALQUIER PRESUPUESTO-TALLERES PROPIO EN SUCURSAL-ESTACIONAMIENTO EXCLUSIVO PARA CLIENTES-TEST DRIVE DISPONIBLE-FORMA DE PAGO A CONVENIR SEGÚN TIPO DE VENTA-ATENDEMOS VENTA A EMPRESAS-VENTA DISCAPACITADOS DIPLOMÁTICOS-LO VISITAMOS EN SU DOMICILIO O EMPRESA• Concesionario Oficial D'arc Citroen •*** imágenes no contractuales ***",1,27070000.0
"º|||||||º DESCUENTOS DE CONTADO !!!º|||||||º ENTREGA INMEDIATA !!!º|||||||º TOMAMOS USADOSº|||||||º OPCIONES DE ANTICIPO Y CUOTA FIJA 0% INTERESALGUNAS DE NUESTRAS OPCIONESPLANES DE FINANCIACION :FINANCIA $ 12.000.000 EN 12 CUOTAS FIJAS TASA 0% DE $ 1.012.000FINANCIA $ 18.000.000 EN 12 CUOTAS FIJAS TASA 19.9% % DE $ 1.450.000Concesionario líder en zona norte con más de 20 años de experiencia. ¡Garantía de calidad y atención!HACE TU CONSULTA YA MISMO , NUESTROS ASESORES ESTAN LISTOS PARA ATENDERTE",1,44990000.0
"CAR DISTRICT TIENE LA OPORTUNIDAD QUE ESTABAS ESPERANDO !!!º|||||||º DESCUENTOS DE CONTADO !!!º|||||||º ENTREGA INMEDIATA !!!º|||||||º TOMAMOS USADOSº|||||||º OPCIONES DE ANTICIPO Y CUOTA FIJA 0% INTERESALGUNAS DE NUESTRAS OPCIONESPLANES DE FINANCIACION :FINANCIA $ 12.000.000 EN 12 CUOTAS FIJAS TASA 0% DE $ 1.012.000FINANCIA $ 18.000.000 EN 12 CUOTAS FIJAS TASA 19.9% % DE $ 1.450.000Concesionario líder en zona norte con más de 20 años de experiencia. ¡Garantía de calidad y atención!HACE TU CONSULTA YA MISMO , NUESTROS ASESORES ESTAN LISTOS PARA ATENDERTE",1,36800000.0
"AUTOFRANCE PEUGEOT |||PRECIO PUBLICADO DE ANTICIPO PUESTO EN CALLE!!! , FINANCIANDO $8.000.00018 CUOTAS DE $444.444 FIJAS TASA 0%||| SALDO FINAL SOLICITANDO FINANCIACIÓN DE $14.000.000 EN 18 CUOTAS FIJAS DE $777.840 SIN INTERES ||| CON ENTREGA INMEDIATA |||||| SOMOS EL CONCESIONARIO OFICIAL PEUGEOT Nº 1 EN VENTAS DEL PAIS||| OPERAMOS VENTA DIRECTA DE FABRICA Y/O STOCK PARA ENTREGA INMEDIATA||| TODOS LOS USADOS Y SEMI NUEVOS EN STOCK FUERON SOMETIDOS A RIGUROSOS CONTROLES DE CALIDAD EN NUESTROS TALLERES PROPIOS||| EL MEJOR PRECIO CONTADO FINANCIADO O CON SU USADO||| RESPUESTA INMEDIATA A SUS CONSULTAS: Respondemos al instante consultas y llamados. Podemos programar una video llamada para que usted pueda ver los autos sin moverse de su casa u oficina.||| SOMOS CONCESIONARIO LIDER EN CALIDAD DE ATENCION.||| SOMOS ESPECIALISTAS EN FINANCIACION: Financiamos HASTA $ 14.000.000 en 18 CUOTAS FIJAS TASA 0% o HASTA $22.000.000 EN 24 CUOTAS UVA TASA 0%Aprobamos su crédito en el acto!||| SU AUTO USADO EN AUTOFRANCE VALE MAS: Pagamos más por su usado desde 2009 sin limite de kilometraje. También podemos tomar su auto en consignación.||| ENTREGA INMEDIATA EN TODA LA GAMA.||| COMODIDADES PARA CLIENTES: Estacionamiento exclusivo para clientes. Trato preferencial a clientes del interior del país. Lo hacemos bien simple. Usted solo viene a retirar su 0km.||| NUESTRO SERVICIO POSTVENTA ES CONSIDERADO EL MEJOR DEL PAIS.||| FORMAS DE PAGO: aceptamos todas las formas de pago. Tomamos sus dólares al mejor valor del mercado.||| ATENCION EXCLUSIVA EMPRESAS Y CLIENTES ESPECIALES: Somos Peugeot Professional Center. Ventas especiales para empresas comerciantes diplomáticos jueces y APM||| ASESOR COMERCIAL: LEONARDO SCHIAVONE",1,35180000.0
*EL PRECIO CORRESPONDE AL ANTICIPO*EL SALDO EN CUOTAS EN PESOS*UNIDADES FISICAS DE STOCK CON NRO DE MOTOR Y CHASIS*COMPRA TU 0KM DE LA FORMA MAS SEGURA**ENTREGA INMEDIATA**,1,12000857.0
"VENTA - PERMUTA - CONSIGNACION . ADELANTO + CUOTAS !! ANTICIPO DE $6.000.000. ENTREGA INMEDIATA..VENDEMOS TODAS LAS MARCAS, USADOS Y 0KMAUTOS, UTILITARIOS, CAMIONES CHICOS Y MOTOSCONSULTAME !!WSP 11.50.03.14.75 Stefania Beron, Asesora comercial con años de trayectoria en el mercado",1,26500000.0
"-Forestcar CONCESIONARIO OFICIAL CHEVROLET.-LÍDER EN VENTASVENDEMOS A TODO EL PAÍS, SOLO VENÍS A RETIRAR.-TRACKER PREMIER 2025 0KM-STOCK FISICO CON ENTREGA INMEDIATA, CONSULTANOS-Consultanos PRECIO DE CONTADO-Precio Publicado: anticipo mas cuotas***Financiación Exclusiva CON LAS MEJORES TASAS***Estas a un solo click de comprar al mejor precio! Sin engaños!CLICKEA EN VER TELÉFONO Y TE CONTACTAMOS DE INMEDIATO",1,28500000.0
"-RETIRALO CON UN ANTICIPO DE $12.599.999 Y CUOTAS INMEDIATAMENTETASA FIJA DEL 35%-TE APROBAMOS TU CREDITO EN EL ACTO SIN GASTOS DE AVERIGUCACION CREDITICIA Y SIN VUELTAS-EN 24/48HS YA ESTAS RETIRANDO TU UNIDAD-TOMAMOS TU AUTO MEJOR QUE NADIE-PODES ABONAR TU TRANSFERENCIA CON TODAS LAS TARJETA DE CREDITOTRABAJAMOS CON TODAS LAS LINEA DE 0KMPEUGEOT, RENAULT, VOLKSWAGEN, CHRYESLER, JEEP, DODGE, CHEVROLET, FIAT, CITROEN, DSMEJORAMOS CUALQUIER PRESUPUESTO POR ESCRITO",1,52500000.0
"Precio publicado de versión entrada de gama/anticipo sugerido.¡TU JEEP RENEGADE TE ESTA ESPERANDO EN SPORT CARS JEEP!Si estas buscando una SUV que combine diseño, tecnología y robustez, LA JEEP RENEGADE ES TU MEJOR ELECCION. Y no hay mejor lugar para encontrarla que en SPORT CARS JEEP, una de las concesionarias mas grandes y confiables del pais.¿PORQUE ELEGIR SPORT CARS JEEP?* 40 años de trayectoria en el mercado automotor, brindando confianza, respaldo y compromiso en cada operación.* Somos concesionario oficial jeep, con atención especializada y asesoramiento profesional en cada etapa de tu compra.* Contamos con altísimos estándares de calidad de atención al cliente: nuestro equipo esta capacitado para brindarte una experiencia personalizada, clara y sin vueltas.* Tenemos uno de los mayores stock del pais y posibilidades reales de entrega inmediata.* Te ofrecemos planes de financiación exclusivos, toma de usado al mejor valor y promociones únicas.* Miles de clientes satisfechos nos eligen año tras año por nuestra seriedad y dedicación.¿QUE TRAE LA NUEVA JEEP RENEGADE?* Estilo sofisticado y diseño robusto.* Tecnología de ultima generación con conectividad total.* Interior amplio, cómodo y con terminaciones premium.* Excelente performance tanto en ciudad como en ruta.VENI A SPORT CARS JEEP Y LLEVATE LA SUV QUE SOÑAS CON LA CONFIANZA DE ESTAR EN LAS MEJORES MANOS.¡ Consulta ahora y descubrí una experiencia de compra a otro nivel!MAXIMILIANO SANCHEZ",1,38900000.0
"* AUTOFRANCE PEUGEOT ** ANTICIPO CREDITO  TASA 0 %TASA 0% EN 18 MESES ! $ 8.000.000 hasta $ 14.000.000ENTREGA INMEDIATA !* SOMOS ESPECIALISTAS EN FINANCIACIÓN *** FINANCIACIÓN $ 14,000,000 EN 18 MESES TNA 0%, 24 MESES TNA 12.90%**** FINANCIACIÓN $ 16,000,000 EN 18 MESES TNA 19,90%, 24 MESES TNA 29.90%**** FINANCIACIÓN $ 18.000.000 DE 12 A 48 MESES C/TNA DESDE 15.90% **** FINANCIACIÓN $ 13,000,000 12 Y 24 TNA 0%, 36 Y 48 MESES TNA 9.90%UVA PRENDARIO ****FINANCIACIÓN $ 22,000,000 12 Y 24 TNA 0%, 36 Y 48 MESES TNA 9.90%UVA PRENDARIO Y $ 26.000.000 EN 36/48 MESES, TNA 11.90% **** Aprobamos su crédito en el momento. La mejor tasa del mercado. *** SOMOS EL CONCESIONARIO PEUGEOT Nº 1 EN VENTAS DEL PAIS ** OPERAMOS VENTA DIRECTA DE FABRICA Y/O STOCK PARA ENTREGA INMEDIATA ** TODOS LOS USADOS Y SEMI NUEVOS EN STOCK FUERON SOMETIDOS A RIGUROSOS CONTROLES DE CALIDAD EN NUESTROS TALLERES PROPIOS ** EL MEJOR PRECIO, CONTADO, FINANCIADO O CON SU USADO ** RESPUESTA INMEDIATA A SUS CONSULTAS: Respondemos al instante consultas y llamados. Podemos programar una video llamada para que usted pueda ver los autos sin moverse de su casa u oficina.* SOMOS CONCESIONARIO LIDER EN CALIDAD DE ATENCION.* SU AUTO USADO EN AUTOFRANCE VALE MAS: Pagamos más por su usado desde 2009 sin limite de kilometraje. También podemos tomar su auto en consignación.* ENTREGA INMEDIATA EN TODA LA GAMA.* COMODIDADES PARA CLIENTES: Estacionamiento exclusivo para clientes. Trato preferencial a clientes del interior del país. Lo hacemos bien simple. Usted solo viene a retirar su 0km.* NUESTRO SERVICIO POSTVENTA ES CONSIDERADO EL MEJOR DEL PAIS.* FORMAS DE PAGO: aceptamos todas las formas de pago. Tomamos mejor sus dólares.* ATENCION EXCLUSIVA EMPRESAS Y CLIENTES ESPECIALES: Somos Peugeot Professional Center. Ventas especiales para empresas, comerciantes, diplomáticos, jueces y APM.ASESOR COMERCIAL MARTIN COUSSAN",1,29900000.0
"CAR DISTRICT TE ESPERA CON LA OPORTUNIDAD QUE ESTABAS ESPERANDO !!!º|||||||º DESCUENTOS DE CONTADO !!!º|||||||º ENTREGA INMEDIATA !!!º|||||||º TOMAMOS USADOSº|||||||º OPCIONES DE ANTICIPO Y CUOTA FIJA 0% INTERESALGUNAS DE NUESTRAS OPCIONESPLANES DE FINANCIACION :FINANCIA $ 12.000.000 EN 12 CUOTAS FIJAS TASA 0% DE $ 1.012.000FINANCIA $ 18.000.000 EN 12 CUOTAS FIJAS TASA 19.9% % DE $ 1.450.000Concesionario líder en zona norte con más de 20 años de experiencia. ¡Garantía de calidad y atención!ESPERAMOS TU CONSULTA YA MISMO , NUESTROS ASESORES ESTAN LISTOS PARA ATENDERTE",1,39900000.0
"Nuevo Peugeot 2008 1.0t Gt""""ACCEDE A ESTA PROPUESTA SOLO CONTACTANDO VIA WHATSAPP""""** El precio de OFERTA corresponde ** únicamente contactando por ""WhatsApp""Retira con el Anticipo y el proporcional de patentes (Aparte)Luego Cuotas Fijas en PesosPersonal Cuota Fija $ 34.339.608 + 18 x $ 444.480  Prendario Cuota Fija  $ 29.419.613 + 18 x $ 777.840 + Seguro (Opción Publicada) Prendario Cuota Fija  $ 26.164.967 + 24 x $ 838.080 + Seguro*No incluye Proporcional de Patentes** Todos los anticipos incluyen: flete , formularios , gastos crediticios , administrativos, patentamiento , gestoría, inscripción y sellado.Opcional: Contado / Permuta / Otras Versiones (a consultar)Tu consulta no molesta HACELA!Test Drive Físico Disponible! (a combinar)|| GRUPO SVA ||Concesionario Oficial || Peugeot - Citroën ||MÁS DE 60 AÑOS EN EL RUBRO AUTOMOTOR!",1,29420000.0
"¡Oferta ABRIL! Fiat PulseRetirá con:Anticipo: $10,000.000 y pagá en cuotas de $360,000 por mescon TASA 0%.Aceptamos:# Tu usado como parte de pago# Dólares al mejor valor# PesosEstamos en Capital Federal y Zona Oeste.Atendemos de lunes a sábados, de 9 a 19 hs.Atención rápida por #Whtspp para más información.",1,31000000.0
*EL PRECIO CORRESPONDE AL ANTICIPO*EL SALDO EN CUOTAS EN PESOS*UNIDADES FISICAS DE STOCK CON NRO DE MOTOR Y CHASIS*COMPRA TU 0KM DE LA FORMA MAS SEGURA**ENTREGA INMEDIATA**,1,20700001.0
"* Mejoramos cualquier presupuesto del país * * Somos concesionario oficial citroën ** NAVE MOTORS ** Concesionario con mas de 10 años de experiencia en vehiculos citroën ** El asesoramiento personalizado, calidad de servicio, buena atención, responsabilidad y transparencia son nuestros principales atributos para que tengas la mejor experiencia de compra ** NO DUDES Y CONSÚLTANOS ANTES DE DECIDIRTE *SIEMPRE CON ¡ENTREGA INMEDIATA!* RETIRA YA TU 0KM CON UN MÍNIMO ANTICIPO y SOLO CON DNI * (FINANCIACIÓN + DESCUENTO) * * * (FINANCIACIÓN + DESCUENTO + TOMA DE TU USADO) ** TOMAMOS TU AUTO USADO AL MEJOR PRECIO DEL MERCADO ** RESERVA TU TURNO PARA HACER UN TEST DRIVE *",1,16900000.0
"¡¡¡¡AUTOFRANCE PEUGEOT CONCESIONARIO N°1 EN TODO EL PAÍS!!!¡¡¡NUEVO PEUGEOT 2008 ACTIVE 0KMHOY 100% BONIFICACIÓN GASTOS ALISTAMIENTO Y ENTREGA!!!!ANTICIPO $14.844.500 O TU USADOEL ANTICIPO INCLUYE EL 30% + 14 CUOTAS + FLETE Y FORMULARIOS CANCELADOS!!!+BONIFICACIONES EXCLUSIVASPRIMER SERVICEPOLARIZADO ANTIVANDÁLICOTUERCAS DE SEGURIDADKIT DE SEGURIDADKIT CUBRE ALFOMBRASRESTO CUOTAS TASA 0% INTERÉSTOMAMOS TU USADO AL MEJOR PRECIOTE BRINDAMOS NUESTRO EXCLUSIVO SISTEMA LLAVE CONTRA LLAVEATENCIÓN PERSONALIZADAGARANTÍA DE FÁBRICA 3 AÑOS O 100.000 KM LO PRIMERO QUE OCURRATE FINANCIAMOS LOS GASTOS DE ENTREGA HASTA $4.000.000 CON UNA INCREIBLE TASA DEL 2% DIRECTO EN 10 CUOTAS FIJAS.VENDEMOS A TODO EL PAÍS SERIEDAD, CONFIANZA Y SEGURIDAD SÓLO TENÉS QUE VENIR A RETIRAR TU OKM.ASESOR COMERCIAL - TAMARA CHIOCCONI",1,14800000.0
"¡Estrena tu Volkswagen Taos en Maynar A.G.!Planes Adjudicados Volkswagen Taos Comfortline-Financiacion 60/40-Tasa 0% y cuotas en pesos sin interés. ¡Aprovecha la financiación directa de fábrica!-Anticipo desde 16 millones o tu usado como parte de pago.-Entregas programadas y asesoría personalizada para adaptar el plan de pagos a tus necesidades.-Financiación avanzada y sin bancos ni financieras.-Descuentos exclusivos en todas las unidades y equipamiento adicional.-Operación 100% online, venta a todo el país, ¡te gestionamos todo y solo vienes a retirar tu 0Km!Visítanos en Nuñez, Devoto, o contactanos por WhatsApp para más información.¡No te pierdas las últimas unidades con adjudicación directa! ¡Llévatela ya!",1,17300000.0
"**************STOCK REAL...OPORTUNIDADES REALES*******************BENEFICIOS BLEU AUTOMOTORES DEL GRUPO CAR ONE**************CONTACTANOS Y RESERVALO HOY*************************#ENTREGA INMEDIATA#FINANCIACION EXCLUSIVA CON RENAULT A TASA DESDE 9,9% ANUAL, NECESITAS MAS CAPITAL...TE DAMOS MAS OPCIONES!!#IMPORTANTES BONIFICACIONES#ATENCIÓN PERSONALIZADA#GARANTIA DE 3 AÑOS ó 100.000 KMS#SOLICITA UN TEST DRIVE#MEJORAMOS CUALQUIER PRESUPUESTO PARA LA COMPRA DE TU RENAULT 0KM# ACCEDE A TU PRÓXIMO OKM CON LAS SIGUIENTES OPCIONES:*Opción 1: ANTICIPO $ 14.000.000.- / FINANCIA- $ 16.500.000.- TNA 9,9% 12 meses.*Opción 2: ANTICIPO $ 14.000.000.- / FINANCIA- $ 16.500.000.- TNA 19,9% 18 meses.*Opción 3: ANTICIPO $ 14.000.000.- / FINANCIA- $ 16.500.000.- TNA 29,9% 24 meses.#No dudes en dejarnos tus datos y te contactaremos a la brevedad.#No dudes en dejarnos tus datos y te contactaremos a la brevedad.#El precio no incluye los gastos de flete, formularios, patentamiento, sellado 2%( ARBA-RENTAS).Consulta los colores disponibles en stock y otras versiones!!!!#Fotos no contractuales.",1,30500000.0
"// BIENVENIDOS A AUTODRIVE CONCESIONARIO OFICIAL JEEP // RAM// ANTICIPO Y 12 CUOTAS / NO INCLUYE GASTOS //// ENTREGAS INMEDIATA //// TOMAMOS USADOS //PLANES DE FINANCIACION :FINANCIA $ 10.000.000 EN 12 CUOTAS FIJAS DE TASA 0% DE $ 845.000.-FINANCIA $ 12.000.000 EN 12 CUOTAS FIJAS TASA 0% DE $ 1.012.0000.-FINANCIA $ 15.000.000 EN 12 CUOTAS FIJAS TASA 12.9% DE $ 1.386.100.-SIMULA TU CREDTIO °|||||||° POR WhastApp en el momentoPresentamos la Nueva JEEP RENEGADE LONGITUDE AT/6 1.3 TurboMotorización 1.3 Turbo 175cv | 270 NmTransmisión automática de 6 velocidadesTablero full digital a color de 7""Sistema multimedia Uconnect de 8,4""Conectividad Apple CarPlay / Android AutoCargador de celulares por InducciónHerramientas de asistencia a la conducción ADAS+Cámara de retrocesoInterior tapizado en cueroLlantas de aleación 18""Carrocería bi-colorTecho solar panorámicoEspejos laterales color gris granito7 AirbagsPark AssistEncendido remotoRevestimiento interior de techo en color negroFaros Full LedConectividad USB A y CTE GARANTIZAMOS UNA OPERACIÓN RÁPIDA Y TRANSPARENTE.Nuestra seriedad y respeto en la atención personalizada, se encuentra plasmada en las reseñas de nuestros clientes en Google. Respondemos siempre, en tiempo y forma, ante cualquier eventualidad.Tomamos autos en parte de pago, cotizamos en el momento.Reserva tu Jeep 0km de manera Online.Av San Martin 5700 Villa Devoto// DAMIAN GARCIA //",1,31500000.0
"PRECIO PUBLICADO CORRESPONDE ANTICIPO PARA FINANCIACION* NORDELBAHN CONCESIONARIO OFICIAL VOLKSWAGEN *SOMOS EL GRUPO TREPAT NRO 1 EN VENTAS Y POSTVENTA.EXPERIENCIA 5 ESTRELLAS .CONTAMOS CON EL STOCK MÁS AMPLIO DEL MERCADO.ENTREGA INMEDIATA.FORMAS DE PAGO PARA UNIDADES 0KM• TOMAMOS TU USADO EN FORMA DE PAGO, AL MEJOR VALOR DEL MERCADO.• FINANCIACIÓN EXCLUSIVA VOLKSWAGEN FINANCIAL SERVICE A TASA 0% PARA VEHÍCULOS.• FINANCIACIÓN ESPECIAL PARA VEHÍCULOS ALTA GAMA.• FINANCIACIÓN EXCLUSIVA AMAROK CON TASAS 0% Y PREFERENCIALES.• VENTAS ESPECIALES A EMPRESAS Y PARTICULARES.• TAMBIÉN CONTAMOS CON VEHÍCULOS USADOS SELECCIONADOS.•TENEMOS UNA PROPUESTA INTEGRAL; RAPIDEZ, SEGURIDAD Y LA MEJOR ATENCIÓN.PARA UNA ATENCIÓN PERSONALIZADA, ENVÍA UN WHATSAPP AL CONTACTO DE LA PUBLICACIÓN PARA SER ASESORADO POR EL VENDEDOR.",1,43600000.0
"FIAT VERONA OFICIALMODELO: FIAT PULSE DRIVE CVTENTREGA INMEDIATA.*STOCK FÍSICO DE UNIDADES DISPONIBLES.*CONTADO INSUPERABLE.*NO ES PLAN DE AHORRO.*VENTAS A TODO EL PAÍS DE MANERA SENCILLA.*TODA LA LINEA FIAT , CONCESIONARIO OFICIAL.CREDITOS CON TASA PREFERENCIALES EN PESOS!!CONSULTAR POR SU PRUEBA DE MANEJO.VEHICULO 2024 AL VALOR DE 2023*** PRECIO PUBLICADO CORRESPONDE AL ANTICIPO + CUOTAS ***",1,12000000.0
"¡Cada vez más cerca de tu RENEGADE!¿Buscas anticipos y cuotas accesibles? ¡Estás en el lugar correcto ! Con un anticipo de $10,626,,000 podes tener tu ram en la versión que prefieras!¿cómo podes presentar ese capital?EFECTIVO / DOLARES / AUTOS USADOS ¿Y el resto? Ahora podes aprovechar nuestro financiamiento a TASA CERO financia hasta el %60 del valor de tu unidad ¡no pagues sobreprecio!El resto lo podes financiar en 24/36/48 o hasta 70 cuotas Acomoda la cantidad y el monto de las cuotas a tu manera!                                             ¡no pierdas esta oportunidad! Tecnología, confort y diseño Jeep en cada detalle:# Pantalla táctil de alta definición y conectividad total# Seguridad en serio: control de estabilidad, múltiples airbags# Bajo consumo y gran rendimiento en ciudad y ruta# Ideal para moverte cómodo todos los días o salir de escapada[Estamos en: Capital Federal y Zona OesteDe lunes a sábados de 9 a 19 hs]Atención rápida por #Whtspp para más info.",1,22900000.0
"Somos motorville concesionario Nº1 en ventasNos destacamos por una propuesta de servicio, asesoramiento y calidad con los más altos estándares del mercado.INSPECCIÓN Y COBERTURA MECÁNICA: todos nuestros vehículos están chequeados y certificados en 240 puntos por nuestro equipo de expertos, VTV vigente, libre de deudas de patentes e infracciones.GESTORIA: Nosotros nos encargamos de todo!!!!! contamos con un equipo de gestores matriculados para que de lo único que te ocupes sea de disfrutar del vehículo.BROKER DE SEGUROS: También disponemos de un completo departamento de seguros, para que puedas comparar la cotización con compañías líderes.DEPARTAMENTO DE ACCESORIOS: personaliza tu vehículo con una gran diversidad de productos de prestigiadas marcas, nuestro compromiso es estar a la vanguardia de la tecnología y el conocimiento técnico para satisfacer las necesidades y expectativas de nuestros clientesEquipamientos y accesorios - Estética vehicular – Polarizados y laminadosMÉTODOS DE PAGO:* AL CONTADO: Paga vía transferencia bancaria o depósito.*DEJA TU AUTO COMO PARTE DE PAGO: Cambia tu auto por uno de calidad certificada de motorville y con cobertura mecánica.*FINANCIACIÓN: En MOTORVILLE podes acceder a tu próximo vehículo con un anticipo mínimo y una cuota ajustada a tu medida. Las mejores tasas del mercado.NO BUSQUES MAS TU PRÓXIMO VEHÍCULO TE ESPERA EN motorville",1,48990000.0
"** AUTOFRANCE PEUGEOT *** EL PRECIO PUBLICADO CORRESPONDE AL ANTICIPO, SALDO $ 14.000.000 EN 18 CUOTAS SIN INTERÉS DE $ 777.777, TNA 0% *** PRECIO DE VENTA $ 39.750.000, NO INCLUYE GASTOS DE PATENTAMIENTO *** ENTREGA INMEDIATA *** COLOR A ELECCIÓN **** SOMOS ESPECIALISTAS EN FINANCIACION:* FINANCIACIÓN $ 14,000,000 EN 18 Y 24 MESES TNA 0% Y 12,90% *** FINANCIACIÓN $ 14,000,000 EN 18 Y 24 MESES TNA 19,90% Y 29,90%, SIN GASTOS DE CRÉDITO **** FINANCIACIÓN $ 14,000,000 EN 24 MESES TNA 7,90% ** ** FINANCIACIÓN $ 18.000.000 DE 12 A 48 MESES C/TNA DESDE 15.90% **** FINANCIACIÓN UVA PRENDARIO HASTA $ 22.000.000 12/24/36/48 MESES, TNA DESDE 0% Y HASTA $ 26.000.000 36/48 MESES TNA 11,90% **Aprobamos su crédito en el momento. La mejor tasa del mercado. ** SOMOS EL CONCESIONARIO PEUGEOT Nº 1 EN VENTAS DEL PAIS ** OPERAMOS VENTA DIRECTA DE FABRICA Y/O STOCK PARA ENTREGA INMEDIATA ** TODOS LOS USADOS Y SEMI NUEVOS EN STOCK FUERON SOMETIDOS A RIGUROSOS CONTROLES DE CALIDAD EN NUESTROS TALLERES PROPIOS ** EL MEJOR PRECIO, CONTADO, FINANCIADO O CON SU USADO ** RESPUESTA INMEDIATA A SUS CONSULTAS: Respondemos al instante consultas y llamados. Podemos programar una video llamada para que usted pueda ver los autos sin moverse de su casa u oficina.* SOMOS CONCESIONARIO LIDER EN CALIDAD DE ATENCION.* SU AUTO USADO EN AUTOFRANCE VALE MAS: Pagamos más por su usado desde 2009 sin limite de kilometraje. También podemos tomar su auto en consignación.* ENTREGA INMEDIATA EN TODA LA GAMA.* COMODIDADES PARA CLIENTES: Estacionamiento exclusivo para clientes. Trato preferencial a clientes del interior del país. Lo hacemos bien simple. Usted solo viene a retirar su 0km.* NUESTRO SERVICIO POSTVENTA ES CONSIDERADO EL MEJOR DEL PAIS.* FORMAS DE PAGO: aceptamos todas las formas de pago. Tomamos mejor sus dólares.* ATENCION EXCLUSIVA EMPRESAS Y CLIENTES ESPECIALES: Somos Peugeot Professional Center. Ventas especiales para empresas, comerciantes, diplomáticos, jueces y APM.** ASESOR COMERCIAL: MARCELO KOEN **",1,25750000.0
"***** ATENCION**** CONTAMOS CON STOCK DISPONIBLE *ENTREGA INMEDIATA!!!!EL VALOR DE LA PUBLICACION ES POR ANTICIPO, CONSULTAR EL VALOR FINAL!!!!* Mejoramos cualquier presupuesto del país * *financiacion en cuotas fijas o variables** NAVE MOTORS ** Concesionario con mas de 10 años de experiencia en vehiculos citroën **tenemos la mejor financiacion del mercado** El asesoramiento personalizado, calidad de servicio, buena atención, responsabilidad y transparencia son nuestros principales atributos para que tengas la mejor experiencia de compra ** NO DUDES Y CONSÚLTANOS ANTES DE DECIDIRTE *SIEMPRE CON ¡ENTREGA INMEDIATA!* RETIRA YA TU 0KM CON UN MÍNIMO ANTICIPO y SOLO CON DNI * (FINANCIACIÓN + DESCUENTO) * * * (FINANCIACIÓN + DESCUENTO + TOMA DE TU USADO) *",1,18000000.0
"Hola, Somos Hauswagen Escobar.T-CROSS HIGHLINE BI-TONO PRECIO MAS GASTOSconsulte por stock En STOCK para entrega inmediata!!!Beneficios para clientes de Banco MACRO.- Podés financiar hasta $6.000.000 en 12 cuotas sin interés por cada tarjeta Macro SELECTA que tengas.- Podés financiar hasta $6.000.000 en 6 cuotas sin interés por cada tarjeta Macro.- Sin prenda.- Si NO sos cliente, un ejecutivo del Banco te califica para que puedas acceder a este convenio y accedas al beneficio.- FINANCIAMOS CON VWFS CON LAS MEJORES TASAS DEL MERCADO.- precio para acceder a la financiación de 9 cuotas tasa 0%- Consúltenos para financiar mucho más.- Tomamos Dólares (Consultar cotización)- Entrega inmediata- Tomamos usados en parte de pago. Mejor cotización.- Financiamos con DNI, sin intereses.- Crédito prendario- Leasing- Ventas corporativas- El precio corresponde a un anticipo y resto podes financiar en cuotas sin intereses Hauswagen Escobar, Km 50 Panamericana ramal EscobarPertenecemos a uno de los grupos más prestigiosos del país. (GCDC)Concesionario oficial Volkswagen",1,30590000.0
"CONCESIONARIO OFICIAL FIAT VERONAEL MEJOR CONTADO SIEMPRE!!!EL PRECIO CORRESPONDE A UN ANTICIPO PARA PODER RETIRARLO CON EL MINIMO DE ANTICIPO,EL RESTO ES FINANCIACION BANCARIAACEPTAMOS PERMUTAS, CON LA MEJOR DIFERENCIA ENTRE SU USADO Y EL 0KM.FINANCIACION A TASAS PREFERENCIALES(nos adaptamos a cada cliente)ENTREGA INMEDIATA DE UNIDADES FISICAS EN STOCK CON VARIEDAD EN COLORES!!!VENTAS ESPECIALES A EMPRESAS!!!VENTAS AL INTERIOR DEL PAIS CON LA MAS ABSOLUTA SERIEDAD YCOMPROMISO QUE NOS CARACTERIZAN, FACILITANDO DOCUMENTACION Y HACIENDO DINAMICA LA COMPRA-VENTA!!!¡En FIAT VERONA, tú 0 km está muy cerca, vení a conocerloASESORA COMERCIAL CELESTE GONZALEZ",1,15500000.0
"-Forestcar CONCESIONARIO OFICIAL CHEVROLET.-LÍDER EN VENTASVENDEMOS A TODO EL PAÍS, SOLO VENÍS A RETIRAR.-TRACKER LTZ AUTOMÁTICA 2025 0KM-STOCK FISICO CON ENTREGA INMEDIATA, CONSULTANOS-Consultanos PRECIO DE CONTADO-Precio Publicado: anticipo mas cuotas***Financiación Exclusiva CON LAS MEJORES TASAS***Estas a un solo click de comprar al mejor precio! Sin engaños!CLICKEA EN VER TELÉFONO Y TE CONTACTAMOS DE INMEDIATO",1,25950000.0
"Chevrolet Tracker: La SUV que representa la pasión de ser Argentina.==========IMBATIBLE EN RELACIÓN PRECIO/PRODUCTO====================Precio final de la unidad $26.999.930 MAS GASTOS==========Financiación directa GPAT con ENTREGA INMEDIATA (NO ES PLAN DE AHORRO)Anticipo 1: $16.900.000 + gastos de entrega + 18 cuotas $888.888.-Anticipo 3: $14.900.000 + gastos de entrega + 30 cuotas fijas $825.800.-A bordo de la Chevrolet Tracker no tenés que elegir entre tecnología, rendimiento o seguridad ¡lo tenés todo en un mismo lugar! Conocé la única SUV que ofrece frenado de emergencia, 6 airbags y mucho más.CONECTIVIDAD: TECNOLOGIA QUE TE CONECTA AL MUNDO REAL.En la Chevrolet Tracker contás con tecnologías exclusivas e innovaciones que laconvierten en la SUV más completa de la categoría. Disfrutá de la computadorade bordo, de las doble entradas USB para los asientos traseros y mucho más.CHEVROLET MYLINK: La nueva generación del MyLink tiene un menú todavíamás moderno e intuitivo. Ahora podés conversar por mensajes, elegir rutas y acceder a tus playlists usando sólo tu voz.Apple Carplay y Android Auto: Creados para ayudarte en el tráfico, Apple CarPlay y AndroidAuto integran el control por voz y funcionan con la pantalla y los comandos de MyLink. Además, las apps compatibles fueron rediseñadas para evitar distracciones cuando estés al volante.Chevrolet Tracker 1.2 Turbo AT CON MÍNIMO ANTICIPOENTREGA EN 7 A 10 DÍAS - NO ES PLAN DE AHORROOPCIÓN 1: $14.900.000 + 30 CUOTAS FIJAS.OPCIÓN 2: $16.900.000 + 18 CUOTAS FIJAS SIN INTERÉS.Consulta hoy la alternativa de tu preferencia, tenemos stock para Entrega Inmediata!Asesor comercial: Christian LaucekerzBeta Automotores San Fernando",1,26999930.0
"CITROËN - CASA CENTRALCitroën C3 Aircross¡La manera más fácil y segura de retirar tu 0KM, con un mínimo anticipo!Te ofrecemos la mejor financiación de fábrica, cuotas accesibles sin interés a tasa 0.-Consulte financiación al 100 % del valor de la unidad.-Recibimos tu unidad usada como parte de pago.-Bonificaciones exclusivas.-Garantía de 3 años.-Tenemos el auto para que puedas manejarlo, realizar un test drive y así vivir una experiencia única.-El mejor precio de contado y financiado del mercado.-Ventas a todo el país.-La mejor atención y el mejor precio.¡Consulta por el modelo que estés buscando!¡Entregas rápidas y programadas!",1,27210000.0
"* Mejoramos cualquier presupuesto del país * * Somos concesionario oficial citroën ** NAVE MOTORS ** Concesionario con mas de 10 años de experiencia en vehiculos citroën ** El asesoramiento personalizado, calidad de servicio, buena atención, responsabilidad y transparencia son nuestros principales atributos para que tengas la mejor experiencia de compra ** NO DUDES Y CONSÚLTANOS ANTES DE DECIDIRTE *SIEMPRE CON ¡ENTREGA INMEDIATA!* RETIRA YA TU 0KM CON UN MÍNIMO ANTICIPO y SOLO CON DNI * (FINANCIACIÓN + DESCUENTO) * * * (FINANCIACIÓN + DESCUENTO + TOMA DE TU USADO) ** TOMAMOS TU AUTO USADO AL MEJOR PRECIO DEL MERCADO ** RESERVA TU TURNO PARA HACER UN TEST DRIVE **Cristian Mansilla",1,21000000.0
"FORD BRENSON CONCESIONARIO OFICIALSTOCK UNICAMENTE BLANCO FORD TERRITORY TITANIUM 1.8 AT 2025 0KMSomos líderes en Ventas y Servicios¡Bonificaciones Especiales!Para consultarnos hacé click en el botón ""Preguntar"". Estamos para atenderte.+ (Consultá por el color que querés)+ Bonificaciones especiales online+ Tomamos mejor tu usado+ Entrega inmediata - Stock permanente+ Mínimo anticipo y cuotas fijas en PesosENTREGA INMEDIATA!!NO DUDES EN CONSULTAR",1,48856000.0
FIAT PULSE 1.0 TURBO AUTOMATICASOLO PARA RETIRO INMEDIATO!!!!!EL ANTICIPO SE PUEDE CUBRIR CON AUTO USADO O CON EFECTIVOEL RESTO DOY A PAGAR EN CUOTAS MEDIANTE CREDITO CON FABRICASOLO PARA RETIRO INMEDIATO !!!!!,1,1300000.0
"GRUPO NAVE MOTORSFIAT - JEEP - CITROEN - PEUGEOT - RENAULTUSADOS SELECCIONADOSN°1 EN VENTAS, ATENCIÓN Y SERVICIO.ANTICIPO + CUOTAS FIJAS A TASA 0%.ENTREGA INMEDIATA.FINANCIACION EXCLUSIVA DE FIAT A TASA 0% FIJA Y EN PESOS.TOMAMOS USADOS EN PARTE DE PAGO.DEJANOS TU CONSULTA.ASESOR COMERCIAL LEANDRO RODRIGUEZ",1,16970000.0
"AUTOTAG S.A. Concesionario Oficial N°1 Volkswagen    "" Financia $ 10.000.000 con Tasa ""0"" % % %""“CONCESIONARIO LÍDER EN VENTAS A NIVEL NACIONAL”Realizamos operaciones:Contado Efectivo (Cotizamos dólar al día).Financiación con Anticipo y Cuotas fijas en pesos (SOLO DNI).Permuta (Tasamos mejor tu usado).Amplio Stock Físico – Entrega Inmediata – Venta a TODO el País.",1,44500000.0
** OPORTUNIDAD DE ESTE MES **° Anticipo o Tu Usado el Resto en Cuotas.° Variedad de Colores.° Entrega Inmediata.° No es Plan.° Venta A Todo El País Sin Restricciones.° Financiamos.° Seña Y Pago Siempre Al Concesionario Oficial.° Vehiculos 0km Con Garantía.° Tomamos Su Usado Al Mejor Precio.° Atención Personalizada Las 24 Hs.--.Disponible Toda La Línea 0Km.--*AGENTE OFICIAL ZONA NORTE*,1,12500000.0
"• CONCESIONARIO OFICIAL PEUGEOT ¡IMPORTANTE!!! ¡LEER CON ATENCION!!¡IMPORTANTE!!! ¡LEER CON ATENCION!!¡IMPORTANTE!!! ¡LEER CON ATENCION!!• Anticipo y cuotas, el precio se complementa con crédito PSA.• FINANCIACION CON LA MEJOR TASA DEL MERCADO.• CREDITO EXCLUSIVO!!! TNA 0% HASTA $16.000.000 // PERSONAL HASTA $8.000.000 TNA 0%• TASA PREFERENCIAL TNA 12,9% / 29,9% HASTA 24 CUOTAS // TNA 39,9% HASTA $18.000.000 • TOMAMOS TU USADO AL MEJOR VALOR DEL MERCADO• NO ES TITULO PROPIO, NI PLAN ADJUDICADO• STOCK FISICO/DEPOSITO• TE ASIGNAMOS CHASIS Y MOTOR EN EL MOMENTO DE LA RESERVA• ENTREGA INMEDIATA - 7/10 DIAS HABILES ------------------------------------------------------------------------------------------------------------------------------• ¡ENTREGA INMEDIATA!!! ¡¡¡DISPONIBILIDAD DE COLORES!!!• EL MEJOR PRECIO DEL MERCADO • ¡NUEVO PEUGEOT 208 y 2008! • ¡PEUGEOT EXPERT - RESTAILING 2025!• PREVENTA NUEVO 408 / 3008• SERVICIO POST VENTA• CONCESIONARIO PLATINUM QUALITY SERVICEASESOR COMERCIAL CRISTIAN CARLOS",1,34999999.0
"// AUTOFRANCE PEUGEOT ///!!!DEJA DE DAR VUELTAS , TENEMOS LO QUE BUSCAS!!!/// SOMOS EL CONCESIONARIO OFICIAL PEUGEOT Nº 1 EN VENTAS DEL PAIS ////// OPERAMOS VENTA DIRECTA DE FABRICA Y/O STOCK PARA ENTREGA INMEDIATA ///SISTEMAS DE CUOTAS 0% INTERES-ANTICIPO MINIMO DE $13.200.000-RETIROS ASEGURADOS , RETIROS INMEDIATOS , RETIROS PACTADOSEL MEJOR PRECIO DEL MERCADOTENEMOS STOCK FISICO DE TODAS LAS UNIDADES Y COLORES ./// SOMOS EL CONCESIONARIO OFICIAL PEUGEOT Nº 1 EN VENTAS DEL PAIS ////// OPERAMOS VENTA DIRECTA DE FABRICA Y/O STOCK PARA ENTREGA INMEDIATA ////// EL MEJOR PRECIO CONTADO ; FINANCIADO ; O CON SU USADO ////// SU AUTO USADO EN AUTOFRANCE VALE MAS: Pagamos más por su usado ,sin limite de kilometraje. También podemos tomar su auto en consignación./// ENTREGA INMEDIATA EN TODA LA GAMA./// SOMOS CONCESIONARIO LIDER EN CALIDAD DE ATENCION./// RESPUESTA INMEDIATA A SUS CONSULTAS: Respondemos al instante consultas y llamados. Podemos programar una video llamada para que usted pueda ver los autos sin moverse de su casa u oficina.///VENTAS A TODO EL PAIS//////TE ACOMPAÑAMOS EN TODA LA GESTION Y SOLAMENTE TENES QUE VENIR A RETIRAR EL 0KM////// ATENCION EXCLUSIVA EMPRESAS Y CLIENTES ESPECIALES: Somos Peugeot Professional Center. Ventas especiales para empresas comerciantes diplomáticos jueces y APM ///*** EL VALOR PUBLICADO CORRESPONDE A EL ANTICIPO Y RESERVA DE LA UNIDAD***LA CANCELACION TOTAL DEL VALOR DE LA UNIDAD PUEDE FINANCIARSE EN CUOTAS 0% INTERES O CANCELAR LA TOTALIDAD A OPCION DEL COMPRADOR*Los precios están sujetos a la lista de precios actual y sujetos a cualquier cambio en la misma*///ASESOR COMERCIAL: giselle felix ///",1,26424905.0
"DescripciónPRECIO PUBLICADO DE ANTICIPO SUGERIDO¡TU JEEP RENEGADE TE ESTÁ ESPERANDO EN SPORT CARS JEEP!Si estás buscando una SUV que combine diseño, tecnología y robustez, la Jeep Renegade es tu mejor elección. Y no hay mejor lugar para encontrarla que en Sport Cars Jeep, una de las concesionarias más grandes y confiables del país.¿POR QUÉ ELEGIR SPORT CARS JEEP?40 años de trayectoria en el mercado automotor, brindando confianza, respaldo y compromiso en cada operación.Somos concesionaria oficial Jeep, con atención especializada y asesoramiento profesional en cada etapa de tu compra.Contamos con altísimos estándares de calidad en atención al cliente: nuestro equipo está capacitado para brindarte una experiencia personalizada, clara y sin vueltas.Tenemos uno de los mayores stocks del país y posibilidades reales de entrega inmediata.Te ofrecemos planes de financiación exclusivos, toma de usados al mejor valor y promociones únicas.Miles de clientes satisfechos nos eligen año tras año por nuestra seriedad y dedicación.¿QUÉ TRAE LA NUEVA JEEP RENEGADE?Estilo sofisticado y diseño robusto.Tecnología de última generación con conectividad total.Seguridad activa y pasiva para vos y tu familia.Interior amplio, cómodo y con terminaciones premium.Excelente performance tanto en ciudad como en ruta.Vení a Sport Cars Jeep y llevate la SUV que soñás con la confianza de estar en las mejores manos.¡Consulta ahora y descubrí una experiencia de compra a otro nivel!FLORENCIA VASQUEZ",1,31000000.0
¡¡¡SUPER OFERTA!!!C4 CACTUS THP FEEL+AT OBTENELO CON UN CRÉDITO DE HASTA $16.000.000 EN TASA 0%El precio corresponde a anticipo y cuotasSTOCK FÍSICO Y CON CERTIFICADO .UNIDADES DISPONIBLE PARA ENTREGA INMEDIATA .!NAVE MOTORS CONCESIONARIO OFICIAL CITROEN!CALIDAD Y TRAYECTORIA A NIVEL NACIONAL.NUMERO 1 DE ARGENTINA.GRACIAS A NUESTROS CLIENTES NOS POSICIONAMOS EN LA MEJOR RED DE CONCESIONARIOS DEL PAÍS. STOCK FÍSICO Y CON CERTIFICADO .UNIDADES DISPONIBLE PARA ENTREGA INMEDIATA .DANIEL AGUIRREVENTAS,1,31999990.0
"Fiat Pulse Drive 1.3 99cv automático CVT 2025 0km""Leer el aviso previamente a realizar consulta""Publicación corresponde al canal de venta convencional, 0km. #NO ES PLAN DE AHORRO#Stock disponible para entrega inmediataHorario de atención de Lunes a Sábados de 09:00 a 19:00Asesora de ventas convencionalCarmen VentreFiat Autogenerali Concesionario oficialSe toman reservas de la unidad únicamente con color disponible en stock""Precio publicado contado bonificado mas gastos de flete/patentamiento""Por la variante de precios confirmar con el vendedor valor actualizado previamente a realizar la reserva de la unidadOperación con entrega inmediata de la unidad según color disponible en stockReserva unidad $1.000.000 mediante mercado pago, transferencia, deposito o en salón de ventas (débito-crédito-efectivo-mercado pago)Opción a financiar: Anticipo mínimo 30% del valor publicado o usado solo con dni el saldo se puede realizar en 12/24/36/48 o 60 cuotas fijas sistema francésConsultar créditos UVA con anticipo minino 20% del valor publicado---entrega inmediata----(No es plan de ahorro, no se toman como parte de pago)Tomamos tu usado---Gran Buenos Aires y Capital federal---informar datos del usados en la consulta para enviar valor aproximado de cotización---Consultar colores disponibles en stockConcesionario oficial Fiat GeneraliServicio oficial de post ventaVentas al interior solo contado (No se toman usados)Ventas convencional contado o crédito prendarioGARANTÍA: 3 AÑOS O 100.000KM (LO QUE OCURRA PRIMERO) ORÍGEN DEL VEHÍCULO: BRASIL.IMAGENES ILUSTRATIVAS, LOS VALORES ASÍ COMO LOS DETALLES DESCRIPTOS EN ESTE FOLLETO SON APROXIMADOS, DESCRIPTIVOS.Quiénes SomosAUTOGENERALI es una compañía dedicada a la comercialización de vehículos, Concesionario Oficial de Fiat Auto Argentina desde el año 1996, que viene ocupando, ya desde sus comienzos, un lugar de liderazgo dentro de la vasta red que posee la prestigiosa marca italiana.Actualmente contamos con casi 8.000 m2 de infraestructura comercial y de servicios compuesta por cuatro puntos de ventas distribuidos en el territorio de la Ciudad Autónoma de Buenos Aires y dos Talleres de Servicio y Venta de Repuestos dentro del mismo ámbito.Con un plantel de casi 200 personas distribuidas en las distintas áreas de la empresa, estamos en condiciones de brindar a nuestros clientes los más altos estándares de servicio.En permanente proceso de capacitación para atender los requerimientos de un mercado cada vez más exigente y con la experiencia que nos da haber entregado más de 60,000 vehículos, ofrecemos todos nuestros canales de comunicación, entre ellos nuestro Sitio Web Oficial, nuestra Facebook Fan Page, Twitter, etc., como herramientas para acercarnos de manera más directa con nuestros clientes y con quienes sin serlo, tienen la intención de acercarse al mundo FIAT de la forma más amigable.",1,26900000.0
EL VALOR PUBLICADO CORRESPONDE AL ANTICIPOMAS UN CREDITO POR $ 8.000.000.- A TASA 0%* GRUPO ROBAYNA *LA MEJOR TOMA DE USADOSFINANCIACION DIRECTA DE FABRICACONSULTE PLANES TASA 0%Gustavo FerrariAsesor Comercial11-5806-4304,1,24000000.0
*EL PRECIO CORRESPONDE AL ANTICIPO*EL SALDO EN CUOTAS EN PESOS*UNIDADES FISICAS DE STOCK CON NRO DE MOTOR Y CHASIS*COMPRA TU 0KM DE LA FORMA MAS SEGURA**ENTREGA INMEDIATA**,1,52000063.0
"CONCESIONARIA OFICIAL RENAULT LEPICSUCURSAL PUERTO MADEROUNIDAD: DUSTER ICONIC 1.3 4x4 MT Opción 1EFECTIVO: $30.900.000.-Valor final, con flete y formularios, sellados todo listo para que patentes.Opción 2Anticipo $19.470.000.- ( incluye: flete, formularios, patentamiento y gestión de crédito)y 12 cuotas fijas de $ 1.250.000 TASA 0%* STOCK FISICO* TOMAMOS USADOS EN PARTE DE PAGO* DISPONIBILIDAD DE STOCKNO DUDES EN CONSULTAR.ALEJANDRO ZAPATAVENTAS RENAULT LEPIC Concesionario Oficial.",1,29600000.0
"Concesionario Oficial Volkswagen, líder en ventas y créditos del País desde el año 2000El valor publicado corresponde al anticipo.Contamos con el mejor precio de contado, tomamos tu unidad usada llave contra llave, facilidades de pago.Financiación directa y oficial por Volkswagen Financial Services.Esta unidad cuenta con una garantía de 6 años o 150.000 km, lo que ocurra primero.Stock permanente de vehículos y entrega inmediata.• RESPONDEMOS SU CONSULTA EN 5 MINUTOS.• NO ES PLAN DE AHORRO.• CONCESIONARIO OFICIAL VOLKSWAGEN.• ENTREGA INMEDIATA.• TOMAMOS TU USADO EN PARTE DE PAGO.• MEJORAMOS PRESUPUESTOS.• VEHICULO EN STOCK.• FINANCIAMOS.• EL MEJOR PRECIO DE CONTADO.• PRUEBA DE MANEJO DISPONIBLE.• VENDEMOS A TODO EL PAÍS DE MANERA ÁGIL Y SENCILLA.• NO ES PLAN DE AHORRO.• Publicamos el valor promocional del 0km, el valor final depende la operación que haga el cliente.• Ofrecemos créditos prendarios directamente de Volkswagen Financial Services CUOTA FIJA.• Tomamos tu usado en parte de pago y si lo solicitas financiar la diferencia con una tasa baja !!•CONCESIONARIO OFICIAL VOLKSWAGEN••EJECUTIVO DE VENTAS CALIFICADO••ESTEBAN KAIRUZ•",1,42000000.0
"NISSAN CAPITALConcesionario Número #1 de la Argentina-- Variedad de colores-- Tomamos todos los usados al mejor precio.-- Mejoramos cualquier oferta.-- ¡ENTREGA INMEDIATA!-- Financiación a TASA 0%-- Anticipo Y 12, 24, 48 Y hasta 60 CUOTAS FIJAS!!-- Atención Personalizada-- Garantía oficial NissanNISSAN CAPITALCaballito - Villa Luro - Ciudadela-- ¡Esperamos tu consulta!El precio publicado no incluye gastos de flete,ni formularios ni gastos administrativos.Foto no contractual.Corresponde al modelo del título de la descripción.Equipamiento según versión.",1,37130000.0
"CAR DISTRICT TE ESPERA CON LA OPORTUNIDAD QUE ESTABAS ESPERANDO !!!º|||||||º DESCUENTOS DE CONTADO !!!º|||||||º ENTREGA INMEDIATA !!!º|||||||º TOMAMOS USADOSº|||||||º OPCIONES DE ANTICIPO Y CUOTA FIJA 0% INTERESALGUNAS DE NUESTRAS OPCIONESPLANES DE FINANCIACION :FINANCIA $ 12.000.000 EN 12 CUOTAS FIJAS TASA 0% DE $ 1.012.000FINANCIA $ 18.000.000 EN 12 CUOTAS FIJAS TASA 19.9% % DE $ 1.450.000Concesionario líder en zona norte con más de 20 años de experiencia. ¡Garantía de calidad y atención!ESPERAMOS TU CONSULTA YA MISMO , NUESTROS ASESORES ESTAN LISTOS PARA ATENDERTE",1,42999000.0
"FORD BRENSON CONCESIONARIO OFICIALSucursal - CABALLITO CASA CENTRALAsesor Comercial Pablo VultaggioFORD TERRITORY TITANIUM 1.8 AT 2025 0KMSomos líderes en Ventas y Servicios¡Bonificaciones Especiales!Para consultarnos hacé click en el botón ""Preguntar"". Estamos para atenderte.+ (Consultá por el color que querés)+ Bonificaciones especiales online+ Tomamos mejor tu usado+ Entrega inmediata - Stock permanente+ Mínimo anticipo y cuotas fijas en PesosENTREGA INMEDIATA!!NO DUDES EN CONSULTAR",1,46856576.0
"º|||||||º DESCUENTOS DE CONTADO !!!º|||||||º ENTREGA INMEDIATA !!!º|||||||º TOMAMOS USADOSº|||||||º OPCIONES DE ANTICIPO Y CUOTA FIJA 0% INTERESALGUNAS DE NUESTRAS OPCIONESPLANES DE FINANCIACION :FINANCIA $ 12.000.000 EN 12 CUOTAS FIJAS TASA 0% DE $ 1.012.000FINANCIA $ 18.000.000 EN 12 CUOTAS FIJAS TASA 19.9% % DE $ 1.450.000Concesionario líder en zona norte con más de 20 años de experiencia. ¡Garantía de calidad y atención!ESPERAMOS TU CONSULTA YA MISMO , NUESTROS ASESORES ESTAN LISTOS PARA ATENDERTE",1,42900000.0
"¡LIV MOTORS te acerca la oportunidad que estabas esperando!¡FINANCIACIÓN EXCLUSIVA! Cuotas en pesos con 0% de interés y entrega inmediata. Disponibilidad real de todas las unidades y colores. ¡Elegí el tuyo hoy mismo!El valor publicado corresponde al ANTICIPO ¡Financia la diferencia con la financiación directa de fábrica!-----------------MAYO 2025------------------EL BOLETO TE LO LLEVAS CON NUMERO DE CHASIS Y MOTOR UNIDADES FÍSICAS----------------------------LEER CON ATENCIÓNNUEVO LANZAMIENTO PEUGEOT 2008 NUEVO 2025--------------------------------------------------------------------------PEUGEOT 2008 ACTIVE //ALLURE//GTHASTA $ 8,000,0000 MILLONES DE PESOS A TASA 0%EN 18,CUOTAS SIN INTERÉS Y FIJAS, CRÉDITO PERSONAL SI GASTO DE PRENDA///////================================================================NUEVA FINANCIACIÓN EXCLUSIVA 2008 ACTIVE//ALLURE//GT$14,000,000 A TASA 0 % SIN INTERÉSDE 24 CUOTAS FIJAS DE $777.840================================================================NUEVA FINANCIACIÓN EXCLUSIVA 2008 ACTIVE//ALLURE//GT$18,000,000 A TASA 7,9 % EN CUOTAS FIJASDE 24 CUOTAS FIJAS DE $838.080NO DEJES DE PREGUNTARNOS POR OTRAS LINEAS DE FINANCIACIÓN (UVA FINANCIANDO HASTA EL 80% DEL VALOR DEL AUTO).=====================================================ASESOR E-COMMERS: NICOLÁS MARCINNOCONSULTA BONIFICACIONES COMPRANDO ESTA SEMANA - DESCUENTOS EXCLUSIVOS.=====================================================Beneficios que te ofrecemos:- Precios imbatibles: Contado, financiado o entregando tu usado.- Mejor tasación por tu auto usado (modelos desde 2010 en adelante).- Venta directa de fábrica o de stock para entrega inmediata.- Asesoramiento personalizado: Estamos listos para responder tus consultas al instante y te ofrecemos la opción de videollamadas en vivo para mostrarte los vehículos sin que salgas de tu casa.Concesionario líder en zona norte con más de 10 años de experiencia. ¡Garantía de calidad y atención!Enviamos a todo el país y te acompañamos durante todo el proceso. Solo tenés que venir a retirar tu 0 km cuando todo esté listo.- Comodidades para el cliente: Estacionamiento exclusivo para clientes. Trato preferencial a clientes del interior del país. Lo hacemos bien simple. Usted solo viene a retirar su vehículo.- Atención exclusiva para empresas y clientes especiales: Somos Peugeot Professional Center, con ofertas especiales para empresas, comerciantes, diplomáticos y jueces.",1,31100921.0
"-CONCESIONARIO OFICIAL CHEVROLET  N°1 FOREST CAR - ASESORA DAIANA -E N T R E G A   I N M E D I A T A S O L O  A U T O S  E N  S T O C K   F I S I C O-Mejor número con precio de contado. - Financiá a tasa 0%.-Envíame un WhatsApp, estoy en linea!__EL PRECIO PUBLICADO ES UN ANTICIPO NO ES EL FINAL__",1,28999999.0
"•**DARC CITROEN**•••• ENTREGA INMEDIATA! •••-FINANCIACIÓN A TASA EXCLUSIVA-PAGAMOS MEJOR TU AUTO-RETÍRALO CON MÍNIMO ANTICIPO Y SALDO EN CUOTAS, SOLO CON TU DNI-MEJORAMOS CUALQUIER PRESUPUESTO-TALLERES PROPIO EN SUCURSAL-ESTACIONAMIENTO EXCLUSIVO PARA CLIENTES-TEST DRIVE DISPONIBLE-FORMA DE PAGO A CONVENIR SEGÚN TIPO DE VENTA-ATENDEMOS VENTA A EMPRESAS-VENTA DISCAPACITADOS DIPLOMÁTICOS-LO VISITAMOS EN SU DOMICILIO O EMPRESA• Concesionario Oficial D'arc Citroen •*** imágenes no contractuales ***",1,28210000.0
"Ultima unidad con bonificación especial- Contactanos para recibir más información y reservar tu unidad 0km!***********************************************************************************Vehículo: Volkswagen TAOS Highline 250 tsi bi TonoAño: 2025Km: 0km ***********************************************************************************Equipamiento: Nuevo TAOS. Llega para marcar una diferencia entre los SUV. Tecnología interior y exterior, de imagen solida y robusta. Tiene todo para vos: conectividad, diseño, seguridad, comfort, eficiencia son algunas de las cualidad que dan identidad a nuestro SUV TAOS. Un equilibrio justo, para vos.-Consultar opciones de colores disponibles.***********************************************************************************Romera Hnos concesionario oficial Volkswagen. 96 años de vida comercial y de experiencia al servicio de nuestros clientes y amigos. 8 sucursales de venta y post venta en Tandil, Balcarce, Necochea y Mar del Plata. Nuestra trayectoria garantiza la confianza al elegirnos. Vendemos en todo el país mediante nuestro nuevo proceso Digital Sale asegurado con reserva Online de MercadoLibre.***********************************************************************************Forma de pago: Contactanos para recibir información sobre valores de venta , disponibilidades, financiaciones directas de VWfs, anticipos, precio especial por compras corporativas y permutas o tomas de unidades usadas en parte de pago. Los valores quedan sujetos a modificación sín previo aviso y a disponibilidad a confirmar por nuestros asesores comerciales oficiales. Antes de realizar una reserva por favor contactanos para chequear y acordar forma de compra.Pedinos un presupuesto completo!***********************************************************************************El precio publicado corresponde a pago contado- No incluidos gastos de retiro.-",1,45900000.0
*CONCESIONARIO OFICIAL VOLKSWAGEN*******EXPERECIENCIA 5 ESTRELLAS*****¡¡MEJOR PRECIO Y FINANCIACIÓN!!!*AUTOS EN STOCK PERMANENTE.*VARIEDAD DE COLORES.AV LA PLATA 2050. CABA - BS. AS.*NUEVA FINANCIACIÓN EXCLUSIVA * TASA 0% EN TODAS LAS UNIDADES*SERVICIO DE MANTENIMIENTO BONIFICADO.*FORMAS DE PAGO: INTEGRANDO CONTADO O TU USADO COMO ANTICIPO Y EL RESTO EN 12 CTS 24 CTS 18 CTS 36 CTS O 48 CTS 60 CTS FIJAS Y EN $-*TOMAMOS TU USADO AL MEJOR PRECIO DEL MERCADO.*ENTREGA INMEDIATA.PODEMOS ASESORARTE Y ARMAR UN PLAN DE PAGOS DE ACUERDO A TUS NECESIDADESTENE EN CUENTA QUE TODOS LOS CREDITOS PRENDARIOS Y LEASING SON EN CUOTAS FIJAS EN PESOS.PRIMER CENTRO DE ATENCION PERSONALIZADAVOLKSWAGEN DE ARGENTINAPARA EL OTORGAMIENTO DE CREDITOS PRENDARIOS-LEASINGTRABAJAMOS CON TODOS LOS BANCOSNuestra trayectoria de mas de 35 años nos avala como lideres en el mercado nacionalContamos con el equipo mas profesional para asesorarte1- Créditos prendarios2- Leasing para empresas3- Venta Corporativa4- Cotización de tu usado/s5- Todas nuestras unidades cuentan con su correspondiente certificado de fabricación Y SON AÑO MODELO 2025.6- TOMAMOS CREDITOS DE INVERSION PRODUCTIVA7- CREDITOS PARA PyMEs.RETIRAS EN 10 DÍAS REALES.DEJANOS TU CONTACTO ASI PODEMOS ASESORARTEESTAMOS AUTORIZADOS PARA REALIZAR GESTIONES EN CUALQUIER PARTE DEL PAIS POR VOLKSWAGEN ARGENTINANO DUDES EN CONSULTAR LA MEJOR OPCION DE COMPRA ESTA ACA !!TRABAJAMOS CON LEASING DE TODOS LOS BANCOS.AGUARDAMOS TU CONSULTA  *MARTIN*,1,27400000.0
"Bienvenido a AutoDrive Concesionario OficialPrecio publicado en referencia a anticipo de compra(imagen corresponden a la version anterior, actualmente no posee la grafica)¡Solicita ahora Cotización a nuestro Asesor de ventas Lucia , te garantizamos el mejor precio del mercado !Estamos en Belgrano - CabaCREDITOS PROMOCIONALES UVATASAS DESDE 0 A 23% HASTA 60 MESES Y MAXIMO 95% DEL PRECIO DE LISTA DE LA UNIDAD SEGUN SCORE CREDITICIO.TOMAMOS TU VEHICULO USADO, REALIZA TU COMPRA EN UN EMPRESA 100% SERIA CON ASESORE PROFESIONALES Y RETIRA TU VEHICULO DE MANERA INMEDIATAReserva tu Fiat 0Km de manera Online con Mercado Libre y accede a Beneficios exclusivos en accesorios !!!El mejor precio final todo el mercado garantizado en AutoDrive, comprobalo ahoraSolicitá Tour Virtual con Videollamada y Cotización de tu usado via Whatsapp.",1,28300000.0
"Promo COMPASS ¡solo por este mes! 2025(el valor publicado corresponde a la entrega del anticipo + patentamiento)Podes realizar una entrega de $26,000,000 para tener tu unidad en calle El resto lo podes financiar en 24/36/48 o hasta 70 cuotas ¡ A tasa cero 0%!contamos con cuotas a partir de los $450,000 en adelante!Financiación | Tomamos tu usado | Dólares | PesosSubite al Jeep Compass y sentí la diferencia desde el primer día:# Espacio cómodo para que vos y tu familia viajen relajados# Tecnología que te conecta a todo: Android Auto y Apple CarPlay# Seguridad en serio: control de estabilidad, asistente en pendientes, múltiples airbags# Diseño premium que no pasa desapercibido[Estamos en: Capital Federal y Zona OesteDe lunes a sábados de 9 a 19 hs]Atención rápida por #Whtspp para más info.",1,39345870.0
"Nuevo Nivus 2025-Unidades disponibles para entrega inmediata- Contactanos para confirmar precios y colores disponibles- Consultanos por formas de pago: contado, financiado y permutas.***********************************************************************************CONSULTAR DISPONIBILIDADVehículo: Volkswagen Nivus Comfortline 200 TsiAño: 2025Km: 0km Color: varios, a elección.***********************************************************************************Consultar disponibilidad y opciones de colores para entrega inmediata.(Fotos de publicación ilustrativas de diferentes modelos de equipamiento)***********************************************************************************Romera Hnos concesionario oficial Volkswagen. 96 años de vida comercial y de experiencia al servicio de nuestros clientes y amigos. 8 sucursales de venta y post venta en Tandil, Balcarce, Necochea y Mar del Plata. Nuestra trayectoria garantiza la confianza al elegirnos. Vendemos en todo el país mediante nuestro nuevo proceso Digital Sale asegurado con reserva Online de MercadoLibre.***********************************************************************************Forma de pago: Contado- Financiado - Permuta- Consultanos por todas las opciones disponibles.-Valor publicado corresponde a anticipo, saldo a financiar en cuotas.Pedinos un presupuesto completo!***********************************************************************************",1,32200000.0
"¡Cada vez más cerca de tu RENEGADE!¿Buscas anticipos y cuotas accesibles? ¡Estás en el lugar correcto ! Con un anticipo de $10,626,,000 podes tener tu ram en la versión que prefieras!¿cómo podes presentar ese capital?EFECTIVO / DOLARES / AUTOS USADOS ¿Y el resto? Ahora podes aprovechar nuestro financiamiento a TASA CERO financia hasta el %60 del valor de tu unidad ¡no pagues sobreprecio!El resto lo podes financiar en 24/36/48 o hasta 70 cuotas Acomoda la cantidad y el monto de las cuotas a tu manera!                                             ¡no pierdas esta oportunidad! Tecnología, confort y diseño Jeep en cada detalle:# Pantalla táctil de alta definición y conectividad total# Seguridad en serio: control de estabilidad, múltiples airbags# Bajo consumo y gran rendimiento en ciudad y ruta# Ideal para moverte cómodo todos los días o salir de escapada[Estamos en: Capital Federal y Zona OesteDe lunes a sábados de 9 a 19 hs]Atención rápida por #Whtspp para más info.",1,24670000.0
*CONCESIONARIO OFICIAL VOLKSWAGEN*******EXPERECIENCIA 5 ESTRELLAS*****¡¡MEJOR PRECIO Y FINANCIACIÓN!!!*AUTOS EN STOCK PERMANENTE.*VARIEDAD DE COLORES.AV LA PLATA 2050. CABA - BS. AS.*NUEVA FINANCIACIÓN EXCLUSIVA * TASA 0% EN TODAS LAS UNIDADES*SERVICIO DE MANTENIMIENTO BONIFICADO.*FORMAS DE PAGO: INTEGRANDO CONTADO O TU USADO COMO ANTICIPO Y EL RESTO EN 12 CTS 24 CTS 18 CTS 36 CTS O 48 CTS 60 CTS FIJAS Y EN $-*TOMAMOS TU USADO AL MEJOR PRECIO DEL MERCADO.*ENTREGA INMEDIATA.PODEMOS ASESORARTE Y ARMAR UN PLAN DE PAGOS DE ACUERDO A TUS NECESIDADESTENE EN CUENTA QUE TODOS LOS CREDITOS PRENDARIOS Y LEASING SON EN CUOTAS FIJAS EN PESOS.PRIMER CENTRO DE ATENCION PERSONALIZADAVOLKSWAGEN DE ARGENTINAPARA EL OTORGAMIENTO DE CREDITOS PRENDARIOS-LEASINGTRABAJAMOS CON TODOS LOS BANCOSNuestra trayectoria de mas de 35 años nos avala como lideres en el mercado nacionalContamos con el equipo mas profesional para asesorarte1- Créditos prendarios2- Leasing para empresas3- Venta Corporativa4- Cotización de tu usado/s5- Todas nuestras unidades cuentan con su correspondiente certificado de fabricación Y SON AÑO MODELO 2025.6- TOMAMOS CREDITOS DE INVERSION PRODUCTIVA7- CREDITOS PARA PyMEs.RETIRAS EN 10 DÍAS REALES.DEJANOS TU CONTACTO ASI PODEMOS ASESORARTEESTAMOS AUTORIZADOS PARA REALIZAR GESTIONES EN CUALQUIER PARTE DEL PAIS POR VOLKSWAGEN ARGENTINANO DUDES EN CONSULTAR LA MEJOR OPCION DE COMPRA ESTA ACA !!TRABAJAMOS CON LEASING DE TODOS LOS BANCOS.AGUARDAMOS TU CONSULTA   *MARTIN*,1,58499999.0
*CONCESIONARIO OFICIAL VOLKSWAGEN*******EXPERECIENCIA 5 ESTRELLAS*****¡¡MEJOR PRECIO Y FINANCIACIÓN!!! TASA 0%EL PRECIO CORRESPONDE A ADELANTO EN EFECTIVO *AUTOS EN STOCK PERMANENTE.*VARIEDAD DE COLORES.AV BALBIN 1959 SAN MARTIN - BS. AS.*NUEVA FINANCIACIÓN EXCLUSIVA * TASA 0% EN TODAS LAS UNIDADES*FORMAS DE PAGO: INTEGRANDO CONTADO O TU USADO COMO ANTICIPO Y EL RESTO EN 12 CTS 24 CTS 18 CTS 36 CTS O 48 CTS 60 CTS FIJAS Y EN $-*TOMAMOS TU USADO AL MEJOR PRECIO DEL MERCADO.*ENTREGA INMEDIATA.PODEMOS ASESORARTE Y ARMAR UN PLAN DE PAGOS DE ACUERDO A TUS NECESIDADESTENE EN CUENTA QUE TODOS LOS CREDITOS PRENDARIOS Y LEASING SON EN CUOTAS FIJAS EN PESOS.PRIMER CENTRO DE ATENCION PERSONALIZADAVOLKSWAGEN DE ARGENTINAPARA EL OTORGAMIENTO DE CREDITOS PRENDARIOS-LEASINGTRABAJAMOS CON TODOS LOS BANCOSNuestra trayectoria de mas de 35 años nos avala como lideres en el mercado nacionalContamos con el equipo mas profesional para asesorarte1- Créditos prendarios2- Leasing para empresas3- Venta Corporativa4- Cotización de tu usado/s5- Todas nuestras unidades cuentan con su correspondiente certificado de fabricación Y SON AÑO MODELO 2024.6- TOMAMOS CREDITOS DE INVERSION PRODUCTIVA7- CREDITOS PARA PyMEs.RETIRAS EN 10 DÍAS REALES.DEJANOS TU CONTACTO ASI PODEMOS ASESORARTEESTAMOS AUTORIZADOS PARA REALIZAR GESTIONES EN CUALQUIER PARTE DEL PAIS POR VOLKSWAGEN ARGENTINANO DUDES EN CONSULTAR LA MEJOR OPCION DE COMPRA ESTA ACA !!TRABAJAMOS CON LEASING DE TODOS LOS BANCOS.AGUARDAMOS TU CONSULTA,1,29000000.0
!!OFERTA ESPECIAL DEL MES!!! UNICAMENTE DE CONTADOCitroën C4 Cactus 1.6 Thp 165 At6 ShineOBTENELO CON UN CRÉDITO DE HASTA $14.000.000 EN TASA 0%El precio corresponde a anticipo y cuotasSTOCK FÍSICO Y CON CERTIFICADO .UNIDADES DISPONIBLE PARA ENTREGA INMEDIATA .!NAVE MOTORS CONCESIONARIO OFICIAL CITROEN!CALIDAD Y TRAYECTORIA A NIVEL NACIONAL.NUMERO 1 DE ARGENTINA.GRACIAS A NUESTROS CLIENTES NOS POSICIONAMOS EN LA MEJOR RED DE CONCESIONARIOS DEL PAÍS.DANIEL AGUIRRE VENTAS,1,31200000.0
C4 CACTUS FEEL+AT MY23 linea nueva... OBTENELO CON UN CRÉDITO DE HASTA $8.000.000 EN TASA 0%El valor publicado corresponde a anticipo y cuotasSTOCK FÍSICO Y CON CERTIFICADO .UNIDADES DISPONIBLE PARA ENTREGA INMEDIATA .!NAVE MOTORS CONCESIONARIO OFICIAL CITROEN!CALIDAD Y TRAYECTORIA A NIVEL NACIONAL.NUMERO 1 DE ARGENTINA.GRACIAS A NUESTROS CLIENTES NOS POSICIONAMOS EN LA MEJOR RED DE CONCESIONARIOS DEL PAÍS.DANIEL AGUIRREVENTAS,1,28999900.0
"* AUTOFRANCE PEUGEOT ** ANTICIPO CREDITO TASA 0 % TASA 0% EN 18 MESES ! $ 8.000.000 hasta $ 14.000.000ENTREGA INMEDIATA !* SOMOS ESPECIALISTAS EN FINANCIACIÓN *** FINANCIACIÓN $ 14,000,000 EN 18 MESES TNA 0%, 24 MESES TNA 12.90%**** FINANCIACIÓN $ 16,000,000 EN 18 MESES TNA 19,90%, 24 MESES TNA 29.90%**** FINANCIACIÓN $ 18.000.000 DE 12 A 48 MESES C/TNA DESDE 15.90% **** FINANCIACIÓN $ 13,000,000 12 Y 24 TNA 0%, 36 Y 48 MESES TNA 9.90%UVA PRENDARIO ****FINANCIACIÓN $ 22,000,000 12 Y 24 TNA 0%, 36 Y 48 MESES TNA 9.90%UVA PRENDARIO Y $ 26.000.000 EN 36/48 MESES, TNA 11.90% **** Aprobamos su crédito en el momento. La mejor tasa del mercado. *** SOMOS EL CONCESIONARIO PEUGEOT Nº 1 EN VENTAS DEL PAIS ** OPERAMOS VENTA DIRECTA DE FABRICA Y/O STOCK PARA ENTREGA INMEDIATA ** TODOS LOS USADOS Y SEMI NUEVOS EN STOCK FUERON SOMETIDOS A RIGUROSOS CONTROLES DE CALIDAD EN NUESTROS TALLERES PROPIOS ** EL MEJOR PRECIO, CONTADO, FINANCIADO O CON SU USADO ** RESPUESTA INMEDIATA A SUS CONSULTAS: Respondemos al instante consultas y llamados. Podemos programar una video llamada para que usted pueda ver los autos sin moverse de su casa u oficina.* SOMOS CONCESIONARIO LIDER EN CALIDAD DE ATENCION.* SU AUTO USADO EN AUTOFRANCE VALE MAS: Pagamos más por su usado desde 2009 sin limite de kilometraje. También podemos tomar su auto en consignación.* ENTREGA INMEDIATA EN TODA LA GAMA.* COMODIDADES PARA CLIENTES: Estacionamiento exclusivo para clientes. Trato preferencial a clientes del interior del país. Lo hacemos bien simple. Usted solo viene a retirar su 0km.* NUESTRO SERVICIO POSTVENTA ES CONSIDERADO EL MEJOR DEL PAIS.* FORMAS DE PAGO: aceptamos todas las formas de pago. Tomamos mejor sus dólares.* ATENCION EXCLUSIVA EMPRESAS Y CLIENTES ESPECIALES: Somos Peugeot Professional Center. Ventas especiales para empresas, comerciantes, diplomáticos, jueces y APM.ASESOR COMERCIAL MARTIN COUSSAN",1,34900000.0
CONCESIONARIO OFICIAL VOLKSWAGEN*EXPERECIENCIA 5 ESTRELLAS EN ATENCION COMERCIAL Y CALIDAD.¡¡MEJOR PRECIO Y FINANCIACIÓN!!!*AUTOS EN STOCK PERMANENTE.*VARIEDAD DE COLORES.* FINANCIACIÓN EXCLUSIVA * TASA 0% EN TODAS LAS UNIDADES*FORMAS DE PAGO: INTEGRANDO CONTADO O TU USADO COMO ANTICIPO Y EL RESTO EN 12 CTS 24 CTS 18 CTS 36 CTS O 48 CTS 60 CTS FIJAS Y EN $-*ENTREGA INMEDIATA.PODEMOS ASESORARTE Y ARMAR UN PLAN DE PAGOS DE ACUERDO A TUS NECESIDADES1- Créditos prendarios2- Leasing para empresas3- Venta Corporativa4- Cotización de tu usado/s5- Todas nuestras unidades cuentan con su correspondiente certificado de fabricación Y SON AÑO MODELO 2025.6- TOMAMOS CREDITOS DE INVERSION PRODUCTIVA7- CREDITOS PARA PyMEs.RETIRAS EN 10 DÍAS REALES.DEJANOS TU CONTACTO ASI PODEMOS ASESORARTEESTAMOS AUTORIZADOS PARA REALIZAR GESTIONES EN CUALQUIER PARTE DEL PAIS POR VOLKSWAGEN ARGENTINANO DUDES EN CONSULTAR LA MEJOR OPCION DE COMPRA ESTA ACA !!TRABAJAMOS CON LEASING DE TODOS LOS BANCOS.AGUARDAMOS TU CONSULTA,1,31600000.0
AUTOTAG S.A. Concesionario Oficial N°1 Volkswagen“CONCESIONARIO LIDER EN VENTAS A NIVEL NACIONAL”Realizamos operaciones:Contado Efectivo (Cotizamos dólar al dia).Financiación con Anticipo y Cuotas fijas en pesos (SOLO DNI).Permuta (Tasamos mejor tu usado).Amplio Stock Físico – Entrega Inmediata – Venta a TODO el País.,1,55999900.0
"MODELO AÑO 2025 0KM!!!!!!!ENTREGA INMEDIATA REAL PATENTA Y RETIRA EN 10 DIAS!!!!!FINANCIA 50% 21.003.000 A TASA 4% EN 24 CUOTAS FIJAS DE $1.213.000ATENCIÓN INTERIOR DEL PAÍS: NO PAGUE DE MAS! ENVIÓ PAPELES PARA PATENTARVersion PublicadaDUSTER ICONIC 1.3 TURBO CVTMOTOR MERCEDEZ BENZCREDITOS CON CUPO LIMITADO!Incluye Gastos! (flete, patentamiento, formularios y prenda crédito)ANTICIPO 14.713.000 + 18 C DE 1.213.000NO ES PLAN DE AHORRO!!!!!!!!!!!!!!!!!!!!!!!!!!!!!!FRANCISCO OSVALDO DIAZ S.A. (LIDER DEL MERCADO)Concesionario Oficial RenaultEQUIPO CASA CENTRAL 2 - ALVAREZ THOMAS – CAPITAL FEDERAL(Reserva, Pago, Firma y Entrega de Unidad: todo en un solo lugar)A Ud. lo atenderá FREDDY STIRPE (CASA CENTRAL 2)BENEFICIO ADICIONAL MENCIONANDO ESTE AVISO Y MI NOMBRE EN LA PREGUNTAFINANCIACIONES EXCLUSIVAS SOLO CON DNISE FINANCIA HASTA EL 100% SEGÚN SCORING DEL CLIENTE!!!!Aceptamos permutas . Sistema llave contra llave: entregas tu usado al momento de retirar el OkmVENTA A EMPRESAS Y FLOTILLEROS. Descuentos IMBATIBLES por volumen.Para RESERVAS DE UNIDADES se aceptan:Transferencias bancarias por CBU directo a la cuenta del Concesionario, Tarjetas de debito o credito (presencial o telefónico), Mercado Pago (Suma Beneficios a su cuenta), Efectivo en nuestra Concesionaria, Cheques PropiosCon su reserva congela UNIDAD y PRECIO por 48 hs!!!Respondo todas las consultas por teléfono y WSP. SU CONSULTA NO MOLESTALas fotos publicadas no son contractualesLos precios publicados pueden ser modificados por el Concesionario sin previo avisoA Ud. lo atenderá FREDDY STIRPE (CASA CENTRAL 2)",1,14713000.0
"Tu Nissan Kicks 0KM está a tu alcance!!!Unidad lista para patentar!!!El valor publicado corresponde al ANTICIPO.Ofrecemos las mejores opciones de financiación a través de Banco Santander Río e ICBC. Consulta el plan que mejor se adapte a tus necesidades.Brindamos crédito prendario con cuotas fijas y variables, garantizando la mejor tasa del mercado.Aceptamos permutas.Anticipo + cuotas y entrega inmediata el mismo día de la operación.Plan de financiación:Entrega: $17.704.000El resto en cuotas:12 cuotas de $2.459.00024 cuotas de $1.348.00036 cuotas de $981.00048 cuotas de $801.00060 cuotas de $694.000Transferencia y sellado de prenda se abonan por separado.Estamos en Av. San Martín 7118, esquina Griveo, Villa Devoto.Envianos tu consulta.",1,17704000.0
"-Forestcar CONCESIONARIO OFICIAL CHEVROLET.-LÍDER EN VENTASVENDEMOS A TODO EL PAÍS, SOLO VENÍS A RETIRAR.-TRACKER LTZ AUTOMÁTICA 2025 0KM-STOCK FISICO CON ENTREGA INMEDIATA, CONSULTANOS-Consultanos PRECIO DE CONTADO-Precio Publicado: anticipo mas cuotas***Financiación Exclusiva CON LAS MEJORES TASAS***Estas a un solo click de comprar al mejor precio! Sin engaños!CLICKEA EN VER TELÉFONO Y TE CONTACTAMOS DE INMEDIATO",1,25900000.0
Nueva Renegade Sport 1.8 130CV 0KMEL VALOR PUBLICADO CORRESPONDE AL ANTICIPOFINANCIALO CASI EN SU TOTALIDAD Y TENELO DE FORMA INMEDIATAANTICIPO $ 7.500.000 Y CUOTASJEEP FREEWAYConcesionario OficialUNIDAD FÍSICA CON ENTREGA INMEDIATA!TOMAMOS TU USADO EN PARTE PAGOFINANCIAMOS HASTA EL 80% DEL VALOR DE LA UNIDADRETIRA EN 10 DÍAS.Deja tu consulta y nos comunicaremos a la brevedad.,1,30900000.0
"Grupo Robayna Concesionario Oficial Peugeot Asesor Comercial LISANDRO FERRERA*EL MEJOR PRECIO DEL MERCADO. Ventas a toda la República Argentina. *MEJORAMOS PRECIO CONTADO. Trae tu presupuesto. *TOMAMOS EL DÓLAR A MEJOR PRECIO MERCADO. * AMPLIO STOCK PARA ENTREGA INMEDIATA *TOMAMOS USADOS EN PARTE DE PAGO, contamos con tasación profesional. *SOLUCIONES DE FINANCIAMIENTO: Prendaria, personal y leasing en cuotas fijas y en pesos. ******* FINANCIACIÓN $ 8,000,000 EN 18 MESES TNA 0%******* 18 CUOTAS FIJAS DE $444.480 ******* ANTICIPO $32.744.800*FINANCIACIÓN $ 14,000,000 EN 18 MESES TNA 0% *FINANCIACIÓN UVA $22.000.000 EN 24 MESES TNA 0% *TEST DRIVE A DISPOSICIÓN. *AMPLIA DISPONIBILIDAD DE COLORES. *CONSULTAR VALORES VIGENTES. *VENTA DIRECTA DE FABRICA Y/O STOCK PARA ENTREGA INMEDIATA * *El precio no incluye Fletes y ni Patentamiento. * RESPUESTA AL INSTANTE EN SU CONSULTA POR WHATSS APP O LLAMADO *TALLERES PROPIOS OFICIALES Y VENTA DE REPUESTOS GRUPO ROBAYNA, TU SOCIO DE CONFIANZA EN MOVILIDAD Sucursal DON TORCUATO - Grupo Robayna – Concesionario Oficial Peugeot MIGUEL ROBAYNA S.A",1,32744800.0
"LEER CON ATENCION!!!!!!-Forestcar CONCESIONARIO OFICIAL CHEVROLET EN CAP. FED.-LÍDER EN VENTAS-TRACKER PREMIER AUTOMÁTICA 2025 0KM-STOCK FISICO CON ENTREGA INMEDIATA, CONSULTANOS-Consultanos PRECIO DE CONTADO-Precio Publicado: anticipo mas cuotas***Financiación Exclusiva CON LAS MEJORES TASAS***Estas a un solo click de comprar al mejor precio! Sin engaños!CLICKEA EN VER TELÉFONO Y TE CONTACTAMOS DE INMEDIATO",1,28900000.0
"FIAT VERONA OFICIALMODELO: FIAT PULSE IMPETUS 1.0 TURBOENTREGA INMEDIATA.*STOCK FÍSICO DE UNIDADES DISPONIBLES.*CONTADO INSUPERABLE.*NO ES PLAN DE AHORRO.*VENTAS A TODO EL PAÍS DE MANERA SENCILLA.*TODA LA LINEA FIAT , CONCESIONARIO OFICIAL.CREDITOS CON TASA PREFERENCIALES EN PESOS!!CONSULTAR POR SU PRUEBA DE MANEJO.VEHICULO 2024 AL VALOR DE 2023*** PRECIO PUBLICADO CORRESPONDE AL ANTICIPO + CUOTAS ***",1,14000000.0
"*Hola, gusto en saludarte TENER EN CUENTA QUE EL VALOR PUBLICADO CORRESPONDE AL PRECIO DEL ANTICIPO CON TODOS LOS GASTOS INCLUIDOS EL SALDO ES TASA 0% CUOTAS FIJAS EN PESOS Te dejo las opciones comerciales posibles para avanzar con el presupuesto  Por favor nos podrías indicar que operación estarías interesado en realizarTe dejo las opciones comerciales posibles para avanzar con el presupuesto  Por favor nos podrías indicar que operación estarías interesado en realizar 1- OPERACION DE CONTADO 2- OPERACION CON CREDITO PRENDARIO 3- OPERACION CON CREDITO Y USADO4- OPERACION CON USADO Y CONTADO 5- OPERACION CON LEASING (100% financiado)6- OPERACION CON BALLOON (la cuota más baja) 7- CREDITOS PERSONALES EMPRESAS - AUTONOMOS EN EL CASO QUE QUIERAS TOMAR LA OPCION DE FINANCIACION 1-	Con que anticipo contas = $2-	Con que unidad contas =3-	Que capacidad de pago mensual podes tomar = $TODAS LAS OPCIONES SON PARA PERSONA FISICA - JURIDICA (según disponibilidad y scoring crediticio)",1,32999999.0
º|||||||º DESCUENTOS DE CONTADO !!!º|||||||º ENTREGA INMEDIATA !!!º|||||||º TOMAMOS USADOSº|||||||º OPCIONES DE ANTICIPO Y CUOTA FIJA 0% INTERES,1,44990000.0
"CAR DISTRICT TE ESPERA CON LA OPORTUNIDAD QUE ESTABAS ESPERANDO !!!º|||||||º DESCUENTOS DE CONTADO !!!º|||||||º ENTREGA INMEDIATA !!!º|||||||º TOMAMOS USADOSº|||||||º OPCIONES DE ANTICIPO Y CUOTA FIJA 0% INTERESALGUNAS DE NUESTRAS OPCIONESPLANES DE FINANCIACION :FINANCIA $ 12.000.000 EN 12 CUOTAS FIJAS TASA 0% DE $ 1.012.000FINANCIA $ 18.000.000 EN 12 CUOTAS FIJAS TASA 19.9% % DE $ 1.450.000Concesionario líder en zona norte con más de 20 años de experiencia. ¡Garantía de calidad y atención!HACE TU CONSULTA YA MISMO , NUESTROS ASESORES ESTAN LISTOS PARA ATENDERTE",1,56900000.0
"¡LIV MOTORS te acerca la oportunidad que estabas esperando!¡FINANCIACIÓN EXCLUSIVA! Cuotas en pesos con 0% de interés y entrega inmediata. Disponibilidad real de todas las unidades y colores. ¡Elegí el tuyo hoy mismo!El valor publicado corresponde al ANTICIPO ¡Podes financiar la diferencia con la financiación directa de fábrica!Beneficios que te ofrecemos:- Precios imbatibles: Contado, financiado o entregando tu usado.- Mejor tasación por tu auto usado (modelos desde 2010 en adelante).- Venta directa de fábrica o de stock para entrega inmediata.- Asesoramiento personalizado: Estamos listos para responder tus consultas al instante y te ofrecemos la opción de videollamadas en vivo para mostrarte los vehículos sin que salgas de tu casa.Concesionario líder en zona norte con más de 10 años de experiencia. ¡Garantía de calidad y atención!Enviamos a todo el país y te acompañamos durante todo el proceso. Solo tenés que venir a retirar tu 0 km cuando todo esté listo.- Comodidades para el cliente: Estacionamiento exclusivo para clientes. Trato preferencial a clientes del interior del país. Lo hacemos bien simple. Usted solo viene a retirar su vehículo.- Atención exclusiva para empresas y clientes especiales: Somos Peugeot Professional Center, con ofertas especiales para empresas, comerciantes, diplomáticos y jueces.¡No esperes más! Consúltanos hoy mismo y llévate tu próximo auto con la mejor financiación del mercado.ASESOR COMERCIAL: Rocio Escobar",1,37136800.0
AUTOTAG S.A. Concesionario Oficial N°1 Volkswagen“CONCESIONARIO LÍDER EN VENTAS A NIVEL NACIONAL”Realizamos operaciones:Contado Efectivo (Cotizamos dólar al día).Financiación con Anticipo y Cuotas fijas en pesos (SOLO DNI). TNA 0%Permuta (Tasamos mejor tu usado).Amplio Stock – Entrega Inmediata – Venta a TODO el País.,1,45500000.0
"¡Oferta MAYO! Fiat PulseRetirá con:Anticipo: $8,400,000 millones y pagá en cuotas de $360,000 por mescon TASA 0%.Aceptamos:#Tu usado como parte de pago# Dólares al mejor valor# PesosEstamos en Capital Federal y Zona Oeste.Atendemos de lunes a sábados, de 9 a 19 hs.Atención rápida por #Whtspp para más información.",1,27610000.0
"Promo COMPASS ¡solo por este mes! 2025(el valor publicado corresponde a la entrega del anticipo + patentamiento)Podes realizar una entrega de $26,000,000 para tener tu unidad en calle El resto lo podes financiar en 24/36/48 o hasta 70 cuotas ¡ A tasa cero 0%!contamos con cuotas a partir de los $450,000 en adelante!Financiación | Tomamos tu usado | Dólares | PesosSubite al Jeep Compass y sentí la diferencia desde el primer día:# Espacio cómodo para que vos y tu familia viajen relajados# Tecnología que te conecta a todo: Android Auto y Apple CarPlay# Seguridad en serio: control de estabilidad, asistente en pendientes, múltiples airbags# Diseño premium que no pasa desapercibido[Estamos en: Capital Federal y Zona OesteDe lunes a sábados de 9 a 19 hs]Atención rápida por #Whtspp para más info.",1,41009000.0
* SOMOS FIAT AUTO NOVO CASTELAR CONCESIONARIO OFICIAL *ENTREGA INMEDIATA DE LAS UNIDADES CON STOCK FISICO DE LAS MISMASVENTA CONVENCIONAL-Financiación en cuotas fijas-Entrega inmediata-Contamos con Stock físico de la unidad-Tomamos tu usado como parte de pago-Con un mínimo anticipo podes financiar el restoTenemos toda la gama de colores y disponemos de STOCK Físico y con certificado de todas nuestras unidades para entrega inmediata.AUTO NOVO CONCESIONARIA NUMERO 1 DE FIAT EN EL PAISASESOR COMERCIAL GENTILI CRISTIAN,1,27200000.0
"•ALRA S.A. CONCESIONARIO OFICIAL VOLKSWAGEN•Taos 1.4 250tsi Highline Automatica Linea Nueva 2025 0KM• Anticipo: $33.600.000• Financia: $14.000.000 en 9 cuotas (TNA 0.00%) de $1.555.556 + seguro.Gastos incluidos de flete, formularios y prenda bancaria. Al retirar abona el patentamiento que es un 8% de sellos + patente proporcional.********************************************************************************Equipamiento destacado:- Motor 1.4 250tsi At 150cv- Llantas de aleacion 19""- Techo solar panorámico- Tapizado de Cuero- Sistema Multimedia VW PLAY de 10"" con pantalla touch- Faros delanteros con tecnología IQ Light- Sensor de ángulo ciego- Control de velocidad crucero adaptativo ACC ""stop & go""- Freno autónomo de emergencia con detección de peatones********************************************************************************Erika Parra- Av. Juan B. Justo 2611 - Villa Crespo Buenos Aires -",1,44900001.0
**ENTREGA INMEDIATA****ANTICIPO+18 CUOTAS FIJAS A TASA 0%**PEUGEOT AUPESA-L'EXPRES CONCESIONARIO OFICIAL AV INDEPENDENCIA 2838 SAN CRISTOBAL-CABA FINACIAMOS HASTA $14.000.000 EN 18 CUOTAS A TASA 0%ASESOR COMERCIAL CAROL OSPINA T E L F    11 3 099 05 45 WH ATS   11 30 99 0545,1,34200000.0
*FIAT AUTO NOVO* RESPUESTA RAPIDA BOTON DE WHATS APP.MINIMO ANTICIPO PARA FINANCIAR $7.000.000------------------------------------------------------------------------------------------------------------------------------------------* PRECIO CORRESPONDE A MINIMO ANTICIPO* UNIDADES 2024 0KM* FINANCIACIÓN FCA* ENTREGA INMEDIATA* NO ES PLAN DE AHORRO* AMPLIO STOCK FISICO* TOMAMOS TU USADO COMO ANTICIPO* VENTAS A TODO EL PAÍS DE FORMA SERIA Y SEGURA.------------------------------------------------------------------------------------------------------------------------------------------EL PRECIO PUBLICADO CORRESPONDE A UN ANTICIPO DE LA UNIDAD.Tenemos toda la gama de colores y disponemos de STOCK Físico y con certificado de todas nuestras unidades para entrega inmediata.*CONCESIONARIO OFICIAL*,1,25000000.0
"NUEVA COMPASS BLACKHAWK !! 4X4 AT9 !!!CONSULTA EL VALOR YA MISMO CON EL ASESOR272HP !!! MOTOR 2.0T !!!CAR DISTRICT TE ESPERA CON LA OPORTUNIDAD QUE ESTABAS ESPERANDO !!!º|||||||º DESCUENTOS DE CONTADO !!!º|||||||º ENTREGA INMEDIATA !!!º|||||||º TOMAMOS USADOSº|||||||º OPCIONES DE ANTICIPO Y CUOTA FIJA 0% INTERESALGUNAS DE NUESTRAS OPCIONESPLANES DE FINANCIACION :FINANCIA $ 12.000.000 EN 12 CUOTAS FIJAS TASA 0% DE $ 1.012.000FINANCIA $ 18.000.000 EN 12 CUOTAS FIJAS TASA 19.9% % DE $ 1.450.000Concesionario líder en zona norte con más de 20 años de experiencia. ¡Garantía de calidad y atención!HACE TU CONSULTA YA MISMO , NUESTROS ASESORES ESTAN LISTOS PARA ATENDERTE",1,44990000.0
ENTREGA INMEDIATA /NO ES PLAN DE AHORRO/OPORTUNIDADOFERTA CON GASTOS INCLUIDOS : $31.384.000CREDITO FIAT / ANTICIPO : $18.000.000 Y CUOTASMEJORO CUALQUIER PRESUPUESTOTomamos TU Usado AL MEJOR PRECIO DEL MERCADO,1,30000000.0
"CAR DISTRICT TIENE LA OPORTUNIDAD QUE ESTABAS ESPERANDO !!!º|||||||º DESCUENTOS DE CONTADO !!!º|||||||º ENTREGA INMEDIATA !!!º|||||||º TOMAMOS USADOSº|||||||º OPCIONES DE ANTICIPO Y CUOTA FIJA 0% INTERESALGUNAS DE NUESTRAS OPCIONESPLANES DE FINANCIACION :FINANCIA $ 12.000.000 EN 12 CUOTAS FIJAS TASA 0% DE $ 1.012.000FINANCIA $ 18.000.000 EN 12 CUOTAS FIJAS TASA 19.9% % DE $ 1.450.000Concesionario líder en zona norte con más de 20 años de experiencia. ¡Garantía de calidad y atención!HACE TU CONSULTA YA MISMO , NUESTROS ASESORES ESTAN LISTOS PARA ATENDERTE",1,56800000.0
"* Mejoramos cualquier presupuesto del país * * Somos concesionario oficial citroën ** NAVE MOTORS ** Concesionario con mas de 10 años de experiencia en vehiculos citroën ** El asesoramiento personalizado, calidad de servicio, buena atención, responsabilidad y transparencia son nuestros principales atributos para que tengas la mejor experiencia de compra ** NO DUDES Y CONSÚLTANOS ANTES DE DECIDIRTE *SIEMPRE CON ¡ENTREGA INMEDIATA!* RETIRA YA TU 0KM CON UN MÍNIMO ANTICIPO y SOLO CON DNI * (FINANCIACIÓN + DESCUENTO) * * * (FINANCIACIÓN + DESCUENTO + TOMA DE TU USADO) ** TOMAMOS TU AUTO USADO AL MEJOR PRECIO DEL MERCADO ** RESERVA TU TURNO PARA HACER UN TEST DRIVE *",1,28000000.0
"Promo Renegade ¡solo por este mes! 2025(el valor publicado corresponde a la entrega del anticipo + patentamiento)Podes realizar una entrega de $21,000,000 para tener tu unidad en calle El resto lo podes financiar en 24/36/48 o hasta 70 cuotas ¡ A tasa cero 0%!contamos con cuotas a partir de los $450,000 en adelante!Financiación | Tomamos tu usado | Dólares | PesosTecnología, confort y diseño Jeep en cada detalle:# Pantalla táctil de alta definición y conectividad total# Seguridad en serio: control de estabilidad, múltiples airbags# Bajo consumo y gran rendimiento en ciudad y ruta# Ideal para moverte cómodo todos los días o salir de escapada[Estamos en: Capital Federal y Zona OesteDe lunes a sábados de 9 a 19 hs]Atención rápida por #Whtspp para más info.",1,28756900.0
AUTOTAG S.A. Concesionario Oficial N°1 Volkswagen“CONCESIONARIO LÍDER EN VENTAS A NIVEL NACIONAL”Realizamos operaciones:Contado Efectivo (Cotizamos dólar al día).Financiación con Anticipo y Cuotas fijas en pesos (SOLO DNI). TASA EXCLUSIVA 0 % TNA !!!!Permuta (Tasamos mejor tu usado).Amplio Stock – Entrega Inmediata – Venta a TODO el País.,1,44500000.0
"CONCESIONARIA OFICIAL RENAULT LEPICSUCURSAL PUERTO MADEROUNIDAD: Duster Iconic 1.3 CVT OPCION 1 $ 29.500.000.-OPCION 2 ANTICIPO $ 21.546.500.- ( incluye: flete, formularios, patentamiento y gestión de crédito)Saldo en 12 cuotas fijas de $1.250.000 .- TASA 0%TOMAMOS PERMUTAS, COTIZACIÓN EN EL MOMENTO.NO DUDES EN CONSULTAR.ALEJANDRO ZAPATAVENTAS RENAULT LEPIC Concesionario Oficial",1,28536000.0
"NUEVA COMPASS BLACKHAWK !!!BLACKHAWK 2.0T 272HP 4X4 AT9CAR DISTRICT TE ESPERA CON LA OPORTUNIDAD QUE ESTABAS ESPERANDO !!!º|||||||º DESCUENTOS DE CONTADO !!!º|||||||º ENTREGA INMEDIATA !!!º|||||||º TOMAMOS USADOSº|||||||º OPCIONES DE ANTICIPO Y CUOTA FIJA 0% INTERESALGUNAS DE NUESTRAS OPCIONESPLANES DE FINANCIACION :FINANCIA $ 12.000.000 EN 12 CUOTAS FIJAS TASA 0% DE $ 1.012.000FINANCIA $ 18.000.000 EN 12 CUOTAS FIJAS TASA 19.9% % DE $ 1.450.000Concesionario líder en zona norte con más de 20 años de experiencia. ¡Garantía de calidad y atención!HACE TU CONSULTA YA MISMO , NUESTROS ASESORES ESTAN LISTOS PARA ATENDERTE",1,55500000.0
FIAT PULSE 0KM____________________OFERTAS EXCLUSIVASMejoramos cualquier presupuestoTomamos tu usado al mejor valor del mercadoOperación a distancia disponible en todo el paísEntrega inmediata con stock real____________________FINANCIACIÓN DIRECTA*El anticipo es final con gastos incluidos.*¡NO ES PLAN DE AHORRO!*Consultar por otras versiones.____________________Automobiles Lyon l FIATConcesionario Oficial25 años de trayectoria nos respaldan.Test drive disponibleAtención personalizadaAtención inmediata por WhatsAppSucursales: Ramos Mejía / Ciudadela / Luján____________________CONSULTANOS HOYDejanos tu consulta y programá tu entrevista en el concesionario.,1,27004860.0
"Somos motorville concesionario Nº1 en ventasNos destacamos por una propuesta de servicio, asesoramiento y calidad con los más altos estándares del mercado.INSPECCIÓN Y COBERTURA MECÁNICA: todos nuestros vehículos están chequeados y certificados en 240 puntos por nuestro equipo de expertos, VTV vigente, libre de deudas de patentes e infracciones.GESTORIA: Nosotros nos encargamos de todo!!!!! contamos con un equipo de gestores matriculados para que de lo único que te ocupes sea de disfrutar del vehículo.BROKER DE SEGUROS: También disponemos de un completo departamento de seguros, para que puedas comparar la cotización con compañías líderes.DEPARTAMENTO DE ACCESORIOS: personaliza tu vehículo con una gran diversidad de productos de prestigiadas marcas, nuestro compromiso es estar a la vanguardia de la tecnología y el conocimiento técnico para satisfacer las necesidades y expectativas de nuestros clientesEquipamientos y accesorios - Estética vehicular – Polarizados y laminadosMÉTODOS DE PAGO:* AL CONTADO: Paga vía transferencia bancaria o depósito.*DEJA TU AUTO COMO PARTE DE PAGO: Cambia tu auto por uno de calidad certificada de motorville y con cobertura mecánica.*FINANCIACIÓN: En MOTORVILLE podes acceder a tu próximo vehículo con un anticipo mínimo y una cuota ajustada a tu medida. Las mejores tasas del mercado.NO BUSQUES MAS TU PRÓXIMO VEHÍCULO TE ESPERA EN motorville",1,127000.0
"-CONCESIONARIO OFICIAL CHEVROLET  N°1 FOREST CAR - ASESORA DAIANA -E N T R E G A   I N M E D I A T A S O L O  A U T O S  E N  S T O C K   F I S I C O-Mejor número con precio de contado. - Financiá a tasa 0%.-Envíame un WhatsApp, estoy en linea!__EL PRECIO PUBLICADO ES UN ANTICIPO NO ES EL FINAL__",1,58000000.0
"**************STOCK REAL...OPORTUNIDADES REALES*******************BENEFICIOS BLEU AUTOMOTORES DEL GRUPO CAR ONE**************CONTACTANOS Y RESERVALO HOY*************************#ENTREGA INMEDIATA#FINANCIACION EXCLUSIVA CON RENAULT A TASA DESDE 0% ANUAL, NECESITAS MAS CAPITAL...TE DAMOS MAS OPCIONES!!#IMPORTANTES BONIFICACIONES#ATENCIÓN PERSONALIZADA#GARANTIA DE 3 AÑOS ó 100.000 KMS#SOLICITA UN TEST DRIVE#MEJORAMOS CUALQUIER PRESUPUESTO PARA LA COMPRA DE TU RENAULT 0KM# ACCEDE A TU PRÓXIMO OKM CON LAS SIGUIENTES OPCIONES:*Opción 1: ANTICIPO $ 11.000.000.- / FINANCIA- $ 15.000.000.- TNA 0% 12 meses.*Opción 2: ANTICIPO $ 11.000.000.- / FINANCIA- $ 15.000.000.- TNA 19,9% 18 meses.*Opción 3: ANTICIPO $ 11.000.000.- / FINANCIA- $ 15.000.000.- TNA 29,9% 24 meses.*Opción 4: ANTICIPO $ 11.000.000.- / FINANCIA- $ 15.000.000.- TNA 39,9% 36 meses.#No dudes en dejarnos tus datos y te contactaremos a la brevedad.#No dudes en dejarnos tus datos y te contactaremos a la brevedad.#El precio no incluye los gastos de flete, formularios, patentamiento, sellado 2%( ARBA-RENTAS).Consulta los colores disponibles en stock y otras versiones!!!!#Fotos no contractuales.",1,25700000.0
"CAR DISTRICT TE ESPERA CON LA OPORTUNIDAD QUE ESTABAS ESPERANDO !!!																														º|||||||º DESCUENTOS DE CONTADO !!!															º|||||||º ENTREGA INMEDIATA !!!															º|||||||º TOMAMOS USADOS															º|||||||º OPCIONES DE ANTICIPO Y CUOTA FIJA 0% INTERES																														ALGUNAS DE NUESTRAS OPCIONES															PLANES DE FINANCIACION :																														FINANCIA $ 12.000.000 EN 12 CUOTAS FIJAS TASA 0% DE $ 1.012.000															FINANCIA $ 18.000.000 EN 12 CUOTAS FIJAS TASA 19.9% % DE $ 1.450.000																														Concesionario líder en zona norte con más de 20 años de experiencia. ¡Garantía de calidad y atención!																														ESPERAMOS TU CONSULTA YA MISMO , NUESTROS ASESORES ESTAN LISTOS PARA ATENDERTE",1,42900000.0
"¡Retira tu Volkswagen Taos en Maynar A.G.!-Financiacion 60/40-Tasa 0% y cuotas en pesos sin interés. ¡Aprovecha la financiación directa de fábrica!-Anticipo desde 17 millones o tu usado como parte de pago.-Entregas programadas y asesoría personalizada para adaptar el plan de pagos a tus necesidades.-Financiación sin bancos ni financieras de por medio.-Descuentos exclusivos en todas las unidades y equipamiento adicional.-Operación 100% online, venta a todo el país, ¡te gestionamos todo y solo venis a retirar tu 0Km!Visítanos en CABA, o contactanos por WhatsApp para más información.¡No te pierdas las últimas unidades con adjudicación directa! ¡Llévatela ya!Asesora comercial Natalia Kleiva",1,17900000.0
"CAR DISTRICT TE ESPERA CON LA OPORTUNIDAD QUE ESTABAS ESPERANDO !!!																														º|||||||º DESCUENTOS DE CONTADO !!!															º|||||||º ENTREGA INMEDIATA !!!															º|||||||º TOMAMOS USADOS															º|||||||º OPCIONES DE ANTICIPO Y CUOTA FIJA 0% INTERES																														ALGUNAS DE NUESTRAS OPCIONES															PLANES DE FINANCIACION :																														FINANCIA $ 12.000.000 EN 12 CUOTAS FIJAS TASA 0% DE $ 1.012.000															FINANCIA $ 18.000.000 EN 12 CUOTAS FIJAS TASA 19.9% % DE $ 1.450.000																														Concesionario líder en zona norte con más de 20 años de experiencia. ¡Garantía de calidad y atención!																														ESPERAMOS TU CONSULTA YA MISMO , NUESTROS ASESORES ESTAN LISTOS PARA ATENDERTE",1,43900000.0
** OPORTUNIDAD DE ESTE MES **° Anticipo o Tu Usado el Resto en Cuotas.° Variedad de Colores.° Entrega Inmediata.° No es Plan.° Venta A Todo El País Sin Restricciones.° Financiamos.° Seña Y Pago Siempre Al Concesionario Oficial.° Vehiculos 0km Con Garantía.° Tomamos Su Usado Al Mejor Precio.° Atención Personalizada Las 24 Hs.--.Disponible Toda La Línea 0Km.--*AGENTE OFICIAL ZONA NORTE*,1,12000000.0
"* Mejoramos cualquier presupuesto del país * * Somos concesionario oficial citroën ** NAVE MOTORS ** Concesionario con mas de 10 años de experiencia en vehiculos citroën ** El asesoramiento personalizado, calidad de servicio, buena atención, responsabilidad y transparencia son nuestros principales atributos para que tengas la mejor experiencia de compra ** NO DUDES Y CONSÚLTANOS ANTES DE DECIDIRTE *SIEMPRE CON ¡ENTREGA INMEDIATA!* RETIRA YA TU 0KM CON UN MÍNIMO ANTICIPO y SOLO CON DNI * (FINANCIACIÓN + DESCUENTO) * * * (FINANCIACIÓN + DESCUENTO + TOMA DE TU USADO) ** TOMAMOS TU AUTO USADO AL MEJOR PRECIO DEL MERCADO ** RESERVA TU TURNO PARA HACER UN TEST DRIVE *",1,29900000.0
"Chevrolet TRAILBLAZER 2.8 4X4 HC AT | 0 KM | FINANCIACIÓN DISPONIBLEConcesionario Oficial Chevrolet - Beta AutomotoresMás de 20 años de trayectoria en Vicente López, ofreciendo confianza, calidad y servicio.Consulte ahora con su asesor online, reserve, compre rápido y seguro._ El precio corresponde al anticipo contado incluyendo gastos de entrega (no incluye altas de patentes ni sellados)._ El saldo en cuotas en pesos_Unidades fisicas de stock con nro de motor y chasis_Compra tu 0KM de la forma mas segura|| ENTREGA INMEDIATA ||REQUISITOS SOLO DNILos invitamos a que, ante cualquier duda nos contacten y estaremos encantados de brindarle toda la información que usted necesite.Guadalupe Garcia",1,62661000.0
JEEP RENEGADE TODAS LAS VERSIONES DISPONIBLESJEEP FREEWAY CONCESIONARIO OFICIAL LIDER EN PATENTAMIENTOS TE INVITA A SUBIRTE A TU PROXIMO RENEGADE 0KMCONTAMOS CON STOCK PROPIO Y CON ENTREGAS DE FABRICAFINANCIACIONES A TASA 0% - TOMO AUTO LLAVE POR LLAVEEL VALOR PUBLICADO CORRESPONDE AL ANTICIPO PARA EL RETIRO INMEDIATOCONSULTAR POR STOCK Y VALORES DE CONTADOTU CONSULTA NO MOLESTAASESOR LUCIANO,1,38950000.0
"Concesionario Oficial Volkswagen con el Stock Más Amplio de 0KM.Asesor comercial RODRIGO TOBIA.¡Bienvenido a nuestro concesionario oficial Volkswagen! Estamos orgullosos de ofrecer el stock de unidades 0KM más amplio del mercado, con disponibilidad de colores para satisfacer tus preferencias.Unidades Físicas para Entrega Inmediata.No esperes más para disfrutar de tu nuevo Volkswagen. Tenemos unidades físicas listas para entrega inmediata, sin demoras innecesarias.Formas de Pago para Unidades 0KM:Contado: La opción más rápida y sencilla.Crédito Prendario a través de Volkswagen Financial Service: Te ayudamos a financiar tu Volkswagen de la forma mas conveniente con créditos prendarios otorgados por BBVA. Con cuotas fijas y las tasas mas bajas del mercado. Tasas 0% en todas las versionesTomamos tu usado en forma de pago: Solo vehículos radicados en CABA y AMBA con menos de 100 mil km.Financiación de Fábrica en 84 cuotas: Una forma accesible de adquirir tu Volkswagen.Vehículos Adjudicados: Mínimo anticipo más cuotas.Nota Importante:El valor publicado no incluye gastos de agencia (flete, formularios, alistamiento, preentrega, patentamiento).Si deseas obtener más detalles sobre cualquiera de nuestras unidades, formas de pago o si tienes alguna pregunta, no dudes en contactarnos. Estamos aquí para ayudarte a encontrar el Volkswagen que se adapte a tus necesidades.¡Gracias por considerarnos para tu próxima adquisición de vehículo!",1,57800000.0
"TENEMOS TU PROXIMO 2008!!APROVECHÁ EL HOT SALE !!!*****************************************ANTICIPO + 18 CUOTAS FIJAS TASA 0% !!!#UNIDADES EN STOCK PARA ENTREGA INMEDIATA!#CONTAMOS CON LAS MEJORES OPCIONES DE FINANCIACIÓN CON CUOTAS FIJAS!#CRÉDITO EXCLUSIVO TASA 0%#TOMAMOS TU USADO AL MEJOR PRECIO!#COORDINA TU TEST DRIVE_____________________________________#NUEVO DISEÑO, TOTALMENTE RENOVADO!#NUEVO MOTOR TURBO 1.0 CON CADENA DE DISTRIBUCIÓN + CAJA AUTOMÁTICA DE 7 MARCHAS.#TABLERO DIGITAL.#CÁMARA TRASERA Y SENSORES DE ESTACIONAMIENTOTRASEROS!#LUCES FULL LED!#LLANTAS DE 17 PULGADAS#FRENOS A DISCOS EN LAS CUATRO RUEDAS#CONTROL DE ESTABILIDAD + 4 AIRBAGSHACE TU CONSULTA HOY Y APROVECHA CONDICIONES UNICAS!!TE ESPERAMOS CON LA MEJOR ATENCIÓN !",1,27000000.0
"TARABORELLI FR, CONCESIONARIO OFICIAL PEUGEOT EN BARILOCHE!!!¡¡¡40 AÑOS DE TRAYECTORIA NOS AVALAN!!!NUEVO PEUGEOT 2008 GT T200*TOMAMOS TU USADO AL MEJOR PRECIO****UNIDADES CON ENTREGA INMEDIATA*****FINANCIACIÓN EXCLUSIVA**RETIRA CON MINIMO ANTICIPO YFINANCIA HASTA $18.000.000 EN 12; 24; 36 Ó 48 CUOTAS FIJAS EN PESOS!+++NO DUDES EN ENVIARNOS TU CONSULTA Y RESPONDEREMOS A LA BREVEDAD+++",1,39442000.0
"VOLKSWAGEN NIVUS 1.0 CONFORTLINE 200TSI  AT 0KMVALOR DE CONTADO $34.250.000VALOR DE PERMUTA  $35.250.000SE PUEDE RETIRAR CON ANTICIPO MINIMO DE $6.000.000 Y EL RESTO EN CUOTAS36 cuotas de $1.100.000+ SEGURO48 cuotas de $925.000 + SEGUROvalor INSCRIP INICIAL 0KM $2.200.000 se puede incluir en las cuotas o pagar con tarjeta¿COMO ACCEDO A LA FINANCIACIÓN?Solo con DNI y veraz apto¿SE TOMA PERMUTA?Si . LLAVE CONTRA LLAVETodos nuestros vehículos se entregan transferidos con libres de deuda y VTV al díaEn AGMOTORS AUTOMOTORES contamos con un equipo altamente capacitado para brindarte el mejor asesoramiento en base a tu objetivoTodas nuestras unidades son probadas y verificadas antes de ingresarTE GARANTIZAMOS UNA OPERACIÓN RÁPIDA, FÁCIL Y SEGURA CON UNA ATENCIÓN PROFESIONAL Y TRANSPARENTECARACTERÍSTICASAire acondicionadoBluetoothAirbagsButacas delanteras regulablesLevanta vidriosEspejos electronicosCierre centralizadosPack connectividadNuestros horarios de atención son de Lunes a Viernes de 9 a 18 y Sábado de 10 a 14 hsLos esperamos!",1,6000000.0
"GRUPO SPORT CARS CONCESIONARIO OFICIAL JEEPJEEP RENEGADADE SMOTOR 1.3 175 CVCAJA AUTOMATICA DE 6 MARCHAS                                 ¡¡¡ ENTREGA INMEDIATA!!!El valor publicado corresponde al anticipo, consulte precio de contadoFinancia $12.000.000 tasa 0% en 12 cuotas fijas Tomamos usados como parte de pago.FINANCIACION TASA 0VARIOS COLORES DISPONIBLESDOCUMENTACIÓN GARANTIZADATodas nuestras unidades están listas para patentar y cuentan con la confianza de un concesionario líder.Asesor FEDERICO ALCARAZ 1566595697AV. Hipolito Yrigoyen 247 Quilmes",1,38900000.0
"Descubre el nuevo Peugeot 2008 Active, un vehículo que combina la elegancia y la practicidad en un solo paquete. Con su motor 1.0 T200 y transmisión automática, este vehículo es perfecto para la ciudad.*Características Destacadas:*- Motor 1.0 T200 con una potencia y eficiencia impresionantes- Diseño elegante y sofisticado, con detalles de alta calidad- Tecnología avanzada para una conducción más segura y confortable- Color Gris Selenium, un tono elegante y sofisticado*Precio y Condiciones:*- Precio desde $- Opción de crédito  -Prendario: $18.000.000 0%- Personal personal $8.000.000 0%- Uva $26.000.000 11.9%- Anticipo: Minimo- Entrega inmediata*¿Qué esperas? ¡Ven y descubre el nuevo Peugeot 2008 Active, Allure y Gt*Comunícate con tu asesor para asegurarte una experiencia única de compra. Llamame al nro de publicacion y descubre cómo podemos ayudarte a encontrar el vehículo perfecto para ti.**Consulte utilitarios* -Partner-BoxerVenta coorporativa",1,31088222.0
"Promo COMPASS ¡solo por este mes! 2025(el valor publicado corresponde a la entrega del anticipo + patentamiento)Podes realizar una entrega de $26,000,000 para tener tu unidad en calle El resto lo podes financiar en 24/36/48 o hasta 70 cuotas ¡ A tasa cero 0%!contamos con cuotas a partir de los $450,000 en adelante!Financiación | Tomamos tu usado | Dólares | PesosSubite al Jeep Compass y sentí la diferencia desde el primer día:# Espacio cómodo para que vos y tu familia viajen relajados# Tecnología que te conecta a todo: Android Auto y Apple CarPlay# Seguridad en serio: control de estabilidad, asistente en pendientes, múltiples airbags# Diseño premium que no pasa desapercibido[Estamos en: Capital Federal y Zona OesteDe lunes a sábados de 9 a 19 hs]Atención rápida por #Whtspp para más info.",1,27100000.0
DUSTER ICÓNIC CVT 1.3T 2025 ENTREGA INMEDIATA(EL VALOR PUBLICADO ES DE ANTICIPO)RETIRA YAAAAAMPLIO STOCK PARA ENTREGA  INMEDIATATODOS LOS COLORESDEJANOS TU USADO COMO PARTE DE PAGOPODES FINANCIAR HASTA 15 MILLONES EN CUOTAS FIJASTAMBIEN PODES FINANCIAR EL 90% CON UVATOMAMOS DÓLARES COMO PAGO,1,27100000.0
"-CONCESIONARIO OFICIAL CHEVROLET  N°1 FOREST CAR - ASESORA DAIANA -E N T R E G A   I N M E D I A T A S O L O  A U T O S  E N  S T O C K   F I S I C O-Mejor número con precio de contado. - Financiá a tasa 0%.-Envíame un WhatsApp, estoy en linea!__EL PRECIO PUBLICADO ES UN ANTICIPO NO ES EL FINAL__",1,28999999.0
"CAR DISTRICT TIENE LA OPORTUNIDAD QUE ESTABAS ESPERANDO !!!º|||||||º DESCUENTOS DE CONTADO !!!º|||||||º ENTREGA INMEDIATA !!!º|||||||º TOMAMOS USADOSº|||||||º OPCIONES DE ANTICIPO Y CUOTA FIJA 0% INTERESALGUNAS DE NUESTRAS OPCIONESPLANES DE FINANCIACION :FINANCIA $ 12.000.000 EN 12 CUOTAS FIJAS TASA 0% DE $ 1.012.000FINANCIA $ 18.000.000 EN 12 CUOTAS FIJAS TASA 19.9% % DE $ 1.450.000Concesionario líder en zona norte con más de 20 años de experiencia. ¡Garantía de calidad y atención!HACE TU CONSULTA YA MISMO , NUESTROS ASESORES ESTAN LISTOS PARA ATENDERTE",1,43980000.0
"Concesionario Oficial Volkswagen con el Stock Más Amplio de 0KM.Asesor comercial RODRIGO TOBIA.¡Bienvenido a nuestro concesionario oficial Volkswagen! Estamos orgullosos de ofrecer el stock de unidades 0KM más amplio del mercado, con disponibilidad de colores para satisfacer tus preferencias.Unidades Físicas para Entrega Inmediata.No esperes más para disfrutar de tu nuevo Volkswagen. Tenemos unidades físicas listas para entrega inmediata, sin demoras innecesarias.Formas de Pago para Unidades 0KM:Contado: La opción más rápida y sencilla.Crédito Prendario a través de Volkswagen Financial Service: Te ayudamos a financiar tu Volkswagen de la forma mas conveniente con créditos prendarios otorgados por BBVA. Con cuotas fijas y las tasas mas bajas del mercado. Tasas 0% en todas las versionesTomamos tu usado en forma de pago: Solo vehículos radicados en CABA y AMBA con menos de 100 mil km.Financiación de Fábrica en 84 cuotas: Una forma accesible de adquirir tu Volkswagen.Vehículos Adjudicados: Mínimo anticipo más cuotas.Nota Importante:El valor publicado no incluye gastos de agencia (flete, formularios, alistamiento, preentrega, patentamiento).Si deseas obtener más detalles sobre cualquiera de nuestras unidades, formas de pago o si tienes alguna pregunta, no dudes en contactarnos. Estamos aquí para ayudarte a encontrar el Volkswagen que se adapte a tus necesidades.¡Gracias por considerarnos para tu próxima adquisición de vehículo!",1,39700000.0
"ESTE ES EL DE PUEGEOT¡LIV MOTORS te acerca la oportunidad que estabas esperando!¡FINANCIACIÓN EXCLUSIVA! Cuotas en pesos con 0% de interés y entrega inmediata. Disponibilidad real de todas las unidades y colores. ¡Elegí el tuyo hoy mismo!El valor publicado corresponde al ANTICIPO ¡Podes financiar la diferencia con la financiación directa de fábrica!-----------------MAYO 2025------------------EL BOLETO TE LO LLEVAS CON NUMERO DE CHASIS Y MOTOR UNIDADES FÍSICAS----------------------------LEER CON ATENCIÓNNUEVO LANZAMIENTO PEUGEOT 208 y 2008 NUEVO 2025--------------------------------------------------------------------------NUEVO LANZAMIENTONUEVO PEUGEOT 208 //ALLURE//GTHASTA $ 14,000,0000 MILLONES DE PESOS A TASA 0%EN 18,24,36 CUOTAS SIN INTERÉS Y FIJAS///////CON UN COSTO DE OTORGAMIENTO de $1.936.000//NUEVO PEUGEOT 208 ALLURE AUTOMÁTICO Y MANUAL//$16,000,000 A TASA 0 % SIN INTERÉSDE 24 CUOTAS FIJAS (CONSULTAR) CUOTAS $666.720COSTO DE OTORGAMIENTO FINANCIERO $1.936.000=====================================================VENTAS DIGITALES ASESOR : NICOLÁS MORALESTE PELEO EL MEJOR PRECIO PARA EL CLIENTE + EXCELENTES BONIFICACIONES EXCLUSIVAS.=====================================================CONTAMOS CON LOS MEJORES PRECIOS DEL MERCADO!!!Expecificasiones Técnicas!El Nuevo 208 y 2008 llego a la Argentina con dos motorizaciones: el 1.6 VTi, 16V de la familia EC5 con 115 CV y 150 Nm, y el multipremiado propulsor turbo de 120 CV y 200 Nm de torque. Los dos motores nafteros combinan bajos costos de mantenimiento, robustez y suavidad de operación.El propulsor T200 de Stellantis se incorpora a la marca y hace su debut en el Nuevo PEUGEOT 208. Un motor de última generación, que entrega prestaciones destacadas sin comprometer la eficiencia. PEUGEOT incorpora el motor turbo-nafta T200 que genera 120 CV de potencia máxima a 5.750 rpm. El rendimiento superior también se extiende al par máximo, que alcanza los 200 Nm a 1.750 rpm.Estas cifras son posibles gracias a elementos como el uso de un turbocompresor con válvula de descarga electrónica, inyección directa de combustible y el exclusivo sistema MultiAir III, que permite un control más flexible y eficiente de las válvulas de admisión.Otro punto destacado del propulsor es la aceleración. La mayor potencia y par combinado con una estructura robusta pero ligera, lleva al B-Hatch de 0 a 100 km/h en 9,4 segundos, lo que representa el tiempo más corto respecto a sus principales competidores.",1,35286357.0
*CONCESIONARIO OFICIAL VOLKSWAGEN*******EXPERECIENCIA 5 ESTRELLAS*****¡¡MEJOR PRECIO Y FINANCIACIÓN!!!*AUTOS EN STOCK PERMANENTE.*VARIEDAD DE COLORES.AV LA PLATA 2050. CABA - BS. AS.*NUEVA FINANCIACIÓN EXCLUSIVA * TASA 0% EN TODAS LAS UNIDADES*SERVICIO DE MANTENIMIENTO BONIFICADO.*FORMAS DE PAGO: INTEGRANDO CONTADO O TU USADO COMO ANTICIPO Y EL RESTO EN 12 CTS 24 CTS 18 CTS 36 CTS O 48 CTS 60 CTS FIJAS Y EN $-*TOMAMOS TU USADO AL MEJOR PRECIO DEL MERCADO.*ENTREGA INMEDIATA.PODEMOS ASESORARTE Y ARMAR UN PLAN DE PAGOS DE ACUERDO A TUS NECESIDADESTENE EN CUENTA QUE TODOS LOS CREDITOS PRENDARIOS Y LEASING SON EN CUOTAS FIJAS EN PESOS.PRIMER CENTRO DE ATENCION PERSONALIZADAVOLKSWAGEN DE ARGENTINAPARA EL OTORGAMIENTO DE CREDITOS PRENDARIOS-LEASINGTRABAJAMOS CON TODOS LOS BANCOSNuestra trayectoria de mas de 35 años nos avala como lideres en el mercado nacionalContamos con el equipo mas profesional para asesorarte1- Créditos prendarios2- Leasing para empresas3- Venta Corporativa4- Cotización de tu usado/s5- Todas nuestras unidades cuentan con su correspondiente certificado de fabricación Y SON AÑO MODELO 2025.6- TOMAMOS CREDITOS DE INVERSION PRODUCTIVA7- CREDITOS PARA PyMEs.RETIRAS EN 10 DÍAS REALES.DEJANOS TU CONTACTO ASI PODEMOS ASESORARTEESTAMOS AUTORIZADOS PARA REALIZAR GESTIONES EN CUALQUIER PARTE DEL PAIS POR VOLKSWAGEN ARGENTINANO DUDES EN CONSULTAR LA MEJOR OPCION DE COMPRA ESTA ACA !!TRABAJAMOS CON LEASING DE TODOS LOS BANCOS.AGUARDAMOS TU CONSULTA   *MARTIN*,1,39499999.0
CONCESIONARIO OFICIAL FIAT - VILLA DEVOTONUEVA FIAT PULSE ENTREGA INMEDIATA. TODOS LOS MODELOS EN STOCK.PRECIO PUBLICADO CORRESPONDE A ANTICIPO.EL MEJOR PRECIO EN CONTADO.MEJORAMOS CUALQUIER PRESUPUESTO QUE TENGAS!!TOMAMOS TU UNIDAD USADA.FINANCIAMOS CON LAS TASAS MAS BAJAS DEL MERCADO. NO ES PLAN DE AHORRO.DEBORA MEDINA ASESORA COMERCIAL DE VENTA CONVENCIONAL CON ENTREGA INMEDIATA.,1,22000000.0
"KANSAI - Concesionario Oficial Toyota Nº1 en Ventas en Argentina por 25 Años Consecutivos.LA MEJOR POSVENTA DEL PAÍS.CONSULTAR DISPONIBILIDAD, NUESTROS ASESORES ESTÁN A SU DISPOSICIÓN PARA BRINDARLE ATENCIÓN PERSONALIZADA EN BASE A SU CONSULTA.¡EXCELENTES CONDICIONES POR COMPRA AL CONTADO!Tomamos tu USADO al mejor precio del mercado. ¡COMPROBALO!Además, tenemos las mejores opciones de financiación para adquirir tu 0km:ANTICIPOS DESDE 30%.HASTA 72 CUOTAS FIJAS EN PESOS.LEASING PARA EMPRESAS Y RESPONSABLES INSCRIPTOS.PLANES DE AHORRO.PLANES ADJUDICADOS – CARTERA PROPIA.NOS ENCONTRAMOS EN AV RIVADAVIA 6102 – CABALLITO CONTAMOS CON ESTACINAMIENTO SIN CARGO.EZEQUIEL FARUT – ASESOR COMERCIAL TOYOTA KANSAI",1,40986240.0
"° OPORTUNIDAD ÚNICA DE TENERLO AL MEJOR PRECIO DEL PAIS.° PRECIO ANTICIPO Y CUOTAS! CONSULTAR. ° RETIRALO YA.° NO VENDEMOS PLANES DE AHORRO.° TODA LA GAMA DE COLORES DISPONIBLES.° LLEVATELO EN UNA SEMANA.° DISPONGO DE MAS VERSIONES, CONSULTAR.° UNICO CONCESIONARIO CON UNIDADES EN STOCK REAL PERMANENTE.° LO INVITAMOS A QUE VENGA A VER EL AUTO QUE SE LLEVARÁ.° VENTAS A TODO EL PAÍS DE MANERA ÁGIL Y SENCILLA (MANEJO DE LA OPERACIÓN A DISTANCIA) SOLO VENGA A RETIRAR LA UNIDAD.° ENTREGA INMEDIATA GARANTIZADA.° CONSULTENOS POR MÍNIMOS ANTICIPOS.° CUOTA FIJA EN PESOS.° TASA FIJA EN PESOS.° TOMAMOS SU USADO AL MEJOR PRECIO DEL MERCADO.° CENTRO INTEGRAL FIAT.° CONCESIONARIO OFICIAL EN ZONA NORTE.",1,12000000.0
"KANSAI - Concesionario Oficial Toyota Nº1 en Ventas en Argentina por 25 Años Consecutivos.LA MEJOR POSVENTA DEL PAÍS.CONSULTAR DISPONIBILIDAD, NUESTROS ASESORES ESTÁN A SU DISPOSICIÓN PARA BRINDARLE ATENCIÓN PERSONALIZADA EN BASE A SU CONSULTA.¡EXCELENTES CONDICIONES POR COMPRA AL CONTADO!Tomamos tu USADO al mejor precio del mercado. ¡COMPROBALO!Además, tenemos las mejores opciones de financiación para adquirir tu 0km:ANTICIPOS DESDE 30%.HASTA 72 CUOTAS FIJAS EN PESOS.LEASING PARA EMPRESAS Y RESPONSABLES INSCRIPTOS.PLANES DE AHORRO.PLANES ADJUDICADOS – CARTERA PROPIA.NOS ENCONTRAMOS EN AV RIVADAVIA 6102 – CABALLITO CONTAMOS CON ESTACINAMIENTO SIN CARGO.AUGUSTO SOTILLO – ASESOR COMERCIAL TOYOTA KANSAI",1,39019680.0
"GRUPO NAVE MOTORSFIAT - JEEP - CITROEN - PEUGEOT - RENAULTUSADOS SELECCIONADOSN°1 EN VENTAS, ATENCIÓN Y SERVICIO.ANTICIPO + CUOTAS FIJAS A TASA 0%.ENTREGA INMEDIATA.FINANCIACION EXCLUSIVA DE FIAT A TASA 0% FIJA Y EN PESOS.TOMAMOS USADOS EN PARTE DE PAGO.DEJANOS TU CONSULTA.ASESOR COMERCIAL LEANDRO RODRIGUEZ",1,31900000.0
"º||||||ºSPORT CARS AGENTE OFICIAL JEEP º||||||ºPRECIO ANTICIPO A MEDIDAJEEP RENEGADE WILLYS 1.3 TURBO T270 AT9 4X4 – EDICIÓN LIMITADAVersión exclusiva inspirada en el histórico Willys MB. Ideal para quienes buscan un SUV compacto con auténtico espíritu off-road y diseño robusto.Motor: 1.3 Turbo T270 con 175 CVTransmisión automática de 9 velocidades (AT9)Tracción integral permanente 4x4 sin reductora, con sistema Selec-Terrain (modos Auto, Snow, Sand/Mud)Diseño y equipamiento exclusivos: • Emblemas Willys y diseño exterior con detalles en negro brillante • Llantas de aleación de 17” con neumáticos All Terrain • Interior con tapizados exclusivos y detalles oscurosTecnología y confort: • Pantalla táctil de 8.4” con Android Auto y Apple CarPlay inalámbrico • Encendido remoto del motor y acceso sin llave • Control crucero adaptativo, frenado autónomo, alerta de punto ciego • Climatizador automático bizonaEn Sport Cars, concesionario oficial Jeep, te ofrecemos: • Entrega inmediata • Financiación con tasas preferenciales • Tomamos tu usado • Bonificación en accesorios originalesAsesor Brian BarretoConsultanos por stock, entrega y financiación. Publicación válida por tiempo limitado.• Atención personalizada y respaldo postventa",1,30000000.0
FORESTCAR CONCESIONARIO OFICIAL LÍDER EN VENTA!TENEMOS STOCK FÍSICO CON ENTREGA INMEDIATA!DISPONIBILIDAD DE COLORES!FINANCIACIÓN EXCLUSIVA A TASA 0! FIJA EN PESOS!EL VALOR PUBLICADO ES ANTICIPO MAS CUOTAS FIJAS EN PESOS!CONSULTANOS EL MEJOR PRECIO DE CONTADO!ASESOR: PABLO ESTEVEZ!,1,23500000.0
*CONCESIONARIO OFICIAL VOLKSWAGEN*******EXPERECIENCIA 5 ESTRELLAS*****¡¡MEJOR PRECIO Y FINANCIACIÓN!!!*AUTOS EN STOCK PERMANENTE.*VARIEDAD DE COLORES.AV CALCHAQUI 252 . SUC BERAZATEGUI - BS. AS.*NUEVA FINANCIACIÓN EXCLUSIVA * TASA 0% EN TODAS LAS UNIDADES*SERVICIO DE MANTENIMIENTO BONIFICADO.*FORMAS DE PAGO: INTEGRANDO CONTADO O TU USADO COMO ANTICIPO Y EL RESTO EN 12 CTS 24 CTS 18 CTS 36 CTS O 48 CTS 60 CTS FIJAS Y EN $-*TOMAMOS TU USADO AL MEJOR PRECIO DEL MERCADO.*ENTREGA INMEDIATA.PODEMOS ASESORARTE Y ARMAR UN PLAN DE PAGOS DE ACUERDO A TUS NECESIDADESTENE EN CUENTA QUE TODOS LOS CREDITOS PRENDARIOS Y LEASING SON EN CUOTAS FIJAS EN PESOS.PRIMER CENTRO DE ATENCION PERSONALIZADAVOLKSWAGEN DE ARGENTINAPARA EL OTORGAMIENTO DE CREDITOS PRENDARIOS-LEASINGTRABAJAMOS CON TODOS LOS BANCOSNuestra trayectoria de mas de 35 años nos avala como lideres en el mercado nacionalContamos con el equipo mas profesional para asesorarte1- Créditos prendarios2- Leasing para empresas3- Venta Corporativa4- Cotización de tu usado/s5- Todas nuestras unidades cuentan con su correspondiente certificado de fabricación Y SON AÑO MODELO 2025.6- TOMAMOS CREDITOS DE INVERSION PRODUCTIVA7- CREDITOS PARA PyMEs.RETIRAS EN 10 DÍAS REALES.DEJANOS TU CONTACTO ASI PODEMOS ASESORARTEESTAMOS AUTORIZADOS PARA REALIZAR GESTIONES EN CUALQUIER PARTE DEL PAIS POR VOLKSWAGEN ARGENTINANO DUDES EN CONSULTAR LA MEJOR OPCION DE COMPRA ESTA ACA !!TRABAJAMOS CON LEASING DE TODOS LOS BANCOS.AGUARDAMOS TU CONSULTAasesor comercial : Sebastian Suarez *,1,56000008.0
"Promo Renegade ¡solo por este mes! 2025(el valor publicado corresponde a la entrega del anticipo + patentamiento)Podes realizar una entrega de $21,000,000 para tener tu unidad en calle El resto lo podes financiar en 24/36/48 o hasta 70 cuotas ¡ A tasa cero 0%!contamos con cuotas a partir de los $450,000 en adelante!Financiación | Tomamos tu usado | Dólares | PesosTecnología, confort y diseño Jeep en cada detalle:# Pantalla táctil de alta definición y conectividad total# Seguridad en serio: control de estabilidad, múltiples airbags# Bajo consumo y gran rendimiento en ciudad y ruta# Ideal para moverte cómodo todos los días o salir de escapada[Estamos en: Capital Federal y Zona OesteDe lunes a sábados de 9 a 19 hs]Atención rápida por #Whtspp para más info.",1,28700000.0
"BETA AUTOMOTORESConcesionario Oficial ChevroletLíder en ventas y calidad de atención, la opinión de nuestros clientes y 27 años en la marca, nos avala.CHEVROLET TRACKER LTZ 1.2 TURBO 2025 0KM !!!!!!!¡SUPER OPORTUNIDAD!!!!!!!!! HASTA AGOTAR STOCK VARIOS COLORESPRECIO FINAL DE LA UNIDAD $30.900.000 MAS GASTOSENTREGA INMEDIATA!!!!!!!!!!-Entrega en 7 días, contamos con amplio stock y variedad de colores. Brindamos numero de chasis antes de la reserva, para una compra tranquila y segura.Financiación directa de GPAT CON ENTREGA INMEDIATA (NO ES PLAN DE AHORRO)ANTICIPO A: $............ con gastos de entrega + 18 cuotas al 0,0%ANTICIPO C: $........... con gastos de entrega + 30 cuotas al 19,9%Recibimos tu vehículo en parte de pago para el anticipo!!!!¡CONSULTA AHORA!Estamos para ayudarte y asesorarte de manera personalizadaAsesor MARCELO CESARE de Chevrolet Beta San Fernando",1,30900010.0
"-RETIRALO CON UN ANTICIPO DE $6.599.999 Y CUOTAS INMEDIATAMENTETASA FIJA DEL 35%-TE APROBAMOS TU CREDITO EN EL ACTO SIN GASTOS DE AVERIGUCACION CREDITICIA Y SIN VUELTAS-EN 24/48HS YA ESTAS RETIRANDO TU UNIDAD-TOMAMOS TU AUTO MEJOR QUE NADIE-PODES ABONAR TU TRANSFERENCIA CON TODAS LAS TARJETA DE CREDITOTRABAJAMOS CON TODAS LAS LINEA DE 0KMPEUGEOT, RENAULT, VOLKSWAGEN, CHRYESLER, JEEP, DODGE, CHEVROLET, FIAT, CITROEN, DSMEJORAMOS CUALQUIER PRESUPUESTO POR ESCRITO",1,40900000.0
"***** ATENCION**** CONTAMOS CON STOCK DISPONIBLE *ENTREGA INMEDIATA!!!!EL VALOR DE LA PUBLICACION ES DE CONTADO!!!! CONSULTAR POR NUESTROS DIFERENTES TIPOS DE FINANCIACIONES ¡!!!* Mejoramos cualquier presupuesto del país * *financiacion en cuotas fijas o variables** NAVE MOTORS ** Concesionario con mas de 10 años de experiencia en vehiculos citroën **tenemos la mejor financiacion del mercado** El asesoramiento personalizado, calidad de servicio, buena atención, responsabilidad y transparencia son nuestros principales atributos para que tengas la mejor experiencia de compra ** NO DUDES Y CONSÚLTANOS ANTES DE DECIDIRTE *SIEMPRE CON ¡ENTREGA INMEDIATA!* RETIRA YA TU 0KM CON UN MÍNIMO ANTICIPO y SOLO CON DNI * (FINANCIACIÓN + DESCUENTO) * * * (FINANCIACIÓN + DESCUENTO + TOMA DE TU USADO) ** RESERVA TU TURNO PARA HACER UN TEST DRIVE ** Somos concesionario oficial citroën *",1,29900000.0
"¡Bienvenido a nuestro concesionario oficial Volkswagen! Estamos orgullosos de ofrecer el stock de unidades 0KM más amplio del mercado, con disponibilidad de colores para satisfacer tus preferencias.Unidades Físicas para Entrega Inmediata.No esperes más para disfrutar de tu nuevo Volkswagen. Tenemos unidades físicas listas para entrega inmediata, sin demoras innecesarias.Formas de Pago para Unidades 0KM:Contado: La opción más rápida y sencilla.Crédito Prendario a través de Volkswagen Financial Services: Te ayudamos a financiar tu Volkswagen de la forma más conveniente con créditos prendarios otorgados por V.W. Con cuotas fijas y las tasas más bajas del mercado.Tasas 0% en todas las versiones.Tomamos tu usado en forma de pago: Solo vehículos radicados en CABA y AMBA con menos de 100 mil km.Financiación de Fábrica en 84 cuotas: Una forma accesible de adquirir tu Volkswagen.Vehículos Adjudicados: Mínimo anticipo más cuotas.Nota Importante:El valor publicado no incluye gastos de agencia (flete, formularios, alistamiento, preentrega, patentamiento).Si deseas obtener más detalles sobre cualquiera de nuestras unidades, formas de pago o si tienes alguna pregunta, no dudes en contactarnos. Estamos aquí para ayudarte a encontrar el Volkswagen que se adapte a tus necesidades.¡Gracias por considerarnos para tu próxima adquisición de vehículo!FEDERICO ,C",1,36495000.0
NUEVA C3 AIRCROSS T200 SHINE 5ATE FINANCIAMOS HASTA $16.000.000.- en 18 cuotas a tasa 0%(sujeto a aprobación crediticia)El precio corresponde a anticipo y cuotasSTOCK FÍSICO Y CON CERTIFICADO .UNIDADES DISPONIBLE PARA ENTREGA INMEDIATA .!NAVE MOTORS CONCESIONARIO OFICIAL CITROEN!CALIDAD Y TRAYECTORIA A NIVEL NACIONAL.NUMERO 1 DE ARGENTINA.GRACIAS A NUESTROS CLIENTES NOS POSICIONAMOS EN LA MEJOR RED DE CONCESIONARIOS DEL PAÍS.Daniel AguirreVentas,1,30990000.0
"Concesionario Oficial Renault DIAZ S.A – Sucursal Belgrano-Stock disponible – Entrega inmediata-Financiación sin interés – Cuotas a medida-Tomamos tu usado – Sistema llave por llave*Precio publicado para anticipo y cuotas*Beneficios exclusivos:-Solo con DNI, a sola firma.-Aprobación inmediata.-Cuotas en pesos, sin interés y tasa fija.-Posibilidad de cambiar de modelo sin afectar anticipo ni cuotas.-Test Drive disponible bajo solicitud.Ubicación y Atención:Estamos en Av. Cabildo 3636, CABA – Estacionamiento exclusivo para clientes.Lunes a sábados de 9 a 19 hs.Consultas sin compromiso – Contacta con nosotros al 11 2301-7479Asesor : Tiago Federico",1,23105000.0
*EL PRECIO CORRESPONDE AL ANTICIPO*EL SALDO EN CUOTAS EN PESOS*UNIDADES FISICAS DE STOCK CON NRO DE MOTOR Y CHASIS*COMPRA TU 0KM DE LA FORMA MAS SEGURA**ENTREGA INMEDIATA**,1,20000007.0
"---PEUGEOT AUTOFRANCE TE OFRECE UN ADJUDICADO SIN SOBRE PRECIO!!!!!!* NÚMERO 1          EN VENTAS*2025      TITULO PROPIOS ADJUDICADOS      ASESOR COMERCIAL ENZO PAGLIAROINTEGRACION $14.000.000(O TU USADO SISTEMA LLAVE X LLAVE)CUBRE EL 30%+ 14 CUOTAS SALDO EN CUOTAS DE $276.917(pre cancelables parcial o en tu totalidad a valor de cuota pura ) ,cmo pide modelo allure el cambio de modelo es $3.810.000*- VALOR PUBLICADO CORRESPONDE ANTICIPO MAS CUOTAS*- FINANCIACIÓN EN CUOTAS ACCESIBLES.*- PODES CANCELAR O ANTICIPAR CUOTAS.*- MÍNIMOS REQUISITOS*- CARPETAS CON BONIFICACIONES ESPECIALES- Primer service bonificado (10.000km)- Polarizado antivandálico- Tuercas de seguridad para ruedas- Kit de seguridad- Kit cubre alfombras* SOMOS EL CONCESIONARIO PEUGEOT Nº 1 EN VENTAS DEL PAIS ** OPERAMOS VENTA DIRECTA DE FABRICA Y/O STOCK PARA ENTREGA INMEDIATA ** TODOS LOS USADOS Y SEMI NUEVOS EN STOCK FUERON SOMETIDOS A RIGUROSOS CONTROLES DE CALIDAD EN NUESTROS TALLERES PROPIOS ** RESPUESTA INMEDIATA A SUS CONSULTAS: Respondemos al instante consultas y llamados. Podemos programar una video llamada para que usted pueda ver los autos sin moverse de su casa u oficina.* SOMOS CONCESIONARIO LIDER EN CALIDAD DE ATENCION.* SU AUTO USADO EN AUTOFRANCE VALE MAS: Pagamos más por su usado desde 2007 sin limite de kilometraje. También podemos tomar su auto en consignación.* ENTREGA INMEDIATA EN TODA LA GAMA.exclusivo para clientes. Trato preferencial a clientes del interior del país. Lo hacemos simple. Usted solo viene a retirar su 0km.* FORMAS DE PAGO: aceptamos todas las formas de pago. Tomamos la mejor cotizacion Ejecutivo de ventas : Enzo Pagliaro",1,17540000.0
"¡Cada vez más cerca de tu COMPASS!¿Buscas anticipos y cuotas accesibles? ¡Estás en el lugar correcto ! Con un anticipo de $12,738,000 ¡podes tener tu COMPASS en la versión que prefieras!¿cómo podes presentar ese capital?EFECTIVO / DOLARES / AUTOS USADOS ¿Y el resto? Ahora podés aprovechar nuestro financiamiento a TASA CERO financia hasta el %60 del valor de tu unidad ¡no pagues sobreprecio!Tenemos financiamientos en 24/36/48 o hasta 70 cuotas ¡Acomoda la cantidad y el monto de las cuotas a tu manera!¡no pierdas esta oportunidad! Subite al Jeep Compass y sentí la diferencia desde el primer día:# Espacio cómodo para que vos y tu familia viajen relajados# Tecnología que te conecta a todo: Android Auto y Apple CarPlay# Seguridad en serio: control de estabilidad, asistente en pendientes, múltiples airbags# Diseño premium que no pasa desapercibido[Estamos en: Capital Federal y Zona OesteDe lunes a sábados de 9 a 19 hs]Atención rápida por #Whtspp para más info.",1,23490000.0
"KANSAI - Concesionario Oficial Toyota Nº1 en Ventas en Argentina por 24 Años Consecutivos.LA MEJOR POSVENTA DEL PAÍS.CONSULTAR DISPONIBILIDAD, NUESTROS ASESORES ESTÁN A SU DISPOSICIÓN PARABRINDARLE ATENCIÓN PERSONALIZADA EN BASE A SU CONSULTA.¡EXCELENTES CONDICIONES POR COMPRA AL CONTADO!Tomamos tu USADO al mejor precio del mercado. ¡COMPROBALO!Además, tenemos las mejores opciones de financiación para adquirir tu 0km:ANTICIPOS DESDE 30%.HASTA 72 CUOTAS FIJAS EN PESOS.LEASING PARA EMPRESAS Y RESPONSABLES INSCRIPTOS.PLANES DE AHORRO.PLANES ADJUDICADOS – CARTERA PROPIA.RESPONSABLE - FREDDY JEREZ",1,71556000.0
"¡Cada vez más cerca de tu COMPASS! ¿Buscas anticipos y cuotas accesibles? ¡ Estás en el lugar correcto ! con un anticipo de $12,738,000 podes tener tu ram en la versión que prefieras!¿cómo podes presentar ese capital?EFECTIVO / DOLARES / AUTOS USADOS ¿Y el resto? Ahora podes aprovechar nuestro financiamiento a TASA CERO financia hasta el %60 del valor de tu unidad ¡no pagues sobreprecio!Contamos con financiaciones en 24/36/48 o hasta 70 cuotas Acomoda la cantidad y el monto de las cuotas a tu manera!                                             ¡no pierdas esta oportunidad! Subite al Jeep Compass y sentí la diferencia desde el primer día:# Espacio cómodo para que vos y tu familia viajen relajados# Tecnología que te conecta a todo: Android Auto y Apple CarPlay# Seguridad en serio: control de estabilidad, asistente en pendientes, múltiples airbags# Diseño premium que no pasa desapercibido[Estamos en: Capital Federal y Zona OesteDe lunes a sábados de 9 a 19 hs]Atención rápida por #Whtspp para más info.",1,33456000.0
"FIAT PULSE ABARTH 1.3T 0KM 2025El valor publicado es SU PRECIO PROMOCIONAL para su RETIRO INMEDIATOPATENTAR EN MAYOLa diferencia la podes hacer FINANCIAR en CUOTAS FIJASTomamos usados como forma de pago, CONSULTA Y TASAMOS EN EL MOMENTOCon un ANTICIPO MINIMO DE $9.200.000 retira a 60 DIASFINANCIA DIRECTO CON FIAT EN CUOTAS SIN INTERESEJEMPLO:ANTICIPO: $7.200.000CUOTAS DE: $400.000RETIRO: 60 DIASUSADOS LLAVE X LLAVE, NO TE QUEDAS SIN VEHICULO!Lòpez Luz",1,31000000.0
*CONCESIONARIO OFICIAL VOLKSWAGEN*******EXPERECIENCIA 5 ESTRELLAS*****¡¡MEJOR PRECIO Y FINANCIACIÓN!!!*AUTOS EN STOCK PERMANENTE.*VARIEDAD DE COLORES.AV LA PLATA 2050. CABA - BS. AS.*NUEVA FINANCIACIÓN EXCLUSIVA * TASA 0% EN TODAS LAS UNIDADES*SERVICIO DE MANTENIMIENTO BONIFICADO.*FORMAS DE PAGO: INTEGRANDO CONTADO O TU USADO COMO ANTICIPO Y EL RESTO EN 12 CTS 24 CTS 18 CTS 36 CTS O 48 CTS 60 CTS FIJAS Y EN $-*ENTREGA INMEDIATA.PODEMOS ASESORARTE Y ARMAR UN PLAN DE PAGOS DE ACUERDO A TUS NECESIDADESTENE EN CUENTA QUE TODOS LOS CREDITOS PRENDARIOS Y LEASING SON EN CUOTAS FIJAS EN PESOS.VOLKSWAGEN DE ARGENTINAPARA EL OTORGAMIENTO DE CREDITOS PRENDARIOS-LEASINGTRABAJAMOS CON TODOS LOS BANCOSNuestra trayectoria de mas de 35 años nos avala como lideres en el mercado nacionalContamos con el equipo mas profesional para asesorarte1- Créditos prendarios2- Leasing para empresas3- Venta Corporativa4- Cotización de tu usado/s5- Todas nuestras unidades cuentan con su correspondiente certificado de fabricación Y SON AÑO MODELO 2025.6- TOMAMOS CREDITOS DE INVERSION PRODUCTIVA7- CREDITOS PARA PyMEs.RETIRAS EN 10 DÍAS REALES.DEJANOS TU CONTACTO ASI PODEMOS ASESORARTEESTAMOS AUTORIZADOS PARA REALIZAR GESTIONES EN CUALQUIER PARTE DEL PAIS POR VOLKSWAGEN ARGENTINANO DUDES EN CONSULTAR LA MEJOR OPCION DE COMPRA ESTA ACA !!TRABAJAMOS CON LEASING DE TODOS LOS BANCOS.AGUARDAMOS TU CONSULTA   *MARTIN*,1,36900000.0
"* AUTOFRANCE PEUGEOT **** EL PRECIO PUBLICADO CORRESPONDE AL ANTICIPO, SALDO $ 14.000.000 EN 18 CUOTAS SIN INTERÉS DE $ 777.840 TNA 0% ** PATENTADA PUESTA EN CALLE*** EL PRECIO DE VENTA ES $ 38950.000 * SIN GASTOS*** ENTREGA INMEDIATA *** COLOR A ELECCIÓN *** SOMOS ESPECIALISTAS EN FINANCIACIÓN *** FINANCIACIÓN $ 14,000,000 EN 18 MESES TNA 0%, 24 MESES TNA 12.90% ** FINANCIACIÓN $ 14,000,000 EN 18 MESES TNA 19,90%, 24 MESES TNA 29.90%, SIN GASTOS DE CRÉDITO *** FINANCIACIÓN $ 18.000.000 DE 24 MESES C/TNA 7.90% **** FINANCIACIÓN $ 13,000,000 12 Y 24 TNA 0%, 36 Y 48 MESES TNA 9.90%UVA PRENDARIO ****FINANCIACIÓN $ 22,000,000 12 Y 24 TNA 0%, 36 Y 48 MESES TNA 9.90%UVA PRENDARIO, $ 26.000.000 EN 36/48 MESES, TNA 11.90% **** Aprobamos su crédito en el momento. La mejor tasa del mercado. *** SOMOS EL CONCESIONARIO PEUGEOT Nº 1 EN VENTAS DEL PAIS ** OPERAMOS VENTA DIRECTA DE FABRICA Y/O STOCK PARA ENTREGA INMEDIATA ** TODOS LOS USADOS Y SEMI NUEVOS EN STOCK FUERON SOMETIDOS A RIGUROSOS CONTROLES DE CALIDAD EN NUESTROS TALLERES PROPIOS ** EL MEJOR PRECIO, CONTADO, FINANCIADO O CON SU USADO ** RESPUESTA INMEDIATA A SUS CONSULTAS: Respondemos al instante consultas y llamados. Podemos programar una video llamada para que usted pueda ver los autos sin moverse de su casa u oficina.* SOMOS CONCESIONARIO LIDER EN CALIDAD DE ATENCION.* SU AUTO USADO EN AUTOFRANCE VALE MAS: Pagamos más por su usado desde 2009 sin limite de kilometraje. También podemos tomar su auto en consignación.* ENTREGA INMEDIATA EN TODA LA GAMA.* COMODIDADES PARA CLIENTES: Estacionamiento exclusivo para clientes. Trato preferencial a clientes del interior del país. Lo hacemos bien simple. Usted solo viene a retirar su 0km.* NUESTRO SERVICIO POSTVENTA ES CONSIDERADO EL MEJOR DEL PAIS.* FORMAS DE PAGO: aceptamos todas las formas de pago. Tomamos mejor sus dólares.* ATENCION EXCLUSIVA EMPRESAS Y CLIENTES ESPECIALES: Somos Peugeot Professional Center. Ventas especiales para empresas, comerciantes, diplomáticos, jueces y APM.**ASESOR COMERCIAL: LEONARDO SCHIAVONE**",1,29170000.0
"¡¡¡ OPORTUNIDAD!!!    UNICA UNIDADFIAT PULSE DRIVE MT5 0KM  ENTREGA INMEDIATAANTICIPO $15.700.000.- INCUYE GASTOS DE PATENTAMIENTOSALDO EN 24 CUOTAS SIN INTERES TNA 0%*NO ES PLAN DE AHORRO.*ENTREGA INMEDIATA*STOCK FÍSICO CON UNIDADES DISPONIBLES.*MEJOR PRECIO DE CONTADO.*VENTAS A TODO EL PAÍS DE MANERA SENCILLA, RAPIDA Y SEGURA*TODA LA LINEA FIAT - CONCESIONARIO OFICIAL.",1,26200000.0
"***** PEUGEOT PLAN *****• RETIRA EN CUOTA 4 CON EL 40%.------------------------------------------------------*- CUPOS LIMITADOS!*- PLANES DIRECTO DE FABRICA.*- CUOTAS EN PESOS.*- PODES CANCELAR O ANTICIPAR CUOTAS.*- MÍNIMOS REQUISITOS, SOLO DNI.*- BONIFICACIONES Y DESCUENTOS EXCLUSIVOS A CLIENTES DE MERCADOLIBRE.*- TOMAMOS TU USADO Y PLANES EN PARTE DE PAGO.** CONSULTE TAMBIÉN POR NUESTRO STOCK DE PLANES AGRUPADOS / ADJUDICADOS!!!!**-------------------------------------------------------#-LA OPERACIÓN 100% ONLINE, SIN MOVERTE DE TU CASA.#-VENTAS A TODO EL PAÍS (GESTIONAMOS TODA LA OPERACIÓN A DISTANCIA) SOLO VENIS A RETIRAR TU 0KM.• Concesionario Oficial Darc Peugeot •~Precio Publicado Corresponde Al Anticipo~*** imágenes no contractuales ***",1,13150000.0
"Hola, Somos Hauswagen Escobar, Te ofrecemos Usados con garantia.NUEVA TAOS COMFORTLINE EN STOCK PARA ENTREGA INMEDIATA.EL PRECIO PUBLICADO CORRESPONDE A UN ANTICIPO, EL RESTO A FINANCIARBeneficios para clientes de Banco MACRO.- Podés financiar hasta $12.000.000 en 12 cuotas sin interés con tarjeta Macro SELECTA. Sin Prenda.- Podés financiar hasta $12.000.000 en 6 cuotas sin interés por cada tarjeta Macro, Sin prenda.- Si NO sos cliente MACRO, con la reserva de la unidad un ejecutivo del Banco te califica para que accedas a las tarjetas en tiempo records.- Escuchamos Ofertas de contado.- Podes entregar tu usado en parte de pago.- Fináncianos con VOLKSWAGEN financial services, Banco MACRO y Santander Rio con las mejores tasas.- También tenemos cuotas accesibles con Créditos UVAs.- Tomamos Dolares (Consultar cotización)- Financiamos con DNI.- Hauswagen Escobar, Km 50 Panamericana ramal EscobarPertenecemos a uno de los grupos más prestigiosos del país. (GCDC)Somos Concesionario oficial Volkswagen",1,26990000.0
** OPORTUNIDAD DE ESTE MES **° Anticipo o Tu Usado el Resto en Cuotas.° Variedad de Colores.° Entrega Inmediata.° No es Plan.° Venta A Todo El País Sin Restricciones.° Financiamos.° Seña Y Pago Siempre Al Concesionario Oficial.° Vehiculos 0km Con Garantía.° Tomamos Su Usado Al Mejor Precio.° Atención Personalizada Las 24 Hs.--.Disponible Toda La Línea 0Km.--*AGENTE OFICIAL ZONA NORTE*,1,12000000.0
"ANTICIPO MINIMO CON GASTOS INCLUIDOSDesde $ 10.900.000 ENTREGA INMEDIATAFINANCIA HASTA $15.000.000 EN 12/18/24 CUOTAS FIJAS CON TASA REDUCIDA DEL 0% AL 34.90%O HASTA EL 80% EN 12/24/36/48/60 CUOTAS UVA( NO ES PLAN DE AHORRO)TOMAMOS TU USADO PARA FACILITARTE LA COMPRA, TRAELO Y LO TASAMOS EN EL ACTOGRUPO TARABORELLISomos una compañía con más de 30 años de experiencia en la comercialización de vehículos y servicios. Nuestra trayectoria revela más de 100.000 vehículos entregados y un equipo de trabajo que supera los 500 colaboradores, especialmente capacitados para ofrecer el mejor servicio al cliente.Contamos con un complejo de concesionarias diseñadas para lograr la mejor experiencia de compra, 10.000 metros cuadrados de talleres integrales para brindarle el mejor servicio postventa y tres Centros de Entrega de 0km propios.En Taraborelli te brindamos las mejores condiciones para que puedas acceder a tu 0km, efectivo, usado y/o financiado.Ponete en contacto con nosotrosCasa Central: PATERNAL (CABA)",1,29885509.0
Chevrolet Tracker 1.2 T AT OKM 2025.VARIOS COLORES DISPONIBLES.UNIDAD EN STOK FISICO LISTA PARA ENTREGARFACILIDADES A TASAS PREFERENCIALESCONSULTE PARA OPERACIONES DE CONTADO O CON OTROS ANTICIPOS AL PUBLICADOVENTAS A TODO PAISSOMOS CONCESIONARIO REVENTAS MULTIMARCA,1,30000000.0
"Concesionarios Oficiales Peugeot / CitroënMÁS DE 60 AÑOS EN EL RUBRO AUTOMOTOR!       GRUPO SVAPEUGEOT  2008 GT T200   AM 25.AÑO 2025. 0KM.CAJA AUTOMATICA SECUENCIAL  CVT.PRECIO DE LISTA $ 41.410.000.BONIFICACION $ 3.310.000.PRECIO DE VENTA $ 38.100.000 MAS GASTOS.La publicacion seria anticipo $ 35.000.000 mas gastos. Y 18 cuotas fijas de $ 172.236 ( TNA 0).MEJOR COTIZACION DE USADO.TOMAMOS DOLARES.- FINANCIAMOS EN CUOTAS FIJAS Y EN PESOS: En SVA ofrecemos siempre las mejores tasas del mercado. Aceptamos permutas de todas las marcas. Aceptamos tu Plan de Ahorro Peugeot / Citroën en parte de pago.- ATENCIÓN DE VENTAS ESPECIALES: En SVA atendemos empresas, comerciantes, diplomáticos, jueces y APM.- FORMAS DE PAGO: en SVA aceptamos todas las formas de pago.- SU USADO PARA NOSOTROS VALE MUCHO MÁS: En SVA pagamos mejor por su usado sin límite de kilometraje. También podemos tomar su auto en consignación.- MEJORAMOS CUALQUIER PRESUPUESTO.- LA MEJOR ATENCIÓN POST VENTA, CON TALLERES PROPIOS EN LA ZONA: Nuestros talleres de servicio post venta en Capital Federal y Zona Norte de GBA están puntuados como los mejores del país.- AUMENTAMOS NUESTRA ATENCIÓN EN CANALES DIGITALES Y TELEFÓNICOS CON LA INTENCIÓN DE QUE, PUEDA HACER UNA OPERACIÓN 100% ONLINE.| GRUPO SVA |",1,35000000.0
"** STOCK FÍSICO ENTREGA INMEDIATA **** STING GRAY, BLANCA Y NEGRA !!CAR DISTRICT TE ESPERA CON LA OPORTUNIDAD QUE ESTABAS ESPERANDO !!!																														º|||||||º DESCUENTOS DE CONTADO !!!															º|||||||º ENTREGA INMEDIATA !!!															º|||||||º TOMAMOS USADOS															º|||||||º OPCIONES DE ANTICIPO Y CUOTA FIJA 0% INTERES																														ALGUNAS DE NUESTRAS OPCIONES															PLANES DE FINANCIACION :																														FINANCIA $ 12.000.000 EN 12 CUOTAS FIJAS TASA 0% DE $ 1.012.000															FINANCIA $ 18.000.000 EN 12 CUOTAS FIJAS TASA 19.9% % DE $ 1.450.000																														Concesionario líder en zona norte con más de 20 años de experiencia. ¡Garantía de calidad y atención!																														ESPERAMOS TU CONSULTA YA MISMO , NUESTROS ASESORES ESTAN LISTOS PARA ATENDERTE",1,43900000.0
"(MONTO PUBLICADO ES ANTICIPO)FIAT GIAMAPULSE ABARTH TURBO 1.3 CVTFINACIAMOS CON $19.000.000TOMAMOS USADOS LLAVE POR LLAVESIN SOBRE PRECIOSIN BANCOS NI FINANCIERASCUOTAS A TASA 0% PRECANCELABLESMANEJAS VOS EL TIEMPO DE FINANCIAMIENTOBENEFICIOS A BANCOS GALICIA, SANTANDER Y NACION¿QUERES SABER MAS?¿QUERES HACER LA PRUEBA DE MANEJO?COMUNICATE CON EL EJECUTIVO PARA UNA CITA- JESUS VELAZQUEZ -",1,18000.0
"ANTICIPO + CUOTASFINANCIACIÓN PRE CANCELABLELlantas de aleación 18”.Sist. multimedia Uconnect de 10,1”.Apple carplay/Android Auto wireless.Sonido Premium Beats.Tablero full digital de 10,25”.Climatizador Automático Bi-Zona.Cámara de retroceso.Interior tapizado en cuero7 Airbags.Encendido remoto.Park Assist automático.Cargador de celular wireless.Asistencia a la conducción ADAS+.CINTIA SOSAEJECUTIVA COMERCIAL",1,35000000.0
"Precio publicado de versión entrada de gama/anticipo sugerido.¡TU JEEP COMPASS TE ESTA ESPERANDO EN SPORT CARS JEEP!Si estas buscando una SUV que combine diseño, tecnología y robustez, LA JEEP COMPASS ES TU MEJOR ELECCION. Y no hay mejor lugar para encontrarla que en SPORT CARS JEEP, una de las concesionarias mas grandes y confiables del pais.¿PORQUE ELEGIR SPORT CARS JEEP?* 40 años de trayectoria en el mercado automotor, brindando confianza, respaldo y compromiso en cada operación.* Somos concesionario oficial jeep, con atención especializada y asesoramiento profesional en cada etapa de tu compra.* Contamos con altísimos estándares de calidad de atención al cliente: nuestro equipo esta capacitado para brindarte una experiencia personalizada, clara y sin vueltas.* Tenemos uno de los mayores stock del pais y posibilidades reales de entrega inmediata.* Te ofrecemos planes de financiación exclusivos, toma de usado al mejor valor y promociones únicas.* Miles de clientes satisfechos nos eligen año tras año por nuestra seriedad y dedicación.¿QUE TRAE LA NUEVA JEEP COMPASS?* Estilo sofisticado y diseño robusto.* Tecnología de ultima generación con conectividad total.* Interior amplio, cómodo y con terminaciones premium.* Excelente performance tanto en ciudad como en ruta.VENI A SPORT CARS JEEP Y LLEVATE LA SUV QUE SOÑAS CON LA CONFIANZA DE ESTAR EN LAS MEJORES MANOS.¡ Consulta ahora y descubrí una experiencia de compra a otro nivel!MAXIMILIANO SANCHEZ",1,45500000.0
"Somos motorville concesionario Nº1 en ventasNos destacamos por una propuesta de servicio, asesoramiento y calidad con los más altos estándares del mercado.INSPECCIÓN Y COBERTURA MECÁNICA: todos nuestros vehículos están chequeados y certificados en 240 puntos por nuestro equipo de expertos, VTV vigente, libre de deudas de patentes e infracciones.GESTORIA: Nosotros nos encargamos de todo!!!!! contamos con un equipo de gestores matriculados para que de lo único que te ocupes sea de disfrutar del vehículo.BROKER DE SEGUROS: También disponemos de un completo departamento de seguros, para que puedas comparar la cotización con compañías líderes.DEPARTAMENTO DE ACCESORIOS: personaliza tu vehículo con una gran diversidad de productos de prestigiadas marcas, nuestro compromiso es estar a la vanguardia de la tecnología y el conocimiento técnico para satisfacer las necesidades y expectativas de nuestros clientesEquipamientos y accesorios - Estética vehicular – Polarizados y laminadosMÉTODOS DE PAGO:* AL CONTADO: Paga vía transferencia bancaria o depósito.*DEJA TU AUTO COMO PARTE DE PAGO: Cambia tu auto por uno de calidad certificada de motorville y con cobertura mecánica.*FINANCIACIÓN: En MOTORVILLE podes acceder a tu próximo vehículo con un anticipo mínimo y una cuota ajustada a tu medida. Las mejores tasas del mercado.NO BUSQUES MAS TU PRÓXIMO VEHÍCULO TE ESPERA EN motorville",1,47990000.0
"Concesionario Oficial Volkswagen, líder en ventas y créditos del País desde el año 2000El valor publicado corresponde al anticipo.Contamos con el mejor precio de contado, tomamos tu unidad usada llave contra llave, facilidades de pago.Financiación directa y oficial por Volkswagen Financial Services.Esta unidad cuenta con una garantía de 6 años o 150.000 km, lo que ocurra primero.Stock permanente de vehículos y entrega inmediata.• RESPONDEMOS SU CONSULTA EN 5 MINUTOS.• NO ES PLAN DE AHORRO.• CONCESIONARIO OFICIAL VOLKSWAGEN.• ENTREGA INMEDIATA.• TOMAMOS TU USADO EN PARTE DE PAGO.• MEJORAMOS PRESUPUESTOS.• VEHICULO EN STOCK.• FINANCIAMOS.• EL MEJOR PRECIO DE CONTADO.• PRUEBA DE MANEJO DISPONIBLE.• VENDEMOS A TODO EL PAÍS DE MANERA ÁGIL Y SENCILLA.• NO ES PLAN DE AHORRO.• Publicamos el valor promocional del 0km, el valor final depende la operación que haga el cliente.• Ofrecemos créditos prendarios directamente de Volkswagen Financial Services CUOTA FIJA.• Tomamos tu usado en parte de pago y si lo solicitas financiar la diferencia con una tasa baja !!•CONCESIONARIO OFICIAL VOLKSWAGEN••EJECUTIVO DE VENTAS CALIFICADO••ESTEBAN KAIRUZ•",1,31000000.0
"TARABORELLI CARS JEEP/RAM CaballitoObtené tu 0km de la manera más segura.Contamos con diferentes opciones de pago:-Contado.-Anticipo y cuotas fijas.-Anticipo y cuotas variables (entrega inmediata)-mejor cotización del mercado, con nosotros tu usado vale más!Tenemos toda la gama de colores, disponemos de STOCK físico con certificado de todas nuestras unidades para entrega inmediata.Ventas a todo el país de forma eficaz. ASESOR COMERCIAL: VENTAS CONVENCIONAL Y EMPRESAS DANIELA MARTINEZ PICOS",1,35259002.0
"PROMOCION VALIDA HASTA 29/54 CUPOS DISPONIBLES NO TE QUEDES SIN EL TUYO ! COLOR A ELECCIONCUOTAS A TASA 0%Manejamos todo tipo de venta, para obtener mas beneficios, consulta por lo siguiente:*Planes Avanzados (descuentos unicos)*Planes Adjudicado*Descuentos en Reserva de unidad*VALOR PUBLICADO ES ANTICIPO CON GASTOS DE RETIRO INCLUIDOS (PATENTAMIENTO FLETE Y FORMULARIOS, PRENDA)",1,28000000.0
"El valor de la publicacion es por anticipo y el resto financiado en cuotas fijas o variables en pesos!!!!* Mejoramos cualquier presupuesto del país * *financiacion en cuotas fijas o variables** NAVE MOTORS ** Concesionario con mas de 10 años de experiencia en vehiculos citroën **tenemos la mejor financiacion del mercado** El asesoramiento personalizado, calidad de servicio, buena atención, responsabilidad y transparencia son nuestros principales atributos para que tengas la mejor experiencia de compra ** NO DUDES Y CONSÚLTANOS ANTES DE DECIDIRTE *SIEMPRE CON ¡ENTREGA INMEDIATA!* RETIRA YA TU 0KM CON UN MÍNIMO ANTICIPO y SOLO CON DNI * (FINANCIACIÓN + DESCUENTO) * * * (FINANCIACIÓN + DESCUENTO ** RESERVA TU TURNO PARA HACER UN TEST DRIVE ** Somos concesionario oficial citroën *",1,23000000.0
"SOMOS NOVO PEUGEOT OFICIAL ,ES LO IMPORTANTE A LA HORA DE COMPRAR TU 0KM.UNA CONCESIONARIA CON MAS DE 30 AÑOS DE TRAYECTORIA Y NUMERO 1 EN PATENTAMIENTOS.CONTAMOS CON ATENCION PERSONALIZADA PARA BRINDARTE LA FINANCIACION QUE MEJOR SE ADAPTE A TUS NECESIDADES.VENI A PROBAR EL 0KM ,TENES LA POSIBILIDAD DE MANEJARLO Y TOMAR LA MEJOR DECISION EN EL INSTANTE!TOMAMOS TU USADO AL MEJOR PRECIO .CONSULTA HOY MISMO Y INGRESA CON EL MAS MINIMO ANTICIPO DE $13.200.000 PARA RETIRAR LO ANTES POSIBLE.CUOTAS ACCESIBLES A PARTIR DE $380.000.MAYO SUSCRIPCION DE INGRESO SIN COSTO.APROVECHA QUEDAN POCOS CUPOS !!!",1,30300000.0
"NUEVO PEUGEOT 2008*****Grupo Robayna Concesionario Oficial Peugeot *****Asesor Comercial DAMIAN DEFELIPPEWP 11-6195-6544* RESPUESTA AL INSTANTE EN SU CONSULTA POR WHATSS APP O LLAMADO*EL MEJOR PRECIO DEL MERCADO. Ventas a toda la República Argentina. *MEJORAMOS PRECIO CONTADO. Trae tu presupuesto* AMPLIO STOCK PARA ENTREGA INMEDIATA *TOMAMOS USADOS EN PARTE DE PAGO, contamos con tasación profesional.*SOLUCIONES DE FINANCIAMIENTO: Prendaria, personal*FINANCIACIÓN $ 8,000,000 EN 18 MESES TNA 0%*FINANCIACIÓN $ 14,000,000 EN 18 MESES TNA 0%*FINANCIACIÓN UVA $22.000.000 EN 24 MESES TNA 0%*NUEVA FINANCIACION $18.000.000 24 CUOTAS TASA TNA 7.9% $839.000 MAS SEGURO/////// ANTICIPO DE $27.355.800 MAS SELLADO Y PATENTE PROPORCIONAL CUANDO RETIRA/////*TEST DRIVE A DISPOSICIÓN.*AMPLIA DISPONIBILIDAD DE COLORES.*CONSULTAR VALORES VIGENTES.*VENTA DIRECTA DE FABRICA Y/O STOCK PARA ENTREGA INMEDIATA **TALLERES PROPIOS OFICIALES Y VENTA DE REPUESTOSGRUPO ROBAYNA, TU SOCIO DE CONFIANZA EN MOVILIDADSucursal NORDELTA :TIGRE Av. Santa Maria de las Conchas 4711,Shopping Remeros PlazaLUNES A VIERNES DE 10.00 A 20.00 HS SABADOS DE 10.00 A 20.00 HSDOMINGOS O FERIADOS DE 10.00HS A 18.00HS",1,39900000.0
"Somos motorville concesionario Nº1 en ventasNos destacamos por una propuesta de servicio, asesoramiento y calidad con los más altos estándares del mercado.INSPECCIÓN Y COBERTURA MECÁNICA: todos nuestros vehículos están chequeados y certificados en 240 puntos por nuestro equipo de expertos, VTV vigente, libre de deudas de patentes e infracciones.GESTORIA: Nosotros nos encargamos de todo!!!!! contamos con un equipo de gestores matriculados para que de lo único que te ocupes sea de disfrutar del vehículo.BROKER DE SEGUROS: También disponemos de un completo departamento de seguros, para que puedas comparar la cotización con compañías líderes.DEPARTAMENTO DE ACCESORIOS: personaliza tu vehículo con una gran diversidad de productos de prestigiadas marcas, nuestro compromiso es estar a la vanguardia de la tecnología y el conocimiento técnico para satisfacer las necesidades y expectativas de nuestros clientesEquipamientos y accesorios - Estética vehicular – Polarizados y laminadosMÉTODOS DE PAGO:* AL CONTADO: Paga vía transferencia bancaria o depósito.*DEJA TU AUTO COMO PARTE DE PAGO: Cambia tu auto por uno de calidad certificada de motorville y con cobertura mecánica.*FINANCIACIÓN: En MOTORVILLE podes acceder a tu próximo vehículo con un anticipo mínimo y una cuota ajustada a tu medida. Las mejores tasas del mercado.NO BUSQUES MAS TU PRÓXIMO VEHÍCULO TE ESPERA EN motorville",1,36990000.0
/// AUTOFRANCE PEUGEOT ///					/// SOMOS EL CONCESIONARIO OFICIAL PEUGEOT Nº 1 EN VENTAS DEL PAIS ///						/// OPERAMOS VENTA DIRECTA DE FABRICA Y/O STOCK PARA ENTREGA INMEDIATA ///						/// TODOS LOS USADOS Y SEMI NUEVOS EN STOCK FUERON SOMETIDOS A RIGUROSOS CONTROLES DE CALIDAD EN NUESTROS TALLERES PROPIOS ///						/// EL MEJOR PRECIO	 CONTADO	 FINANCIADO O CON SU USADO ///				/// RESPUESTA INMEDIATA A SUS CONSULTAS: Respondemos al instante consultas y llamados. Podemos programar una video llamada para que usted pueda ver los autos sin moverse de su casa u oficina.						/// SOMOS CONCESIONARIO LIDER EN CALIDAD DE ATENCION.	// EL PRECIO PUBLICADO ES UN ANTICIPO  MAS SALDO  A TASA 0% //	INCLUYE FLETES Y FORMULARIOS Y PATENTAMIENTO				/// SOMOS ESPECIALISTAS EN FINANCIACION: SALDO EN 18  CUOTAS FINANCIANDO CON TASA 0% DE INTERÉS !! Te financiamos el saldo de $ 14.000.000 en 18 cuotas 	fijas 	Aprobamos su crédito en el acto!						/// SU AUTO USADO EN AUTOFRANCE VALE MAS: Pagamos más por su usado desde 2009 sin limite de kilometraje. También podemos tomar su auto en consignación.						/// ENTREGA INMEDIATA EN TODA LA GAMA.						/// COMODIDADES PARA CLIENTES: Estacionamiento exclusivo para clientes. Trato preferencial a clientes del interior del país. Lo hacemos bien simple. Usted solo viene a retirar su 0km.						/// NUESTRO SERVICIO POSTVENTA ES CONSIDERADO EL MEJOR DEL PAIS.						/// FORMAS DE PAGO: aceptamos todas las formas de pago. Tomamos sus dólares al mejor valor del mercado.						/// ATENCION EXCLUSIVA EMPRESAS Y CLIENTES ESPECIALES: Somos Peugeot Professional Center. Ventas especiales para empresas	 comerciantes	 diplomáticos	 jueces y APM ///			///ASESOR COMERCIAL: ///		CYNTHIA GONZALEZ,1,21900000.0
"¡LIV MOTORS te acerca la oportunidad que estabas esperando!¡FINANCIACIÓN EXCLUSIVA! Cuotas en pesos con 0% de interés y entrega inmediata. Disponibilidad real de todas las unidades y colores. ¡Elegí el tuyo hoy mismo!El valor publicado corresponde al ANTICIPO ¡Podes financiar la diferencia con la financiación directa de fábrica!Beneficios que te ofrecemos:- Precios imbatibles: Contado, financiado o entregando tu usado.- Mejor tasación por tu auto usado (modelos desde 2010 en adelante).- Venta directa de fábrica o de stock para entrega inmediata.- Asesoramiento personalizado: Estamos listos para responder tus consultas al instante y te ofrecemos la opción de videollamadas en vivo para mostrarte los vehículos sin que salgas de tu casa.Concesionario líder en zona norte con más de 10 años de experiencia. ¡Garantía de calidad y atención!Enviamos a todo el país y te acompañamos durante todo el proceso. Solo tenés que venir a retirar tu 0 km cuando todo esté listo.- Comodidades para el cliente: Estacionamiento exclusivo para clientes. Trato preferencial a clientes del interior del país. Lo hacemos bien simple. Usted solo viene a retirar su vehículo.- Atención exclusiva para empresas y clientes especiales: Somos Peugeot Professional Center, con ofertas especiales para empresas, comerciantes, diplomáticos y jueces.¡No esperes más! Consúltanos hoy mismo y llévate tu próximo auto con la mejor financiación del mercado.LINEA DE CREDITO JEEP A TASA 0% CUOTA FIJA $12,000,000 EN 12 CUOTAS FIJAS$18,000,000 EN 12 CUOTAS FIJAS O CREDITO UVA HASTA $20,000,000ASESOR COMERCIAL: JUAN PABLO VITALE",1,38500000.0
"Fiat Pulse Audace 1.0 Turbo cvt automático 2025 0km""Leer el aviso previamente a realizar consulta""EL PRECIO PUBLICDO ES UN ANTICIPO Publicación corresponde al canal de venta convencional, 0km. #NO ES PLAN DE AHORRO#Stock disponible para entrega inmediataHorario de atención de Lunes a Sábados de 09:00 a 19:00Se toman reservas de la unidad únicamente con color disponible en stock""Precio publicado contado bonificado mas gastos de flete/patentamiento""Por la variante de precios confirmar con el vendedor valor actualizado previamente a realizar la reserva de la unidadOperación con entrega inmediata de la unidad según color disponible en stockReserva unidad $1.000.000 mediante mercado pago, transferencia, deposito o en salón de ventas (débito-crédito-efectivo-mercado pago)Asesor de venta convencional directo de central mi numero de cel figura en esta publicacion contactame y te hare el mejor presupuesto y atencionMarcela Mendez Fiat Autogenerali Concesionario oficialCapital FederalOpción a financiar: Anticipo mínimo 30% del valor publicado o usado solo con dni el saldo se puede realizar en 12/24/36/48 o 60 cuotas fijas sistema francés---entrega inmediata----Consultar créditos UVA con anticipo minino 20% del valor publicado---entrega inmediata----(No es plan de ahorro, no se toman como parte de pago)Tomamos tu usado---Gran Buenos Aires y Capital federal---informar datos del usados en la consulta para enviar valor aproximado de cotización---Consultar colores disponibles en stockConcesionario oficial Fiat GeneraliServicio oficial de post ventaVentas al interior solo contado o con crédito (No se toman usados)Ventas convencional contado o crédito prendarioGARANTÍA: 3 AÑOS O 100.000KM (LO QUE OCURRA PRIMERO) ORÍGEN DEL VEHÍCULO: BRASIL.IMAGENES ILUSTRATIVAS, LOS VALORES ASÍ COMO LOS DETALLES DESCRIPTOS EN ESTE FOLLETO SON APROXIMADOS, DESCRIPTIVOS.Reserva unidad $1.000.000 mediante mercado pago, transferencia, deposito o en salón de ventas (débito-crédito-efectivo-mercado pago)",1,27000000.0
º|||||||º DESCUENTOS DE CONTADO !!!º|||||||º ENTREGA INMEDIATA !!!º|||||||º TOMAMOS USADOSº|||||||º OPCIONES DE ANTICIPO Y CUOTA FIJA 0% INTERESº|||||||º DESCUENTOS DE CONTADO !!!º|||||||º ENTREGA INMEDIATA !!!º|||||||º TOMAMOS USADOSº|||||||º OPCIONES DE ANTICIPO Y CUOTA FIJA 0% INTERES,1,44899000.0
"VW TIGUAN ALLSPACE LIFE 350TSI DSG 4x4 AT 0 KM ENTREGA INMEDIATAPRECIO PUBLICADO CORRESPONDE AL ANTICIPO, SALDO: EN EFECTIVO, PERMUTA Y/O A FINANCIAR- Financiacion a tasa 0 %- Banco Macro tarjeta selecta 12 cuotas sin interés-Banco Supervielle financia mas del 50%- Tomamos Dolares (Consultar cotización)- Entrega inmediata- Tomamos usados en parte de pago. Mejor cotización.- Financiamos con DNI, sin intereses.-Crédito prendarios- Leasing- Ventas corporativasHauswagen Escobar, Km 50 Panamericana ramal EscobarPertenecemos a uno de los grupos mas prestigiosos del país. (GCDC)Concesionario oficial VolkswagenKARINA BILAK  Asesora comercial",1,52900000.0
"Grupo Robayna Concesionario Oficial PeugeotAsesor Comercial Pavese Carlos*ANTICIPO $18.000.000 O TU USADO + 18 CUOTAS DE $777.840*EL MEJOR PRECIO DEL MERCADO. Ventas a toda la República Argentina.*MEJORAMOS PRECIO CONTADO. Trae tu presupuesto.*TOMAMOS EL DÓLAR A MEJOR PRECIO MERCADO.* AMPLIO STOCK PARA ENTREGA INMEDIATA*TOMAMOS USADOS EN PARTE DE PAGO, contamos con tasación profesional.*SOLUCIONES DE FINANCIAMIENTO: Prendaria, personal y leasing en cuotas fijas y en pesos.---- OPORTUNIDAD 2008 GT NEGRA EN PROMOCION---- VALOR DE UNIDAD $38.990.000*FINANCIACIÓN $ 8,000,000 EN 18 MESES TNA 0%*FINANCIACIÓN $ 14,000,000 EN 18 MESES TNA 0%*FINANCIACIÓN UVA $22.000.000 EN 24 MESES TNA 0%*TEST DRIVE A DISPOSICIÓN.*AMPLIA DISPONIBILIDAD DE COLORES.*CONSULTAR VALORES VIGENTES.*VENTA DIRECTA DE FABRICA Y/O STOCK PARA ENTREGA INMEDIATA **El precio no incluye Fletes y ni Patentamientos.* RESPUESTA AL INSTANTE EN SU CONSULTA POR WHATSS APP O LLAMADO*TALLERES PROPIOS OFICIALES Y VENTA DE REPUESTOS*Oferta no incluye gastos de patentamiento ni créditoGRUPO ROBAYNA, TU SOCIO DE CONFIANZA EN MOVILIDADSucursal DON TORCUATO - Grupo Robayna – Concesionario Oficial PeugeotMIGUEL ROBAYNA S.A",1,35800000.0
"**************STOCK REAL...OPORTUNIDADES REALES*******************BENEFICIOS BLEU AUTOMOTORES DEL GRUPO CAR ONE**************CONTACTANOS Y RESERVALO HOY*************************#ENTREGA INMEDIATA#FINANCIACION EXCLUSIVA CON RENAULT A TASA DESDE 0% ANUAL, NECESITAS MAS CAPITAL...TE DAMOS MAS OPCIONES!!#IMPORTANTES BONIFICACIONES#ATENCIÓN PERSONALIZADA#GARANTIA DE 3 AÑOS ó 100.000 KMS#SOLICITA UN TEST DRIVE#MEJORAMOS CUALQUIER PRESUPUESTO PARA LA COMPRA DE TU RENAULT 0KM# ACCEDE A TU PRÓXIMO OKM CON LAS SIGUIENTES OPCIONES:*Opción 1: ANTICIPO $ 11.000.000.- / FINANCIA- $ 15.000.000.- TNA 0% 12 meses.*Opción 2: ANTICIPO $ 11.000.000.- / FINANCIA- $ 15.000.000.- TNA 19,9% 18 meses.*Opción 3: ANTICIPO $ 11.000.000.- / FINANCIA- $ 15.000.000.- TNA 29,9% 24 meses.*Opción 4: ANTICIPO $ 11.000.000.- / FINANCIA- $ 15.000.000.- TNA 39,9% 36 meses.#No dudes en dejarnos tus datos y te contactaremos a la brevedad.#No dudes en dejarnos tus datos y te contactaremos a la brevedad.#El precio no incluye los gastos de flete, formularios, patentamiento, sellado 2%( ARBA-RENTAS).Consulta los colores disponibles en stock y otras versiones!!!!#Fotos no contractuales.",1,25700000.0
"Concesionario Oficial Volkswagen, líder en ventas y créditos del País desde el año 2000El valor publicado corresponde al anticipo.Contamos con el mejor precio de contado, tomamos tu unidad usada llave contra llave, facilidades de pago.Financiación directa y oficial por Volkswagen Financial Services.Esta unidad cuenta con una garantía de 6 años o 150.000 km, lo que ocurra primero.Stock permanente de vehículos y entrega inmediata.• RESPONDEMOS SU CONSULTA EN 5 MINUTOS.• NO ES PLAN DE AHORRO.• CONCESIONARIO OFICIAL VOLKSWAGEN.• ENTREGA INMEDIATA.• TOMAMOS TU USADO EN PARTE DE PAGO.• MEJORAMOS PRESUPUESTOS.• VEHICULO EN STOCK.• FINANCIAMOS.• EL MEJOR PRECIO DE CONTADO.• PRUEBA DE MANEJO DISPONIBLE.• VENDEMOS A TODO EL PAÍS DE MANERA ÁGIL Y SENCILLA.• NO ES PLAN DE AHORRO.• Publicamos el valor promocional del 0km, el valor final depende la operación que haga el cliente.• Ofrecemos créditos prendarios directamente de Volkswagen Financial Services CUOTA FIJA.• Tomamos tu usado en parte de pago y si lo solicitas financiar la diferencia con una tasa baja !!•CONCESIONARIO OFICIAL VOLKSWAGEN••EJECUTIVO DE VENTAS CALIFICADO••ESTEBAN KAIRUZ•",1,35000000.0
"CONCESIONARIO OFICIAL RENAULT LILLE – AMPLIO STOCK – COLORES DISPONIBLES    Comunicate por llamado, wspp o mensaje de esta publicación para conseguir EL MEJOR PRECIO DE CONTADO!!!         TE GARANTIZAMOS UNA OPERACIÓN RÁPIDA Y TRANSPARENTE.    Nuestra seriedad y respeto en la atención personalizada, se encuentra plasmada en las reseñas de nuestros clientes en Google. Respondemos siempre, en tiempo y forma, ante cualquier eventualidad.    Tomamos autos en parte de pago, cotizamos en el momento.        PRECIO DE LISTA  $35.050.000  VALOR DE CONTADO SIN GASTOS  $29.489.900          OPCIÓN 1 TASA 0%!!!    Anticipo con flete, patentamiento y prenda incluido    $13.510.99118 cuotas FIJAS TASA 0% de   $1.168.500      OPCIÓN 2 TASA RENAULT    Anticipo con flete, patentamiento y prenda incluido    $14.274.38018 cuotas FIJAS de  $1.298.400  24 cuotas FIJAS de  $1.005.900  36 cuotas FIJAS de   $941.600  48 cuotas FIJAS de   $866.100  60 cuotas FIJAS de   $789.100      OPCIÓN 3 ANTICIPO MÍNIMO    Anticipo con flete, patentamiento y prenda incluido    $6.735.12524 cuotas de  $1.410.900  36 cuotas de   $1.049.200  48 cuotas de  $871.500      Solicite anticipo según su presupuesto. Sujeto a aprobación crediticia.    Precio de contado no incluye gastos. Fotos y video a modo ilustrativo, puede variar del modelo publicado.     OFERTA SUJETA A CAMBIOS SIN PREVIO AVISO        # El mejor precio del mercado, ventas a todo el país    # Mejoramos cualquier presupuesto    # Tomamos el dólar a mejor precio mercado    # Tomamos usados en parte de pago, tasación profesional    # Financiación accesible, prendaria, personal y leasing en cuotas fijas y en pesos    # Test Drive disponible    # Garantía Oficial en unidades 0km    *No incluye sellado ni alta de patente",1,29479900.0
"¡Oferta MAYO Fiat PulseRetirá con:Anticipo: $10,000,000 y pagá en cuotas de $360,000 por mescon TASA 0%.Aceptamos:# Tu usado como parte de pago# Dólares al mejor valor# PesosEstamos en Capital Federal y Zona Oeste.Atendemos de lunes a sábados, de 9 a 19 hs.Atención rápida por #Whtspp para más información.",1,28759000.0
"CONSULTAL AL WHATSAPP DE LA PUBLICACIONAÑO 2025CONCESIONARIO OFICIAL CHEVROLET CAR ONE S.ACONSULTAME POR WHATSAPP ASI TE LLEGA TODA LA INFO Y TUS DUDAS EN EL MOMENTOOPORTUNIDAD UNICA MAYONUEVA CHEVROLET TRACKER LTZ 1.2 TURBO 132CV AUTOMATICAPRECIO OPORTUNIDAD (NO INCLUYE GASTOS)OFERTA VALIDA HASTA AGOTAR STOCKCAJA AUTOMATICA DE 6 VELOCIDADES6 AIRBAG ,CONTROL DE TRACCION,ESTABILIDAD Y PENDIENTES1.2 12V TURBO 132CV DE POTENCIA 190NMPACK ELECTRICO COMPLETOLLANTAS DE ALEACION 17""ANTICIPO Y SALDO EN CUOTAS FIJAS EN PESOS..VENTAS E INFORMES A TODO EL PAÍS!DISPONIBILIDAD DE TODA LA GAMA*TOMAMOS SU USADO EN PARTE DE PAGO*NO ES PLAN DE AHORRO",1,31870000.0
"BIENVENIDOS A HAUSWAGEN ESCOBAR CONCESIONARIO OFICIAL VWVALOR DE ANTICIPO Y POSIBILIDAD DE FINANCIAR CON TASAS BAJAS* SOMOS concesionario oficial Volkswagen* OFRECEMOS entrega inmediata* TOMAMOS usados en parte de pago* MEJORAMOS presupuestos y ajustamos valor toma de usados* NUESTROS vehículos están físicos en diferentes colores  * 25 FOTOS REALES publicamos fotos propias * FINANCIAMOS* TENEMOS mejor precio al contado* OFRECEMOS test drive para manejar * VENDEMOS a todo el país de manera ágil y contundente CONSULTANOSACEPTAMOS : (Deposito – Transferencia bancaria - Cheque Común - Echeq)HAUSWAGEN cuenta con más de 27 años de trayectoria en el país, desarrollándose en la provincia de Bs. As.DÉJANOS TU CONSULTA",1,49900000.0
"*Entrega inmediata , la Mejor financiación de mercado** Mejoramos cualquier presupuesto del país * * Somos concesionario oficial citroën ** NAVE MOTORS ** Concesionario con mas de 10 años de experiencia en vehiculos citroën ** El asesoramiento personalizado, calidad de servicio, buena atención, responsabilidad y transparencia son nuestros principales atributos para que tengas la mejor experiencia de compra ** NO DUDES Y CONSÚLTANOS ANTES DE DECIDIRTE *SIEMPRE CON ¡ENTREGA INMEDIATA!* RETIRA YA TU 0KM CON UN MÍNIMO ANTICIPO y SOLO CON DNI * (FINANCIACIÓN + DESCUENTO) * * * (FINANCIACIÓN + DESCUENTO + TOMA DE TU USADO) ** TOMAMOS TU AUTO USADO AL MEJOR PRECIO DEL MERCADO ** RESERVA TU TURNO PARA HACER UN TEST DRIVE *",1,18000000.0
"TU PEUGEOT 2008 0KM ESTÁ EN GIAMA#APROVECHÁ EL HOT SALE !*****************************************************LA PUBLICACIÓN ES DEL ANTICIPO + 18 CUOTAS FIJAS TASA 0%***********************************************#UNIDADES EN STOCK PARA ENTREGA INMEDIATA!#CONTAMOS CON LAS MEJORES OPCIONES DE FINANCIACIÓN CON CUOTAS FIJAS!#CRÉDITO EXCLUSIVO TASA 0%#TOMAMOS TU USADO AL MEJOR PRECIO!_____________________________________#NUEVO DISEÑO, TOTALMENTE RENOVADO!#NUEVO MOTOR TURBO 1.0 CON CADENA DE DISTRIBUCIÓN + CAJA AUTOMÁTICA DE 7 MARCHAS.#TABLERO DIGITAL.#CÁMARA TRASERA Y SENSORES DE ESTACIONAMIENTO FRONTALES Y TRASEROS!#LUCES FULL LED!#ASISTENCIAS A LA CONDUCCIÓN.HACE TU CONSULTA HOY Y APROVECHA CONDICIONES UNICAS!!TE ESPERAMOS CON LA MEJOR ATENCIÓN !",1,28554000.0
Valor informado corresponde a anticipo- Saldo a convenir. Consultanos para mayor información. Líneas disponibles de crédito. VW Financial Service- Agronación Mi Pyme - Santanderrio - Banco Provincia - Banco Nación - Banco Galicia - Banco Superville - Credicoop - Banco Francés.-,1,31000000.0
"¡LIV MOTORS te acerca la oportunidad que estabas esperando!¡FINANCIACIÓN EXCLUSIVA! Cuotas en pesos con 0% de interés y entrega inmediata. Disponibilidad real de todas las unidades y colores. ¡Elegí el tuyo hoy mismo!El valor publicado corresponde al ANTICIPO ¡Financia la diferencia con la financiación directa de fábrica!-----------------MAYO 2025------------------EL BOLETO TE LO LLEVAS CON NUMERO DE CHASIS Y MOTOR UNIDADES FÍSICAS----------------------------LEER CON ATENCIÓNNUEVO LANZAMIENTO PEUGEOT 2008 NUEVO 2025--------------------------------------------------------------------------PEUGEOT 2008 ACTIVE //ALLURE//GTHASTA $ 8,000,0000 MILLONES DE PESOS A TASA 0%EN 18,CUOTAS SIN INTERÉS Y FIJAS, CRÉDITO PERSONAL SI GASTO DE PRENDA///////================================================================NUEVA FINANCIACIÓN EXCLUSIVA 2008 ACTIVE//ALLURE//GT$14,000,000 A TASA 0 % SIN INTERÉSDE 24 CUOTAS FIJAS DE $777.840================================================================NUEVA FINANCIACIÓN EXCLUSIVA 2008 ACTIVE//ALLURE//GT$18,000,000 A TASA 7,9 % EN CUOTAS FIJASDE 24 CUOTAS FIJAS DE $838.080NO DEJES DE PREGUNTARNOS POR OTRAS LINEAS DE FINANCIACIÓN (UVA FINANCIANDO HASTA EL 80% DEL VALOR DEL AUTO).=====================================================ASESOR E-COMMERS: NICOLÁS MARCINNOCONSULTA BONIFICACIONES COMPRANDO ESTA SEMANA - DESCUENTOS EXCLUSIVOS.=====================================================Beneficios que te ofrecemos:- Precios imbatibles: Contado, financiado o entregando tu usado.- Mejor tasación por tu auto usado (modelos desde 2010 en adelante).- Venta directa de fábrica o de stock para entrega inmediata.- Asesoramiento personalizado: Estamos listos para responder tus consultas al instante y te ofrecemos la opción de videollamadas en vivo para mostrarte los vehículos sin que salgas de tu casa.Concesionario líder en zona norte con más de 10 años de experiencia. ¡Garantía de calidad y atención!Enviamos a todo el país y te acompañamos durante todo el proceso. Solo tenés que venir a retirar tu 0 km cuando todo esté listo.- Comodidades para el cliente: Estacionamiento exclusivo para clientes. Trato preferencial a clientes del interior del país. Lo hacemos bien simple. Usted solo viene a retirar su vehículo.- Atención exclusiva para empresas y clientes especiales: Somos Peugeot Professional Center, con ofertas especiales para empresas, comerciantes, diplomáticos y jueces.",1,28120271.0
NUEVO FIAT MOBI TREKING 1.0> Disponible para entrega inmediata con numero de chasis> Stock disponible en casa central> Financia a tasa 0% sin interes y retira con minimo anticipo $10.200.000> Cuotas de $400.000CONSULTA Y ME CONTACTO AL INSTANTE !CONSULTA Y ME CONTACTO AL INSTANTE !,1,10200.0
"°|||||||° BIENVENIDOS A AUTODRIVE CONCESIONARIO OFICIAL JEEP °|||||||°°|||||||° MICHELLE BUSTOS ASESORA COMERCIAL °|||||||°°|||||||° ANTICIPO $40.800.000 YA INCLUYE PATENTAMIENTO + 12 CUOTAS FIJAS DE $ 843.000 °|||||||°°||||||| DISPONIBILIDAD DE COLORES, STOCK FISICO PARA ENTREGA INMEDIATAMEJORAMOS CULAQUIER PRESUPUESTO°|||||||°°|||||||°NUEVO JEEP COMPASS SERIE S 1.3 T AT6 4X2 MY25°|||||||°Motorización 1.3T 175 CV T 270Llantas de aleación 19”.Sist. multimedia Uconnect de 10,1”.Apple carplay/Android Auto wireless.Sonido Premium Beats.Tablero full digital de 10,25”.Climatizador Automático Bi-Zona.Cámara de retroceso.Interior tapizado en cuero .7 Airbags.Encendido remoto.Park Assist automático.Cargador de celular wireless.Asistencia a la conducción ADAS.Hace click en whasapp para mas información, te respondo a la brevedad! solicita tambien la cotizacion online de tu usado!!",1,40800000.0
"º|||||||º DESCUENTOS DE CONTADO !!!º|||||||º ENTREGA INMEDIATA !!!º|||||||º TOMAMOS USADOSº|||||||º OPCIONES DE ANTICIPO Y CUOTA FIJA 0% INTERESALGUNAS DE NUESTRAS OPCIONESPLANES DE FINANCIACION :FINANCIA $ 12.000.000 EN 12 CUOTAS FIJAS TASA 0% DE $ 1.012.000FINANCIA $ 18.000.000 EN 12 CUOTAS FIJAS TASA 19.9% % DE $ 1.450.000Concesionario líder en zona norte con más de 20 años de experiencia. ¡Garantía de calidad y atención!HACE TU CONSULTA YA MISMO , NUESTROS ASESORES ESTAN LISTOS PARA ATENDERTE",1,39200000.0
*CONCESIONARIO OFICIAL VOLKSWAGEN*******EXPERECIENCIA 5 ESTRELLAS*****¡¡MEJOR PRECIO Y FINANCIACIÓN!!!*AUTOS EN STOCK PERMANENTE.*VARIEDAD DE COLORES.AV LA PLATA 2050. CABA - BS. AS.*NUEVA FINANCIACIÓN EXCLUSIVA * TASA 0% EN TODAS LAS UNIDADES*SERVICIO DE MANTENIMIENTO BONIFICADO.*FORMAS DE PAGO: INTEGRANDO CONTADO O TU USADO COMO ANTICIPO Y EL RESTO EN 12 CTS 24 CTS 18 CTS 36 CTS O 48 CTS 60 CTS FIJAS Y EN $-*TOMAMOS TU USADO AL MEJOR PRECIO DEL MERCADO.*ENTREGA INMEDIATA.PODEMOS ASESORARTE Y ARMAR UN PLAN DE PAGOS DE ACUERDO A TUS NECESIDADESTENE EN CUENTA QUE TODOS LOS CREDITOS PRENDARIOS Y LEASING SON EN CUOTAS FIJAS EN PESOS.PRIMER CENTRO DE ATENCION PERSONALIZADAVOLKSWAGEN DE ARGENTINAPARA EL OTORGAMIENTO DE CREDITOS PRENDARIOS-LEASINGTRABAJAMOS CON TODOS LOS BANCOSNuestra trayectoria de mas de 35 años nos avala como lideres en el mercado nacionalContamos con el equipo mas profesional para asesorarte1- Créditos prendarios2- Leasing para empresas3- Venta Corporativa4- Cotización de tu usado/s5- Todas nuestras unidades cuentan con su correspondiente certificado de fabricación Y SON AÑO MODELO 2025.6- TOMAMOS CREDITOS DE INVERSION PRODUCTIVA7- CREDITOS PARA PyMEs.RETIRAS EN 10 DÍAS REALES.DEJANOS TU CONTACTO ASI PODEMOS ASESORARTEESTAMOS AUTORIZADOS PARA REALIZAR GESTIONES EN CUALQUIER PARTE DEL PAIS POR VOLKSWAGEN ARGENTINANO DUDES EN CONSULTAR LA MEJOR OPCION DE COMPRA ESTA ACA !!TRABAJAMOS CON LEASING DE TODOS LOS BANCOS.AGUARDAMOS TU CONSULTA   *MARTIN*,1,32999999.0
"Somos Peugeot Toulon - Casa CentralConcesionario Oficial de la Red Peugeot Argentina- Peugeot 2008 ACTIVE (Precio corresponde al mínimo anticipo)OPERACIÓN DE CONTADO PRECIO CHARLABLEFinanciaciones disponibles<<< Financia hasta $14.00.000 en 18 meses (tasa 0%) >>><<< Financia hasta $32.000.000 en 12, 24, 36 y 48 cuotas >>>* Tomamos tu usado en parte de pago.* Solicita tu Test Drive y consulta además las bonificaciones disponibles.* Contamos con unidades físicas de los modelos más vendidos, con financiación directa y entrega inmediata.* Mejoramos todos los presupuestos¡Dejanos tu consulta!SR",1,23820000.0
"CAR DISTRICT TE ESPERA CON LA OPORTUNIDAD QUE ESTABAS ESPERANDO !!!		º|||||||º DESCUENTOS DE CONTADO !!!									º|||||||º ENTREGA INMEDIATA !!!									º|||||||º TOMAMOS USADOS									º|||||||º OPCIONES DE ANTICIPO Y CUOTA FIJA 0% INTERES	ALGUNAS DE NUESTRAS OPCIONES															PLANES DE FINANCIACION :																														FINANCIA $ 12.000.000 EN 12 CUOTAS FIJAS TASA 0% DE $ 1.012.000															FINANCIA $ 18.000.000 EN 12 CUOTAS FIJAS TASA 19.9% % DE $ 1.450.000																														Concesionario líder en zona norte con más de 20 años de experiencia. ¡Garantía de calidad y atención!																														ESPERAMOS TU CONSULTA YA MISMO , NUESTROS ASESORES ESTAN LISTOS PARA ATENDERTE .",1,43299000.0
"-- CONCESIONARIO GRUPO SVA --- EL VALOR PUBLICADO CORRESPONDE AL ANTICIPO FINAL PUESTA EN CALLE PARA FINANCIAR $14.000.000 EN 18 CUOTAS FIJAS DE $778.000 TASA 0%-FINANCIA A TASA 0% EN 18 CUOTAS FIJAS $14.000.000.--FINANCIA HASTA $18.000.000.- CON TASAS BAJAS Y CUOTAS FIJAS-FINANCIA DE $13.000.000 A $26.000.000.- CON CREDITO UVAATENCION PERSONALIZADAStock propio - ENTREGA INMEDIATA-- Financia tu 0km en cuotas fijas y en pesos con tasas preferenciales-- En SVA le damos mayor valor a tu vehículo - EXCELENTE COTIZACION DE USADOSTambién tomamos vehículos en consignación-- Aceptamos todos los medios de pago - La mejor cotización de dólares--Professional Center - Empresas, comerciantes, diplomáticos, jueces y APM. DESCUENTOS EXCLUSIVOS| SOMOS GRUPO SVA |Concesionarios Oficiales Peugeot / Citroën¡MÁS DE 65 AÑOS EN EL RUBRO AUTOMOTOR!",1,29300000.0
"FIAT VERONA OFICIALMODELO: FIAT PULSE ABARTH 1.3 TURBOENTREGA INMEDIATA.*STOCK FÍSICO DE UNIDADES DISPONIBLES.*CONTADO INSUPERABLE.*NO ES PLAN DE AHORRO.*VENTAS A TODO EL PAÍS DE MANERA SENCILLA.*TODA LA LINEA FIAT , CONCESIONARIO OFICIAL.CREDITOS CON TASA PREFERENCIALES EN PESOS!!CONSULTAR POR SU PRUEBA DE MANEJO.*** PRECIO PUBLICADO CORRESPONDE AL ANTICIPO + CUOTAS ***",1,15500000.0
"CAR DISTRICT TE ESPERA CON LA OPORTUNIDAD QUE ESTABAS ESPERANDO !!!º|||||||º DESCUENTOS DE CONTADO !!!º|||||||º ENTREGA INMEDIATA !!!º|||||||º TOMAMOS USADOSº|||||||º OPCIONES DE ANTICIPO Y CUOTA FIJA 0% INTERESALGUNAS DE NUESTRAS OPCIONESPLANES DE FINANCIACION :FINANCIA $ 12.000.000 EN 12 CUOTAS FIJAS TASA 0% DE $ 1.012.000FINANCIA $ 18.000.000 EN 12 CUOTAS FIJAS TASA 19.9% % DE $ 1.450.000Concesionario líder en zona norte con más de 20 años de experiencia. ¡Garantía de calidad y atención!ESPERAMOS TU CONSULTA YA MISMO , NUESTROS ASESORES ESTAN LISTOS PARA ATENDERTE",1,30599000.0
"•ALRA S.A. CONCESIONARIO OFICIAL VOLKSWAGEN•NIVUS 1.0 200TSI COMFORTLINE AUTOMATICA - LINEA NUEVA MY25• Anticipo: $22.250.000• Financia: $14.000.000 en9 cuotas (TNA 0.00%) de $1.555.556 + seguro.Gastos incluidos de flete, formularios y prenda bancaria. Al retirar abona el patentamiento que es un 8% de sellos + patente proporcional.********************************************************************************Equipamiento destacado:- Llantas de aleación de 17''- Cargador de celular inalámbrico- Volante revestido en cuero- Palanca de cambios revestida en cuero- Apoyabrazos delantero central con salida de aire traseras- Cámara de estacionamiento con visión trasera- Sensor de estacionamiento trasero- Tablero digital 8"" | VW Digital Cockpit- Sistema Multimedia VW Play 10"" Conectada con App connect sin cable- Control de velocidad crucero- 2 tomas USB Tipo C en consola central- Espejo interior con anti-encandilamiento automático- Levas al volante- Limpiaparabrisas automático con sensor de lluvia********************************************************************************Erika Parra- Av. Juan B. Justo 2611 - Villa Crespo Buenos Aires -•ALRA S.A. CONCESIONARIO OFICIAL VOLKSWAGEN•",1,33150001.0
"CONSULTA SIEMPRE EN CONCESIONARIO OFICIALTENEMOS EL MEJOR PRECIO, ATENCION Y STOCK FISICO.ENTREGA INMEDIATA EN TODAS las versiones 0km disponibles.VENDEMOS DE Contado - Financiado - Tomamos usadosPresupuesto con cuotas fijas con el anticipo que disponga.CREDITOS PRENDARIOS con CUOTAS FIJAS y TASA FIJA.FINANCIAMOS HASTA EL 90% DEL 0km SOLO CON DNI.TOMAMOS AUTOS Y MOTOS USADOS LLAVE x LLAVEEl precio publicado corresponde a un ejemplo de anticipo y el resto en cuotas.REALIZAMOS VENTAS EN TODO EL PAÍS.Consulte por WhatsApp todos los modelos y financiaciones.",1,32973700.0
"Concesionario Oficial Renault DIAZ S.A – Sucursal Belgrano-Stock disponible – Entrega inmediata-Financiación sin interés – Cuotas a medida-Tomamos tu usado – Sistema llave por llave*Precio publicado para anticipo y cuotas*Beneficios exclusivos:-Solo con DNI, a sola firma.-Aprobación inmediata.-Cuotas en pesos, sin interés y tasa fija.-Posibilidad de cambiar de modelo sin afectar anticipo ni cuotas.-Test Drive disponible bajo solicitud.Ubicación y Atención:Estamos en Av. Cabildo 3636, CABA – Estacionamiento exclusivo para clientes.Lunes a sábados de 9 a 19 hs.Consultas sin compromiso – Contacta con nosotros al 11 2301-7479Asesor : Tiago Federico",1,27550000.0
"¡Oferta Abril! Fiat PulseRetirá con:Anticipo: $10,000,000 y pagá en cuotas de $360,000 por mescon TASA 0%.Aceptamos:# Tu usado como parte de pago# Dólares al mejor valor# PesosEstamos en Capital Federal y Zona Oeste.Atendemos de lunes a sábados, de 9 a 19 hs.Atención rápida por #Whtspp para más información.",1,28000000.0
"Fiat Pulse Drive 1.3 99cv automático CVT  0km""Leer el aviso previamente a realizar consulta""Publicación corresponde al canal de venta convencional, 0km. #NO ES PLAN DE AHORRO#Stock disponible para entrega inmediataHorario de atención de Lunes a Sábados de 09:00 a 19:00Asesora de ventas convencionalCarmen VentreFiat Autogenerali Concesionario oficialSe toman reservas de la unidad únicamente con color disponible en stock""Precio publicado contado bonificado mas gastos de flete/patentamiento""Por la variante de precios confirmar con el vendedor valor actualizado previamente a realizar la reserva de la unidadOperación con entrega inmediata de la unidad según color disponible en stockReserva unidad $1.000.000 mediante mercado pago, transferencia, deposito o en salón de ventas (débito-crédito-efectivo-mercado pago)Opción a financiar: Anticipo mínimo 30% del valor publicado o usado solo con dni el saldo se puede realizar en 12/24/36/48 o 60 cuotas fijas sistema francésConsultar créditos UVA con anticipo minino 20% del valor publicado---entrega inmediata----(No es plan de ahorro, no se toman como parte de pago)Tomamos tu usado---Gran Buenos Aires y Capital federal---informar datos del usados en la consulta para enviar valor aproximado de cotización---Consultar colores disponibles en stockConcesionario oficial Fiat GeneraliServicio oficial de post ventaVentas al interior solo contado (No se toman usados)Ventas convencional contado o crédito prendarioGARANTÍA: 3 AÑOS O 100.000KM (LO QUE OCURRA PRIMERO) ORÍGEN DEL VEHÍCULO: BRASIL.IMAGENES ILUSTRATIVAS, LOS VALORES ASÍ COMO LOS DETALLES DESCRIPTOS EN ESTE FOLLETO SON APROXIMADOS, DESCRIPTIVOS.Quiénes SomosAUTOGENERALI es una compañía dedicada a la comercialización de vehículos, Concesionario Oficial de Fiat Auto Argentina desde el año 1996, que viene ocupando, ya desde sus comienzos, un lugar de liderazgo dentro de la vasta red que posee la prestigiosa marca italiana.Actualmente contamos con casi 8.000 m2 de infraestructura comercial y de servicios compuesta por cuatro puntos de ventas distribuidos en el territorio de la Ciudad Autónoma de Buenos Aires y dos Talleres de Servicio y Venta de Repuestos dentro del mismo ámbito.Con un plantel de casi 200 personas distribuidas en las distintas áreas de la empresa, estamos en condiciones de brindar a nuestros clientes los más altos estándares de servicio.En permanente proceso de capacitación para atender los requerimientos de un mercado cada vez más exigente y con la experiencia que nos da haber entregado más de 60,000 vehículos, ofrecemos todos nuestros canales de comunicación, entre ellos nuestro Sitio Web Oficial, nuestra Facebook Fan Page, Twitter, etc., como herramientas para acercarnos de manera más directa con nuestros clientes y con quienes sin serlo, tienen la intención de acercarse al mundo FIAT de la forma más amigable.",1,27300000.0
"Somos motorville concesionario Nº1 en ventasNos destacamos por una propuesta de servicio, asesoramiento y calidad con los más altos estándares del mercado.INSPECCIÓN Y COBERTURA MECÁNICA: todos nuestros vehículos están chequeados y certificados en 240 puntos por nuestro equipo de expertos, VTV vigente, libre de deudas de patentes e infracciones.GESTORIA: Nosotros nos encargamos de todo!!!!! contamos con un equipo de gestores matriculados para que de lo único que te ocupes sea de disfrutar del vehículo.BROKER DE SEGUROS: También disponemos de un completo departamento de seguros, para que puedas comparar la cotización con compañías líderes.DEPARTAMENTO DE ACCESORIOS: personaliza tu vehículo con una gran diversidad de productos de prestigiadas marcas, nuestro compromiso es estar a la vanguardia de la tecnología y el conocimiento técnico para satisfacer las necesidades y expectativas de nuestros clientesEquipamientos y accesorios - Estética vehicular – Polarizados y laminadosMÉTODOS DE PAGO:* AL CONTADO: Paga vía transferencia bancaria o depósito.*DEJA TU AUTO COMO PARTE DE PAGO: Cambia tu auto por uno de calidad certificada de motorville y con cobertura mecánica.*FINANCIACIÓN: En MOTORVILLE podes acceder a tu próximo vehículo con un anticipo mínimo y una cuota ajustada a tu medida. Las mejores tasas del mercado.NO BUSQUES MAS TU PRÓXIMO VEHÍCULO TE ESPERA EN motorville",1,36990000.0
"CONSULTAL AL WHATSAPP DE LA PUBLICACIONAÑO 2025CONCESIONARIO OFICIAL CHEVROLET CAR ONE S.ACONSULTAME POR WHATSAPP ASI TE LLEGA TODA LA INFO Y TUS DUDAS EN EL MOMENTOOPORTUNIDAD UNICA MAYONUEVA CHEVROLET TRACKER LTZ 1.2 TURBO 132CV AUTOMATICAPRECIO OPORTUNIDAD (NO INCLUYE GASTOS)OFERTA VALIDA HASTA AGOTAR STOCKCAJA AUTOMATICA DE 6 VELOCIDADES6 AIRBAG ,CONTROL DE TRACCION,ESTABILIDAD Y PENDIENTES1.2 12V TURBO 132CV DE POTENCIA 190NMPACK ELECTRICO COMPLETOLLANTAS DE ALEACION 17""ANTICIPO Y SALDO EN CUOTAS FIJAS EN PESOS..VENTAS E INFORMES A TODO EL PAÍS!DISPONIBILIDAD DE TODA LA GAMA*TOMAMOS SU USADO EN PARTE DE PAGO*NO ES PLAN DE AHORRO",1,31870000.0
"VW TAOS HIGHLINE BITONO 1.4 250 TSI 0 KM ENTREGA INMEDIATAPRECIO PUBLICADO CORRESPONDE AL ANTICIPO, SALDO: EN EFECTIVO, PERMUTA Y/O A FINANCIAR- Financiacion a tasa 0 %- Banco Macro tarjeta selecta 12 cuotas sin interés-Banco Supervielle financia mas del 50%- Tomamos Dolares (Consultar cotización)- Entrega inmediata- Tomamos usados en parte de pago. Mejor cotización.- Financiamos con DNI, sin intereses.-Crédito prendarios- Leasing- Ventas corporativasHauswagen Escobar, Km 50 Panamericana ramal EscobarPertenecemos a uno de los grupos mas prestigiosos del país. (GCDC)Concesionario oficial VolkswagenKARINA BILAK  Asesora comercial",1,41990000.0
"Concesionario Oficial Volkswagen con el Stock Más Amplio de 0KM.Asesor comercial RODRIGO TOBIA.¡Bienvenido a nuestro concesionario oficial Volkswagen! Estamos orgullosos de ofrecer el stock de unidades 0KM más amplio del mercado, con disponibilidad de colores para satisfacer tus preferencias.Unidades Físicas para Entrega Inmediata.No esperes más para disfrutar de tu nuevo Volkswagen. Tenemos unidades físicas listas para entrega inmediata, sin demoras innecesarias.Formas de Pago para Unidades 0KM:Contado: La opción más rápida y sencilla.Crédito Prendario a través de Volkswagen Financial Service: Te ayudamos a financiar tu Volkswagen de la forma mas conveniente con créditos prendarios otorgados por BBVA. Con cuotas fijas y las tasas mas bajas del mercado. Tasas 0% en todas las versionesTomamos tu usado en forma de pago: Solo vehículos radicados en CABA y AMBA con menos de 100 mil km.Financiación de Fábrica en 84 cuotas: Una forma accesible de adquirir tu Volkswagen.Vehículos Adjudicados: Mínimo anticipo más cuotas.Nota Importante:El valor publicado no incluye gastos de agencia (flete, formularios, alistamiento, preentrega, patentamiento).Si deseas obtener más detalles sobre cualquiera de nuestras unidades, formas de pago o si tienes alguna pregunta, no dudes en contactarnos. Estamos aquí para ayudarte a encontrar el Volkswagen que se adapte a tus necesidades.¡Gracias por considerarnos para tu próxima adquisición de vehículo!",1,31200000.0
"oferta solo en color negro y de contado Somos motorville concesionario Nº1 en ventasNos destacamos por una propuesta de servicio, asesoramiento y calidad con los más altos estándares del mercado.INSPECCIÓN Y COBERTURA MECÁNICA: todos nuestros vehículos están chequeados y certificados en 240 puntos por nuestro equipo de expertos, VTV vigente, libre de deudas de patentes e infracciones.GESTORIA: Nosotros nos encargamos de todo!!!!! contamos con un equipo de gestores matriculados para que de lo único que te ocupes sea de disfrutar del vehículo.BROKER DE SEGUROS: También disponemos de un completo departamento de seguros, para que puedas comparar la cotización con compañías líderes.DEPARTAMENTO DE ACCESORIOS: personaliza tu vehículo con una gran diversidad de productos de prestigiadas marcas, nuestro compromiso es estar a la vanguardia de la tecnología y el conocimiento técnico para satisfacer las necesidades y expectativas de nuestros clientesEquipamientos y accesorios - Estética vehicular – Polarizados y laminadosMÉTODOS DE PAGO:* AL CONTADO: Paga vía transferencia bancaria o depósito.*DEJA TU AUTO COMO PARTE DE PAGO: Cambia tu auto por uno de calidad certificada de motorville y con cobertura mecánica.*FINANCIACIÓN: En MOTORVILLE podes acceder a tu próximo vehículo con un anticipo mínimo y una cuota ajustada a tu medida. Las mejores tasas del mercado.NO BUSQUES MAS TU PRÓXIMO VEHÍCULO TE ESPERA EN motorville",1,43990000.0
"Somos motorville concesionario Nº1 en ventasNos destacamos por una propuesta de servicio, asesoramiento y calidad con los más altos estándares del mercado.INSPECCIÓN Y COBERTURA MECÁNICA: todos nuestros vehículos están chequeados y certificados en 240 puntos por nuestro equipo de expertos, VTV vigente, libre de deudas de patentes e infracciones.GESTORIA: Nosotros nos encargamos de todo!!!!! contamos con un equipo de gestores matriculados para que de lo único que te ocupes sea de disfrutar del vehículo.BROKER DE SEGUROS: También disponemos de un completo departamento de seguros, para que puedas comparar la cotización con compañías líderes.DEPARTAMENTO DE ACCESORIOS: personaliza tu vehículo con una gran diversidad de productos de prestigiadas marcas, nuestro compromiso es estar a la vanguardia de la tecnología y el conocimiento técnico para satisfacer las necesidades y expectativas de nuestros clientesEquipamientos y accesorios - Estética vehicular – Polarizados y laminadosMÉTODOS DE PAGO:* AL CONTADO: Paga vía transferencia bancaria o depósito.*DEJA TU AUTO COMO PARTE DE PAGO: Cambia tu auto por uno de calidad certificada de motorville y con cobertura mecánica.*FINANCIACIÓN: En MOTORVILLE podes acceder a tu próximo vehículo con un anticipo mínimo y una cuota ajustada a tu medida. Las mejores tasas del mercado.NO BUSQUES MAS TU PRÓXIMO VEHÍCULO TE ESPERA EN motorville",1,43490000.0
"CAR DISTRICT TE ESPERA CON LA OPORTUNIDAD QUE ESTABAS ESPERANDO !!!																										º|||||||º DESCUENTOS DE CONTADO !!!													º|||||||º ENTREGA INMEDIATA !!!													º|||||||º TOMAMOS USADOS													º|||||||º OPCIONES DE ANTICIPO Y CUOTA FIJA 0% INTERES																										ALGUNAS DE NUESTRAS OPCIONES													PLANES DE FINANCIACION :																										FINANCIA $ 12.000.000 EN 12 CUOTAS FIJAS TASA 0% DE $ 1.012.000													FINANCIA $ 18.000.000 EN 12 CUOTAS FIJAS TASA 19.9% % DE $ 1.450.000																										Concesionario líder en zona norte con más de 20 años de experiencia. ¡Garantía de calidad y atención!																										HACE TU CONSULTA YA MISMO , NUESTROS ASESORES ESTAN LISTOS PARA ATENDERTE",1,45300000.0
Anticipo : $27.500.000- Saldo en cuotas Tasa 0%- NUEVO!!!.  Tu usado es efectivo! Consultanos para recibir asesoramiento.,1,27500000.0
"•**DARC CITROEN**•••• ENTREGA INMEDIATA! •••-FINANCIACIÓN A TASA EXCLUSIVA-PAGAMOS MEJOR TU AUTO-RETÍRALO CON MÍNIMO ANTICIPO Y SALDO EN CUOTAS, SOLO CON TU DNI-MEJORAMOS CUALQUIER PRESUPUESTO-TALLERES PROPIO EN SUCURSAL-ESTACIONAMIENTO EXCLUSIVO PARA CLIENTES-TEST DRIVE DISPONIBLE-FORMA DE PAGO A CONVENIR SEGÚN TIPO DE VENTA-ATENDEMOS VENTA A EMPRESAS-VENTA DISCAPACITADOS DIPLOMÁTICOS-LO VISITAMOS EN SU DOMICILIO O EMPRESA• Concesionario Oficial D'arc Citroen •*** imágenes no contractuales ***",1,30520000.0
CONCESIONARIO OFICIAL FIAT - VILLA DEVOTONUEVA FIAT PULSE DRIVE CVT ENTREGA INMEDIATA. TODOS LOS MODELOS EN STOCK PARA ENTREGA INMEDIATA.PRECIO PUBLICADO CORRESPONDE A ANTICIPO.EL MEJOR PRECIO DE CONTADO.MEJORAMOS CUALQUIER PRESUPUESTO QUE TENGAS.TOMAMOS TU UNIDAD USADA AL MEJOR VALOR.FINANCIAMOS CON LAS TASAS MAS BAJAS DEL MERCADO. NO ES PLAN DE AHORRO.LAURA GALVAN ASESORA COMERCIAL DE VENTA CONVENCIONAL CON ENTREGA INMEDIATA.,1,26000000.0
"¡Cada vez más cerca de tu COMPASS! ¿Buscas anticipos y cuotas accesibles? ¡ Estás en el lugar correcto ! con un anticipo de $12,738,000 podes tener tu ram en la versión que prefieras!¿cómo podes presentar ese capital?EFECTIVO / DOLARES / AUTOS USADOS ¿Y el resto? Ahora podes aprovechar nuestro financiamiento a TASA CERO financia hasta el %60 del valor de tu unidad ¡no pagues sobreprecio!Contamos con financiaciones en 24/36/48 o hasta 70 cuotas Acomoda la cantidad y el monto de las cuotas a tu manera!                                             ¡no pierdas esta oportunidad! Subite al Jeep Compass y sentí la diferencia desde el primer día:# Espacio cómodo para que vos y tu familia viajen relajados# Tecnología que te conecta a todo: Android Auto y Apple CarPlay# Seguridad en serio: control de estabilidad, asistente en pendientes, múltiples airbags# Diseño premium que no pasa desapercibido[Estamos en: Capital Federal y Zona OesteDe lunes a sábados de 9 a 19 hs]Atención rápida por #Whtspp para más info.",1,27800000.0
"ENTREGA INMEDIATA! - DISPONIBLE DE VER- PATENTADO OKM, LISTO PARA TRANSFERIR!- PRECIO DE CONTADO- LLEVATELA FINANCIADA CON ANTICIPO Y SALDO EN CUOTAS- ENTREGA INMEDIATA!!!- CONSULTA POR ENTREGA DE USADO",1,39900000.0
Concesionario Peugeot OficialPeugeot 2008 GT 2025Retira con tu anticipo y el resto en cuotas de $370.000Tomamos tu usadoContamos con adjudicados listos para entregar!Entrega tu anticipo al recibir!Recibi bonificaciones desde:Patentamiento hasta una cuota paga,1,19000000.0
"Concesionario Oficial Renault DIAZ S.A-Stock disponible, entrega inmediata-Financiacion sin interes-Tomo usado sistema llave por llave*Precio publicado para anticipo y cuotas*",1,31190000.0
"Jeep Compass Sport 2025 - Elegancia y Potencia en un SUV CompactoDescubre la nueva Jeep Compass Sport 2025, un SUV que combina diseño sofisticado, tecnología avanzada y un rendimiento excepcional. Perfecto para quienes buscan confort y versatilidad en cada viaje.Motor: 1.3 Turbo naftero de 175 CV y 270 Nm de torqueTransmisión: Automática de 6 velocidades con tracción delanteraDiseño moderno: Llantas de aleación de 17”, faros LED y líneas aerodinámicasInterior premium: Climatizador bizona y pantalla multimediaSeguridad avanzada: Control de estabilidad, sensores de estacionamiento y 6 airbagsIdeal para la ciudad y escapadas de fin de semana. ¡No dejes pasar esta oportunidad!ANTICIPO + CUOTAS FIJASCINTIA SOSAEJECUTIVA COMERCIAL",1,41800000.0
"ASESORA COMERCIAL//// GABRIELA CARRIZO.PEUGEOT AUTOFRANCE TE OFRECE UN ADJUDICADO SIN SOBRE PRECIO!!!!!!PRECIO PUBLICADO PROMOCIONAL, ANTICIPO FINAL!!INTEGRACION DEL 30% + 8 EFECTIVO O TU USADO SISTEMA LLAVE X LLAVESALDO EN CUOTAS DE $277.000 (pre cancelables parcial o en tu totalidad a valor de cuota pura )EL VALOR DE PUBLICACIÓN NO ES EL VALOR FINAL DE LA UNIDAD.* SOMOS EL CONCESIONARIO PEUGEOT Nº 1 EN VENTAS DEL PAIS ** OPERAMOS VENTA DIRECTA DE FABRICA Y/O STOCK PARA ENTREGA INMEDIATA ** TODOS LOS USADOS Y SEMI NUEVOS EN STOCK FUERON SOMETIDOS A RIGUROSOS CONTROLES DE CALIDAD EN NUESTROS TALLERES PROPIOS ** RESPUESTA INMEDIATA A SUS CONSULTAS: Respondemos al instante consultas y llamados. Podemos programar una video llamada para que usted pueda ver los autos sin moverse de su casa u oficina.* SOMOS CONCESIONARIO LIDER EN CALIDAD DE ATENCION.* SU AUTO USADO EN AUTOFRANCE VALE MAS: Pagamos más por su usado desde 2009 sin limite de kilometraje. También podemos tomar su auto en consignación.* ENTREGA INMEDIATA EN TODA LA GAMA.exclusivo para clientes. Trato preferencial a clientes del interior del país. Lo hacemos bien simple. Usted solo viene a retirar su 0km.* FORMAS DE PAGO: aceptamos todas las formas de pago. Tomamos mejor sus dólares.**ASESORA COMERCIAL: CARRIZO GABRIELA",1,15750000.0
"¡Cada vez más cerca de tu COMPASS!¿Buscas anticipos y cuotas accesibles? ¡Estás en el lugar correcto ! Con un anticipo de $12,738,000 ¡podes tener tu COMPASS en la versión que prefieras!¿cómo podes presentar ese capital?EFECTIVO / DOLARES / AUTOS USADOS ¿Y el resto? Ahora podés aprovechar nuestro financiamiento a TASA CERO financia hasta el %60 del valor de tu unidad ¡no pagues sobreprecio!Tenemos financiamientos en 24/36/48 o hasta 70 cuotas ¡Acomoda la cantidad y el monto de las cuotas a tu manera!¡no pierdas esta oportunidad! Subite al Jeep Compass y sentí la diferencia desde el primer día:# Espacio cómodo para que vos y tu familia viajen relajados# Tecnología que te conecta a todo: Android Auto y Apple CarPlay# Seguridad en serio: control de estabilidad, asistente en pendientes, múltiples airbags# Diseño premium que no pasa desapercibido[Estamos en: Capital Federal y Zona OesteDe lunes a sábados de 9 a 19 hs]Atención rápida por #Whtspp para más info.",1,22390000.0
"AUTOFRANCE PEUGEOT |||PRECIO PUBLICADO DE ANTICIPO PUESTO EN CALLE!!! , FINANCIANDO $8.000.00018 CUOTAS DE $444.444 FIJAS TASA 0%||| SALDO FINAL SOLICITANDO FINANCIACIÓN DE $14.000.000 EN 18 CUOTAS FIJAS DE $777.840 SIN INTERES ||| CON ENTREGA INMEDIATA |||||| SOMOS EL CONCESIONARIO OFICIAL PEUGEOT Nº 1 EN VENTAS DEL PAIS||| OPERAMOS VENTA DIRECTA DE FABRICA Y/O STOCK PARA ENTREGA INMEDIATA||| TODOS LOS USADOS Y SEMI NUEVOS EN STOCK FUERON SOMETIDOS A RIGUROSOS CONTROLES DE CALIDAD EN NUESTROS TALLERES PROPIOS||| EL MEJOR PRECIO CONTADO FINANCIADO O CON SU USADO||| RESPUESTA INMEDIATA A SUS CONSULTAS: Respondemos al instante consultas y llamados. Podemos programar una video llamada para que usted pueda ver los autos sin moverse de su casa u oficina.||| SOMOS CONCESIONARIO LIDER EN CALIDAD DE ATENCION.||| SOMOS ESPECIALISTAS EN FINANCIACION: Financiamos HASTA $ 14.000.000 en 18 CUOTAS FIJAS TASA 0% o HASTA $22.000.000 EN 24 CUOTAS UVA TASA 0%Aprobamos su crédito en el acto!||| SU AUTO USADO EN AUTOFRANCE VALE MAS: Pagamos más por su usado desde 2009 sin limite de kilometraje. También podemos tomar su auto en consignación.||| ENTREGA INMEDIATA EN TODA LA GAMA.||| COMODIDADES PARA CLIENTES: Estacionamiento exclusivo para clientes. Trato preferencial a clientes del interior del país. Lo hacemos bien simple. Usted solo viene a retirar su 0km.||| NUESTRO SERVICIO POSTVENTA ES CONSIDERADO EL MEJOR DEL PAIS.||| FORMAS DE PAGO: aceptamos todas las formas de pago. Tomamos sus dólares al mejor valor del mercado.||| ATENCION EXCLUSIVA EMPRESAS Y CLIENTES ESPECIALES: Somos Peugeot Professional Center. Ventas especiales para empresas comerciantes diplomáticos jueces y APM||| ASESOR COMERCIAL: TOMAS ARAUJO",1,35200000.0
!!!OFERTA ESPECIAL DEL MES!!! OBTENELO CON UN CRÉDITO DE HASTA $16.000.000 EN TASA 0%El precio corresponde a anticipo y cuotasSTOCK FÍSICO Y CON CERTIFICADO .UNIDADES DISPONIBLE PARA ENTREGA INMEDIATA .!NAVE MOTORS CONCESIONARIO OFICIAL CITROEN!CALIDAD Y TRAYECTORIA A NIVEL NACIONAL.NUMERO 1 DE ARGENTINA.GRACIAS A NUESTROS CLIENTES NOS POSICIONAMOS EN LA MEJOR RED DE CONCESIONARIOS DEL PAÍS.DANIEL AGUIRREVENTAS,1,26990000.0
"CHRYSLER JEEP COMPASS 1.3 T270 LIMITED AT | 0KM 2025. Retirala con Anticipo desde $10.000.000 + Financiación.El Precio Publicado corresponde a operaciones Contado . CONSULTANOS por otras unidades Chrysler - Ram ( Financiación Banco Santander solo con DNI - Tna 19.9% hasta 48 Cuotas ). 0km - Entrega Inmediata - Unidad Física en Exposición en nustro salón de ventas. Somos Imola Automotores, concesionario multimarca con más de 17 años en el mercado.VENTAS A DISTANCIATe asesoramos para que compres tu Próximo Auto Usado o 0KM desde tu Casa y viajas cuando este todo listo para retirarlo.OBJETIVOBrindarle a nuestros amigos, clientes y público en general, un proceso transparente y dinámico durante el proceso de compra de su próximo auto usado o 0km. Hacemos la diferencia, antes, durante y después de la compra de tu nuevo auto. DESCUENTOSMejoramos cualquier oferta por pago contado.STOCKDisponemos de 100 unidades en stock entre usados seleccionados y 0km con entrega inmediata de diferentes marcas. GESTORIATodos nuestros vehículos se entregan transferidos.FINANCIACIÓNPodes Financiar hasta el 95% de tu 0KM y hasta el 85% de tu próximo vehículo usados, dependiendo del modelo, año y versión. Requisitos: Activamos tu crédito en el acto, solo con tu DNI. Contamos con la Tna más baja del mercado. PERMUTASRecibimos unidades como permuta, únicamente en excelente estado. ( Excluyente )",1,49900000.0
"Concesionario Oficial Volkswagen con el Stock Más Amplio de 0KM.Asesor comercial RODRIGO TOBIA.¡Bienvenido a nuestro concesionario oficial Volkswagen! Estamos orgullosos de ofrecer el stock de unidades 0KM más amplio del mercado, con disponibilidad de colores para satisfacer tus preferencias.Unidades Físicas para Entrega Inmediata.No esperes más para disfrutar de tu nuevo Volkswagen. Tenemos unidades físicas listas para entrega inmediata, sin demoras innecesarias.Formas de Pago para Unidades 0KM:Contado: La opción más rápida y sencilla.Crédito Prendario a través de Volkswagen Financial Service: Te ayudamos a financiar tu Volkswagen de la forma mas conveniente con créditos prendarios otorgados por BBVA. Con cuotas fijas y las tasas mas bajas del mercado. Tasas 0% en todas las versionesTomamos tu usado en forma de pago: Solo vehículos radicados en CABA y AMBA con menos de 100 mil km.Financiación de Fábrica en 84 cuotas: Una forma accesible de adquirir tu Volkswagen.Vehículos Adjudicados: Mínimo anticipo más cuotas.Nota Importante:El valor publicado no incluye gastos de agencia (flete, formularios, alistamiento, preentrega, patentamiento).Si deseas obtener más detalles sobre cualquiera de nuestras unidades, formas de pago o si tienes alguna pregunta, no dudes en contactarnos. Estamos aquí para ayudarte a encontrar el Volkswagen que se adapte a tus necesidades.¡Gracias por considerarnos para tu próxima adquisición de vehículo!",1,27700000.0
"*Financiación exclusiva tasa 0% 24 meses** Mejoramos cualquier presupuesto del país * * Somos concesionario oficial citroën ** NAVE MOTORS ** Concesionario con mas de 10 años de experiencia en vehiculos citroën ** El asesoramiento personalizado, calidad de servicio, buena atención, responsabilidad y transparencia son nuestros principales atributos para que tengas la mejor experiencia de compra ** NO DUDES Y CONSÚLTANOS ANTES DE DECIDIRTE *SIEMPRE CON ¡ENTREGA INMEDIATA!* RETIRA YA TU 0KM CON UN MÍNIMO ANTICIPO y SOLO CON DNI * (FINANCIACIÓN + DESCUENTO) * * * (FINANCIACIÓN + DESCUENTO + TOMA DE TU USADO) ** TOMAMOS TU AUTO USADO AL MEJOR PRECIO DEL MERCADO ** RESERVA TU TURNO PARA HACER UN TEST DRIVE *",1,16900000.0
"PEUGEOT 2008 GT COLOR NEGRO EN OFERTA IMPERDIBLE! Llévala con un anticipo de $26.266.000 + $18.000.000 FINANCIADOS A TASA 7,9% EN 24 CUOTAS DE $838.000 FIJAS Y EN PESOS!!-INCLUYE GASTOS DE PRENDA Y PATENTAMIENTO-ASESORA COMERCIAL: CATALINA CASTRELLON*EL MEJOR PRECIO DEL MERCADO. Ventas a toda la República Argentina.*MEJORAMOS PRECIO CONTADO. Trae tu presupuesto.*TOMAMOS EL DÓLAR A MEJOR PRECIO MERCADO.* AMPLIO STOCK PARA ENTREGA INMEDIATA*TOMAMOS USADOS EN PARTE DE PAGO, contamos con tasación profesional.*SOLUCIONES DE FINANCIAMIENTO: Prendaria, personal y leasing en cuotas fijas y en pesos.*FINANCIACIÓN $ 8,000,000 EN 18 MESES TNA 0%*FINANCIACIÓN $ 14,000,000 EN 18 MESES TNA 0%*FINANCIACIÓN UVA $22.000.000 EN 24 MESES TNA 0%*TEST DRIVE A DISPOSICIÓN.*AMPLIA DISPONIBILIDAD DE COLORES.*CONSULTAR VALORES VIGENTES.*VENTA DIRECTA DE FABRICA Y/O STOCK PARA ENTREGA INMEDIATA ** RESPUESTA AL INSTANTE EN SU CONSULTA POR WHATSS APP O LLAMADO*TALLERES PROPIOS OFICIALES Y VENTA DE REPUESTOSGRUPO ROBAYNA, TU SOCIO DE CONFIANZA EN MOVILIDADSucursal ZARATE- ESCOBAR- DON TORCUATO- SAN MIGUEL- NORDELTA - Grupo Robayna – Concesionario Oficial PeugeotMIGUEL ROBAYNA S.A",1,27000000.0
"Buscas estilo , espacio, tecnología y seguridad? El Peugeot 2008 es tu mejor opción !!ANTICIPO DE $13.200.000 EL RESTO TE LO FINANCIAMOS EN CUOTAS DE $ 380.000 FIJAS DIRECTO DE FABRICA.Nuestra concesionaria oficial NOVO PEUGEOT se destaca por ofrecer un servicio excepcional y una amplia gama de vehículos de alta calidad desde hace mas de 30 añosNos comprometemos a entender las necesidades de cada cliente ,brindando asesoría experta para ayudar a encontrar el vehículo perfecto.Ofrecemos la posibilidad de realizar pruebas de manejo para que puedas experimentar personalmente la calidad y el confort de nuestros vehículos antes de tomar una decisión.Y lo mas importante es que disponemos de diversas opciones de compra, adaptadas a tus necesidades ,facilitando la mejor elección de tu nuevo auto ,ademas contamos con stock propio.Dentro del concesionario contamos con el taller de mantenimiento y reparaciones realizadas por técnicos especializados.CONTAMOS CON BONIFICACIONES Y DESCUENTOS EN EL MOMENTO DE TU INGRESO !NO DEJES PASAR ESTA OPORTUNIDAD UNICA.VEN Y DESCUBRE TODO LO QUE TENEMOS PARA OFRECERTE.TU NUEVO VEHICULO TE ESTA ESPERANDO!",1,30600000.0
"ENTREGA INMEDIATA!- Okm a patentar - Consulta por Financiacion con Anticipo y cuotas, creditos prendario o de la Marca- Colores a Eleccion sujeto a disponibilidad Somos una empresa con mas de 10 años de trayectoria.Brindamos atención personalizada en todo el proceso administrativo.¡ContactanosTu consulta no molesta. Estamos Ubicados en Zona Palermo Multimarca OKM Y USADOS Att AUTODEAL",1,51000000.0
"¡¡UNIDAD FISICA EN STOCK, LISTA PARA RETIRAR !!- Concesionario Oficial DFSK NORTE!"" Toyota Corolla Cross SEG Hibrida 1.8 L OKM, 2025/LINEA NUEVA!!!!- PAGO CONTADO $ 51.450.000- ANTICIPO $ 36.500.00060 x 950.00048 x 1.001.00036 x 1.099.00024 x 1.320.000Corresponde a una simulacion de Cuota Fija en Pesos, sistema Frances, Banco Santander.El plazo del prestamo y el monto de la cuota puede variar dependiendo la calificacion crediticia del cliente. La empresa podra optar por buscar financiacion en mas de un Banco o Financiera para hacerle diversas propuestas al cliente. UVA 48 x 618.00036 x 735.00024 x 975.00012 x 1.705.000Corresponde a una Simulacion de Cuota Variable UVA en Pesos, sistema Frances, Banco Santander.El plazo del prestamo y el monto de la cuota puede variar dependiendo la calificacion crediticia del cliente. La empresa podra optar por buscar financiacion en mas de un Banco o Financiera para hacerle diversas propuestas al cliente.- Entrega Inmediata, puede venir a verlo, pagar y retirar en en dia con la mejor atencion, Confiabilidad, Servicio y Gestoria en la actualidad del mercado, NUNCA FUE TAN FACIL COMPRAR UN AUTO!- LINEA NUEVA 2025, ENTREGA INEMDIATA REAL. LA TENEMOS EN STOCK- MOTOR 1.8 L HIBRIDO- CONTROL DE MANEJO ADÁPTATIVO/ VELOCIDAD CRUCERO- ASIENTO DE CUERO- PANTALLA 9´/ DISPLAY DE INFORMACION 7´- CARPLAY Y ANDROID- CARGADOR INALAMBRICO- PORTON TRASERO CIERRE AUTOMATICO- ENCENDIDO ELECTRONICO- CAJA AUTOMATICA- CLIMATIZADOR- FAROS BI-LEDSomos CasiNuevos, innovacion en el mercado automotor!",1,43000.0
"******** NUEVO PEUGEOT 2008 GT T200 ********VEHICULO 0KM.CAJA AUTOMATICANUEVO MOTOR 1.0 TURBO- EL PRECIO CORRESPONDE AL ANTICIPO FINANCIANDO 18 MILLONES A TASA 7.9%- RESPONDEMOS SU CONSULTA VÍA WHATSAPP.- ENTREGA INMEDIATA.- FINANCIAMOS EN CUOTAS FIJAS Y EN PESOS: En SVA ofrecemos siempre las mejores tasas del mercado. Aceptamos permutas de todas las marcas. Aceptamos tu Plan de Ahorro Peugeot / Citroën en parte de pago.- ATENCIÓN DE VENTAS ESPECIALES: En SVA atendemos empresas, comerciantes, diplomáticos, jueces y APM.- FORMAS DE PAGO: en SVA aceptamos todas las formas de pago.- SU USADO PARA NOSOTROS VALE MUCHO MÁS: En SVA pagamos mejor por su usado sin límite de kilometraje. También podemos tomar su auto en consignación.- MEJORAMOS CUALQUIER PRESUPUESTO.- LA MEJOR ATENCIÓN POST VENTA, CON TALLERES PROPIOS EN LA ZONA: Nuestros talleres de servicio post venta en Capital Federal y Zona Norte de GBA están puntuados como los mejores del país.- AUMENTAMOS NUESTRA ATENCIÓN EN CANALES DIGITALES Y TELEFÓNICOS CON LA INTENCIÓN DE QUE, PUEDA HACER UNA OPERACIÓN 100% ONLINE.| GRUPO SVA |Concesionarios Oficiales Peugeot / Citroën¡MÁS DE 60 AÑOS EN EL RUBRO AUTOMOTOR!",1,26165000.0
"Fiat Pulse Impetus 1.0 Turbo T200 automático CVT 2025 0km""Leer el aviso previamente a realizar consulta""Publicación corresponde al canal de venta convencional, 0km. #NO ES PLAN DE AHORRO#Stock disponible para entrega inmediataHorario de atención de Lunes a Sábados de 09:00 a 19:00Fiat Autogenerali Concesionario oficialMingo MaximilianoAv. Cabildo a 5 cuadras de general pazSe toman reservas de la unidad únicamente con color disponible en stock""Precio publicado contado bonificado mas gastos de flete/patentamiento""Por la variante de precios confirmar con el vendedor valor actualizado previamente a realizar la reserva de la unidadOperación con entrega inmediata de la unidad según color disponible en stockReserva unidad $1.000.000 mediante mercado pago, transferencia, deposito o en salón de ventas (débito-crédito-efectivo-mercado pago)Opción a financiar: Anticipo mínimo 30% del valor publicado o usado solo con dni el saldo se puede realizar en 12/24/36/48 o 60 cuotas fijas sistema francésConsultar créditos UVA con anticipo minino 20% del valor publicado---entrega inmediata----(No es plan de ahorro, no se toman como parte de pago)Tomamos tu usado---Gran Buenos Aires y Capital federal---informar datos del usados en la consulta para enviar valor aproximado de cotización---Consultar colores disponibles en stockConcesionario oficial Fiat GeneraliServicio oficial de post ventaVentas al interior solo contado (No se toman usados)Ventas convencional contado o crédito prendarioGARANTÍA: 3 AÑOS O 100.000KM (LO QUE OCURRA PRIMERO) ORÍGEN DEL VEHÍCULO: BRASIL.IMAGENES ILUSTRATIVAS, LOS VALORES ASÍ COMO LOS DETALLES DESCRIPTOS EN ESTE FOLLETO SON APROXIMADOS, DESCRIPTIVOS.Quiénes SomosAUTOGENERALI es una compañía dedicada a la comercialización de vehículos, Concesionario Oficial de Fiat Auto Argentina desde el año 1996, que viene ocupando, ya desde sus comienzos, un lugar de liderazgo dentro de la vasta red que posee la prestigiosa marca italiana.Actualmente contamos con casi 8.000 m2 de infraestructura comercial y de servicios compuesta por cuatro puntos de ventas distribuidos en el territorio de la Ciudad Autónoma de Buenos Aires y dos Talleres de Servicio y Venta de Repuestos dentro del mismo ámbito.Con un plantel de casi 200 personas distribuidas en las distintas áreas de la empresa, estamos en condiciones de brindar a nuestros clientes los más altos estándares de servicio.En permanente proceso de capacitación para atender los requerimientos de un mercado cada vez más exigente y con la experiencia que nos da haber entregado más de 60,000 vehículos, ofrecemos todos nuestros canales de comunicación, entre ellos nuestro Sitio Web Oficial, nuestra Facebook Fan Page, Twitter, etc., como herramientas para acercarnos de manera más directa con nuestros clientes y con quienes sin serlo, tienen la intención de acercarse al mundo FIAT de la forma más amigable.MOTOR y TRANSMISIÓNEsta versión Impetus tiene un tres cilindros 1.0 turbonaftero , cuatro válvulas por cilindro y distribución por cadena, que ofrece 120 CV, un par de 204 Nm a 1.750 RPM. El motor está asociado a una caja automática CVT que puede simular siete marchas preprogamadas.",1,31900000.0
"¡Cada vez más cerca de tu COMPASS!¿Buscas anticipos y cuotas accesibles? ¡Estás en el lugar correcto ! Con un anticipo de $12,738,000 ¡podes tener tu COMPASS en la versión que prefieras!¿cómo podes presentar ese capital?EFECTIVO / DOLARES / AUTOS USADOS ¿Y el resto? Ahora podés aprovechar nuestro financiamiento a TASA CERO financia hasta el %60 del valor de tu unidad ¡no pagues sobreprecio!Tenemos financiamientos en 24/36/48 o hasta 70 cuotas ¡Acomoda la cantidad y el monto de las cuotas a tu manera!¡no pierdas esta oportunidad! Subite al Jeep Compass y sentí la diferencia desde el primer día:# Espacio cómodo para que vos y tu familia viajen relajados# Tecnología que te conecta a todo: Android Auto y Apple CarPlay# Seguridad en serio: control de estabilidad, asistente en pendientes, múltiples airbags# Diseño premium que no pasa desapercibido[Estamos en: Capital Federal y Zona OesteDe lunes a sábados de 9 a 19 hs]Atención rápida por #Whtspp para más info.",1,21345000.0
"Hola, Somos Hauswagen Escobar, Te ofrecemos Usados con garantia.NUEVA TAOS BI TONO EN STOCK PARA ENTREGA INMEDIATA.EL PRECIO PUBLICADO CORRESPONDE A UN ANTICIPO, EL RESTO A FINANCIAR.Beneficios para clientes de Banco MACRO.- Podés financiar hasta $12.000.000 en 12 cuotas sin interés con tarjeta Macro SELECTA. Sin Prenda.- Podés financiar hasta $12.000.000 en 6 cuotas sin interés por cada tarjeta Macro, Sin prenda.- Si NO sos cliente MACRO, con la reserva de la unidad un ejecutivo del Banco te califica para que accedas a las tarjetas en tiempo records.- Escuchamos Ofertas de contado.- Podes entregar tu usado en parte de pago.- Fináncianos con VOLKSWAGEN financial services, Banco MACRO y Santander Rio con las mejores tasas.- También tenemos cuotas accesibles con Créditos UVAs.- Tomamos Dolares (Consultar cotización)- Financiamos con DNI.- Hauswagen Escobar, Km 50 Panamericana ramal EscobarPertenecemos a uno de los grupos más prestigiosos del país. (GCDC)Somos Concesionario oficial Volkswagen",1,37590000.0
"*Hola, gusto en saludarte TENER EN CUENTA QUE EL VALOR PUBLICADO CORRESPONDE AL PRECIO DEL ANTICIPO EL SALDO TE LO FINANCIAMOS EN CUOTAS FIJAS TASA 0%Soy Diego José Schönfeld , tu asesor asignado para asesorarte y brindarte información por la versión que nos consultas Te dejo las opciones comerciales posibles para avanzar con el presupuesto  Por favor nos podrías indicar que operación estarías interesado en realizarTe dejo las opciones comerciales posibles para avanzar con el presupuesto  Por favor nos podrías indicar que operación estarías interesado en realizar 1- OPERACION DE CONTADO 2- OPERACION CON CREDITO PRENDARIO 3- OPERACION CON CREDITO Y USADO4- OPERACION CON USADO Y CONTADO 5- OPERACION CON LEASING (100% financiado)6- OPERACION CON BALLOON (la cuota más baja) 7- CREDITOS PERSONALES EMPRESAS - AUTONOMOS EN EL CASO QUE QUIERAS TOMAR LA OPCION DE FINANCIACION 1- Con que anticipo contas = $2- Con que unidad contas =3- Que capacidad de pago mensual podes tomar = $TODAS LAS OPCIONES SON PARA PERSONA FISICA - JURIDICA (según disponibilidad y scoring crediticio)",1,40199999.0
"CAR DISTRICT TE ESPERA CON LA OPORTUNIDAD QUE ESTABAS ESPERANDO !!!º|||||||º DESCUENTOS DE CONTADO !!!º|||||||º ENTREGA INMEDIATA !!!º|||||||º TOMAMOS USADOSº|||||||º OPCIONES DE ANTICIPO Y CUOTA FIJA 0% INTERESALGUNAS DE NUESTRAS OPCIONESPLANES DE FINANCIACION :FINANCIA $ 12.000.000 EN 12 CUOTAS FIJAS TASA 0% DE $ 1.012.000FINANCIA $ 18.000.000 EN 12 CUOTAS FIJAS TASA 19.9% % DE $ 1.450.000Concesionario líder en zona norte con más de 20 años de experiencia. ¡Garantía de calidad y atención!ESPERAMOS TU CONSULTA YA MISMO , NUESTROS ASESORES ESTAN LISTOS PARA ATENDERTE",1,45000000.0
EL PRECIO CORRESPONDE A UN ANTICIPOFINANCIA $8.000.000 TASA DEL 0% CREDITO PERSONAL18 CUOTAS FIJAS SIN INTERESES DE $444.440ENTREGA INMEDIATA!FINANCIALO TAMBIEN CON ESTA OPCION :** CREDITO HASTA 18.000.000 EN 24 CUOTAS FIJAS****TOMAMOS TU USADO AL MEJOR PRECIOTomamos autos en parte de pago DE TODAS LAS MARCAS SIN LIMITE DE KILOMETRAJE*TEST DRIVE HABILITADO*VENI A LLEVARTE LA EXPERIENCIA DE MANEJO Y SENSACIONES REALES DE TU PROXIMO 0KMPEUGEOT AUTOFRANCEASESOR : LEANDRO MORENO,1,34970000.0
/// AUTOFRANCE PEUGEOT ///					/// SOMOS EL CONCESIONARIO OFICIAL PEUGEOT Nº 1 EN VENTAS DEL PAIS ///						/// OPERAMOS VENTA DIRECTA DE FABRICA Y/O STOCK PARA ENTREGA INMEDIATA ///						/// TODOS LOS USADOS Y SEMI NUEVOS EN STOCK FUERON SOMETIDOS A RIGUROSOS CONTROLES DE CALIDAD EN NUESTROS TALLERES PROPIOS ///						/// EL MEJOR PRECIO	 CONTADO	 FINANCIADO O CON SU USADO ///				/// RESPUESTA INMEDIATA A SUS CONSULTAS: Respondemos al instante consultas y llamados. Podemos programar una video llamada para que usted pueda ver los autos sin moverse de su casa u oficina.						/// SOMOS CONCESIONARIO LIDER EN CALIDAD DE ATENCION.	// EL PRECIO PUBLICADO ES UN ANTICIPO  MAS SALDO  A TASA 0% //	INCLUYE FLETES Y FORMULARIOS Y PATENTAMIENTO				/// SOMOS ESPECIALISTAS EN FINANCIACION: SALDO EN 18 CUOTAS FINANCIANDO CON TASA 0% DE INTERÉS !! Te financiamos el saldo de $ 14.000.000 en 18 cuotas 	fijas 	Aprobamos su crédito en el acto!						/// SU AUTO USADO EN AUTOFRANCE VALE MAS: Pagamos más por su usado desde 2009 sin limite de kilometraje. También podemos tomar su auto en consignación.						/// ENTREGA INMEDIATA EN TODA LA GAMA.						/// COMODIDADES PARA CLIENTES: Estacionamiento exclusivo para clientes. Trato preferencial a clientes del interior del país. Lo hacemos bien simple. Usted solo viene a retirar su 0km.						/// NUESTRO SERVICIO POSTVENTA ES CONSIDERADO EL MEJOR DEL PAIS.						/// FORMAS DE PAGO: aceptamos todas las formas de pago. Tomamos sus dólares al mejor valor del mercado.						/// ATENCION EXCLUSIVA EMPRESAS Y CLIENTES ESPECIALES: Somos Peugeot Professional Center. Ventas especiales para empresas	 comerciantes	 diplomáticos	 jueces y APM ///			///ASESOR COMERCIAL: ///		CYNTHIA GONZALEZ,1,29900000.0
"Nueva t-cross HIGHLINE 1.0 116cv 200 tsi aut UNIDAD EN STOCKel precio es un ANTICIPO mas gastos de fletes, formularios y patentamiento12 cuotas sin interés exclusivo Selecta tarjetas negras MACRO6 cuotas sin interés: para el resto de las tarjetas MACROHauswagen Pilar s.a. - colectora este km 50,5 - EscobarPertenecemos a uno de los grupos mas prestigiosos del país. (GCDC)Concesionario oficial Volkswagen- Entrega inmediata- Mejor toma de usados, tomamos unidades en parte de pago.- Financiamos con DNI- Tomamos Dolar (Consultar cotización)Gustavo sosaAsesor comercial vw argHauswagen pilar s.a.",1,35990000.0
*EL PRECIO CORRESPONDE AL ANTICIPO*EL SALDO EN CUOTAS EN PESOS*UNIDADES FISICAS DE STOCK CON NRO DE MOTOR Y CHASIS*COMPRA TU 0KM DE LA FORMA MAS SEGURA**ENTREGA INMEDIATA**,1,23000084.0
*** ANTICIPO Y CUOTAS FIJAS **Peugeot Lexpres-Aupesa Concesionario Oficial. PEUGEOT 2008 GTLA UNIDAD TIENE UN VALOR DE $37.300.000.- MAS GASTOSCRÉDITO PRENDARIO $14.000.000.- TASA 0% 18 MESES CUOTAS FIJASCRÉDITO PERSONAL $8.000.000 tasa 0% 18 MESES CUOTAS FIJASTOMAMOS TU USADO COMO PARTE DE PAGOENTREGA INMEDIATAAV INDEPENDENCIA 2838 - BALVANERA - CABAAsesor Comercial: Exequiel Lopez InsfranT E L F 11 3 143 01 98WH ATS 11 31 43 0198,1,35800000.0
"TE PRESENTAMOS EN SHOUER LA CHERY TIGGO 4 PRO LUXURY. TENEMOS EN STOCK PARA ENTREGAS INMEDIATAS CON COLORES DISPONIBLES.EL PRECIO PUBLICADO CORRESPONDE AL ANTICIPO.FINANCIACIONES ECHAS PARA VOS A CUOTAS FIJAS!!!!TOMA DE USADO PENSADO EN VOS.FACIL, RAPIDO, SENCILLO, SIN VUELTAS.TE PREOCUPAN LOS RESPUESTOS? TENEMOS SERVICIO DE POST-VENTA SUPER COMPLETO!!!!VENÍ A CONOCER TU NUEVO 0KM !!!!!!!!!CM 1155014830",1,30000000.0
"El precio publicado corresponde al monto de anticipo(no incluye gastos). El saldo restante se puede abonar hasta en 60 meses con financiación oficial de la Red de Concesionarios Chevrolet. Tomamos vehículos de todas las marcas como forma de pago. En Autotigre valoramos tu usado. La Tracker llegó para brindarte la máxima protección 6 airbags de serie, frenado de emergencia, control de estabilidad y tracción, que aporta la mayor seguridad para la familia. Subite a la SUV más vendida de Argentina.Somos Autotigre Concesionario Oficial Chevrolet. Encontranos a pocos metros de Panamericana y ruta 197, Tigre. Tu próximo Chevrolet está en Autotigre.",1,18201100.0
"///// FIAT AUTO NOVO CASTELAR CONCESIONARIO OFICIAL *****LA PUBLICACIÓN CORRESPONDE A LA FIAT FASTBACK TURBO 270****ENTREGA INMEDIATA DE LAS UNIDADES CON STOCK FÍSICO DE LAS MISMASVENTA CONVENCIONALRETIRA CON UN ANTICIPO Y FINANCIA EL RESTOTOMAMOS TU USADO EN FORMA DE PAGO, AL MEJOR PRECIO DEL MERCADO------------------------------------------------------------------------------------------------------------------------------------------* ANTICIPO Y CUOTAS* UNIDADES 2024 0KM* CONSULTAR PRECIO POR PERMUTA* ENTREGA INMEDIATA* NO ES PLAN DE AHORRO* AMPLIO STOCK FÍSICO* TOMAMOS TU USADO* LA PRIMER CUOTA SE PAGA A LOS 90 DIAS* OPCIÓN TASA 0%* CUOTAS FIJAS* VENTAS A TODO EL PAÍS DE FORMA SERIA Y SEGURA* RESERVA POR MERCADOLIBRE, MÁXIMA CONFIANZA------------------------------------------------------------------------------------------------------------------------------------------NO ES PLAN DE AHORROEL PRECIO PUBLICADO NO INCLUYE NINGÚN TIPO DE GASTOSAUTO NOVO CONCESIONARIA NUMERO 1 DE FIAT EN EL PAÍSASESOR COMERCIAL CRISTIAN GENTILI",1,29900000.0
"CONCESIONARIO OFICIAL CHEVROLET ASESOR LEONARDO ANTICIPO $ 26.870.000 Y 18 CUOTAS FIJAS TASA 0 % SOLO DNI CONSULTE COLORES DISPONIBLES VENDEMOS UNIDADES DISPONIBLES EN STOCK, CON ENTREGA INMEDIATACONSULTE PRECIO DE CONTADO PARA ENTREGA YATOMAMOS SU AUTO USADO EN FORMA DE PAGOAGENCIA OFICIAL DE GENERAL MOTORSN°1 EN CHEVROLETSUCURSAL SAAVEDRA",1,26870000.0
"**ANTICIPO + 12 CUOTAS SIN INTERES DE $1.000.000INCLUIDO PATENTAMIENTO !**CONCESIONARIO OFICIAL CAR DISTRICT - JEEP  Y RAM**																										*TE AGRADECEMOS TU CONTACTO POR WHATSAPP PARA UNA RAPIDA ATENCION*																										*NUESTROS ASESORES ESTAN LISTOS PARA ATENDERTE*																										ENTREGA INMEDIATA !!! UNIDADES CON CERTIFICADO LISTAS PARA PATENTAR !!!																																																			 TOMAMOS TU USADO , LO COTIZAMOS AL INSTANTE AL MEJOR VALOR 																										CONTACTATE YA MISMO ! 													*SOMOS PARTE DEL GRUPO TREPAT , TRAYECTORIA,SEGURIDAD Y CONFIANZA*													NO BUSQUES MAS , TU JEEP LO COMPRAS CON  NOSOTROS !",1,38999999.0
"Promo Renegade ¡solo por este mes! 2025(el valor publicado corresponde a la entrega del anticipo + patentamiento)Podes realizar una entrega de $21,000,000 para tener tu unidad en calle El resto lo podes financiar en 24/36/48 o hasta 70 cuotas ¡ A tasa cero 0%!contamos con cuotas a partir de los $450,000 en adelante!Financiación | Tomamos tu usado | Dólares | PesosTecnología, confort y diseño Jeep en cada detalle:# Pantalla táctil de alta definición y conectividad total# Seguridad en serio: control de estabilidad, múltiples airbags# Bajo consumo y gran rendimiento en ciudad y ruta# Ideal para moverte cómodo todos los días o salir de escapada[Estamos en: Capital Federal y Zona OesteDe lunes a sábados de 9 a 19 hs]Atención rápida por #Whtspp para más info.",1,29000000.0
"///AUTOFRANCE PEUGEOT///*CONCESIONARIO #1 EN VENTAS<<2008 ACTIVE T200<<***DISPONIBILIDAD DE COLORES, STOCK DE UNIDADES**** SOMOS ESPECIALISTAS EN FINANCIACIONFINANCIACION HASTA $18.000.000 EN 24 CUOTAS FIJAS CON TNA 7.9%****FINANCIACION HASTA $14.000.000 TASA 0% EN 18 CUOTAS FIJAS**PRECIO PUBLICADO CORRESPONDE AL ANTICIPO + CUOTASNO INCLUYE GASTOSAprobamos su crédito en el momento. La mejor tasa del mercado. ** OPERAMOS VENTA DIRECTA DE FABRICA Y/O STOCK PARA ENTREGA INMEDIATA ** EL MEJOR PRECIO, CONTADO, FINANCIADO O CON SU USADO *///ASESORA COMERCIAL: SALOMÉ HERNÁNDEZ///",1,25964800.0
"Nivus 1.0T Comfortline AtSE PUEDE FINANCIAR CON ANTICIPO DESDE 5 MILLONES Y CUOTAS.Caja automáticaCarPlay inalambricoVelocidad cruceroTira Led completa baul (línea nueva)Llantas en negroCamara de retroceso++ El precio publicado es un ANTICIPO, por financiación. ++>> Valor contado US$25.800 <<ACEPTAMOS DOLAR, EURO, CRIPTO, PAYPAL ETCValor permuta / financiación +5%",1,22100.0
JAC S2 Intelligent Manual 0km.Entrega Inmediata.FinanciacionAnticipo desde $9.040.000Saldo en cuotas fijas $800.000 48 mesesSaldo en Cuotas Credito Uva $490.000 en 48 meses,1,22300000.0
"JEEP RENEGADE 0KM – TODAS LAS VERSIONES DISPONIBLES¡OFERTA EXCLUSIVA SOLO POR ESTE MES!Elegí la versión que mejor se adapte a vos:• Sport• Longitude• Serie SFinanciación directa | Cuotas desde $437.630 Tasa 0%Retiralo con anticipos accesibles desde $17.712.900Tomamos tu usado | Aceptamos dólares o pesosTecnología, confort y diseño Jeep en cada detalle:• Pantalla táctil de alta definición y conectividad total• Seguridad en serio: control de estabilidad, múltiples airbags• Bajo consumo y gran rendimiento en ciudad y ruta• Ideal para moverte cómodo todos los días o salir de escapada[Ubicación: Capital Federal y Zona Oeste.]De lunes a sábados de 9 a 19 hs.Atención rápida por #Whtsp para más info.",1,38542000.0
"oferta solo en color negro y de contadoSomos motorville concesionario Nº1 en ventasNos destacamos por una propuesta de servicio, asesoramiento y calidad con los más altos estándares del mercado.INSPECCIÓN Y COBERTURA MECÁNICA: todos nuestros vehículos están chequeados y certificados en 240 puntos por nuestro equipo de expertos, VTV vigente, libre de deudas de patentes e infracciones.GESTORIA: Nosotros nos encargamos de todo!!!!! contamos con un equipo de gestores matriculados para que de lo único que te ocupes sea de disfrutar del vehículo.BROKER DE SEGUROS: También disponemos de un completo departamento de seguros, para que puedas comparar la cotización con compañías líderes.DEPARTAMENTO DE ACCESORIOS: personaliza tu vehículo con una gran diversidad de productos de prestigiadas marcas, nuestro compromiso es estar a la vanguardia de la tecnología y el conocimiento técnico para satisfacer las necesidades y expectativas de nuestros clientesEquipamientos y accesorios - Estética vehicular – Polarizados y laminadosMÉTODOS DE PAGO:* AL CONTADO: Paga vía transferencia bancaria o depósito.*DEJA TU AUTO COMO PARTE DE PAGO: Cambia tu auto por uno de calidad certificada de motorville y con cobertura mecánica.*FINANCIACIÓN: En MOTORVILLE podes acceder a tu próximo vehículo con un anticipo mínimo y una cuota ajustada a tu medida. Las mejores tasas del mercado.NO BUSQUES MAS TU PRÓXIMO VEHÍCULO TE ESPERA EN motorville en",1,43990000.0
CHEVROLET TRACKER 1.2 TURBO LTZ AT > 0KM <* ANTICIPO $ 14.000.000 Y 18 CUOTAS FIJAS TASA 0 % SOLO DNI* OPORTUNIDAD ÚNICA --------- > PRECIOS BONIFICADOS* UNIDAD DISPONIBLE EN STOCK* TOMAMOS SU USADO ENTREGA INMEDIATA!,1,29999000.0
"CAR DISTRICT TIENE LA OPORTUNIDAD QUE ESTABAS ESPERANDO !!!º|||||||º DESCUENTOS DE CONTADO !!!º|||||||º ENTREGA INMEDIATA !!!º|||||||º TOMAMOS USADOSº|||||||º OPCIONES DE ANTICIPO Y CUOTA FIJA 0% INTERESALGUNAS DE NUESTRAS OPCIONESPLANES DE FINANCIACION :FINANCIA $ 12.000.000 EN 12 CUOTAS FIJAS TASA 0% DE $ 1.012.000FINANCIA $ 18.000.000 EN 12 CUOTAS FIJAS TASA 19.9% % DE $ 1.450.000Concesionario líder en zona norte con más de 20 años de experiencia. ¡Garantía de calidad y atención!HACE TU CONSULTA YA MISMO , NUESTROS ASESORES ESTAN LISTOS PARA ATENDERTE",1,30000000.0
"BIENVENIDOS A HAUSWAGEN ESCOBAR*$29.290.000 VALOR DE ANTICIPO, SALDO FINANCIADO CON SELECTA MACRO EN 12 CUOTAS SIN INTERÉS.HAUSWAGEN cuenta con más de 26 años de trayectoria en el país, desarrollándose en la provincia de Bs. As.* SOMOS concesionario oficial Volkswagen* OFRECEMOS entrega inmediata transfiriendo nosotros (ahorro de tiempo y dinero)* TOMAMOS usados en parte de pago* MEJORAMOS presupuestos y ajustamos valor toma de usados* NUESTROS vehículos están físicos (Son usados seleccionados)* FINANCIAMOS en cuotas fijas* TENEMOS mejor precio al contado* OFRECEMOS test drive para manejar tu próximo vehículo* VENDEMOS a todo el país de manera ágil y contundenteCONSULTANOSACEPTAMOS : (Deposito – Transferencia bancaria - Cheque Común)DÉJANOS TU CONSULTAFERNANDO MARTINSASESOR COMERCIALHAUSWAGENSUCURSAL ESCOBAR",1,29290000.0
!!!OFERTA ESPECIAL DEL MES!!! Citroën C4 Cactus 1.6 Thp 165 At6 ShineObtenelo con un crédito de hasta $14.000.000.- a tasa 0% en 18 mesesEl precio corresponde a anticipo y cuotasSTOCK FÍSICO Y CON CERTIFICADO .UNIDADES DISPONIBLE PARA ENTREGA INMEDIATA .!NAVE MOTORS CONCESIONARIO OFICIAL CITROEN!CALIDAD Y TRAYECTORIA A NIVEL NACIONAL.NUMERO 1 DE ARGENTINA.GRACIAS A NUESTROS CLIENTES NOS POSICIONAMOS EN LA MEJOR RED DE CONCESIONARIOS DEL PAÍS.DANIEL AGUIRREVENTAS,1,32999990.0
"CONCESIONARIO OFICIAL RENAULT LILLE – AMPLIO STOCK – COLORES DISPONIBLES    Comunicate por llamado, wspp o mensaje de esta publicación para conseguir EL MEJOR PRECIO DE CONTADO!!!         TE GARANTIZAMOS UNA OPERACIÓN RÁPIDA Y TRANSPARENTE.    Nuestra seriedad y respeto en la atención personalizada, se encuentra plasmada en las reseñas de nuestros clientes en Google. Respondemos siempre, en tiempo y forma, ante cualquier eventualidad.    Tomamos autos en parte de pago, cotizamos en el momento.        PRECIO DE LISTA  $36.610.000  VALOR DE CONTADO SIN GASTOS  $30.989.900          OPCIÓN 1 TASA 0%!!!    Anticipo con flete, patentamiento y prenda incluido    $14.663.67018 cuotas FIJAS TASA 0% de   $1.220.500      OPCIÓN 2 TASA RENAULT    Anticipo con flete, patentamiento y prenda incluido    $15.461.03618 cuotas FIJAS de  $1.356.200  24 cuotas FIJAS de  $1.050.700  36 cuotas FIJAS de   $983.500  48 cuotas FIJAS de   $904.600  60 cuotas FIJAS de   $824.200      OPCIÓN 3 ANTICIPO MÍNIMO    Anticipo con flete, patentamiento y prenda incluido    $7.586.22524 cuotas de  $1.473.700  36 cuotas de   $1.095.900  48 cuotas de  $910.300      Solicite anticipo según su presupuesto. Sujeto a aprobación crediticia.    Precio de contado no incluye gastos. Fotos y video a modo ilustrativo, puede variar del modelo publicado.     OFERTA SUJETA A CAMBIOS SIN PREVIO AVISO        # El mejor precio del mercado, ventas a todo el país    # Mejoramos cualquier presupuesto    # Tomamos el dólar a mejor precio mercado    # Tomamos usados en parte de pago, tasación profesional    # Financiación accesible, prendaria, personal y leasing en cuotas fijas y en pesos    # Test Drive disponible    # Garantía Oficial en unidades 0km    *No incluye sellado ni alta de patente",1,30989900.0
"CAR DISTRICT TIENE LA OPORTUNIDAD QUE ESTABAS ESPERANDO !!!º|||||||º DESCUENTOS DE CONTADO !!!º|||||||º ENTREGA INMEDIATA !!!º|||||||º TOMAMOS USADOSº|||||||º OPCIONES DE ANTICIPO Y CUOTA FIJA 0% INTERESALGUNAS DE NUESTRAS OPCIONESPLANES DE FINANCIACION :FINANCIA $ 12.000.000 EN 12 CUOTAS FIJAS TASA 0% DE $ 1.012.000FINANCIA $ 18.000.000 EN 12 CUOTAS FIJAS TASA 19.9% % DE $ 1.450.000Concesionario líder en zona norte con más de 20 años de experiencia. ¡Garantía de calidad y atención!HACE TU CONSULTA YA MISMO , NUESTROS ASESORES ESTAN LISTOS PARA ATENDERTE",1,36900000.0
"**AUTOFRANCE PEUGEOT**SOMOS EL CONCESIONARIO PEUGEOT Nº 1 EN VENTAS DEL PAIS.VENTAS ESPECIALES CONCESIONARIO PROFESSIONNELEL PRECIO PUBLICADO CORRESPONDE AL ANTICIPO ( con todos los gastos )PEUGEOT 2008 ACTIVE AM 25 OFERTA IMPERDIBLE EXCLUSIVO RESPONSABLE INSCRIPTO PERSONA FISICA Y EMPRESAS PERSONA JURIDICACLIENTES HABILITADOSDESCUENTOS EXCLUSIVOS PARA FLOTILLEROS ,RESPONSABLE INSCRIPTOS ,VISITADORES MEDICOS ,EMPRESASOPCION1)TASA 0% POR $ 14.000.000 EN 18 CUOTAS FIJAS TASA 0%OPCION 2)TASA 7.9% HASTA $18.000.000 EN 24 CUOTAS FIJASOPCION 3)TASA 0% HASTA $ 22.000.000 CREDITO UVA EN 12 O 24 CUOTASTOMAMOS SU USADO EN PARTE DE PAGOTOMAMOS SUS DOLARES A LA MEJOR COTIZACION DEL DIACANCELACION CONTRA FACTURACONSULTEME POR OTROS MODELOSNO TE PIERDAS ESTA OPORTUNIDAD.SOY ASESORA COMERCIAL DE AUTOFRANCE, Y ESTOY A DISPOSICIÓN PARA BRINDARTE MÁS DETALLES Y ACOMPAÑARTE EN TU COMPRA. ¡LLAMAME Y ENCONTRÁ TU PRÓXIMO PEUGEOT!TAMARA CHIOCCONIASESORA COMERCIAL PEUGEOT",1,18700000.0
"•ALRA S.A. CONCESIONARIO OFICIAL VOLKSWAGEN•Taos 1.4 250tsi Highline Automatica Linea Nueva 2025 0KM• Anticipo: $33.600.000• Financia: $14.000.000 en 9 cuotas (TNA 0.00%) de $1.555.556 + seguro.Gastos incluidos de flete, formularios y prenda bancaria. Al retirar abona el patentamiento que es un 8% de sellos + patente proporcional.********************************************************************************Equipamiento destacado:- Motor 1.4 250tsi At 150cv- Llantas de aleacion 19""- Techo solar panorámico- Tapizado de Cuero- Sistema Multimedia VW PLAY de 10"" con pantalla touch- Faros delanteros con tecnología IQ Light- Sensor de ángulo ciego- Control de velocidad crucero adaptativo ACC ""stop & go""- Freno autónomo de emergencia con detección de peatones********************************************************************************Erika Parra- Av. Juan B. Justo 2611 - Villa Crespo Buenos Aires -",1,33600002.0
"Somos AUTOTAG SAN MARTIN concesionario oficial Volkswagen, el más GRANDE del país.*CONCESIONARIO OFICIAL VOLKSWAGEN*¡¡MEJOR PRECIO Y FINANCIACIÓN!!*AUTOS EN STOCK PERMANENTE.*VARIEDAD DE COLORES.AV RICARDO BALBIN 1959 SAN MARTIN*FORMAS DE PAGO: INTEGRANDO CONTADO O TU USADO COMO ANTICIPO Y EL RESTO EN 12 CTS 24 CTS 18 CTS 36 CTS O 48 CTS 60 CTS FIJAS Y EN $-*FINANCIACIÓN EXCLUSIVA **TOMAMOS TU USADO AL MEJOR PRECIO DEL MERCADO.*ENTREGA INMEDIATA.PODEMOS ASESORARTE Y ARMAR UN PLAN DE PAGOS DE ACUERDO A TUS NECESIDADESTENE EN CUENTA QUE TODOS LOS CREDITOS PRENDARIOS Y LEASING SON EN CUOTAS FIJAS EN PESOS.PRIMER CENTRO DE ATENCION PERSONALIZADAVOLKSWAGEN DE ARGENTINAPARA EL OTORGAMIENTO DE CREDITOS PRENDARIOS-LEASINGTRABAJAMOS CON TODOS LOS BANCOSNuestra trayectoria de más de 35 años nos avala como lideres en el mercado nacionalContamos con el equipo más profesional para asesorarte1- Créditos prendarios tasa 0%2- Leasing para empresas3- Venta Corporativa4- Cotización de tu usado/s5- Todas nuestras unidades cuentan con su correspondiente certificado de fabricación Y SON AÑO MODELO 2024.6- TOMAMOS CREDITOS DE INVERSION PRODUCTIVA7- CREDITOS PARA Pymes.RETIRAS EN 10 DÍAS REALES.DEJANOS TU CONTACTO ASI PODEMOS ASESORARTEESTAMOS AUTORIZADOS PARA REALIZAR GESTIONES EN CUALQUIER PARTE DEL PAIS POR VOLKSWAGEN ARGENTINA¡¡NO DUDES EN CONSULTAR LA MEJOR OPCION DE COMPRA ESTA ACA!!TRABAJAMOS CON LEASING DE TODOS LOS BANCOS.AGUARDAMOS TU CONSULTAAUTOTAG SAN MARTINConcesionario OFICIAL Volkswagen",1,30000000.0
"FIAT PULSE DRIVE 1.3 CVTUnidad disponible para retiroRetira con minimo anticipo y cuotasCuotas mensuales SIN INTERESES!!!!Retira solo con DNIConsulta por mas info...ASESOR COMERCIAL, JULIAN FIONDA",1,11900000.0
">>LEER DESCRIPCION <<SIEMPRE ENTREGA INMEDIATA - STOCK PROPIO +de 60 UNIDADES!!!˜˜˜˜16 A˜ÑOS DE CLIENTES AMIGOS FELICESCONSULTA TRANQUILO/A TE ATIENDE EL DUE˜ÑOPREGUNTA POR EDUARDO.>> MINIMO ANTICIPO Y EL RESTO FINANCIA EN CUOTAS.>> SIMPLE y RAPIDO BUSCAMOS EL MEJOR PRECIO PARA VOS <<TU PRESUPUESTO LO MEJORAMOS SIEMPRE>TE PAGAMOS MAS TU USADO>FINANCIA x BANCO SANTANDER en 48 MESES (ENTREGA INMEDIATA)>Precio anticipo, financia el saldo en 12 cuotas hasta 48 cuotas Seguro a elección>SOMOS GESTORES.... Te ayudamos con los papeles de tu USADO y con los papeles del auto nuevo GRATIS.Consultanos y te simulamos el credito en el momento",1,35842800.0
"NUEVO CITROËN C3 AIRCROSS 7 PLAZASOPCION 1: CONTADO ENTREGA INMEDIATA 7 DIASOPCION 2: ANTICIPO MINIMO Y CUOTAS FIJAS TASA 0%OPCION 3: ANTICIPO Y CUOTAS UVAACEPTAMOS TU USADO EN PARTE DE PAGOPATENTA HOY A PRECIO ENERO!!!!!CONSULTA TAMBIEN POR ANTICIPOS MENORESY FINANCIACION SIN INTERES, RETIRANDO EN EL MES EN CURSOASESOR COMERCIAL EDUARDO CARDOSO",1,29500000.0
"ANTICIPO MINIMO CON GASTOS INCLUIDOSDesde $ 12.900.000 ENTREGA INMEDIATAFINANCIA HASTA $15.000.000 EN 12/18/24 CUOTAS FIJAS CON TASA REDUCIDA DEL 0% AL 34.90%O HASTA EL 80% EN 12/24/36/48/60 CUOTAS UVA( NO ES PLAN DE AHORRO)NUEVO CREDITO BNA CONECTA (PYMES Y JURIDICAS)TOMAMOS TU USADO PARA FACILITARTE LA COMPRA, TRAELO Y LO TASAMOS EN EL ACTOGRUPO TARABORELLISomos una compañía con más de 30 años de experiencia en la comercialización de vehículos y servicios. Nuestra trayectoria revela más de 100.000 vehículos entregados y un equipo de trabajo que supera los 500 colaboradores, especialmente capacitados para ofrecer el mejor servicio al cliente.Contamos con un complejo de concesionarias diseñadas para lograr la mejor experiencia de compra, 10.000 metros cuadrados de talleres integrales para brindarle el mejor servicio postventa y tres Centros de Entrega de 0km propios.En Taraborelli te brindamos las mejores condiciones para que puedas acceder a tu 0km, efectivo, usado y/o financiado.Ponete en contacto con nosotrosCasa Central: PATERNAL (CABA)",1,26735524.0
RENAULT DUSTER ICONIC 1.3 TURBO CVT 0KM 2024.*PRECIO $ 31.762.266 ENTREGA INMEDIATA .*OPCION MINIMO ANTICIPO Y CUOTAS SIN INTERES*MINIMOS REQUISITOS SOLO C/DNI*BENEFICIOS PARA CLIENTES BANCARIZADOSTOMAMOS USADOS DE TODAS LAS MARCAS AL MEJOR PRECIO( ENTREGA LLAVE POR LLAVE ).....* COLOR A ELECCIÓN*** Testdrive disponible en el caso de solicitarloUbicación y Horario de Atención- Estamos en Cabildo CABA / Estacionamiento exclusivo para Clientes.- Nuestro horario de atención es de Lunes a Sábados de 9 a 19 hs.CONCESIONARIA RENAULT OFICIAL* SUCURSAL BELGRANO***F. O. DIAZ S.A40 AÑOS EN EL MERCADO,1,31100000.0
"Promo Renegade ¡solo por este mes! 2025(el valor publicado corresponde a la entrega del anticipo + patentamiento)Podes realizar una entrega de $21,000,000 para tener tu unidad en calle El resto lo podes financiar en 24/36/48 o hasta 70 cuotas ¡ A tasa cero 0%!contamos con cuotas a partir de los $450,000 en adelante!Financiación | Tomamos tu usado | Dólares | PesosTecnología, confort y diseño Jeep en cada detalle:# Pantalla táctil de alta definición y conectividad total# Seguridad en serio: control de estabilidad, múltiples airbags# Bajo consumo y gran rendimiento en ciudad y ruta# Ideal para moverte cómodo todos los días o salir de escapada[Estamos en: Capital Federal y Zona OesteDe lunes a sábados de 9 a 19 hs]Atención rápida por #Whtspp para más info.",1,26500000.0
"Somos motorville concesionario Nº1 en ventasNos destacamos por una propuesta de servicio, asesoramiento y calidad con los más altos estándares del mercado.INSPECCIÓN Y COBERTURA MECÁNICA: todos nuestros vehículos están chequeados y certificados en 240 puntos por nuestro equipo de expertos, VTV vigente, libre de deudas de patentes e infracciones.GESTORIA: Nosotros nos encargamos de todo!!!!! contamos con un equipo de gestores matriculados para que de lo único que te ocupes sea de disfrutar del vehículo.BROKER DE SEGUROS: También disponemos de un completo departamento de seguros, para que puedas comparar la cotización con compañías líderes.DEPARTAMENTO DE ACCESORIOS: personaliza tu vehículo con una gran diversidad de productos de prestigiadas marcas, nuestro compromiso es estar a la vanguardia de la tecnología y el conocimiento técnico para satisfacer las necesidades y expectativas de nuestros clientesEquipamientos y accesorios - Estética vehicular – Polarizados y laminadosMÉTODOS DE PAGO:* AL CONTADO: Paga vía transferencia bancaria o depósito.*DEJA TU AUTO COMO PARTE DE PAGO: Cambia tu auto por uno de calidad certificada de motorville y con cobertura mecánica.*FINANCIACIÓN: En MOTORVILLE podes acceder a tu próximo vehículo con un anticipo mínimo y una cuota ajustada a tu medida. Las mejores tasas del mercado.NO BUSQUES MAS TU PRÓXIMO VEHÍCULO TE ESPERA EN motorville",1,36990000.0
"Promo COMPASS ¡solo por este mes! 2025(el valor publicado corresponde a la entrega del anticipo + patentamiento)Podes realizar una entrega de $26,000,000 para tener tu unidad en calle El resto lo podes financiar en 24/36/48 o hasta 70 cuotas ¡ A tasa cero 0%!contamos con cuotas a partir de los $450,000 en adelante!Financiación | Tomamos tu usado | Dólares | PesosSubite al Jeep Compass y sentí la diferencia desde el primer día:# Espacio cómodo para que vos y tu familia viajen relajados# Tecnología que te conecta a todo: Android Auto y Apple CarPlay# Seguridad en serio: control de estabilidad, asistente en pendientes, múltiples airbags# Diseño premium que no pasa desapercibido[Estamos en: Capital Federal y Zona OesteDe lunes a sábados de 9 a 19 hs]Atención rápida por #Whtspp para más info.",1,26800000.0
"CONCESIONARIO OFICIAL VOLKSWAGEN ALRAEL PRECIO PUBLICADO CORRESPONDE AL ANTICIPO DE $27.300.000 + 9 CUOTAS FIJAS DE $1.555.555 TASA 0%EDUARDO QUIROGA-ASESOR COMERCIAL-CERTIFICADO POR VW INTERNATIONAL CENTER***** EXPERIENCIA 5 ESTRELLAS *****+ ENTREGA INMEDIATA+ MAS DE 400 AUTOS EN STOCK PERMANENTE¡CONCESIONARIO # 1 EN VENTAS!Con más de 38 años en el mercado.En Alra Volkswagen priorizamos tu experiencia de compra para que sea 5 estrellas *****------------------------------------------------------------------------------------------------------------> NUEVA VOLKSWAGEN TAOS <LLEVATELA CON LA EXCLUSIVA FINANCIACION DE VW!COMPRA TU NUEVA TAOS CON NOSOTROS, PODEMOS OFRECERTE:+ COMPRA ONLINE+ COLORES A ELECCIÓN+ AMPLIO STOCK+ MEJORES PRECIOS+ ENTREGA INMEDIATA+ VENDEMOS A TODO EL PAIS+ EMITIMOS FACTURA PROFORMA+ FINANCIA SOLO CON DNI CUOTAS FIJAS+ RECIBIMOS SU USADO DE TODAS LAS MARCAS AL MEJOR PRECIO",1,27300000.0
"º|||||||º DESCUENTOS DE CONTADO !!!º|||||||º ENTREGA INMEDIATA !!!º|||||||º TOMAMOS USADOSº|||||||º OPCIONES DE ANTICIPO Y CUOTA FIJA 0% INTERESALGUNAS DE NUESTRAS OPCIONESPLANES DE FINANCIACION :FINANCIA $ 12.000.000 EN 12 CUOTAS FIJAS TASA 0% DE $ 1.012.000FINANCIA $ 18.000.000 EN 12 CUOTAS FIJAS TASA 19.9% % DE $ 1.450.000Concesionario líder en zona norte con más de 20 años de experiencia. ¡Garantía de calidad y atención!ESPERAMOS TU CONSULTA YA MISMO , NUESTROS ASESORES ESTAN LISTOS PARA ATENDERTE",1,44900000.0
"GRUPO NAVE MOTORSFIAT - JEEP - CITROEN - PEUGEOT - RENAULTUSADOS SELECCIONADOSN°1 EN VENTAS, ATENCIÓN Y SERVICIO.ANTICIPO + CUOTAS FIJAS A TASA 0%.ENTREGA INMEDIATA.FINANCIACION EXCLUSIVA DE FIAT A TASA 0% FIJA Y EN PESOS.TOMAMOS USADOS EN PARTE DE PAGO.DEJANOS TU CONSULTA.ASESOR COMERCIAL LEANDRO RODRIGUEZ",1,14550000.0
"¡LIV MOTORS te acerca la oportunidad que estabas esperando!¡FINANCIACIÓN EXCLUSIVA! Cuotas en pesos con 0% de interés y entrega inmediata. Disponibilidad real de todas las unidades y colores. ¡Elegí el tuyo hoy mismo!El valor publicado corresponde al ANTICIPO ¡Podes financiar la diferencia con la financiación directa de fábrica!Beneficios que te ofrecemos:- Precios imbatibles: Contado, financiado o entregando tu usado.- Mejor tasación por tu auto usado (modelos desde 2010 en adelante).- Venta directa de fábrica o de stock para entrega inmediata.- Asesoramiento personalizado: Estamos listos para responder tus consultas al instante y te ofrecemos la opción de videollamadas en vivo para mostrarte los vehículos sin que salgas de tu casa.Concesionario líder en zona norte con más de 10 años de experiencia. ¡Garantía de calidad y atención!Enviamos a todo el país y te acompañamos durante todo el proceso. Solo tenés que venir a retirar tu 0 km cuando todo esté listo.- Comodidades para el cliente: Estacionamiento exclusivo para clientes. Trato preferencial a clientes del interior del país. Lo hacemos bien simple. Usted solo viene a retirar su vehículo.- Atención exclusiva para empresas y clientes especiales: Somos Peugeot Professional Center, con ofertas especiales para empresas, comerciantes, diplomáticos y jueces.¡No esperes más! Consúltanos hoy mismo y llévate tu próximo auto con la mejor financiación del mercado.LINEA DE CREDITO JEEP A TASA 0% CUOTA FIJA $12,000,000 EN 12 CUOTAS FIJAS$18,000,000 EN 12 CUOTAS FIJAS O CREDITO UVA HASTA $20,000,000",1,38229601.0
"Bienvenido a Jeep Freeway NavemotorsConcesionario Oficial (Banfield)COMPASS LONGITUDE 1.3T A/T6 4X2Mínimo anticipo $14.000.000 para retirarla, el resto se puede financiar atreves de la nueva financiación de fabrica a tasa 0% de interés.Operamos venta directa de fabrica y/o stock fisico con certificado a disposición para una entrega inmediata.– Anticipo y cuotas fijas.– Anticipo y cuotas variables (con entrega inmediata)– Consultar precio de contado.Tomamos vehículo usado como forma de pago, llave por llave.Asesor Luciano",1,39500000.0
"*NUEVO CITROEN C3 AIRCROSS 5 ASIENTOS 1.6 VTI**ENTREGA INMEDIATA!EL VALOR CORRESPONDE A UN ANTICIPO DE 0KM y FINANCIALO CON ESTAS OPCIONES: *FINANCIACIÓN EXCLUSIVA DE PSA A TASA 0% DE INTERÉS DE HASTA $16.000.000*HASTA: $18.000.000 A TASA DE 15.9% *HASTA $26.000.000 CON CREDITO UVAPRECIO DE LISTA : $27.990.000#TOMAMOS TU USADO AL MEJOR PRECIO #TEST DRIVE A DISPOSICIÓN Gerardo AguilarSucursal Robayna - Concesionaria Zárate, única en la zonaMIGUEL ROBAYNA S.AAgente Oficial Peugeot Citroën Argentina",1,27990000.0
"NISSAN CAPITALConcesionario Número #1 de la Argentina-- Variedad de colores-- Tomamos todos los usados al mejor precio.-- Mejoramos cualquier oferta.-- ¡ENTREGA INMEDIATA!-- Financiación a TASA 0%-- Anticipo Y 12, 24, 48 Y hasta 60 CUOTAS FIJAS!!-- Atención Personalizada-- Garantía oficial NissanNISSAN CAPITALCaballito - Villa Luro - Ciudadela-- ¡Esperamos tu consulta!El precio publicado no incluye gastos de flete,ni formularios ni gastos administrativos.Foto no contractual.Corresponde al modelo del título de la descripción.Equipamiento según versión.",1,37130000.0
"OPORTUNIDAD UNICA, RETIRA TU NUEVO C3 AIRCROSS CON MINIMO ANTICIPO O AL MEJOR PRECIO DE CONTADO Y PAGA EL SALDO EN CUOTAS PROMOCIONALESEL MONTO PUBLICADO CORRESPONDE AL ANTICIPO, EL SALDO EN 12 CUOTAS FIJA INTERESENTREGA INMEDIATA, UNIDADES LIMITADASACEPTAMOS PERMUTAS. ASESOR COMERCIAL SALVADOR ACCARI",1,31500000.0
"Precio publicado de versión entrada de gama/anticipo sugerido.¡TU JEEP COMMANDER TE ESTA ESPERANDO EN SPORT CARS JEEP!Si estas buscando una SUV que combine diseño, tecnología y robustez, LA JEEP COMMANDER ES TU MEJOR ELECCION. Y no hay mejor lugar para encontrarla que en SPORT CARS JEEP, una de las concesionarias mas grandes y confiables del pais.¿PORQUE ELEGIR SPORT CARS JEEP?* 40 años de trayectoria en el mercado automotor, brindando confianza, respaldo y compromiso en cada operación.* Somos concesionario oficial jeep, con atención especializada y asesoramiento profesional en cada etapa de tu compra.* Contamos con altísimos estándares de calidad de atención al cliente: nuestro equipo esta capacitado para brindarte una experiencia personalizada, clara y sin vueltas.* Tenemos uno de los mayores stock del pais y posibilidades reales de entrega inmediata.* Te ofrecemos planes de financiación exclusivos, toma de usado al mejor valor y promociones únicas.* Miles de clientes satisfechos nos eligen año tras año por nuestra seriedad y dedicación.¿QUE TRAE LA NUEVA JEEP COMMANDER?* Estilo sofisticado y diseño robusto.* Tecnología de ultima generación con conectividad total.* Interior amplio, cómodo y con terminaciones premium.* Excelente performance tanto en ciudad como en ruta.VENI A SPORT CARS JEEP Y LLEVATE LA SUV QUE SOÑAS CON LA CONFIANZA DE ESTAR EN LAS MEJORES MANOS.¡ Consulta ahora y descubrí una experiencia de compra a otro nivel!MAXIMILIANO SANCHEZ",1,59300000.0
"ENTREGA INMEDIATA!- Okm a patentar - Consulta por Financiacion con Anticipo y cuotas, creditos prendario o de la Marca- Colores a Eleccion sujeto a disponibilidad Somos una empresa con mas de 10 años de trayectoria.Brindamos atención personalizada en todo el proceso administrativo.¡ContactanosTu consulta no molesta. Estamos Ubicados en Zona Palermo Multimarca OKM Y USADOS Att AUTODEAL",1,33100000.0
"•ALRA S.A. CONCESIONARIO OFICIAL VOLKSWAGEN•T-Cross 1.0 200Tsi Highline Bi-Tono At MY25 2025• Anticipo: $29.800.000• Financia: $14.000.000 en 9 cuotas (TNA 0.00%) de $1.555.556 + seguro.********************************************************************************Equipamiento destacado:- Sistema Multimedia VW Play 10"" con Wireless App Connect- Active Info Display 10"" (Tablero Digital)- Sensor de estacionamiento delantero y trasero- Camara de estacionamiento trasera.- Sistema de estacionamiento automático “Park Assist”- Techo solar panorámico- Tapizado en cuero- Luz de ambiente LED ""Ambient Light""- Sistema de detector de fatiga- Llantas de aleación de 17''- Espejo interior con anti-encandilamiento automático- Asistente de aviso de mantenimiento de carril- Detector de punto ciego con asistente trasero de tráfico cruzado********************************************************************************Erika ParraAv. Juan b. Justo 2611 Villa Crespo- Caba",1,40650001.0
"¡Cada vez más cerca de tu COMPASS! ¿Buscas anticipos y cuotas accesibles? ¡ Estás en el lugar correcto ! con un anticipo de $12,738,000 podes tener tu ram en la versión que prefieras!¿cómo podes presentar ese capital?EFECTIVO / DOLARES / AUTOS USADOS ¿Y el resto? Ahora podes aprovechar nuestro financiamiento a TASA CERO financia hasta el %60 del valor de tu unidad ¡no pagues sobreprecio!Contamos con financiaciones en 24/36/48 o hasta 70 cuotas Acomoda la cantidad y el monto de las cuotas a tu manera!                                             ¡no pierdas esta oportunidad! Subite al Jeep Compass y sentí la diferencia desde el primer día:# Espacio cómodo para que vos y tu familia viajen relajados# Tecnología que te conecta a todo: Android Auto y Apple CarPlay# Seguridad en serio: control de estabilidad, asistente en pendientes, múltiples airbags# Diseño premium que no pasa desapercibido[Estamos en: Capital Federal y Zona OesteDe lunes a sábados de 9 a 19 hs]Atención rápida por #Whtspp para más info.",1,31709000.0
/// AUTOFRANCE PEUGEOT ///EL PRECIO PUBLICADO ES UN ANTICIPO Y RESTAN 18 CUOTAS FIJAS DE $777.840/// SOMOS EL CONCESIONARIO OFICIAL PEUGEOT Nº 1 EN VENTAS DEL PAIS ////// OPERAMOS VENTA DIRECTA DE FABRICA Y/O STOCK PARA ENTREGA INMEDIATA ////// TODOS LOS USADOS Y SEMI NUEVOS EN STOCK FUERON SOMETIDOS A RIGUROSOS CONTROLES DE CALIDAD EN NUESTROS TALLERES PROPIOS ////// EL MEJOR PRECIO CONTADO FINANCIADO O CON SU USADO ////// RESPUESTA INMEDIATA A SUS CONSULTAS: Respondemos al instante consultas y llamados. Podemos programar una video llamada para que usted pueda ver los autos sin moverse de su casa u oficina./// SOMOS CONCESIONARIO LIDER EN CALIDAD DE ATENCION.// EL PRECIO PUBLICADO ES UN ANTICIPO MAS SALDO A TASA 0% //INCLUYE FLETES Y FORMULARIOS Y PATENTAMIENTO/// SOMOS ESPECIALISTAS EN FINANCIACION: SALDO EN 18 CUOTAS FINANCIANDO CON TASA 0% DE INTERÉS !! Te financiamos el saldo de $ 14.000.000 en 18 cuotas fijasAprobamos su crédito en el acto!/// SU AUTO USADO EN AUTOFRANCE VALE MAS: Pagamos más por su usado desde 2009 sin limite de kilometraje. También podemos tomar su auto en consignación./// ENTREGA INMEDIATA EN TODA LA GAMA./// COMODIDADES PARA CLIENTES: Estacionamiento exclusivo para clientes. Trato preferencial a clientes del interior del país. Lo hacemos bien simple. Usted solo viene a retirar su 0km./// NUESTRO SERVICIO POSTVENTA ES CONSIDERADO EL MEJOR DEL PAIS./// FORMAS DE PAGO: aceptamos todas las formas de pago. Tomamos sus dólares al mejor valor del mercado./// ATENCION EXCLUSIVA EMPRESAS Y CLIENTES ESPECIALES: Somos Peugeot Professional Center. Ventas especiales para empresas comerciantes diplomáticos jueces y APM //////ASESOR COMERCIAL: /// OMAR AYUB,1,30000000.0
"CONCESIONARIO OFICIAL VOLKSWAGEN ALRAEL PRECIO PUBLICADO CORRESPONDE AL ANTICIPO DE $25.800.000 + 9 CUOTAS FIJAS DE $1.555.555 TASA 0%EDUARDO QUIROGA-ASESOR COMERCIAL-CERTIFICADO POR VW INTERNATIONAL CENTER***** EXPERIENCIA 5 ESTRELLAS *****+ ENTREGA INMEDIATA+ MAS DE 400 AUTOS EN STOCK PERMANENTE¡CONCESIONARIO # 1 EN VENTAS!Con más de 38 años en el mercado.En Alra Volkswagen priorizamos tu experiencia de compra para que sea 5 estrellas *****------------------------------------------------------------------------------------------------------------> NUEVA VOLKSWAGEN AMAROK <LLEVATELA CON LA EXCLUSIVA FINANCIACION DE VW!COMPRA TU NUEVA AMAROK CON NOSOTROS, PODEMOS OFRECERTE:+ COMPRA ONLINE+ COLORES A ELECCIÓN+ AMPLIO STOCK+ MEJORES PRECIOS+ ENTREGA INMEDIATA+ VENDEMOS A TODO EL PAIS+ EMITIMOS FACTURA PROFORMA+ FINANCIA SOLO CON DNI CUOTAS FIJAS+ RECIBIMOS SU USADO DE TODAS LAS MARCAS AL MEJOR PRECIO",1,25800000.0
"CONCESIONARIO OFICIAL FIAT¡Descubrí el nuevo Fiat Pulse Abarth 1.3 Turbo 270!¡NO ES UN PLAN DE AHORRO!¡Anticipo desde $12.000.000 y entrega inmediata en toda la gama! Disponibilidad en varios colores.- Ofrecemos el mejor precio, ya sea en efectivo, financiado o con permuta.- ¡Te superamos cualquier presupuesto! Vení con tu cotización y te ofreceremos una mejor propuesta.- Valoramos tu usado más que nadie: Pagamos más por tu auto usado, sin límite de kilometraje y radicado en cualquier parte del país.- Especialistas en financiación: Financiamos hasta el 70% del valor de tu 0km, con cuotas accesibles y plazos de 1 a 5 años. ¡Crédito aprobado al instante y con las mejores tasas del mercado! Beneficios exclusivos para nuestros clientes:- Estacionamiento preferencial.- Atención preferencial para clientes del interior del país.- Proceso simple y rápido: solo tenes que venir a retirar tu nuevo Fiat.Respuestas inmediatas a todas tus consultas:- Respondemos al instante llamadas y mensajes.- Si lo preferís, podemos agendar una videollamada para que veas el auto desde la comodidad de tu casa u oficina.El precio publicado no corresponde a la totalidad de la unidad.Tenemos toda la gama de colores y disponemos de STOCK Físico y con certificado de todas nuestras unidades para entrega inmediata.Débora MedinaAsesora Comercial.",1,17000000.0
"* NORDELBAHN CONCESIONARIO OFICIAL VOLKSWAGEN *PRECIO PUBLICADO CORRESPONDE ANTICIPO PARA FINANCIACION TASA 0 %SOMOS EL GRUPO TREPAT LÍDER EN VENTA Y POSTVENTA.EXPERIENCIA 5 ESTRELLAS .CONTAMOS CON EL STOCK MÁS AMPLIO DEL MERCADO.ENTREGA INMEDIATA.FORMAS DE PAGO PARA UNIDADES 0KM• TOMAMOS TU USADO EN FORMA DE PAGO, AL MEJOR VALOR DEL MERCADO.• FINANCIACIÓN A TASA 0% PARA VEHICULOS.• FINANCIACIÓN ESPECIAL PARA VEHÍCULOS ALTA GAMA.• FINANCIACIÓN EXCLUSIVA AMAROK CON TASAS 0% Y PREFERENCIALES.• VENTAS ESPECIALES A EMPRESAS Y PARTICULARES. • TAMBIÉN CONTAMOS CON VEHÍCULOS USADOS SELECCIONADOS.•TENEMOS UNA PROPUESTA INTEGRAL; RAPIDEZ, SEGURIDAD Y LA MEJOR ATENCIÓN. PARA UNA ATENCIÓN PERSONALIZADA, ENVÍA UN WHATSAPP AL CONTACTO DE LA PUBLICACIÓN PARA SER ASESORADO.",1,35150000.0
"Somos motorville concesionario Nº1 en ventasNos destacamos por una propuesta de servicio, asesoramiento y calidad con los más altos estándares del mercado.INSPECCIÓN Y COBERTURA MECÁNICA: todos nuestros vehículos están chequeados y certificados en 240 puntos por nuestro equipo de expertos, VTV vigente, libre de deudas de patentes e infracciones.GESTORIA: Nosotros nos encargamos de todo!!!!! contamos con un equipo de gestores matriculados para que de lo único que te ocupes sea de disfrutar del vehículo.BROKER DE SEGUROS: También disponemos de un completo departamento de seguros, para que puedas comparar la cotización con compañías líderes.DEPARTAMENTO DE ACCESORIOS: personaliza tu vehículo con una gran diversidad de productos de prestigiadas marcas, nuestro compromiso es estar a la vanguardia de la tecnología y el conocimiento técnico para satisfacer las necesidades y expectativas de nuestros clientesEquipamientos y accesorios - Estética vehicular – Polarizados y laminadosMÉTODOS DE PAGO:* AL CONTADO: Paga vía transferencia bancaria o depósito.*DEJA TU AUTO COMO PARTE DE PAGO: Cambia tu auto por uno de calidad certificada de motorville y con cobertura mecánica.*FINANCIACIÓN: En MOTORVILLE podes acceder a tu próximo vehículo con un anticipo mínimo y una cuota ajustada a tu medida. Las mejores tasas del mercado.NO BUSQUES MAS TU PRÓXIMO VEHÍCULO TE ESPERA EN motorville",1,38000000.0
"Somos motorville concesionario Nº1 en ventasNos destacamos por una propuesta de servicio, asesoramiento y calidad con los más altos estándares del mercado.INSPECCIÓN Y COBERTURA MECÁNICA: todos nuestros vehículos están chequeados y certificados en 240 puntos por nuestro equipo de expertos, VTV vigente, libre de deudas de patentes e infracciones.GESTORIA: Nosotros nos encargamos de todo!!!!! contamos con un equipo de gestores matriculados para que de lo único que te ocupes sea de disfrutar del vehículo.BROKER DE SEGUROS: También disponemos de un completo departamento de seguros, para que puedas comparar la cotización con compañías líderes.DEPARTAMENTO DE ACCESORIOS: personaliza tu vehículo con una gran diversidad de productos de prestigiadas marcas, nuestro compromiso es estar a la vanguardia de la tecnología y el conocimiento técnico para satisfacer las necesidades y expectativas de nuestros clientesEquipamientos y accesorios - Estética vehicular – Polarizados y laminadosMÉTODOS DE PAGO:* AL CONTADO: Paga vía transferencia bancaria o depósito.*DEJA TU AUTO COMO PARTE DE PAGO: Cambia tu auto por uno de calidad certificada de motorville y con cobertura mecánica.*FINANCIACIÓN: En MOTORVILLE podes acceder a tu próximo vehículo con un anticipo mínimo y una cuota ajustada a tu medida. Las mejores tasas del mercado.NO BUSQUES MAS TU PRÓXIMO VEHÍCULO TE ESPERA EN motorville",1,48890000.0
CHEVROLET TRACKER 1.2 TURBO LTZ AT > 0KM 2025 <* ANTICIPO 15.000.000 Y 18 CUOTAS FIJAS TASA 0 % (cupos limitados)* OPORTUNIDAD ÚNICA --------- > PRECIOS BONIFICADOS* UNIDAD DISPONIBLE (SOLO VENDEMOS UNIDADES DE STOCK)* TOMAMOS SU USADO * VARIOS COLORESENTREGA INMEDIATA!,1,29999900.0
*CONCESIONARIO OFICIAL VOLKSWAGEN*******EXPERECIENCIA 5 ESTRELLAS*****¡¡MEJOR PRECIO Y FINANCIACIÓN!!!*AUTOS EN STOCK PERMANENTE.*VARIEDAD DE COLORES.AV LA PLATA 2050. CABA - BS. AS.*NUEVA FINANCIACIÓN EXCLUSIVA * TASA 0% EN TODAS LAS UNIDADES*SERVICIO DE MANTENIMIENTO BONIFICADO.*FORMAS DE PAGO: INTEGRANDO CONTADO O TU USADO COMO ANTICIPO Y EL RESTO EN 12 CTS 24 CTS 18 CTS 36 CTS O 48 CTS 60 CTS FIJAS Y EN $-*TOMAMOS TU USADO AL MEJOR PRECIO DEL MERCADO.*ENTREGA INMEDIATA.PODEMOS ASESORARTE Y ARMAR UN PLAN DE PAGOS DE ACUERDO A TUS NECESIDADESTENE EN CUENTA QUE TODOS LOS CREDITOS PRENDARIOS Y LEASING SON EN CUOTAS FIJAS EN PESOS.PRIMER CENTRO DE ATENCION PERSONALIZADAVOLKSWAGEN DE ARGENTINAPARA EL OTORGAMIENTO DE CREDITOS PRENDARIOS-LEASINGTRABAJAMOS CON TODOS LOS BANCOSNuestra trayectoria de mas de 35 años nos avala como lideres en el mercado nacionalContamos con el equipo mas profesional para asesorarte1- Créditos prendarios2- Leasing para empresas3- Venta Corporativa4- Cotización de tu usado/s5- Todas nuestras unidades cuentan con su correspondiente certificado de fabricación Y SON AÑO MODELO 2025.6- TOMAMOS CREDITOS DE INVERSION PRODUCTIVA7- CREDITOS PARA PyMEs.RETIRAS EN 10 DÍAS REALES.DEJANOS TU CONTACTO ASI PODEMOS ASESORARTEESTAMOS AUTORIZADOS PARA REALIZAR GESTIONES EN CUALQUIER PARTE DEL PAIS POR VOLKSWAGEN ARGENTINANO DUDES EN CONSULTAR LA MEJOR OPCION DE COMPRA ESTA ACA !!TRABAJAMOS CON LEASING DE TODOS LOS BANCOS.AGUARDAMOS TU CONSULTA   *MARTIN*,1,38999999.0
"° OPORTUNIDAD ÚNICA DE TENERLO AL MEJOR PRECIO DEL PAIS.° PRECIO ANTICIPO Y CUOTAS! CONSULTAR. ° RETIRALO YA.° NO VENDEMOS PLANES DE AHORRO.° TODA LA GAMA DE COLORES DISPONIBLES.° LLEVATELO EN UNA SEMANA.° DISPONGO DE MAS VERSIONES, CONSULTAR.° UNICO CONCESIONARIO CON UNIDADES EN STOCK REAL PERMANENTE.° LO INVITAMOS A QUE VENGA A VER EL AUTO QUE SE LLEVARÁ.° VENTAS A TODO EL PAÍS DE MANERA ÁGIL Y SENCILLA (MANEJO DE LA OPERACIÓN A DISTANCIA) SOLO VENGA A RETIRAR LA UNIDAD.° ENTREGA INMEDIATA GARANTIZADA.° CONSULTENOS POR MÍNIMOS ANTICIPOS.° CUOTA FIJA EN PESOS.° TASA FIJA EN PESOS.° TOMAMOS SU USADO AL MEJOR PRECIO DEL MERCADO.° CENTRO INTEGRAL FIAT.° CONCESIONARIO OFICIAL EN ZONA NORTE.",1,12000000.0
"PEUGEOT 2008 GT 1.0 T200AMPLIO STOCK PARA ENTREGA INMEDIATASOMOS CONCESIONARIO OFICIAL/// LEER CON ATENCION /// LEER CON ATENCION /// LEER CON ATENCION ////// OPERACION CANAL TRADICIONAL /// OPERACION CANAL TRADICIONAL ///EL VALOR PUBLICADO ES UN ANTICIPO - ANTICIPO Y CUOTAS AL PRECIO PUBLICADO SE LE SUMAN ARANCELES DE PATENTAMIENTO, FLETE, FORMULARIOS Y SELLOS NACIONALES Y PROVINCIALESTENES UN USADO ? CONSULTAME EL PRECIO DE LISTA Y ARMAMOS LA OPERACION TOMANDO TU USADO AL MEJOR PRECIO DEL MERCADOBUSCAS FINANCIAR? SOMOS EXPERTOS EN PSA FINANCEFINANCIA A TASA 0 Y CON CUOTAS FIJAS, CONSULTA POR NUESTROS CREDITOS QUE SON LOS MEJORES ACTUALMENTE EN EL MERCADO FINANCIEROCONSULTE CON TRANQUILIDAD, MENCIONE QUE VIO ESTA PUBLICACION EN MERCADO LIBRE Y AL VENDEDOR MARCELO ROMO PARA PODER ACCEDER A IMPORTANTES DESCUENTOS A LA HORA DE RESERVAR SU PROXIMO 0KMATENDEMOS SU CONSULTA AL INSTANTE EN NUESTROS CANALES DIGITALES//// CONCESIONARIO OFICIAL PEUGEOT ////// VENDEDOR MARCELO ROMO ///",1,30000000.0
"Nivus 1.0T Comfortline AtSE PUEDE FINANCIAR CON ANTICIPO DESDE 5 MILLONES Y CUOTAS.Caja automáticaCarPlay inalambricoVelocidad cruceroTira Led completa baul (línea nueva)Llantas en negroCamara de retroceso++ El precio publicado es un ANTICIPO, por financiación. ++>> Valor contado US$25.800 <<ACEPTAMOS DOLAR, EURO, CRIPTO, PAYPAL ETCValor permuta / financiación +5%",1,22100.0
/// AUTOFRANCE PEUGEOT ///					/// SOMOS EL CONCESIONARIO OFICIAL PEUGEOT Nº 1 EN VENTAS DEL PAIS ///						/// OPERAMOS VENTA DIRECTA DE FABRICA Y/O STOCK PARA ENTREGA INMEDIATA ///						/// TODOS LOS USADOS Y SEMI NUEVOS EN STOCK FUERON SOMETIDOS A RIGUROSOS CONTROLES DE CALIDAD EN NUESTROS TALLERES PROPIOS ///						/// EL MEJOR PRECIO	 CONTADO	 FINANCIADO O CON SU USADO ///				/// RESPUESTA INMEDIATA A SUS CONSULTAS: Respondemos al instante consultas y llamados. Podemos programar una video llamada para que usted pueda ver los autos sin moverse de su casa u oficina.						/// SOMOS CONCESIONARIO LIDER EN CALIDAD DE ATENCION.	// EL PRECIO PUBLICADO ES UN ANTICIPO  MAS SALDO  A TASA 0% //	INCLUYE FLETES Y FORMULARIOS Y PATENTAMIENTO				/// SOMOS ESPECIALISTAS EN FINANCIACION: SALDO EN 18 CUOTAS FINANCIANDO CON TASA 0% DE INTERÉS !! Te financiamos el saldo de $ 14.000.000 en 18 cuotas 	fijas 	Aprobamos su crédito en el acto!						/// SU AUTO USADO EN AUTOFRANCE VALE MAS: Pagamos más por su usado desde 2009 sin limite de kilometraje. También podemos tomar su auto en consignación.						/// ENTREGA INMEDIATA EN TODA LA GAMA.						/// COMODIDADES PARA CLIENTES: Estacionamiento exclusivo para clientes. Trato preferencial a clientes del interior del país. Lo hacemos bien simple. Usted solo viene a retirar su 0km.						/// NUESTRO SERVICIO POSTVENTA ES CONSIDERADO EL MEJOR DEL PAIS.						/// FORMAS DE PAGO: aceptamos todas las formas de pago. Tomamos sus dólares al mejor valor del mercado.						/// ATENCION EXCLUSIVA EMPRESAS Y CLIENTES ESPECIALES: Somos Peugeot Professional Center. Ventas especiales para empresas	 comerciantes	 diplomáticos	 jueces y APM ///			///ASESOR COMERCIAL: ///		CYNTHIA GONZALEZ,1,26900000.0
*CONCESIONARIO OFICIAL VOLKSWAGEN*******EXPERECIENCIA 5 ESTRELLAS*****¡¡MEJOR PRECIO Y FINANCIACIÓN!!! TASA 0%*AUTOS EN STOCK PERMANENTE.*VARIEDAD DE COLORES.AV LA PLATA 2050. CABA - BS. AS.*NUEVA FINANCIACIÓN EXCLUSIVA * TASA 0% EN TODAS LAS UNIDADES*FORMAS DE PAGO: INTEGRANDO CONTADO O TU USADO COMO ANTICIPO Y EL RESTO EN 12 CTS 24 CTS 18 CTS 36 CTS O 48 CTS 60 CTS FIJAS Y EN $-*TOMAMOS TU USADO AL MEJOR PRECIO DEL MERCADO.*ENTREGA INMEDIATA.PODEMOS ASESORARTE Y ARMAR UN PLAN DE PAGOS DE ACUERDO A TUS NECESIDADESTENE EN CUENTA QUE TODOS LOS CREDITOS PRENDARIOS Y LEASING SON EN CUOTAS FIJAS EN PESOS.PRIMER CENTRO DE ATENCION PERSONALIZADAVOLKSWAGEN DE ARGENTINAPARA EL OTORGAMIENTO DE CREDITOS PRENDARIOS-LEASINGTRABAJAMOS CON TODOS LOS BANCOSNuestra trayectoria de mas de 35 años nos avala como lideres en el mercado nacionalContamos con el equipo mas profesional para asesorarte1- Créditos prendarios2- Leasing para empresas3- Venta Corporativa4- Cotización de tu usado/s5- Todas nuestras unidades cuentan con su correspondiente certificado de fabricación Y SON AÑO MODELO 2024.6- TOMAMOS CREDITOS DE INVERSION PRODUCTIVA7- CREDITOS PARA PyMEs.RETIRAS EN 10 DÍAS REALES.DEJANOS TU CONTACTO ASI PODEMOS ASESORARTEESTAMOS AUTORIZADOS PARA REALIZAR GESTIONES EN CUALQUIER PARTE DEL PAIS POR VOLKSWAGEN ARGENTINANO DUDES EN CONSULTAR LA MEJOR OPCION DE COMPRA ESTA ACA !!TRABAJAMOS CON LEASING DE TODOS LOS BANCOS.AGUARDAMOS TU CONSULTA   *MARTIN*,1,58500000.0
!!!OFERTA ESPECIAL DEL MES!!! OBTENELO CON UN CRÉDITO DE HASTA $14.000.000 EN TASA 0%STOCK FÍSICO Y CON CERTIFICADO .UNIDADES DISPONIBLE PARA ENTREGA INMEDIATA .El precio corresponde a anticipo y cuotas!NAVE MOTORS CONCESIONARIO OFICIAL CITROEN!CALIDAD Y TRAYECTORIA A NIVEL NACIONAL.NUMERO 1 DE ARGENTINA.GRACIAS A NUESTROS CLIENTES NOS POSICIONAMOS EN LA MEJOR RED DE CONCESIONARIOS DEL PAÍS.DANIEL AGUIRREVENTAS,1,28299990.0
"***** PEUGEOT PLAN *****• RETIRA EN CUOTA 4 CON EL 40%.------------------------------------------------------*- CUPOS LIMITADOS!*- PLANES DIRECTO DE FABRICA.*- CUOTAS EN PESOS.*- PODES CANCELAR O ANTICIPAR CUOTAS.*- MÍNIMOS REQUISITOS, SOLO DNI.*- BONIFICACIONES Y DESCUENTOS EXCLUSIVOS A CLIENTES DE MERCADOLIBRE.*- TOMAMOS TU USADO Y PLANES EN PARTE DE PAGO.** CONSULTE TAMBIÉN POR NUESTRO STOCK DE PLANES AGRUPADOS / ADJUDICADOS!!!!**-------------------------------------------------------#-LA OPERACIÓN 100% ONLINE, SIN MOVERTE DE TU CASA.#-VENTAS A TODO EL PAÍS (GESTIONAMOS TODA LA OPERACIÓN A DISTANCIA) SOLO VENIS A RETIRAR TU 0KM.• Concesionario Oficial Darc Peugeot •~Precio Publicado Corresponde Al Anticipo~*** imágenes no contractuales ***",1,16000000.0
"Concesionario Oficial Volkswagen, líder en ventas y créditos del País desde el año 2000El valor publicado corresponde al anticipo.Contamos con el mejor precio de contado, tomamos tu unidad usada llave contra llave, facilidades de pago.Financiación directa y oficial por Volkswagen Financial Services.Esta unidad cuenta con una garantía de 6 años o 150.000 km, lo que ocurra primero.Stock permanente de vehículos y entrega inmediata.• RESPONDEMOS SU CONSULTA EN 5 MINUTOS.• NO ES PLAN DE AHORRO.• CONCESIONARIO OFICIAL VOLKSWAGEN.• ENTREGA INMEDIATA.• TOMAMOS TU USADO EN PARTE DE PAGO.• MEJORAMOS PRESUPUESTOS.• VEHICULO EN STOCK.• FINANCIAMOS.• EL MEJOR PRECIO DE CONTADO.• PRUEBA DE MANEJO DISPONIBLE.• VENDEMOS A TODO EL PAÍS DE MANERA ÁGIL Y SENCILLA.• NO ES PLAN DE AHORRO.• Publicamos el valor promocional del 0km, el valor final depende la operación que haga el cliente.• Ofrecemos créditos prendarios directamente de Volkswagen Financial Services CUOTA FIJA.• Tomamos tu usado en parte de pago y si lo solicitas financiar la diferencia con una tasa baja !!•CONCESIONARIO OFICIAL VOLKSWAGEN••EJECUTIVO DE VENTAS CALIFICADO••ESTEBAN KAIRUZ•",1,36000000.0
Descripción*CONCESIONARIO OFICIAL VOLKSWAGEN*******EXPERECIENCIA 5 ESTRELLAS*****¡¡MEJOR PRECIO Y FINANCIACIÓN!!!*AUTOS EN STOCK PERMANENTE.*VARIEDAD DE COLORES.AV CALCHAQUI 252 . SUC BERAZATEGUI - BS. AS.*NUEVA FINANCIACIÓN EXCLUSIVA * TASA 0% EN TODAS LAS UNIDADES*SERVICIO DE MANTENIMIENTO BONIFICADO.*FORMAS DE PAGO: INTEGRANDO CONTADO O TU USADO COMO ANTICIPO Y EL RESTO EN 12 CTS 24 CTS 18 CTS 36 CTS O 48 CTS 60 CTS FIJAS Y EN $-*TOMAMOS TU USADO AL MEJOR PRECIO DEL MERCADO.*ENTREGA INMEDIATA.PODEMOS ASESORARTE Y ARMAR UN PLAN DE PAGOS DE ACUERDO A TUS NECESIDADESTENE EN CUENTA QUE TODOS LOS CREDITOS PRENDARIOS Y LEASING SON EN CUOTAS FIJAS EN PESOS.PRIMER CENTRO DE ATENCION PERSONALIZADAVOLKSWAGEN DE ARGENTINAPARA EL OTORGAMIENTO DE CREDITOS PRENDARIOS-LEASINGTRABAJAMOS CON TODOS LOS BANCOSNuestra trayectoria de mas de 35 años nos avala como lideres en el mercado nacionalContamos con el equipo mas profesional para asesorarte1- Créditos prendarios2- Leasing para empresas3- Venta Corporativa4- Cotización de tu usado/s5- Todas nuestras unidades cuentan con su correspondiente certificado de fabricación Y SON AÑO MODELO 2025.6- TOMAMOS CREDITOS DE INVERSION PRODUCTIVA7- CREDITOS PARA PyMEs.RETIRAS EN 10 DÍAS REALES.DEJANOS TU CONTACTO ASI PODEMOS ASESORARTEESTAMOS AUTORIZADOS PARA REALIZAR GESTIONES EN CUALQUIER PARTE DEL PAIS POR VOLKSWAGEN ARGENTINANO DUDES EN CONSULTAR LA MEJOR OPCION DE COMPRA ESTA ACA !!TRABAJAMOS CON LEASING DE TODOS LOS BANCOS.AGUARDAMOS TU CONSULTAasesor comercial : Sebastian Suarez *,1,31250008.0
*CONCESIONARIO OFICIAL VOLKSWAGEN*******EXPERECIENCIA 5 ESTRELLAS*****¡¡MEJOR PRECIO Y FINANCIACIÓN!!! TASA 0%*AUTOS EN STOCK PERMANENTE.*VARIEDAD DE COLORES.AV LA PLATA 2050. CABA - BS. AS.*NUEVA FINANCIACIÓN EXCLUSIVA * TASA 0% EN TODAS LAS UNIDADES*FORMAS DE PAGO: INTEGRANDO CONTADO O TU USADO COMO ANTICIPO Y EL RESTO EN 12 CTS 24 CTS 18 CTS 36 CTS O 48 CTS 60 CTS FIJAS Y EN $-*TOMAMOS TU USADO AL MEJOR PRECIO DEL MERCADO.*ENTREGA INMEDIATA.PODEMOS ASESORARTE Y ARMAR UN PLAN DE PAGOS DE ACUERDO A TUS NECESIDADESTENE EN CUENTA QUE TODOS LOS CREDITOS PRENDARIOS Y LEASING SON EN CUOTAS FIJAS EN PESOS.PRIMER CENTRO DE ATENCION PERSONALIZADAVOLKSWAGEN DE ARGENTINAPARA EL OTORGAMIENTO DE CREDITOS PRENDARIOS-LEASINGTRABAJAMOS CON TODOS LOS BANCOSNuestra trayectoria de mas de 35 años nos avala como lideres en el mercado nacionalContamos con el equipo mas profesional para asesorarte1- Créditos prendarios2- Leasing para empresas3- Venta Corporativa4- Cotización de tu usado/s5- Todas nuestras unidades cuentan con su correspondiente certificado de fabricación Y SON AÑO MODELO 2024.6- TOMAMOS CREDITOS DE INVERSION PRODUCTIVA7- CREDITOS PARA PyMEs.RETIRAS EN 10 DÍAS REALES.DEJANOS TU CONTACTO ASI PODEMOS ASESORARTEESTAMOS AUTORIZADOS PARA REALIZAR GESTIONES EN CUALQUIER PARTE DEL PAIS POR VOLKSWAGEN ARGENTINANO DUDES EN CONSULTAR LA MEJOR OPCION DE COMPRA ESTA ACA !!TRABAJAMOS CON LEASING DE TODOS LOS BANCOS.AGUARDAMOS TU CONSULTA   *MARTIN*,1,58500000.0
"¡Cada vez más cerca de tu RENEGADE!¿Buscas anticipos y cuotas accesibles? ¡Estás en el lugar correcto ! Con un anticipo de $10,626,,000 podes tener tu ram en la versión que prefieras!¿cómo podes presentar ese capital?EFECTIVO / DOLARES / AUTOS USADOS ¿Y el resto? Ahora podes aprovechar nuestro financiamiento a TASA CERO financia hasta el %60 del valor de tu unidad ¡no pagues sobreprecio!El resto lo podes financiar en 24/36/48 o hasta 70 cuotas Acomoda la cantidad y el monto de las cuotas a tu manera!                                             ¡no pierdas esta oportunidad! Tecnología, confort y diseño Jeep en cada detalle:# Pantalla táctil de alta definición y conectividad total# Seguridad en serio: control de estabilidad, múltiples airbags# Bajo consumo y gran rendimiento en ciudad y ruta# Ideal para moverte cómodo todos los días o salir de escapada[Estamos en: Capital Federal y Zona OesteDe lunes a sábados de 9 a 19 hs]Atención rápida por #Whtspp para más info.",1,26789000.0
"* Mejoramos cualquier presupuesto del país * * Somos concesionario oficial citroën ** NAVE MOTORS ** Concesionario con mas de 10 años de experiencia en vehiculos citroën ** El asesoramiento personalizado, calidad de servicio, buena atención, responsabilidad y transparencia son nuestros principales atributos para que tengas la mejor experiencia de compra ** NO DUDES Y CONSÚLTANOS ANTES DE DECIDIRTE *SIEMPRE CON ¡ENTREGA INMEDIATA!* RETIRA YA TU 0KM CON UN MÍNIMO ANTICIPO y SOLO CON DNI * (FINANCIACIÓN + DESCUENTO) * * * (FINANCIACIÓN + DESCUENTO + TOMA DE TU USADO) ** TOMAMOS TU AUTO USADO AL MEJOR PRECIO DEL MERCADO ** RESERVA TU TURNO PARA HACER UN TEST DRIVE *",1,29000000.0
"Precio publicado de versión entrada de gama/anticipo sugerido.¡TU JEEP COMPASS TE ESTA ESPERANDO EN SPORT CARS JEEP!Si estas buscando una SUV que combine diseño, tecnología y robustez, LA JEEP COMPASS ES TU MEJOR ELECCION. Y no hay mejor lugar para encontrarla que en SPORT CARS JEEP, una de las concesionarias mas grandes y confiables del pais.¿PORQUE ELEGIR SPORT CARS JEEP?* 40 años de trayectoria en el mercado automotor, brindando confianza, respaldo y compromiso en cada operación.* Somos concesionario oficial jeep, con atención especializada y asesoramiento profesional en cada etapa de tu compra.* Contamos con altísimos estándares de calidad de atención al cliente: nuestro equipo esta capacitado para brindarte una experiencia personalizada, clara y sin vueltas.* Tenemos uno de los mayores stock del pais y posibilidades reales de entrega inmediata.* Te ofrecemos planes de financiación exclusivos, toma de usado al mejor valor y promociones únicas.* Miles de clientes satisfechos nos eligen año tras año por nuestra seriedad y dedicación.¿QUE TRAE LA NUEVA JEEP COMPASS?* Estilo sofisticado y diseño robusto.* Tecnología de ultima generación con conectividad total.* Interior amplio, cómodo y con terminaciones premium.* Excelente performance tanto en ciudad como en ruta.VENI A SPORT CARS JEEP Y LLEVATE LA SUV QUE SOÑAS CON LA CONFIANZA DE ESTAR EN LAS MEJORES MANOS.¡ Consulta ahora y descubrí una experiencia de compra a otro nivel!Florencia Vasquez",1,45500000.0
"¡Cada vez más cerca de tu RENEGADE!¿Buscas anticipos y cuotas accesibles? ¡Estás en el lugar correcto ! Con un anticipo de $10,626,,000 podes tener tu ram en la versión que prefieras!¿cómo podes presentar ese capital?EFECTIVO / DOLARES / AUTOS USADOS ¿Y el resto? Ahora podes aprovechar nuestro financiamiento a TASA CERO financia hasta el %60 del valor de tu unidad ¡no pagues sobreprecio!El resto lo podes financiar en 24/36/48 o hasta 70 cuotas Acomoda la cantidad y el monto de las cuotas a tu manera!                                             ¡no pierdas esta oportunidad! Tecnología, confort y diseño Jeep en cada detalle:# Pantalla táctil de alta definición y conectividad total# Seguridad en serio: control de estabilidad, múltiples airbags# Bajo consumo y gran rendimiento en ciudad y ruta# Ideal para moverte cómodo todos los días o salir de escapada[Estamos en: Capital Federal y Zona OesteDe lunes a sábados de 9 a 19 hs]Atención rápida por #Whtspp para más info.",1,24987000.0
"EL IMPORTE CORRESPONDE A UN ANTICIPO, QUEDANDO POR ABONAR 30 CUOTAS FIJAS DE $917..579.- + SEGURO AUTOCONCESIONARIO OFICIAL CHEVROLET CAR ONE S.AMAS DE 25 AÑOS DE TRAYECTORIA Y SERIEDAD NOS AVALAN !!!EL PRECIO NO INCLUYE GASTOS DE PATENTAMIENTO, NI GASTOS PRENDARIOS*TOMAMOS SU USADO EN PARTE DE PAGO NO CORRESPONDE A PLAN DE AHORROVENTAS A TODO EL PAIS",1,17750000.0
"pregunta por Mathias Barrios Asesor Comercial - Taraborelli Cars Jeep/RAM CaballitoObtené tu 0km de la manera más segura.Contamos con diferentes opciones de pago:-Contado.-Anticipo y cuotas fijas.-Anticipo y cuotas variables (con entrega inmediata)-Pone tu usado en parte de pago.(Tenemos la mejor cotización del mercado, con nosotros tu usado vale más!)Tenemos toda la gama de colores y disponemos de STOCK físico y con certificado de todas nuestras unidades para entrega inmediata.Ventas a todo el país de forma eficaz.*Nosotros no tenemos letra chica!",1,50399000.0
"¡Oferta MAYO! Fiat PulseRetirá con:Anticipo: $8,400,000 y pagá en cuotas de $360 por mescon TASA 0%.Aceptamos:#Tu usado como parte de pago# Dólares al mejor valor# PesosEstamos en Capital Federal y Zona Oeste.Atendemos de lunes a sábados, de 9 a 19 hs.Atención rápida por #Whtspp para más información.",1,28500000.0
Peugeot Toulon / Concesionario OficialSucursal LanusHorarios de Atención: Lunes a Sabados de 09 a 19 HsAsesor Comercial: Ezequiel Armendariz.** Nueva Peugeot 2008 GT T200 2025 0 Km **Oferta ANTICIPO $ 31.300.000.- Final con patentamiento incluido.Financias $ 14.000.000 A TASA 0% En 18 cuotas fijas y en pesos de $ 777.000.-SI TASA 0% !!!! NO ES PLAN DE AHORRO ! ! ! !Precio Vigente para patentar en el mes de Mayo !Stock fisico !Entrega 10-15 dias !Tomamos usados en parte de pago !Su consulta no molesta.,1,31300000.0
"Patricia Belisario Asesora comercial - Taraborelli Cars Jeep/RAM CaballitoObtené tu 0km de la manera más segura.Contamos con diferentes opciones de pago:-Contado.-Anticipo y cuotas fijas.-Anticipo y cuotas variables (con entrega inmediata)-Pone tu usado en parte de pago.(Tenemos la mejor cotización del mercado, con nosotros tu usado vale más!)Tenemos toda la gama de colores y disponemos de STOCK físico y con certificado de todas nuestras unidades para entrega inmediata.Ventas a todo el país de forma eficaz.*Nosotros no tenemos letra chica!",1,46000000.0
CHEVROLET TRACKER 1.2 TURBO RS AT > 0KM <* OPORTUNIDAD ÚNICA * ANTICIPO $ 26.950.000 Y 18 CUOTAS FIJAS TASA 0 %* MEJOR CONTADO * UNIDAD DISPONIBLE EN STOCK* TOMAMOS SU USADO,1,26950000.0
"TARABORELLI FR, CONCESIONARIO OFICIAL PEUGEOT EN BARILOCHE!!!¡¡¡40 AÑOS DE TRAYECTORIA NOS AVALAN!!!NUEVO PEUGEOT 2008 GT T200 MOTOR 1.0 TURBO*TOMAMOS TU USADO AL MEJOR PRECIO****UNIDADES CON ENTREGA INMEDIATA*****FINANCIACIÓN EXCLUSIVA**RETIRA CON MINIMO ANTICIPO YFINANCIA HASTA $18.000.000 EN 12, 24, 36 Y 48 CUOTAS FIJAS +++NO DUDES EN ENVIARNOS TU CONSULTA Y RESPONDEREMOS A LA BREVEDAD+++COLORES DISPONIBLES:BLANCO NACRE · GRIS SELENIUM · NEGRO PERLA NERA¡¡¡CONSULTAR DISPONIBILIDAD!!!",1,39700001.0
"Renault FINANCIACION ESPECIAL Modelo Nuevo , Renault Kardian Evolution 156$25.800.000	Nafta , 1.6 L , 115cv , L4ANTICIPO MINIMO 20%, PUEDE SER CON AUTO USADO , EFECTIVO, PLAN DE AHORRO",1,24250000.0
>>LEER DESCRIPCION <<SIEMPRE ENTREGA INMEDIATA - STOCK PROPIO +de 60 UNIDADES!!!˜˜˜˜16 A˜ÑOS DE CLIENTES AMIGOS FELICESCONSULTA TRANQUILO/A TE ATIENDE EL DUE˜ÑOPREGUNTA POR EDUARDO.>> MINIMO ANTICIPO Y EL RESTO FINANCIA EN CUOTAS.>> SIMPLE y RAPIDO BUSCAMOS EL MEJOR PRECIO PARA VOS <<TU PRESUPUESTO LO MEJORAMOS SIEMPRE>TE PAGAMOS MAS TU USADO>FINANCIA x BANCO SANTANDER>SOMOS GESTORES.... Te ayudamos con los papeles de tu USADO y con los papeles del auto nuevo GRATIS.,1,31325500.0
"CONCESIONARIO OFICIALEL PRECIO PUBLICADO  CORRESPONDE A UN ANTICIPO,PARA UNA ENTREGA INMEDIATA!!EL MEJOR CONTADO SIEMPRE!!!ACEPTAMOS PERMUTAS, CON LA MEJOR DIFERENCIA ENTRE SU USADO Y EL 0KM.FINANCIACION A TASAS PREFERENCIALES(nos adaptamos a cada cliente)ENTREGA INMEDIATA DE UNIDADES FISICAS EN STOCK CON VARIEDAD EN COLORES!!!VENTAS ESPECIALES A EMPRESAS!!!VENTAS AL INTERIOR DEL PAIS CON LA MAS ABSOLUTA SERIEDAD YCOMPROMISO QUE NOS CARACTERIZAN, FACILITANDO DOCUMENTACION Y HACIENDO DINAMICA LA COMPRA-VENTA!!!¡En FIAT VERONA, tú 0 km está muy cerca, vení a conocerloASESORA COMERCIAL CELESTE GONZALEZ",1,12970000.0
"•ALRA S.A. CONCESIONARIO OFICIAL VOLKSWAGEN•T-CROSS 1.0 200TSI HIGHLINE AT MY25 2025• Anticipo: $29.800.000• Financia: $14.000.000 en 9 cuotas (TNA 0.00%) de $1.555.556 + seguro.Gastos incluidos de flete, formularios y prenda bancaria. Al retirar abona el patentamiento que es un 8% de sellos + patente proporcional.********************************************************************************Equipamiento destacado:- Sistema Multimedia VW Play 10"" con Wireless App Connect- Active Info Display 10"" (Tablero Digital)- Sensor de estacionamiento delantero y trasero- Camara de estacionamiento trasera.- Sistema de estacionamiento automático “Park Assist”- Techo solar panorámico- Tapizado en cuero- Luz de ambiente LED ""Ambient Light""- Sistema de detector de fatiga- Llantas de aleación de 17''- Espejo interior con anti-encandilamiento automático- Asistente de aviso de mantenimiento de carril- Detector de punto ciego con asistente trasero de tráfico cruzado********************************************************************************Erika ParraAv. Juan b. Justo 2611 Villa Crespo- Caba",1,41000001.0
"Mathias Barrios Asesor Comercial - Taraborelli Cars Jeep/RAM CaballitoObtené tu 0km de la manera más segura.Contamos con diferentes opciones de pago:-Contado.-Anticipo y cuotas fijas.-Anticipo y cuotas variables (con entrega inmediata)-Pone tu usado en parte de pago.(Tenemos la mejor cotización del mercado, con nosotros tu usado vale más!)Tenemos toda la gama de colores y disponemos de STOCK físico y con certificado de todas nuestras unidades para entrega inmediata.Ventas a todo el país de forma eficaz.*Nosotros no tenemos letra chica!",1,36229480.0
º|||||||º DESCUENTOS DE CONTADO !!!º|||||||º ENTREGA INMEDIATA !!!º|||||||º TOMAMOS USADOSº|||||||º OPCIONES DE ANTICIPO Y CUOTA FIJA 0% INTERES,1,44950000.0
"VOLKSWAGEN NIVUS 200TSI AT 2024 0 KM ENTREGA INMEDIATAPRECIO PUBLICADO CORRESPONDE AL ANTICIPO, SALDO: EN EFECTIVO, PERMUTA Y/O A FINANCIAR- Financiacion a tasa 0 %-Banco Macro tarjeta selecta 12 cuotas sin interés- Tomamos Dolares (Consultar cotización)- Entrega inmediata- Tomamos usados en parte de pago. Mejor cotización.- Financiamos con DNI, sin intereses.-Crédito prendarios- Leasing- Ventas corporativasHauswagen Escobar, Km 50 Panamericana ramal EscobarPertenecemos a uno de los grupos mas prestigiosos del país. (GCDC)Concesionario oficial VolkswagenKARINA BILAKAsesora comercial",1,25990000.0
"Somos motorville concesionario Nº1 en ventasNos destacamos por una propuesta de servicio, asesoramiento y calidad con los más altos estándares del mercado.INSPECCIÓN Y COBERTURA MECÁNICA: todos nuestros vehículos están chequeados y certificados en 240 puntos por nuestro equipo de expertos, VTV vigente, libre de deudas de patentes e infracciones.GESTORIA: Nosotros nos encargamos de todo!!!!! contamos con un equipo de gestores matriculados para que de lo único que te ocupes sea de disfrutar del vehículo.BROKER DE SEGUROS: También disponemos de un completo departamento de seguros, para que puedas comparar la cotización con compañías líderes.DEPARTAMENTO DE ACCESORIOS: personaliza tu vehículo con una gran diversidad de productos de prestigiadas marcas, nuestro compromiso es estar a la vanguardia de la tecnología y el conocimiento técnico para satisfacer las necesidades y expectativas de nuestros clientesEquipamientos y accesorios - Estética vehicular – Polarizados y laminadosMÉTODOS DE PAGO:* AL CONTADO: Paga vía transferencia bancaria o depósito.*DEJA TU AUTO COMO PARTE DE PAGO: Cambia tu auto por uno de calidad certificada de motorville y con cobertura mecánica.*FINANCIACIÓN: En MOTORVILLE podes acceder a tu próximo vehículo con un anticipo mínimo y una cuota ajustada a tu medida. Las mejores tasas del mercado.NO BUSQUES MAS TU PRÓXIMO VEHÍCULO TE ESPERA EN motorville",1,48990000.0
Peugeot Toulon / Concesionario OficialSucursal LanusHorarios de Atención: Lunes a Sabados de 09 a 19 HsAsesor Comercial: Ezequiel Armendariz.** Nueva Peugeot 2008 GT T200 2025 0 Km **Oferta ANTICIPO $ 31.500.000.- Final con patentamiento incluido.Financias $ 14.000.000 En 18 cuotas fijas y en pesos de $ 777.000.-SI TASA 0% !!!! NO ES PLAN DE AHORRO ! ! ! !Precio Vigente para patentar en el mes de Mayo !Stock fisico !Entrega 10-15 dias !Tomamos usados en parte de pago !Su consulta no molesta.,1,31500000.0
ENTREGA INMEDIATA /NO ES PLAN DE AHORRO/OPORTUNIDADOFERTA CON GASTOS INCLUIDOS : $25.999.000CREDITO FIAT / ANTICIPO : $13.000.000 Y CUOTASMEJORO CUALQUIER PRESUPUESTOTomamos TU Usado AL MEJOR PRECIO DEL MERCADO,1,25000000.0
"*Hola, gusto en saludarte TENER EN CUENTA QUE EL VALOR PUBLICADO CORRESPONDE AL PRECIO DEL ANTICIPO CON TODOS LOS GASTOS INCLUIDOS EL SALDO ES TASA 0% CUOTAS FIJAS EN PESOS Te dejo las opciones comerciales posibles para avanzar con el presupuesto  Por favor nos podrías indicar que operación estarías interesado en realizarTe dejo las opciones comerciales posibles para avanzar con el presupuesto  Por favor nos podrías indicar que operación estarías interesado en realizar 1- OPERACION DE CONTADO 2- OPERACION CON CREDITO PRENDARIO 3- OPERACION CON CREDITO Y USADO4- OPERACION CON USADO Y CONTADO 5- OPERACION CON LEASING (100% financiado)6- OPERACION CON BALLOON (la cuota más baja) 7- CREDITOS PERSONALES EMPRESAS - AUTONOMOS EN EL CASO QUE QUIERAS TOMAR LA OPCION DE FINANCIACION 1-	Con que anticipo contas = $2-	Con que unidad contas =3-	Que capacidad de pago mensual podes tomar = $TODAS LAS OPCIONES SON PARA PERSONA FISICA - JURIDICA (según disponibilidad y scoring crediticio)",1,33699999.0
"CAR DISTRICT TE ESPERA CON LA OPORTUNIDAD QUE ESTABAS ESPERANDO !!!º|||||||º DESCUENTOS DE CONTADO !!!º|||||||º ENTREGA INMEDIATA !!!º|||||||º TOMAMOS USADOSº|||||||º OPCIONES DE ANTICIPO Y CUOTA FIJA 0% INTERESALGUNAS DE NUESTRAS OPCIONESPLANES DE FINANCIACION :FINANCIA $ 12.000.000 EN 12 CUOTAS FIJAS TASA 0% DE $ 1.012.000FINANCIA $ 18.000.000 EN 12 CUOTAS FIJAS TASA 19.9% % DE $ 1.450.000Concesionario líder en zona norte con más de 20 años de experiencia. ¡Garantía de calidad y atención!ESPERAMOS TU CONSULTA YA MISMO , NUESTROS ASESORES ESTAN LISTOS PARA ATENDERTE",1,44990000.0
"CONCESIONARIA OFICIAL PEUGEOT GIAMALEER CON ATENCION ANTICIPO $13.400.000-----------------ABRIL 2025------------------EL BOLETO TE LO LLEVAS CON NUMERO DE CHASIS Y MOTOR UNIDADES FISICAS----------------------------LEER CON ATENCIONNUEVO LANZAMIENTO PEUGEOT 208 y 2008 NUEVO 2025--------------------------------------------------------------------------NUEVO LANZAMIENTONUEVO PEUGEOT 208 //ALLURE//GTHASTA $ 14,000,0000 MILLONES DE PESOS A TASA 0%EN 18,24,36 CUOTAS SIN INTERES Y FIJAS///////CON UN COSTO DE OTORGAMIENTO de $1.863.000//NUEVO PEUGEOT 208 ALLURE AUTOMATICO Y MANUAL//$16,000,000 A TASA 0 % SIN INTERESDE 24 CUOTAS FIJAS (CONSULTAR) CUOTAS $666.720COSTO DE OTORGAMIENTO FINANCIERO $1.936.000=====================================================VENTAS DIGITALES ASESOR : ADRIAN PARRATE PELEO EL MEJOR PRECIOPARA EL CLIENTE + EXCELENTES BONIFICACIONES EXCLUSIVAS.=====================================================CONTAMOS CON LOS MEJORES PRECIOS DEL MERCADO!!!Expecificaciones Tecnicas!El Nuevo 208 y 2008 llego a la Argentina con dos motorizaciones: el 1.6 VTi, 16V de la familia EC5 con 115 CV y 150 Nm, y el multipremiado propulsor turbo de 120 CV y 200 Nm de torque. Los dos motores nafteros combinan bajos costos de mantenimiento, robustez y suavidad de operación.El propulsor T200 de Stellantis se incorpora a la marca y hace su debut en el Nuevo PEUGEOT 208. Un motor de última generación, que entrega prestaciones destacadas sin comprometer la eficiencia. PEUGEOT incorpora el motor turbo-nafta T200 que genera 120 CV de potencia máxima a 5.750 rpm. El rendimiento superior también se extiende al par máximo, que alcanza los 200 Nm a 1.750 rpm.Estas cifras son posibles gracias a elementos como el uso de un turbocompresor con válvula de descarga electrónica, inyección directa de combustible y el exclusivo sistema MultiAir III, que permite un control más flexible y eficiente de las válvulas de admisión.Otro punto destacado del propulsor es la aceleración. La mayor potencia y par combinado con una estructura robusta pero ligera, lleva al B-Hatch de 0 a 100 km/h en 9,4 segundos, lo que representa el tiempo más corto respecto a sus principales competidores.",1,32900000.0
"RENAULT LEPIC CONCESIONARIO OFICIALEL PRECIO CORRESPONDE A UN ANTICIPO CON GASTOS INCLUIDOS.EL SALDO LO ABONAS EN CUOTAS FIJAS EN PESOS        ***ENTREGA INMEDIATA!!!!**** NO ES PLAN DE AHORRO *****CONSULTA PRECIO POR CONTADO * FINANCIAMOS HASTA EL 85% DEL OKM *TOMAMOS TU USADO AL MEJOR PRECIO*UNIDADES FISICAS EN STOCK CON VARIEDAD DE COLORES!!!VENTAS ESPÉCIALES A EMPRESAS, CON FACTURACION DIRECTA!!!VENTA AL INTERIOR DEL PAIS CON LA MAS ABSOLUTA SERIEDAD Y COMPROMISO Renault Lepic - Concesionario Oficial- LIMA 411 - AB",1,28200000.0
"TAOS 2025 COMFORTLINE ATEntrega inmediataPrecio corresponde al anticipoCuotas fijas (NO es plan de ahorro)Tomamos tu plan Volkswagen al díaConcesionario oficialVentas en todo el paísEQUIPADA PARA SUPERAR TUS EXPECTATIVAS:Motor 1.4 TSI (150 CV) + caja TiptronicPantalla táctil VW Play de 10""App Connect inalámbrico (Android & iOS)Climatizador bizona + salidas traserasSensores y cámara de estacionamiento6 airbags + Control de estabilidadKeyless (sin llave) + tapizado en cuerinaFaros LED + volante multifunción con levasBaúl de 498L | 50L de tanque | Alto confort y seguridad Consultanos ahora y armá tu operación personalizada.Stock limitado. Entrega inmediata.",1,37250000.0
"Bienvenido a Jeep Freeway NavemotorsConcesionario Oficial COMPASS SERIE-S 1.3 A/T6 4X2Mínimo anticipo $14.000.000 para retirarla, el resto se puede financiar atreves de la nueva financiación de fabrica a tasa 0% de interés.Operamos venta directa de fabrica y/o stock fisico con certificado a disposición para una entrega inmediata.– Anticipo y cuotas fijas.– Anticipo y cuotas variables (con entrega inmediata)– Consultar precio de contado.Tomamos vehículo usado como forma de pago, llave por llave.Aseso Luciano",1,42500000.0
NUEVA C3 AIRCROSS T200 SHINE 5ATE FINANCIAMOS HASTA $8.000.000.- en 12 cuotas a tasa 0%(sujeto a aprobación crediticia)El precio corresponde a anticipo y cuotasSTOCK FÍSICO Y CON CERTIFICADO .UNIDADES DISPONIBLE PARA ENTREGA INMEDIATA .!NAVE MOTORS CONCESIONARIO OFICIAL CITROEN!CALIDAD Y TRAYECTORIA A NIVEL NACIONAL.NUMERO 1 DE ARGENTINA.GRACIAS A NUESTROS CLIENTES NOS POSICIONAMOS EN LA MEJOR RED DE CONCESIONARIOS DEL PAÍS.Daniel AguirreVentas,1,31500000.0
*CONCESIONARIO OFICIAL VOLKSWAGEN*******EXPERECIENCIA 5 ESTRELLAS*****¡¡MEJOR PRECIO Y FINANCIACIÓN!!!*AUTOS EN STOCK PERMANENTE.*VARIEDAD DE COLORES.AV LA PLATA 2050. CABA - BS. AS.*NUEVA FINANCIACIÓN EXCLUSIVA * TASA 0% EN TODAS LAS UNIDADES*SERVICIO DE MANTENIMIENTO BONIFICADO.*FORMAS DE PAGO: INTEGRANDO CONTADO O TU USADO COMO ANTICIPO Y EL RESTO EN 12 CTS 24 CTS 18 CTS 36 CTS O 48 CTS 60 CTS FIJAS Y EN $-*TOMAMOS TU USADO AL MEJOR PRECIO DEL MERCADO.*ENTREGA INMEDIATA.PODEMOS ASESORARTE Y ARMAR UN PLAN DE PAGOS DE ACUERDO A TUS NECESIDADESTENE EN CUENTA QUE TODOS LOS CREDITOS PRENDARIOS Y LEASING SON EN CUOTAS FIJAS EN PESOS.PRIMER CENTRO DE ATENCION PERSONALIZADAVOLKSWAGEN DE ARGENTINAPARA EL OTORGAMIENTO DE CREDITOS PRENDARIOS-LEASINGTRABAJAMOS CON TODOS LOS BANCOSNuestra trayectoria de mas de 35 años nos avala como lideres en el mercado nacionalContamos con el equipo mas profesional para asesorarte1- Créditos prendarios2- Leasing para empresas3- Venta Corporativa4- Cotización de tu usado/s5- Todas nuestras unidades cuentan con su correspondiente certificado de fabricación Y SON AÑO MODELO 2025.6- TOMAMOS CREDITOS DE INVERSION PRODUCTIVA7- CREDITOS PARA PyMEs.RETIRAS EN 10 DÍAS REALES.DEJANOS TU CONTACTO ASI PODEMOS ASESORARTEESTAMOS AUTORIZADOS PARA REALIZAR GESTIONES EN CUALQUIER PARTE DEL PAIS POR VOLKSWAGEN ARGENTINANO DUDES EN CONSULTAR LA MEJOR OPCION DE COMPRA ESTA ACA !!TRABAJAMOS CON LEASING DE TODOS LOS BANCOS.AGUARDAMOS TU CONSULTA*MARTIN*,1,34733500.0
ENTREGA INMEDIATA /NO ES PLAN DE AHORRO/OPORTUNIDADOFERTA CON GASTOS INCLUIDOS : $33.302.000CREDITO FIAT / ANTICIPO : $22.000.000 Y CUOTASMEJORO CUALQUIER PRESUPUESTOTomamos TU Usado AL MEJOR PRECIO DEL MERCADO,1,31000000.0
"•ALRA S.A. CONCESIONARIO OFICIAL VOLKSWAGEN•T-Cross 1.0 200Tsi Highline Bi-Tono At MY25 2025• Anticipo: $29.800.000• Financia: $14.000.000 en 9 cuotas (TNA 0.00%) de $1.555.556 + seguro.********************************************************************************Equipamiento destacado:- Sistema Multimedia VW Play 10"" con Wireless App Connect- Active Info Display 10"" (Tablero Digital)- Sensor de estacionamiento delantero y trasero- Camara de estacionamiento trasera.- Sistema de estacionamiento automático “Park Assist”- Techo solar panorámico- Tapizado en cuero- Luz de ambiente LED ""Ambient Light""- Sistema de detector de fatiga- Llantas de aleación de 17''- Espejo interior con anti-encandilamiento automático- Asistente de aviso de mantenimiento de carril- Detector de punto ciego con asistente trasero de tráfico cruzado********************************************************************************Erika ParraAv. Juan b. Justo 2611 Villa Crespo- Caba",1,29800002.0
"PEUGEOT AUTOFRANCE TE OFRECE UN ADJUDICADO SIN SOBRE PRECIO!!!!!!* NÚMERO 1 EN VENTAS* ASESOR COMERCIAL : ADELA ZALAZARINTEGRACION $13.100.000 (O TU USADO SISTEMA LLAVE X LLAVE)INCLUYE 30% + 11 CUOTAS, SALDO EN CUOTAS DE $281.000 (pre cancelables parcial o en tu totalidad a valor de cuota pura )*- VALOR PUBLICADO CORRESPONDE ANTICIPO MAS CUOTAS*- FINANCIACIÓN EN CUOTAS ACCESIBLES.*- PODES CANCELAR O ANTICIPAR CUOTAS.*- MÍNIMOS REQUISITOS*- CARPETAS CON BONIFICACIONES ESPECIALES- Primer service bonificado (10.000km realizado en Autofrance)- Polarizado antivandálico- Tuercas de seguridad para ruedas- Kit de seguridad- Kit cubre alfombras* SOMOS EL CONCESIONARIO PEUGEOT Nº 1 EN VENTAS DEL PAIS ** OPERAMOS VENTA DIRECTA DE FABRICA Y/O STOCK PARA ENTREGA INMEDIATA ** TODOS LOS USADOS Y SEMI NUEVOS EN STOCK FUERON SOMETIDOS A RIGUROSOS CONTROLES DE CALIDAD EN NUESTROS TALLERES PROPIOS ** RESPUESTA INMEDIATA A SUS CONSULTAS: Respondemos al instante consultas y llamados. Podemos programar una video llamada para que usted pueda ver los autos sin moverse de su casa u oficina.* SOMOS CONCESIONARIO LIDER EN CALIDAD DE ATENCION.* SU AUTO USADO EN AUTOFRANCE VALE MAS: Pagamos más por su usado desde 2009 sin limite de kilometraje. También podemos tomar su auto en consignación.* ENTREGA INMEDIATA EN TODA LA GAMA.exclusivo para clientes. Trato preferencial a clientes del interior del país. Lo hacemos simple. Usted solo viene a retirar su 0km.* FORMAS DE PAGO: aceptamos todas las formas de pago. Tomamos mejor sus dólares.*ASESOR COMERCIAL: ADELA ZALAZAR",1,14100000.0
"¡Estrena tu Volkswagen T-Cross en Maynar A.G.!Plan Adjudicado Volkswagen T-Cross-Tasa 0% y cuotas en pesos sin interés. ¡Aprovecha la financiación directa de fábrica!-Anticipo desde 10 millones o tu usado como parte de pago.-Entregas programadas y asesoría personalizada para adaptar el plan de pagos a tus necesidades.-Financiación avanzada y sin bancos ni financieras.-Descuentos exclusivos en todas las unidades y equipamiento adicional.-Operación 100% online, venta a todo el país, ¡te gestionamos todo y solo vienes a retirar tu 0Km!Visítanos en Nuñez, Devoto, o contactanos por WhatsApp para más información.¡No te pierdas las últimas unidades con adjudicación directa! ¡Llévatela ya!",1,12700000.0
"* CONCESIONARIO OFICIAL CITROËN ****CENTRAL***Citroën C3 Aircross Shine¡Retira ya tu 0KM con un mínimo anticipo y solo con DNI!- Financiamos hasta el 100% del valor de la unidad.- Cuotas tasa 0%- Tomamos usados como en forma de pago.- Bonificaciones exclusivas- Garantía de 3 años y los primeros 3 service bonificados.*VENTAS A TODO EL PAIS*-Sin bancos ni financieras-Servicio post-venta de repuestos y accesorios.-Tenemos el auto para que puedas manejarlo y realizar un test drive.-El mejor precio de contado y financiado del mercado.Asesoramiento personalizado, calidad de servicio, buena atención, responsabilidad y transparencia, son nuestros principales atributos para que tengas la mejor experiencia de compra.",1,28810000.0
"CITROEN C3 AIRCROSS SHINE 7 PLAZAS!!!ENTREGA INMEDIATA! TASA 0%! TOMAMOS TU USADO!FINANCIACIÓN A TASA 0% EN CUOTAS FIJAS!TOMAMOS TU USADO AL MEJOR VALOR DEL MERCADO!ENTREGA INMEDIATA GARATIZADA!PLANES FLEXIBLES ADADPTADOS A VOS Y SIN SORPRESAS!EL VALOR PUBLICADO ES EL ANTICIPO O TU USADO MÁS CUOTAS FIJAS A TASA 0%!!!CONSULTANOS AHORA Y HACÉ REALIDAD EL AUTO QUE QUERÉS, CON UNA OPREACIÓN RÁPIDA, SEGURA Y PERSONALIZADA!",1,20440000.0
"CONCESIONARIA OFICIALRENAULT LEPICUNIDAD: RENAULT DUSTER INTENS 1.6ANTICIPO EFECTIVO : $ 24.000.000.- Y12 - CUOTAS FIJAS Y EN PESOS DE $ 600.000PRECIO CON PATENTAMIENTO Y TODOS LOS GASTOS INCLUIDOS. - PRECIO FINAL -O EFECTIVO: $28.860.000VALOR FINAL, CON TODOS LOS GASTOS, PATENTAMIENTO A CARGO DEL CLIENTE.DISEÑO, EQUIPAMIENTO, TECNOLOGIA CON PRECIO UNICO.ASESOR COMERCIAL : MARCELO FORTELEPIC RENAULT OFICIALPUERTO MADERO",1,24000000.0
"Somos motorville concesionario Nº1 en ventasNos destacamos por una propuesta de servicio, asesoramiento y calidad con los más altos estándares del mercado.INSPECCIÓN Y COBERTURA MECÁNICA: todos nuestros vehículos están chequeados y certificados en 240 puntos por nuestro equipo de expertos, VTV vigente, libre de deudas de patentes e infracciones.GESTORIA: Nosotros nos encargamos de todo!!!!! contamos con un equipo de gestores matriculados para que de lo único que te ocupes sea de disfrutar del vehículo.BROKER DE SEGUROS: También disponemos de un completo departamento de seguros, para que puedas comparar la cotización con compañías líderes.DEPARTAMENTO DE ACCESORIOS: personaliza tu vehículo con una gran diversidad de productos de prestigiadas marcas, nuestro compromiso es estar a la vanguardia de la tecnología y el conocimiento técnico para satisfacer las necesidades y expectativas de nuestros clientesEquipamientos y accesorios - Estética vehicular – Polarizados y laminadosMÉTODOS DE PAGO:* AL CONTADO: Paga vía transferencia bancaria o depósito.*DEJA TU AUTO COMO PARTE DE PAGO: Cambia tu auto por uno de calidad certificada de motorville y con cobertura mecánica.*FINANCIACIÓN: En MOTORVILLE podes acceder a tu próximo vehículo con un anticipo mínimo y una cuota ajustada a tu medida. Las mejores tasas del mercado.NO BUSQUES MAS TU PRÓXIMO VEHÍCULO TE ESPERA EN motorville",1,48790000.0
*CONCESIONARIO OFICIAL VOLKSWAGEN*******EXPERECIENCIA 5 ESTRELLAS*****¡¡MEJOR PRECIO Y FINANCIACIÓN!!! TASA 0%*AUTOS EN STOCK PERMANENTE.*VARIEDAD DE COLORES.AV LA PLATA 2050. CABA - BS. AS.*NUEVA FINANCIACIÓN EXCLUSIVA * TASA 0% EN TODAS LAS UNIDADES*FORMAS DE PAGO: INTEGRANDO CONTADO O TU USADO COMO ANTICIPO Y EL RESTO EN 12 CTS 24 CTS 18 CTS 36 CTS O 48 CTS 60 CTS FIJAS Y EN $-*TOMAMOS TU USADO AL MEJOR PRECIO DEL MERCADO.*ENTREGA INMEDIATA.PODEMOS ASESORARTE Y ARMAR UN PLAN DE PAGOS DE ACUERDO A TUS NECESIDADESTENE EN CUENTA QUE TODOS LOS CREDITOS PRENDARIOS Y LEASING SON EN CUOTAS FIJAS EN PESOS.PRIMER CENTRO DE ATENCION PERSONALIZADAVOLKSWAGEN DE ARGENTINAPARA EL OTORGAMIENTO DE CREDITOS PRENDARIOS-LEASINGTRABAJAMOS CON TODOS LOS BANCOSNuestra trayectoria de mas de 35 años nos avala como lideres en el mercado nacionalContamos con el equipo mas profesional para asesorarte1- Créditos prendarios2- Leasing para empresas3- Venta Corporativa4- Cotización de tu usado/s5- Todas nuestras unidades cuentan con su correspondiente certificado de fabricación Y SON AÑO MODELO 2024.6- TOMAMOS CREDITOS DE INVERSION PRODUCTIVA7- CREDITOS PARA PyMEs.RETIRAS EN 10 DÍAS REALES.DEJANOS TU CONTACTO ASI PODEMOS ASESORARTEESTAMOS AUTORIZADOS PARA REALIZAR GESTIONES EN CUALQUIER PARTE DEL PAIS POR VOLKSWAGEN ARGENTINANO DUDES EN CONSULTAR LA MEJOR OPCION DE COMPRA ESTA ACA !!TRABAJAMOS CON LEASING DE TODOS LOS BANCOS.AGUARDAMOS TU CONSULTA   *MARTIN*,1,27000000.0
/// CITROEN C3 AIRCROSS T200 SHINE 5 ///========================================================FINANCIAMOS HASTA $16.000.000 A TASA 0%TOMAMOS TU USADO EN PARTE DE PAGORESTAN GASTOS (**CONSULTAR**)PRECIO PUBLICADO CORRESPONDE AL ANTICIPO + CUOTASIMAGENES ILUSTRATIVAS========================================================ESTAMOS UBICADOS EN ZONA OESTE Y ZONA SURCONCESIONARIO OFICIAL CITROEN/// *VENDEDOR SEBASTIÁN CASTELLANA* ///,1,19000000.0
"Toyota Corolla Cross XEI CVT 2.0 - Patentada Sin Rodar - Año: 2024.Unidad 0 KM para entrega inmediata, retira en el día.El precio publicado corresponde a un anticipo, el saldo se puede financiar hasta en 24 cuotas en pesos de $ 535.000, la cuota es final, TNA 18,9%, financiación a través de Banco Patagonia, NO es un Plan de ahorro previo, es un crédito prendario con aprobación inmediata sujeto al otorgamiento por parte de la entidad financiera.La cuota NO incluye seguro del vehículo.Segurola Automotores - Chevrolet Roycan S. A.Esta Unidad esta físicamente en Floresta.Compra con seguridad, confianza y transparencia 30 años en el mismo lugar. Compra con precios reales, el mismo para permutas que contado. No incluye gastos de transferencia.Para tener más info sobre FINANCIACIONES te esperamos en la concesionaria.TOMAMOS TU USADO.Te esperamos !!!!!",1,31900000.0
"NUEVO JEEP WILLYS !! WILLYS 4X4 AT9 1.3T T270CAR DISTRICT TE ESPERA CON LA OPORTUNIDAD QUE ESTABAS ESPERANDO !!!º|||||||º DESCUENTOS DE CONTADO !!!º|||||||º ENTREGA INMEDIATA !!!º|||||||º TOMAMOS USADOSº|||||||º OPCIONES DE ANTICIPO Y CUOTA FIJA 0% INTERESALGUNAS DE NUESTRAS OPCIONESPLANES DE FINANCIACION :FINANCIA $ 12.000.000 EN 12 CUOTAS FIJAS TASA 0% DE $ 1.012.000FINANCIA $ 18.000.000 EN 12 CUOTAS FIJAS TASA 19.9% % DE $ 1.450.000Concesionario líder en zona norte con más de 20 años de experiencia. ¡Garantía de calidad y atención!HACE TU CONSULTA YA MISMO , NUESTROS ASESORES ESTAN LISTOS PARA ATENDERTE",1,42900000.0
*VOLKSWAGEN AUTOTAG S.A CONCESIONARIO OFICIAL*EXPERIENCIA 5 ESTRELLA ********PROMOCION EXCLUSIVA***VOLKSWAGEN AMAROK V6 COMFORTLINE 4X4 258CV LINEA NUEVA 0KM !!!!ENTREGA INMEDIATA!!!!VALOR REFERENCIAL DE MERCADO LIBRE! CONSULTAR POR PROMO DE CONTADO !!!*FORMAS DE PAGO: INTEGRANDO CONTADO O TU USADO COMO ANTICIPO Y EL RESTO EN 12 CTS 24 CTS 18 CTS 36 CTS O 48 CTS 60 CTS FIJAS Y EN $-PROMO DE FINANCIACION:**EXCLUSIVO AMAROK V6 TASA 0% 12 MESES**HASTA $20.000.000 EN 12 CUOTAS FIJAS**EXCLUSIVO AMAROK V6 HASTA $30.000.000 EN 24 MESES**HASTA $30.000.000 EN 24 CUOTAS FIJASCONCESIONARIO # 1 EN VENTAS !!!PRIMER CENTRO DE ATENCION PERSONALIZADAVOLKSWAGEN DE ARGENTINAPARA EL OTORGAMIENTO DE CREDITOS PRENDARIOS-LEASINGTRABAJAMOS CON TODOS LOS BANCOSRETIRAS EN 7 a 15 DÍAS REALES.TRABAJAMOS CON LEASING DE TODOS LOS BANCOS.¡¡MEJOR PRECIO Y FINANCIACIÓN!!!*VARIEDAD DE COLORES.*FINANCIACIÓN EXCLUSIVA VOLKSWAGEN.NO DUDES EN CONSULTAR!!ARIEL SOTOS,1,44400000.0
"FREEWAY CONCESIONARIO OFICIAL Nueva Renegade Longitude SERIE "" S "" 1.3 Turbo MY23 2023 !!Motorización 1.3 Turbo 175cv | 270NmTransmisión automática de 6 velocidadesTablero full digital a color 7'Sistema multimedia Uconnect de 8,4'Conectividad Apple CarPlay / Android AutoCargador de celulares por inducciónHerramientas de asistencia a la conducción ADAS+Cámara de retrocesoInterior tapizado en cueroLlantas de aleación 18'Techo solar panorámico7 AirbagsControl de velocidad cruceroPark Assist automáticoEncendido remotoFaros full ledConectividad USB A y C6 ParlantesTOMAMOS USADOS EN PARTE DE PAGOANTICIPO MÁS FINANCIACIÓN EXCLUSIVADEJANOS TU CONSULTA Y NOS COMUNICAREMOS A LA BREVEDAD.",1,37000000.0
"NUEVA T-CROSS 170 TSI MT PLAN ADJUDICADO- SIN BANCOS NI FINANCIERAS,- FINANCIACIÓN DIRECTO DE FÁBRICA- COMPRA DE CONTADO- PLAN 70/30- FINANCIACIÓN AVANZADA 3 CUOTAS- Tasa 0% sin Interés- Anticipo y cuotas- Descuentos en todas las unidades- Stock disponible- Tomamos usados y planes en parte de pago- Entregas programadas- Te ayudamos a vender tu usado- Repuestos originales.- Exclusivo llave contra llave sin perder la movilidadSOMOS MERCADO LIDERCOMPRA SEGURA O REINTEGRO AL 100%LISTO PARA PATENTAR.**AGRUPADO Y SUSCRIPCIONES""ENTREGA DIRECTAMEJOR PRECIO DE FÁBRICAVENTAS A TODO EL PAÍS DE MANERA ÁGIL Y SENCILLA (MANEJO DE LA OPERACIÓN A DISTANCIA) SOLO VENÍ A RETIRAR LA UNIDAD¡EL PRECIO PUBLICADO CORRESPONDE A UNA PROMOCIÓN DEL MES EN CURSO PARA OPERACIONES FINANCIANDO CON O SIN ENTREGA DE USADO!PESTELLI S.A. CONCESIONARIO OFICIAL VOLKSWAGENMAS DE 60 AÑOS DE EXPERIENCIA GARANTIZAN UNA COMPRA SEGURA, STOCK DISPONIBLE, LA MEJOR ATENCIÓN",1,13514000.0
"Tener tu Nissan Kicks 0KM es posible!!!Anticipo y cuotas, la mejor financiacion !!! te asesoramos a la brevedad!!!Contamos con todo el stock Nissan al mejor precio!!!Lista para transferir, posee toda la documentación necesaria para llevártelo en el día.Tomamos tu usado al mejor precio!!! Envianos mensaje al 1133570239, Atendemos de Lunes a Viernes de 09;00 a 18:30 hs, Sabados de 09:00 a 15:00 hs.Estamos ubicados en Villa Devoto.Av San Martin 7118, esquina Griveo.vendedor Pablo.",1,32999.0
"Somos motorville concesionario Nº1 en ventasNos destacamos por una propuesta de servicio, asesoramiento y calidad con los más altos estándares del mercado.INSPECCIÓN Y COBERTURA MECÁNICA: todos nuestros vehículos están chequeados y certificados en 240 puntos por nuestro equipo de expertos, VTV vigente, libre de deudas de patentes e infracciones.GESTORIA: Nosotros nos encargamos de todo!!!!! contamos con un equipo de gestores matriculados para que de lo único que te ocupes sea de disfrutar del vehículo.BROKER DE SEGUROS: También disponemos de un completo departamento de seguros, para que puedas comparar la cotización con compañías líderes.DEPARTAMENTO DE ACCESORIOS: personaliza tu vehículo con una gran diversidad de productos de prestigiadas marcas, nuestro compromiso es estar a la vanguardia de la tecnología y el conocimiento técnico para satisfacer las necesidades y expectativas de nuestros clientesEquipamientos y accesorios - Estética vehicular – Polarizados y laminadosMÉTODOS DE PAGO:* AL CONTADO: Paga vía transferencia bancaria o depósito.*DEJA TU AUTO COMO PARTE DE PAGO: Cambia tu auto por uno de calidad certificada de motorville y con cobertura mecánica.*FINANCIACIÓN: En MOTORVILLE podes acceder a tu próximo vehículo con un anticipo mínimo y una cuota ajustada a tu medida. Las mejores tasas del mercado.NO BUSQUES MAS TU PRÓXIMO VEHÍCULO TE ESPERA EN motorville",1,43790000.0
"* Mejoramos cualquier presupuesto del país * * Somos concesionario oficial citroën ** NAVE MOTORS ** Concesionario con mas de 10 años de experiencia en vehiculos citroën ** El asesoramiento personalizado, calidad de servicio, buena atención, responsabilidad y transparencia son nuestros principales atributos para que tengas la mejor experiencia de compra ** NO DUDES Y CONSÚLTANOS ANTES DE DECIDIRTE *SIEMPRE CON ¡ENTREGA INMEDIATA!* RETIRA YA TU 0KM CON UN MÍNIMO ANTICIPO y SOLO CON DNI * (FINANCIACIÓN + DESCUENTO) * * * (FINANCIACIÓN + DESCUENTO + TOMA DE TU USADO) ** TOMAMOS TU AUTO USADO AL MEJOR PRECIO DEL MERCADO ** RESERVA TU TURNO PARA HACER UN TEST DRIVE *",1,23000000.0
"Promo COMPASS ¡solo por este mes! 2025(el valor publicado corresponde a la entrega del anticipo + patentamiento)Podes realizar una entrega de $26,000,000 para tener tu unidad en calle El resto lo podes financiar en 24/36/48 o hasta 70 cuotas ¡ A tasa cero 0%!contamos con cuotas a partir de los $450,000 en adelante!Financiación | Tomamos tu usado | Dólares | PesosSubite al Jeep Compass y sentí la diferencia desde el primer día:# Espacio cómodo para que vos y tu familia viajen relajados# Tecnología que te conecta a todo: Android Auto y Apple CarPlay# Seguridad en serio: control de estabilidad, asistente en pendientes, múltiples airbags# Diseño premium que no pasa desapercibido[Estamos en: Capital Federal y Zona OesteDe lunes a sábados de 9 a 19 hs]Atención rápida por #Whtspp para más info.",1,38900000.0
*CONCESIONARIO OFICIAL VOLKSWAGEN*******EXPERECIENCIA 5 ESTRELLAS*****¡¡MEJOR PRECIO Y FINANCIACIÓN!!!*AUTOS EN STOCK PERMANENTE.*VARIEDAD DE COLORES.AV LA PLATA 2050. CABA - BS. AS.*NUEVA FINANCIACIÓN EXCLUSIVA * TASA 0% EN TODAS LAS UNIDADES*SERVICIO DE MANTENIMIENTO BONIFICADO.*FORMAS DE PAGO: INTEGRANDO CONTADO O TU USADO COMO ANTICIPO Y EL RESTO EN 12 CTS 24 CTS 18 CTS 36 CTS O 48 CTS 60 CTS FIJAS Y EN $-*ENTREGA INMEDIATA.PODEMOS ASESORARTE Y ARMAR UN PLAN DE PAGOS DE ACUERDO A TUS NECESIDADESTENE EN CUENTA QUE TODOS LOS CREDITOS PRENDARIOS Y LEASING SON EN CUOTAS FIJAS EN PESOS.VOLKSWAGEN DE ARGENTINAPARA EL OTORGAMIENTO DE CREDITOS PRENDARIOS-LEASINGTRABAJAMOS CON TODOS LOS BANCOSNuestra trayectoria de mas de 35 años nos avala como lideres en el mercado nacionalContamos con el equipo mas profesional para asesorarte1- Créditos prendarios2- Leasing para empresas3- Venta Corporativa4- Cotización de tu usado/s5- Todas nuestras unidades cuentan con su correspondiente certificado de fabricación Y SON AÑO MODELO 2025.6- TOMAMOS CREDITOS DE INVERSION PRODUCTIVA7- CREDITOS PARA PyMEs.RETIRAS EN 10 DÍAS REALES.DEJANOS TU CONTACTO ASI PODEMOS ASESORARTEESTAMOS AUTORIZADOS PARA REALIZAR GESTIONES EN CUALQUIER PARTE DEL PAIS POR VOLKSWAGEN ARGENTINANO DUDES EN CONSULTAR LA MEJOR OPCION DE COMPRA ESTA ACA !!TRABAJAMOS CON LEASING DE TODOS LOS BANCOS.AGUARDAMOS TU CONSULTA   *MARTIN*,1,44300000.0
EL PRECIO CORRESPONDE A UN ANTICIPOSE FINANCIA $8.000.000 TASA DEL 0%18 CUOTAS FIJAS DE $444.440 SIN INTERESESENTREGA INMEDIATA!*TOMAMOS TU USADO AL MEJOR PRECIOTomamos autos en parte de pago DE TODAS LAS MARCAS SIN LIMITE DE KILOMETRAJE*TEST DRIVE HABILITADO*VENI A LLEVARTE LA EXPERIENCIA DE MANEJO Y SENSACIONES REALES DE TU PROXIMO 0KMPEUGEOT AUTOFRANCEASESOR : LEANDRO MORENO,1,28638600.0
"Concesionario Oficial Volkswagen con el Stock Más Amplio de 0KM.Asesor comercial ARIEL SOTOS.¡Bienvenido a nuestro concesionario oficial Volkswagen! Estamos orgullosos de ofrecer el stock de unidades 0KM más amplio del mercado, con disponibilidad de colores para satisfacer tus preferencias.Unidades Físicas para Entrega Inmediata.No esperes más para disfrutar de tu nuevo Volkswagen. Tenemos unidades físicas listas para entrega inmediata, sin demoras innecesarias.Formas de Pago para Unidades 0KM:Contado: La opción más rápida y sencilla.Crédito Prendario a través de Volkswagen Financial Service: Te ayudamos a financiar tu Volkswagen de la forma mas conveniente con créditos prendarios otorgados por BBVA. Con cuotas fijas y las tasas mas bajas del mercado.Tasas 0% en todas las versionesTomamos tu usado en forma de pago: Solo vehículos radicados en CABA y AMBA con menos de 100 mil km.Financiación de Fábrica en 84 cuotas: Una forma accesible de adquirir tu Volkswagen.Vehículos Adjudicados: Mínimo anticipo más cuotas.Nota Importante:El valor publicado no incluye gastos de agencia (flete, formularios, alistamiento, preentrega, patentamiento).Si deseas obtener más detalles sobre cualquiera de nuestras unidades, formas de pago o si tienes alguna pregunta, no dudes en contactarnos. Estamos aquí para ayudarte a encontrar el Volkswagen que se adapte a tus necesidades.ARIEL SOTOS¡Gracias por considerarnos para tu próxima adquisición de vehículo!",1,36800000.0
FORESTCAR CONCESIONARIO OFICIAL LÍDER EN VENTA!TENEMOS STOCK FÍSICO CON ENTREGA INMEDIATA!DISPONIBILIDAD DE COLORES!FINANCIACIÓN EXCLUSIVA A TASA 0! FIJA EN PESOS!EL VALOR PUBLICADO ES ANTICIPO MAS CUOTAS FIJAS EN PESOS!CONSULTANOS EL MEJOR PRECIO DE CONTADO!ASESOR: PABLO ESTEVEZ!,1,31450000.0
** OPORTUNIDAD DE ESTE MES **° Anticipo o Tu Usado el Resto en Cuotas.° Variedad de Colores.° Entrega Inmediata.° No es Plan.° Venta A Todo El País Sin Restricciones.° Financiamos.° Seña Y Pago Siempre Al Concesionario Oficial.° Vehiculos 0km Con Garantía.° Tomamos Su Usado Al Mejor Precio.° Atención Personalizada Las 24 Hs.--.Disponible Toda La Línea 0Km.--*AGENTE OFICIAL ZONA NORTE*,1,16000000.0
"Financiaciones directo de Fabrica a tasa 0%, sin bancos, financieras ni AFIP, con un mínimo anticipo podes pedir tu unidad.Tomamos tu usado como parte de pago, y sino contas con capital, te damos la oportunidad de invertir mensualmente la cuota, hasta que consigas el dinero para sacarla.VENI Y SUBITE A TU NUEVO 0KM!!! *#99 JC",1,28000000.0
"¡Estrena tu Volkswagen Nivus en Maynar A.G.!Planes Adjudicados Volkswagen Nivus Comfortline-Financiacion 70/30-Tasa 0% y cuotas en pesos sin interés. ¡Aprovecha la financiación directa de fábrica!-Anticipo desde 9 millones o tu usado como parte de pago.-Entregas programadas y asesoría personalizada para adaptar el plan de pagos a tus necesidades.-Financiación avanzada y sin bancos ni financieras.-Descuentos exclusivos en todas las unidades y equipamiento adicional.-Operación 100% online, venta a todo el país, ¡te gestionamos todo y solo vienes a retirar tu 0Km!Visítanos en Nuñez, Devoto, o contactanos por WhatsApp para más información.¡No te pierdas las últimas unidades con adjudicación directa! ¡Llévatela ya!",1,12300000.0
*CONCESIONARIO OFICIAL VOLKSWAGEN*******EXPERECIENCIA 5 ESTRELLAS*****Anticipo $8.000.000 y entrega inmediata.¡¡MEJOR PRECIO Y FINANCIACIÓN!!!*AUTOS EN STOCK PERMANENTE.*VARIEDAD DE COLORES.AV LA PLATA 2050. CABA - BS. AS.*NUEVA FINANCIACIÓN EXCLUSIVA * TASA 0% EN TODAS LAS UNIDADES*SERVICIO DE MANTENIMIENTO BONIFICADO.*FORMAS DE PAGO: INTEGRANDO CONTADO O TU USADO COMO ANTICIPO Y EL RESTO EN 12 CTS 24 CTS 18 CTS 36 CTS O 48 CTS 60 CTS FIJAS Y EN $-*TOMAMOS TU USADO AL MEJOR PRECIO DEL MERCADO.*ENTREGA INMEDIATA.PODEMOS ASESORARTE Y ARMAR UN PLAN DE PAGOS DE ACUERDO A TUS NECESIDADESTENE EN CUENTA QUE TODOS LOS CREDITOS PRENDARIOS Y LEASING SON EN CUOTAS FIJAS EN PESOS.PRIMER CENTRO DE ATENCION PERSONALIZADAVOLKSWAGEN DE ARGENTINAPARA EL OTORGAMIENTO DE CREDITOS PRENDARIOS-LEASINGTRABAJAMOS CON TODOS LOS BANCOSNuestra trayectoria de mas de 35 años nos avala como lideres en el mercado nacionalContamos con el equipo mas profesional para asesorarte1- Créditos prendarios2- Leasing para empresas3- Venta Corporativa4- Cotización de tu usado/s5- Todas nuestras unidades cuentan con su correspondiente certificado de fabricación Y SON AÑO MODELO 2025.6- TOMAMOS CREDITOS DE INVERSION PRODUCTIVA7- CREDITOS PARA PyMEs.RETIRAS EN 10 DÍAS REALES.DEJANOS TU CONTACTO ASI PODEMOS ASESORARTEESTAMOS AUTORIZADOS PARA REALIZAR GESTIONES EN CUALQUIER PARTE DEL PAIS POR VOLKSWAGEN ARGENTINANO DUDES EN CONSULTAR LA MEJOR OPCION DE COMPRA ESTA ACA !!TRABAJAMOS CON LEASING DE TODOS LOS BANCOS.AGUARDAMOS TU CONSULTA*MARTIN*,1,29532800.0
"¡Bienvenido a nuestro concesionario oficial Volkswagen! Estamos orgullosos de ofrecer el stock de unidades 0KM más amplio del mercado, con disponibilidad de colores para satisfacer tus preferencias.Unidades Físicas para Entrega Inmediata.No esperes más para disfrutar de tu nuevo Volkswagen. Tenemos unidades físicas listas para entrega inmediata, sin demoras innecesarias.Formas de Pago para Unidades 0KM:Contado: La opción más rápida y sencilla.Crédito Prendario a través de Volkswagen Financial Services: Te ayudamos a financiar tu Volkswagen de la forma más conveniente con créditos prendarios otorgados por V.W. Con cuotas fijas y las tasas más bajas del mercado.Tasas 0% en todas las versiones.Tomamos tu usado en forma de pago: Solo vehículos radicados en CABA y AMBA con menos de 100 mil km.Financiación de Fábrica en 84 cuotas: Una forma accesible de adquirir tu Volkswagen.Vehículos Adjudicados: Mínimo anticipo más cuotas.Nota Importante:El valor publicado no incluye gastos de agencia (flete, formularios, alistamiento, preentrega, patentamiento).Si deseas obtener más detalles sobre cualquiera de nuestras unidades, formas de pago o si tienes alguna pregunta, no dudes en contactarnos. Estamos aquí para ayudarte a encontrar el Volkswagen que se adapte a tus necesidades.Asesor comercialAriel Sotos¡Gracias por considerarnos para tu próxima adquisición de vehículo!",1,57800000.0
"AUTOTAG S.A. Concesionario Oficial N°1 Volkswagen“CONCESIONARIO LÍDER EN VENTAS A NIVEL NACIONAL” FINANCIA CON TASA 0 % % % NUEVA LINEA CON PANTALLA 10""Realizamos operaciones:Contado Efectivo (Cotizamos dólar al día).Financiación con Anticipo y Cuotas fijas en pesos (SOLO DNI).Permuta (Tasamos mejor tu usado).Amplio Stock – Entrega Inmediata – Venta a TODO el País.",1,32500000.0
"Promo COMPASS ¡solo por este mes! 2025(el valor publicado corresponde a la entrega del anticipo + patentamiento)Podes realizar una entrega de $26,000,000 para tener tu unidad en calle El resto lo podes financiar en 24/36/48 o hasta 70 cuotas ¡ A tasa cero 0%!contamos con cuotas a partir de los $450,000 en adelante!Financiación | Tomamos tu usado | Dólares | PesosSubite al Jeep Compass y sentí la diferencia desde el primer día:# Espacio cómodo para que vos y tu familia viajen relajados# Tecnología que te conecta a todo: Android Auto y Apple CarPlay# Seguridad en serio: control de estabilidad, asistente en pendientes, múltiples airbags# Diseño premium que no pasa desapercibido[Estamos en: Capital Federal y Zona OesteDe lunes a sábados de 9 a 19 hs]Atención rápida por #Whtspp para más info.",1,40090000.0
"Somos motorville concesionario Nº1 en ventasNos destacamos por una propuesta de servicio, asesoramiento y calidad con los más altos estándares del mercado.INSPECCIÓN Y COBERTURA MECÁNICA: todos nuestros vehículos están chequeados y certificados en 240 puntos por nuestro equipo de expertos, VTV vigente, libre de deudas de patentes e infracciones.GESTORIA: Nosotros nos encargamos de todo!!!!! contamos con un equipo de gestores matriculados para que de lo único que te ocupes sea de disfrutar del vehículo.BROKER DE SEGUROS: También disponemos de un completo departamento de seguros, para que puedas comparar la cotización con compañías líderes.DEPARTAMENTO DE ACCESORIOS: personaliza tu vehículo con una gran diversidad de productos de prestigiadas marcas, nuestro compromiso es estar a la vanguardia de la tecnología y el conocimiento técnico para satisfacer las necesidades y expectativas de nuestros clientesEquipamientos y accesorios - Estética vehicular – Polarizados y laminadosMÉTODOS DE PAGO:* AL CONTADO: Paga vía transferencia bancaria o depósito.*DEJA TU AUTO COMO PARTE DE PAGO: Cambia tu auto por uno de calidad certificada de motorville y con cobertura mecánica.*FINANCIACIÓN: En MOTORVILLE podes acceder a tu próximo vehículo con un anticipo mínimo y una cuota ajustada a tu medida. Las mejores tasas del mercado.NO BUSQUES MAS TU PRÓXIMO VEHÍCULO TE ESPERA EN motorville",1,39490000.0
"CONCESIONARIO OFICIAL RENAULT LILLE – AMPLIO STOCK – COLORES DISPONIBLES    Comunicate por llamado, wspp o mensaje de esta publicación para conseguir EL MEJOR PRECIO DE CONTADO!!!         TE GARANTIZAMOS UNA OPERACIÓN RÁPIDA Y TRANSPARENTE.    Nuestra seriedad y respeto en la atención personalizada, se encuentra plasmada en las reseñas de nuestros clientes en Google. Respondemos siempre, en tiempo y forma, ante cualquier eventualidad.    Tomamos autos en parte de pago, cotizamos en el momento.        PRECIO DE LISTA  $35.050.000  VALOR DE CONTADO SIN GASTOS  $29.489.900          OPCIÓN 1 TASA 0%!!!    Anticipo con flete, patentamiento y prenda incluido    $13.510.99118 cuotas FIJAS TASA 0% de   $1.168.500      OPCIÓN 2 TASA RENAULT    Anticipo con flete, patentamiento y prenda incluido    $14.274.38018 cuotas FIJAS de  $1.298.400  24 cuotas FIJAS de  $1.005.900  36 cuotas FIJAS de   $941.600  48 cuotas FIJAS de   $866.100  60 cuotas FIJAS de   $789.100      OPCIÓN 3 ANTICIPO MÍNIMO    Anticipo con flete, patentamiento y prenda incluido    $6.735.12524 cuotas de  $1.410.900  36 cuotas de   $1.049.200  48 cuotas de  $871.500      Solicite anticipo según su presupuesto. Sujeto a aprobación crediticia.    Precio de contado no incluye gastos. Fotos y video a modo ilustrativo, puede variar del modelo publicado.     OFERTA SUJETA A CAMBIOS SIN PREVIO AVISO        # El mejor precio del mercado, ventas a todo el país    # Mejoramos cualquier presupuesto    # Tomamos el dólar a mejor precio mercado    # Tomamos usados en parte de pago, tasación profesional    # Financiación accesible, prendaria, personal y leasing en cuotas fijas y en pesos    # Test Drive disponible    # Garantía Oficial en unidades 0km    *No incluye sellado ni alta de patente",1,29489900.0
"NUEVO PLAN ADJUDICADOTAOS Confortline 250 AT Nafta- SIN BANCOS NI FINANCIERAS,- FINANCIACIÓN DIRECTO DE FÁBRICA- COMPRA DE CONTADO- PLAN 70/30- FINANCIACIÓN AVANZADA 3 CUOTAS- Tasa 0% sin Interés- Anticipo y cuotas- Descuentos en todas las unidades- Stock disponible- Tomamos usados y planes en parte de pago- Entregas programadas- Te ayudamos a vender tu usado- Repuestos originales.- Exclusivo llave contra llave sin perder la movilidadSOMOS MERCADO LIDERCOMPRA SEGURA O REINTEGRO AL 100%LISTO PARA PATENTAR.**AGRUPADO Y SUSCRIPCIONES""ENTREGA DIRECTAMEJOR PRECIO DE FÁBRICAVENTAS A TODO EL PAÍS DE MANERA ÁGIL Y SENCILLA (MANEJO DE LA OPERACIÓN A DISTANCIA) SOLO VENÍ A RETIRAR LA UNIDAD¡EL PRECIO PUBLICADO CORRESPONDE A UNA PROMOCIÓN DEL MES EN CURSO PARA OPERACIONES FINANCIANDO CON O SIN ENTREGA DE USADO!PESTELLI S.A. CONCESIONARIO OFICIAL VOLKSWAGENMAS DE 60 AÑOS DE EXPERIENCIA GARANTIZAN UNA COMPRA SEGURA, STOCK DISPONIBLE, LA MEJOR ATENCIÓN",1,37404700.0
"º|||||||º DESCUENTOS DE CONTADO !!!º|||||||º ENTREGA INMEDIATA !!!º|||||||º TOMAMOS USADOSº|||||||º OPCIONES DE ANTICIPO Y CUOTA FIJA 0% INTERESALGUNAS DE NUESTRAS OPCIONESPLANES DE FINANCIACION :FINANCIA $ 12.000.000 EN 12 CUOTAS FIJAS TASA 0% DE $ 1.012.000FINANCIA $ 18.000.000 EN 12 CUOTAS FIJAS TASA 19.9% % DE $ 1.450.000Concesionario líder en zona norte con más de 20 años de experiencia. ¡Garantía de calidad y atención!ESPERAMOS TU CONSULTA YA MISMO , NUESTROS ASESORES ESTAN LISTOS PARA ATENDERTE",1,44998000.0
"// BIENVENIDOS A AUTODRIVE CONCESIONARIO OFICIAL JEEP // RAM// anticipo 40.500.000 y 12 cuotas fijas tasa 0%// NO INCLUYE GASTOS ////ENTREGA INMEDIATAS ////TOMAMOS USADOS //// 2 ULTIMAS UNIDADES FISICAS PARA PATENTAR EN MAYO 2025 ////Consultar precio CONTADO POR WhastApp //FINANCIA $ 10.000.000 EN 12 CUOTAS FIJAS DE TASA 0% DE $ 845.000.-FINANCIA $ 12.000.000 EN 12 CUOTAS FIJAS TASA 0% DE $ 1.012.0000.-FINANCIA $ 15.000.000 EN 12 CUOTAS FIJAS TASA 12.9% DE $ 1.386.100.-SIMULA TU CREDTIO °|||||||° POR WhastApp en el momentoPresentamos la Nueva Jeep Compass Limited Plus 1.3 Turbo My25Climatizador automático bi-zonaCámara de retrocesoInterior tapizado en cuero7 AirbagsEncendido remotoPark AssistCargador de celulares por inducciónHerramientas de asistencia a la conducción ADAS+Butacas delanteras eléctricasApertura de portón trasero eléctricoCarrocería bi-colorEmblemas oscurecidosMolduras inferiores externas color carroceríaRevestimiento interior de techo en color negroDoble salida de escapeLlantas de aleación 19"" oscurecidasSistema multimedia Uconnect de 10,1""Conectividad Apple CarPlay / Android Auto wireless""Sonido Premium BeatsFaros LED inteligentes- Combustible: NAFTATE GARANTIZAMOS UNA OPERACIÓN RÁPIDA Y TRANSPARENTE.Nuestra seriedad y respeto en la atención personalizada, se encuentra plasmada en las reseñas de nuestros clientes en Google. Respondemos siempre, en tiempo y forma, ante cualquier eventualidad.Tomamos autos en parte de pago, cotizamos en el momento.Reserva tu Jeep 0km de manera Online.-// DAMIAN GARCIA /",1,43900000.0
"***** CITROEN PLAN *****••RETIRA CON EL 30%•••EL VALOR PUBLICADO CORRESPONDE AL ANTICIPO•POSIBILIDAD DE CAMBIO DE MODELO#-LA OPERACIÓN 100% ONLINE, SIN MOVERTE DE TU CASA.#-VENTAS A TODO EL PAÍS (GESTIONAMOS TODA LA OPERACIÓN A DISTANCIA) SOLO VENIS A RETIRAR TU 0KM.------------------------------------------------------*- CUPOS LIMITADOS!*- PLANES DIRECTO DE FABRICA.*- CUOTAS EN PESOS Y SIN INTERÉS.*- PODES CANCELAR O ANTICIPAR CUOTAS.*- MÍNIMOS REQUISITOS, SOLO DNI.*- BONIFICACIONES Y DESCUENTOS EXCLUSIVOS A CLIENTES DE MERCADOLIBRE.*- TOMAMOS TU USADO ""LLAVE x LLAVE"".** CONSULTE TAMBIÉN POR NUESTRO STOCK DE PLANES AGRUPADOS / ADJUDICADOS!!!!**------------------------------------------------------•Concesionario Oficial D'arc Citroën••N° 1 en Patentamientos, más de 56 años de trayectoria•~Precio Publicado Corresponde Al Anticipo~*** imágenes no contractuales ***",1,11910000.0
"Nuevo Peugeot 2008 1.0t Allure""""ACCEDE A ESTA PROPUESTA SOLO CONTACTANDO VIA WHATSAPP""""** El precio de OFERTA corresponde ** únicamente contactando por ""WhatsApp""Retira con el Anticipo y el proporcional de patentes (Aparte)Luego Cuotas Fijas en PesosPersonal Cuota Fija $ 31.389.408 + 18 x $ 444.480   Prendario   Cuota Fija  $ 26.469.413 + 18 x $ 777.840 + Seguro  Prendario   Cuota Fija  $ 23.214.767 + 24 x $ 838.080 + Seguro*No incluye Proporcional de Patentes** Todos los anticipos incluyen: flete , formularios , gastos crediticios , administrativos, patentamiento , gestoría, inscripción y sellado.Opcional: Contado / Permuta / Otras Versiones (a consultar)Tu consulta no molesta HACELA!Test Drive Físico Disponible! (a combinar)|| GRUPO SVA ||Concesionario Oficial || Peugeot - Citroën ||MÁS DE 60 AÑOS EN EL RUBRO AUTOMOTOR!",1,35400000.0
"Anticipo mínimo $ 9.990.000 con el patentamiento incluido !!!!!.Financiación prendaria por banco.NO ES PLAN DE AHORRO !!!!Somos una comercializadora directa de vehículos 0km Volkswagen - Toyota - Ford - Peugeot.Hacemos la gestión integral para la compra en concesionario oficial.Los vehículos publicados son con real entrega inmediata.Entregamos documentación y vehículos en forma personal en cualquier punto del país.Sin gastos ocultos ni sorpresas el día que retira.Tomamos su usado a valor de mercado.Siempre con la garantía oficial.Las fotos son ilustrativas, consulte por versiones y colores disponibles en éste momento.Gestoría para patentar en todo el país.Atención personalizada las 24 hs, todos los días del año.Entrega inmediata. mínimo",1,9990000.0
"DUSTER ICONIC 1.3 TURBO 4X4 Otras versiones disponibles: DUSTER ICONIC 1.3 T CVT 4X2Unidades en stock de entrega inmediata. (Consultar colores)Tomamos usados en forma de pago. (Cotizamos en el momento)El mejor precio de contado del mercado.FINANCIACIONES EXCLUSIVAS (CUPOS LÍMITADOS A NIVEL PAÍS)Hasta el 50% DE LA UNIDAD TASA 0!!!!Hasta  el 60% TASA FIJA DEL 9,9% Opciones de financiación 100% y unidades adjudicadas.Mínimo anticipo y cuotas desde los $300.000.CONCESIONARIO OFICIAL RENAULT.RUTA 3 AUTOMOTORES S.AAsesora comercial - Sol Enrique",1,34317350.0
*EL PRECIO CORRESPONDE AL ANTICIPO*EL SALDO EN CUOTAS EN PESOS*UNIDADES FISICAS DE STOCK CON NRO DE MOTOR Y CHASIS*COMPRA TU 0KM DE LA FORMA MAS SEGURA**ENTREGA INMEDIATA**,1,22200051.0
"*** NUEVA COMPASS BLACKHAWK 2.0T 4X4 272CV ***CAR DISTRICT TE ESPERA CON LA OPORTUNIDAD QUE ESTABAS ESPERANDO !!!																														º|||||||º DESCUENTOS DE CONTADO !!!															º|||||||º ENTREGA INMEDIATA !!!															º|||||||º TOMAMOS USADOS															º|||||||º OPCIONES DE ANTICIPO Y CUOTA FIJA 0% INTERES																														ALGUNAS DE NUESTRAS OPCIONES															PLANES DE FINANCIACION :																														FINANCIA $ 12.000.000 EN 12 CUOTAS FIJAS TASA 0% DE $ 1.012.000															FINANCIA $ 18.000.000 EN 12 CUOTAS FIJAS TASA 19.9% % DE $ 1.450.000																														Concesionario líder en zona norte con más de 20 años de experiencia. ¡Garantía de calidad y atención!																														ESPERAMOS TU CONSULTA YA MISMO , NUESTROS ASESORES ESTAN LISTOS PARA ATENDERTE",1,55500000.0
"CAR DISTRICT TE ESPERA CON LA OPORTUNIDAD QUE ESTABAS ESPERANDO !!!																												º|||||||º DESCUENTOS DE CONTADO !!!														º|||||||º ENTREGA INMEDIATA !!!														  º|||||||º TOMAMOS USADOS														º|||||||º OPCIONES DE ANTICIPO Y CUOTA FIJA 0% INTERES																												ALGUNAS DE NUESTRAS OPCIONES														PLANES DE FINANCIACION :																												FINANCIA $ 12.000.000 EN 12 CUOTAS FIJAS TASA 0% DE $ 1.012.000														FINANCIA $ 18.000.000 EN 12 CUOTAS FIJAS TASA 19.9% % DE $ 1.450.000																												Concesionario líder en zona norte con más de 20 años de experiencia. ¡Garantía de calidad y atención!																												HACE TU CONSULTA YA MISMO , NUESTROS ASESORES ESTAN LISTOS PARA ATENDERTE",1,43300000.0
"RENEGADE 0KM – HECHO PARA TU DÍA A DÍA (Trabajo/Familia)¡OFERTA SOLO POR ESTE MES!Retirala con:# Anticipo: $15.629.700# Cuotas desde: $437.630 Tasa 0%Financiación | Tomamos tu usado | Dólares | PesosConfort, seguridad y diseño en un solo SUV.# Para moverte donde quieras# Equipado con control de estabilidad, pantalla táctil y conectividad total# Espacio cómodo y amplio# Bajo consumo y fácil mantenimiento[Estamos en Capital Federal y Zona Oeste.]De lunes a sábados de 9 a 19 hs.Atención rápida por #Whtsp para más info.",1,34928200.0
"¡Oferta MAYO! Fiat PulseRetirá con:Anticipo: $10,000,000 y pagá en cuotas de $360,000 por mescon TASA 0%.Aceptamos:# Tu usado como parte de pago# Dólares al mejor valor# PesosEstamos en Capital Federal y Zona Oeste.Atendemos de lunes a sábados, de 9 a 19 hs.Atención rápida por #Whtspp para más información.",1,27610000.0
"/// FIAT AUTONOVO RIVADAVIA CONCESIONARIO OFICIAL ***** LA PUBLICACION CORRESPONDE A LA FIAT PULSE DRIVE 1.3 CVT****ENTREGA INMEDIATA DE LAS UNIDADES CON STOCK FISICO DE LAS MISMAS VENTA CONVENCIONAL TOMAMOS TU USADO COMO FORMA DE PAGO, AL MEJOR PRECIO DEL MERCADO_______________________________________________________________________*ANTICIPO Y CUOTAS*UNIDADES 2025 0KM *CONSULTAR PRECIO POR PERMUTA*ENTREGA INMEDIATA*NO ES PLAN DE AHORRO*AMPLIO STOCK FISICO*TOMAMOS TU USADO*OPCION TASA 0%*CUOTAS FIJAS*VENTAS A TODO EL PAIS DE FORMA SERIA Y SEGURA *RESERVA POR MERCADO LIBRE, MAXIMA CONFIANZA_______________________________________________________________________NO ES PLAN DE AHORRO EL PRECIO PUBLICADO NO INCLUYE NINGUN TIPO DE GASTOSAUTONOVO CONCESIONARIA NRO 1 DE FIAT EN EL PAIS",1,28300000.0
"¡LIV MOTORS te acerca la oportunidad que estabas esperando!¡FINANCIACIÓN EXCLUSIVA! Cuotas en pesos con 0% de interés y entrega inmediata. Disponibilidad real de todas las unidades y colores. ¡Elegí el tuyo hoy mismo!El valor publicado corresponde al ANTICIPO ¡Podes financiar la diferencia con la financiación directa de fábrica!Beneficios que te ofrecemos:- Precios imbatibles: Contado, financiado o entregando tu usado.- Mejor tasación por tu auto usado (modelos desde 2010 en adelante).- Venta directa de fábrica o de stock para entrega inmediata.- Asesoramiento personalizado: Estamos listos para responder tus consultas al instante y te ofrecemos la opción de videollamadas en vivo para mostrarte los vehículos sin que salgas de tu casa.Concesionario líder en zona norte con más de 10 años de experiencia. ¡Garantía de calidad y atención!Enviamos a todo el país y te acompañamos durante todo el proceso. Solo tenés que venir a retirar tu 0 km cuando todo esté listo.- Comodidades para el cliente: Estacionamiento exclusivo para clientes. Trato preferencial a clientes del interior del país. Lo hacemos bien simple. Usted solo viene a retirar su vehículo.- Atención exclusiva para empresas y clientes especiales: Somos Peugeot Professional Center, con ofertas especiales para empresas, comerciantes, diplomáticos y jueces.¡No esperes más! Consúltanos hoy mismo y llévate tu próximo auto con la mejor financiación del mercado.LINEA DE CREDITO JEEP A TASA 0% CUOTA FIJA $12,000,000 EN 12 CUOTAS FIJAS$18,000,000 EN 12 CUOTAS FIJAS O CREDITO UVA HASTA $20,000,000",1,43265401.0
OPORTUNIDAD !!!º|||||||º DESCUENTOS DE CONTADO !!!º|||||||º ENTREGA INMEDIATA !!!º|||||||º TOMAMOS USADOSº|||||||º OPCIONES DE ANTICIPO Y CUOTA FIJA 0% INTERES,1,29990000.0
"-Acapulco Autos: Concesionaria Automotriz multimarca con 40 años de experiencia, nos destacamos por la venta de usados seleccionados y 0Km. Contamos con un stock de mas de 100 unidades. Realizamos financiaciones hasta el 50% del valor con solo Dni y aprobación inmediata. -0Km Entrega inmediata.-Anticipo de $19.000.000 + cuotas fijas en pesos, solo DNI!!! - Horarios para visitarnos:Lunes a Viernes de 9:00 a 18:30hs.Sabados de 9 a 13:30 hs.",1,32000000.0
"Concesionaria Oficial ChevroletTRACKER 1.2T ATEl precio publicado corresponde al monto de anticipo, El saldo restante se puede abonar hasta en 60 meses con financiación oficial de la Red de Concesionarios Chevrolet. Tomamos vehículos de todas las marcas como forma de pago. En Autotigre valoramos tu usado. Somos Autotigre Concesionario Oficial Chevrolet. Encontranos a pocos metros de Panamericana y ruta 197, Tigre. Tu próximo Chevrolet está en Autotigre.",1,14999900.0
"NISSAN CAPITALConcesionario Número #1 de la Argentina-- Variedad de colores-- Tomamos todos los usados al mejor precio.-- Mejoramos cualquier oferta.-- ¡ENTREGA INMEDIATA!-- Financiación y tasas preferenciales CREDINISSAN-- Anticipo Y 12, 24, 48 Y hasta 60 CUOTAS FIJAS!!-- Atención Personalizada-- Garantía oficial NissanNISSAN CAPITALCaballito - Villa Luro - Ciudadela-- ¡Esperamos tu consulta!El precio publicado no incluye gastos de flete,ni formularios ni gastos administrativos.Foto no contractual.Corresponde al modelo del título de la descripción.Equipamiento según versión.",1,37130000.0
"FIAT PULSE ABARTH TURBO 0KMANTICIPO $15.700.000.- INCUYE GASTOS DE PATENTAMIENTOSALDO EN 24 CUOTAS SIN INTERES TNA 0%*NO ES PLAN DE AHORRO.*ENTREGA INMEDIATA*STOCK FÍSICO CON UNIDADES DISPONIBLES.*MEJOR PRECIO DE CONTADO.*VENTAS A TODO EL PAÍS DE MANERA SENCILLA, RAPIDA Y SEGURA*TODA LA LINEA FIAT - CONCESIONARIO OFICIAL.",1,31100000.0
LANZAMIENTO ENERO 2025!!!OBTENELO CON UN CRÉDITO DE HASTA $11.000.000 EN TASA 0% El precio corresponde a anticipo y cuotasSTOCK FÍSICO Y CON CERTIFICADO .UNIDADES DISPONIBLE PARA ENTREGA INMEDIATA .!NAVE MOTORS CONCESIONARIO OFICIAL CITROEN!CALIDAD Y TRAYECTORIA A NIVEL NACIONAL.NUMERO 1 DE ARGENTINA.GRACIAS A NUESTROS CLIENTES NOS POSICIONAMOS EN LA MEJOR RED DE CONCESIONARIOS DEL PAÍS.DANIEL AGUIRREVENTAS,1,28999000.0
"Somos Citroen Toulon - Casa Central Concesionario Oficial de la Red Citroen Argentina El valor publicado corresponde a Anticipo-Financia hasta $25.000.000 Cuotas Fijas en Pesos       Tomamos tu usado en parte de pago al mejor precio del mercado.Solicita tu Test Drive y consulta además las bonificaciones disponibles.Contamos con unidades físicas de los modelos más vendidos, con financiación directa y entrega inmediata. ¡Déjanos tu consulta! JL",1,52400000.0
"El precio publicado corresponde al monto de anticipo (no incluye gastos). El saldo restante se puede abonar hasta en 60 meses con financiación oficial de la Red de Concesionarios Chevrolet. Tomamos vehículos de todas las marcas como forma de pago. En Autotigre valoramos tu usado. La Tracker llegó para brindarte la máxima protección 6 airbags de serie, frenado de emergencia, control de estabilidad y tracción, que aporta la mayor seguridad para la familia. Subite a la SUV más vendida de Argentina.Somos Autotigre Concesionario Oficial Chevrolet. Encontranos a pocos metros de Panamericana y ruta 197, Tigre. Tu próximo Chevrolet está en Autotigre.",1,18200100.0
"Promo COMPASS ¡solo por este mes! 2025(el valor publicado corresponde a la entrega del anticipo + patentamiento)Podes realizar una entrega de $26,000,000 para tener tu unidad en calle El resto lo podes financiar en 24/36/48 o hasta 70 cuotas ¡ A tasa cero 0%!contamos con cuotas a partir de los $450,000 en adelante!Financiación | Tomamos tu usado | Dólares | PesosSubite al Jeep Compass y sentí la diferencia desde el primer día:# Espacio cómodo para que vos y tu familia viajen relajados# Tecnología que te conecta a todo: Android Auto y Apple CarPlay# Seguridad en serio: control de estabilidad, asistente en pendientes, múltiples airbags# Diseño premium que no pasa desapercibido[Estamos en: Capital Federal y Zona OesteDe lunes a sábados de 9 a 19 hs]Atención rápida por #Whtspp para más info.",1,26543900.0
"¡Bienvenido a nuestro concesionario oficial Volkswagen! Estamos orgullosos de ofrecer el stock de unidades 0KM más amplio del mercado, con disponibilidad de colores para satisfacer tus preferencias.Unidades Físicas para Entrega Inmediata.No esperes más para disfrutar de tu nuevo Volkswagen. Tenemos unidades físicas listas para entrega inmediata, sin demoras innecesarias.Formas de Pago para Unidades 0KM:Contado: La opción más rápida y sencilla.Crédito Prendario a través de Volkswagen Financial Services: Te ayudamos a financiar tu Volkswagen de la forma más conveniente con créditos prendarios otorgados por V.W. Con cuotas fijas y las tasas más bajas del mercado.Tasas 0% en todas las versiones.Tomamos tu usado en forma de pago: Solo vehículos radicados en CABA y AMBA con menos de 100 mil km.Financiación de Fábrica en 84 cuotas: Una forma accesible de adquirir tu Volkswagen.Vehículos Adjudicados: Mínimo anticipo más cuotas.Nota Importante:El valor publicado no incluye gastos de agencia (flete, formularios, alistamiento, preentrega, patentamiento).Si deseas obtener más detalles sobre cualquiera de nuestras unidades, formas de pago o si tienes alguna pregunta, no dudes en contactarnos. Estamos aquí para ayudarte a encontrar el Volkswagen que se adapte a tus necesidades.¡Gracias por considerarnos para tu próxima adquisición de vehículo!FEDERICO ,C",1,36480000.0
