,idx,Marca,Modelo,Año,Versión,Color,Tipo de combustible,Puertas,Transmisión,Motor,Tipo de carrocería,Con cámara de retroceso,Kilómetros,Título,Precio,Moneda,Descripción,Tipo de vendedor,Turbo,cv,Tracción,price_is_anticipo
12,13717,BAIC,X35,2023.0,confort,Blanco,Nafta,5.0,Automática,1.5,SUV,Sí,0.0,Baic X35 Confort Turbo - 2025 - Baic Ramos Mejia - ,24900.0,US$,PARA VER VIDEO DE LA UNIDAD LUEGO DE LA ÚLTIMA FOTO EN ESTE AVISO o BIEN SE LO ENVIAMOS.A NUESTROS CLIENTES Y POSIBLES CLIENTES NOTA:* NO compre Baic 0km en Agencias multimarcas o de otras marcas NO habilitadas.(evite dolores de cabeza con la Garantía).Solamente en CABA somos BAIC PALERMO. Único domicilio habilitado.Solamente en ZONA OESTE somos BAIC RAMOS MEJIA. Único domicilio habilitado.Solamente en ZONA NORTE somos BAIC VICENTE LOPEZ. Único domicilio habilitado.7 AÑOS DE GARANTÍA AVALAN LA CALIDAD DE LA MARCA.PRECIO LISTA: U$S 26.900BONIFICACIÓN U$S 2.000CONTADO: U$S 24.900NEW X35 CONFORT TURBO CVTPresentamos el SUV más potente del mercado.MOTOR 1.5 – 16v – TURBO – 148 HP DE POTENCIA.CAJA AUTOMÁTICA SECUENCIAL DE 6 MARCHAS.210 NM.ACELERACIÓN DE 0 A 100/KM: 8.9 SegMEDIDAS: Longitud 4.32 m / Ancho 1.83 m / Alto 1.64 mEQUIPAMIENTO:• Llantas 17” Diamantadas Bi Tono.• Cámara de retroceso.• Sensores de estacionamiento.• Espejos con guiños.• Faros Led completos delanteros y traseros.• Volante en cuero Multifunción.• Control Velocidad Crucero.• Butacas deportivas Tela.• Pantalla Multimedia con conectividad.• Freno de mano electrónico.• Climatizador Digital.• Paneles de puerta y tablero en cuero y aluminio.• Frenos ABS + EBD• Control de Tracción.• Control de estabilidad.• Control de Pendientes.• Control presión de neumáticos.• Volumen de Carga 390 Dm3.BAIC PALERMO / BAIC RAMOS MEJIA/ BAIC VICENTE LOPEZ--------------------------------------------PLAN FINANCIACIÓN EXCLUSIVO “BAIC PALERMO”ENTREGA INMEDIATA CON UNIDADES EN SALÓN.--------------------------------------------------------------------------------BAIC PALERMO OFRECE EL STOCK MÁS IMPORTANTE DEL PAÍS.UNIDADES PARA ENTREGA INMEDIATA.TEST DRIVE DISPONIBLE (CON TURNO).ENTREGAS A DOMICILIO.,tienda,1,148.0,,0
25,2760,Jeep,Compass,2025.0,t270 serie-s,Negro,Nafta,5.0,Automática,1.3,SUV,,0.0,Jeep Compass 1.3 T270 Serie-S 4X2 At6,45000.0,US$,"En Sote Automotores tenemos disponibilidad física de más de 100 vehículos de las marcas más importantes del mundo. Transparencia, eficiencia y siempre con el cliente como principal prioridad. - Consignaciones- Permutas- Asesoría- Gestoría- DetailingTu consulta siempre es bienvenida.",concesionaria,1,,4x2,0
33,5937,Honda,HR-V,2025.0,ex-l,Gris,Nafta,5.0,Automática,1.5,SUV,Sí,0.0,Honda HR-V 1.5 Ex-L 2Wd Cvt,37200.0,US$,"HONDA HR-V 1.5 EXL 0KM – EN STOCK * * * ¡Subite al nuevo SUV de Honda con el equilibrio justo entre potencia, diseño y tecnología!Versión EXL 1.5 CVT, ideal para quienes buscan elegancia, confort y seguridad sin resignar eficiencia.Características destacadas: • Motor 1.5L DOHC i-VTEC de última generación, ágil y eficiente • Transmisión automática CVT, suave y cómoda para el uso diario • Tapizados en cuero, detalles premium en todo el interior • Sistema multimedia con pantalla de 8”, conectividad Android Auto y Apple CarPlay • Climatizador automático digital • Cámara de retroceso multivisión y sensores de estacionamiento • Sistema Honda Sensing: asistencia de mantenimiento de carril, frenado automático de emergencia, control crucero adaptativo, entre otros • Llantas de aleación de 17”, diseño elegante y deportivoPrecio: El valor publicado corresponde al valor de contado mas gastoste podemos financiar hasta el 90% con el minimo o entregando tu usado, consultanosCALIDAD, TECNOLOGÍA Y SEGURIDAD DE SERIEConsultá financiación, planes especiales y posibilidad de tomar tu usado como parte de pago.¡Aprovechá la entrega inmediata y llevate tu Honda HR-V 0KM hoy mismo!",concesionaria,0,,4x2,0
48,6173,Audi,Q5,2024.0,45 advanced,Gris,Nafta,5.0,Automática,2.0,SUV,Sí,0.0,Audi Q5 45 TFSI Advanced,77800.0,US$,"AUDI Q5 45 TFSI ADVANCED S TRONIC QUATTRO 245cv45 TFSI corresponde a motor 2.0 de 245cvColor disponible: Gris Manhattan MetalizadoSistemas ADASMild Hybrid - NO PAGA PATENTES- Audi drive select- Audi virtual cockpit plus- Audi smartphone interface- Control de velocidad crucero- Luces delanteras y traseras LED- Tracción en las cuatro ruedas: Quattro- Nueva motorización naftera con hibridación ligera (MHEV)- Pantalla central con tecnología touch y MMI Navegación plus- Retrovisores exteriores abatibles, térmicos y antideslumbrantes- Llantas diseño turbina de 5 brazos con neumáticos 235/60 R18- Sensores de estacionamiento delanteros y traseros con cámara de retroceso- Acceso y arranque sin llave con apertura y cierre eléctricos del portón trasero- Asientos delanteros eléctricos tapizados en combinación cuero/cuero sintético.Concesionario Número #1 de la ArgentinaAudi Buenos AiresAv. Rivadavia 4751, CABAAv. Juan B. Alberdi 53, CABA-- ¡Esperamos tu consulta!El precio publicado no incluye gastos de Flete, ni Formularios ni gastos administrativos.Foto no contractual. Corresponde al modelo del titulo de la descripción. Equipamiento según versión. Precio puede variar sin previo aviso.El precio publicado corresponde a un pago de contado.NS",tienda,1,,,0
105,15950,BMW,X5,2025.0,xdrive 40i lci m sport pro,Gris,Mild Hybrid,5.0,Automática,3.0,SUV,,0.0,BMW X5 3.0 Xdrive 40I Lci M Sport Pro,179900.0,US$,El vendedor no incluyó una descripción del producto,concesionaria,0,,,0
122,2771,Honda,HR-V,2024.0,exl,Blanco,Nafta,5.0,Automática secuencial,1.5,SUV,Sí,0.0,Honda Hrv,38000.0,US$,Honda Hrv Exl -Disponibilidad de colores-Stock Fisico para entrega inmediata-Mejor precio del mercado-Tomamos tu usado-Financiación en 12 cuotas sin interes-Test DriveFederico Minaglia - Honda Capitol Motors,concesionaria,0,,,0
142,9525,Kia,Sportage,2024.0,t-gdi x-line,Gris,Nafta,5.0,Automática,1.6,SUV,,0.0,Kia Sportage 1.6 T-Gdi X-Line Awd,61899.0,US$,"KIA SPORTAGE XLINE 4X4 1.6 T-GDI AWD AT7 ENTREGA INMEDIATA, EDICION LIMITADA GRIS MATE!UNICA UNIDAD, TOMAMOS USADOS KINOR MOTORS S.A",concesionaria,1,,4x4,0
146,7139,Mercedes-Benz,Clase GLA,2025.0,gla200 progressive,Negro,Nafta,5.0,Automática,1.3,SUV,Sí,0.0,Mercedes-Benz Clase GLA 1.3 Gla200 Progressive 163Cv,65000.0,US$,"Somos Stern Motors | Concesionario oficial Mercedes-Benz en RosarioNota Legal: las imágenes y videos utilizados en las publicaciones son de referencia, los mismos pueden variar respecto a las versiones comercializadas en la República Argentina. Los vehículos AMG son solicitados por el cliente y pedidos a producción a Mercedes Benz Argentina SA. En caso de que el modelo se encuentre en stock de Stern Motors SA se aclara especialmente en la página. Los precios publicados son de referencia y se recomienda al cliente consultar en forma previa con el vendedor por disponibilidad de stock, colores, modelos, dirección del cliente por limitación de zona y costos de entrega y patentamiento. El precio no incluye el costo de penalidad por invasión de zona, entrega, patentamiento y demás gastos administrativos que serán presupuestados al cliente al adquirir la unidad o cuando lo solicite, los cuales se adicionarán al precio del automóvil. Los vehículos Mercedes Benz son importados y por tanto pueden sufrir modificaciones de precios de acuerdo a variaciones de alícuota del impuesto interno u otro gravamen y/o restricciones o limitaciones impuestas por el Estado Nacional.Comunicate con nuestros asesores comerciales para consultar colores y stock!",concesionaria,0,163.0,,0
149,13921,Audi,Q3 Sportback,2025.0,35tfsi sportback,Gris,Nafta,5.0,Automática,1.4,SUV,,0.0,Audi Q3 Sportback 1.4 35tfsi Sportback 150 Cv,62600.0,US$,"AUDI Q3 35 TFSI SPORTBACK 150cv35 TFSI corresponde a motor 1.4 TFSI de 150cvcon adicioales!!- APOYO LUMBAR DE 4 POSICIONES PARA LOS ASIENTOS DELANTEROS- ASIENTO DEL CONDUCTOR CON AJUSTE ELéCTRICO- RETROVISORES ABATIBLES Y TéRMICOSColor: Gris nano- Audi drive select- Audi soundsystem- Techo corredizo panorámico- Asientos tapizados en Leatherette- Confort Key(acceso y arranque sin llave)- Climatizador automático confort de 2 zonas- Portón del maletero de apertura y cierre eléctricos- Control de velocidad crucero con limitador de velocidad- Cuadro de instrumentos Digital ClusterDisplayde 10,2”- Audi smartphoneinterface compatible con Android Auto y Apple CarPlay- Llantas de aluminio fundido de 5 brazos dobles con neumáticos 235/55 R18- Asientos traseros con reglaje horizontal, reposabrazos central y porta bebidas- Volante de cuero en diseño de 3 radios con multifunción plus y levas de cambio- Sensores de estacionamiento delanteros y traseros con cámara de marcha atrás- Pantalla central color de 8,8” con tecnología touch y sistema de diálogo por voz- Luces diurnas, bajas y altas en tecnología LED; luces de giro y traseras incandescentes- Retrovisores exteriores con ajuste eléctrico y térmicos, espejo interior antideslumbrante.Concesionario Número #1 de la Argentina-- Tomamos todos los usados al mejor precio.-- Mejoramos cualquier oferta.Audi Buenos AiresAv. Rivadavia 4751, CABAAv. Juan B. Alberdi 53, CABA-- ¡Esperamos tu consulta!El precio publicado no incluye gastos de Flete, ni Formularios ni gastos administrativos.Foto no contractual. Corresponde al modelo del titulo de la descripción. Equipamiento según versión. Precio puede variar sin previo aviso.El precio publicado corresponde a un pago de contado.",tienda,1,150.0,,0
216,12083,Audi,Q7,2025.0,tiptronic quattro,Gris,Híbrido/Nafta,5.0,Automática,3.0,SUV,,0.0,Audi Q7 3.0 Tfsi 333cv Tiptronic Quattro,151900.0,US$,"Q7 55 TFSI Quattro55 TFSI corresponde a un motor 3.0 TFSI de 340 cv- Tercera fila de asientos- adaptive air suspension- Audi virtual cockpit plus- Techo corredizo panorámico- Bose Premium Sound System 3D- MMI Navegación plus con MMI touch response- Tracción quattro con diferencial central autoblocante- Paquete exterior deportivo S line con spoiler de techo- Luces Matrix LED con intermitentes dinámicos y lavafaros- Asientos tapizados en combinación Cuero / Cuero sintético- Climatizador automático de confort de 4 zonas con panel trasero- Llantas de aleación ligera de 5 radios en V con neumáticos 255/55 R19- Cámaras delantera, trasera y en cada lateral para monitoreo del entorno- Audi smartphone interface compatible con Android Auto y Apple CarPlay- Q7 V6 TFSI homologado como Híbrido de 48V (Mild Hybrid Electric Vehicle)- Audi pre sense front, Audi pre sense rear y aviso de salida involuntaria de carril- Llave confort (acceso y arranque) con desbloqueo del portón trasero por sensor- Asientos delanteros calefaccionados, eléctricos y con memoria para el conductor- Control de crucero adaptativo ACC con limitador, asistente de eficiencia, esquiva y giro- Aviso de cambio de carril con aviso de peligro al bajar y asistente para el tráfico transversal traseroConcesionario Número #1 de la Argentina-- Tomamos todos los usados al mejor precio.-- Mejoramos cualquier oferta.Audi Buenos AiresAv. Juan B. Alberdi 53 CABA-- Esperamos tu consulta!El precio publicado no incluye gastos de flete, ni formularios ni gastos administrativos.Foto no contractual. Corresponde al modelo del titulo de la descripción. Equipamiento según versión. Precio puede variar sin previo aviso",tienda,1,333.0,,0
232,17360,BMW,X1,2024.0,18i,Blanco,Nafta,5.0,Manual,2.0,SUV,,0.0,Bmw X1 18i,62900.0,US$,ENTREGA INMEDIATA,tienda,0,,,0
254,13666,Jeep,Wrangler,2025.0,rubicon atx,Negro,Nafta,4.0,Automática,2.0,SUV,,0.0,Jeep Wrangler 2.0 Rubicon 272Hp Atx,124900.0,US$,"**CONCESIONARIO OFICIAL CAR DISTRICT - JEEP  Y RAM***TE AGRADECEMOS TU CONTACTO POR WHATSAPP PARA UNA RAPIDA ATENCION**NUESTROS ASESORES ESTAN LISTOS PARA ATENDERTE*ENTREGA INMEDIATA !!! UNIDADES CON CERTIFICADO LISTAS PARA PATENTAR !!!* FINANCIA $10.000.000 EN 12 CUOTAS SIN INTERES DE $843.000 ** FINANCIA $12.000.000 EN 12 CUOTAS SIN INTERES DE $1.011.000 ** FINANCIA $15.000.000 EN 12 CUOTAS DE $1.387.000 * TOMAMOS TU USADO , LO COTIZAMOS AL INSTANTE AL MEJOR VALOR CONTACTATE YA MISMO ! *SOMOS PARTE DEL GRUPO TREPAT , TRAYECTORIA,SEGURIDAD Y CONFIANZA*NO BUSQUES MAS , TU JEEP LO COMPRAS CON  NOSOTROS !",tienda,0,272.0,,0
271,2291,Honda,HR-V,2024.0,ex-l,Blanco,Nafta,5.0,Automática,1.5,SUV,Sí,0.0,Honda HR-V EX-L,39500.0,US$,"No incluye gastos de patentamiento.Disponemos de stock y realizamos entrega inmediata.Pagamos mucho mejor tu usado, mejorando cualquier oferta que nos presenten.Además, superamos por escrito cualquier oferta que tengas.Déjanos tu consulta y te asesoramos.Nuestra sucursal está ubicada en Puerto Madero, contamos con más de 25 años de trayectoria.BAVARIAN SAConcesionario Oficial Honda",tienda,0,,,0
306,5727,Jeep,Compass,2023.0,t270 limited,Azul,Nafta,5.0,Automática,1.3,SUV,,0.0,Jeep Compass 1.3 T270 Limited,49990.0,US$,El vendedor no incluyó una descripción del producto,concesionaria,1,,,0
351,5,BAIC,X55,2024.0,luxury,Rojo,Nafta,5.0,Automática,1.5,SUV,Sí,0.0,Baic X55 Ii,39700.0,US$,"ENTREGA INMEDIATA!7 AÑOS DE GARANTÍA AVALAN LA CALIDAD DE LA MARCA.PRECIO LISTA: U$S 39.500.- (Dolar estadounidense)NUEVA X55 IIPresentamos el SUV más DEPORTIVO Y PREMIUM del mercado.MOTOR 1.5 – TURBO – 185 HP DE POTENCIA.CAJA DE 7 MARCHAS CON DOBLE EMBRAGUE (Prestación deportiva)310 NM.ACELERACIÓN DE 0 A 100/KM: 7.8 SegVELOCIDAD MÁXIMA: 220 KM/HMEDIDAS: Longitud 4.63 m / Ancho 1.88 m / Alto 1.68 mDISEÑO FUTURISTA / DE ALTA GAMA / DEPORTIVA"" El SUV más deportivo y Premium del mercado""La relación precio/producto es imbatible.EQUIPAMIENTO DESTACADO:* Llantas 19"" color Gris oscuras* Cámara 360° para visión delantera/trasera y lateral* Sensores de Estacionamiento* Portón trasero eléctrico con apertura medida* Faros Full Led en todo el vehículo* Apertura de puertas con manijas tipo ""Pop out"" eléctricas* Techo Panorámico con apertura y pivoteo con sensor autónomo de lluvia (cierra solo)* Volante Multifunción deportivo en cuero* Control Velocidad crucero adaptativo* Tablero íntegramente digital con múltiples funciones y formatos* Pantalla Central Multimedia (en español) con múltiples formatos de adaptaciones del vehículo y programaciones.* Conectividad Total con Mirror Link (muestra el celular en pantalla)* Freno de mano electrónico* Manejo Autónomo en tráfico pesado (conduce solo)* Estacionamiento Autónomo (estaciona solo)* 8 Air-bags* Control de Tracción y Estabilidad* Asistencia de Frenado* Frenado autónomo de emergencia* Asistencia de desvío de carril* Aviso de Punto CiegoCONSULTE POR DISPONIBILIDAD DE COLOR!",concesionaria,1,185.0,,0
407,14866,Ford,Bronco Sport,2025.0,ecoboost badlands,Gris,Nafta,5.0,Automática,2.0,SUV,,0.0,Ford Bronco Sport 2.0 Ecoboost 4Wd Badlands At8,55900.0,US$,"FORD BRONCO BAD LANDSAño 2025 / 0KMMotor 2.0l Eco Boost 253CVCaja automatica de 8 marchasTracción 4WDControl crucero adaptativoLevas al volanteCuenta con bloqueo de diferencial traseroClimatizador Bi-zona7 modos de manejo (Normal-Eco-Deportivo-Lodo-Resbaladizo-Arena-Rocas)Ganchos de remolque delanteros y traserosFull LEDCueroAsientos eléctricos y calefaccionadosSistema Ford Co-Pilot 360°Consulte precio permuta.PARA VER ESTA UNIDAD POR FAVOR SOLICITAR ENTREVISTAABIERTO DE LUNES A DOMINGOS DE 10 A 19:30HSCENTRO COMERCIAL NORDELTA Y SAN FERNANDO PUNTA CHICA.Hoffen Motor Haus: somos una exclusiva agencia de autos 0km , usados y clásicos con mas de 20 años de trayectoria en el mercado argentino con una atención personalizada para cada cliente, nuestra sedes se encuentran en Centro Comercial Nordelta y Punta Chica,San Fernando.HOFFEN MOTOR HAUS está aquí, muy cerca tuyo.DUDAS Y CONSULTAS:- Mateo: 11 2512.0472- Alejandro: 11 5402.6473- Dylan:1166068474-Joaquin:1138504288Av. Libertador 2515, Punta Chica, San Fernando",concesionaria,0,,4x4,0
446,5125,Hyundai,Tucson,2024.0,c/techo,Negro,Nafta,5.0,Automática,2.0,SUV,,0.0,Hyundai Tucson 2.0 C/techo,53990.0,US$,Nueva Tucson version Europea con todos los niveles de seguridad.,concesionaria,0,,,0
485,266,Porsche,Macan,2025.0,gts,Azul,Nafta,5.0,Automática,3.0,SUV,Sí,0.0,Porsche Macan Gts (g3) - 0km 2025 - Porsche Argentina,211000.0,US$,"En Nordenwagen S.A. somos el único importador y distribuidor exclusivo de Porsche para Argentina y Uruguay desde hace 32 años. Transmitimos el ADN Porsche, historia y valores de la marca; Perseguimos el entusiasmo del cliente con nuestros productos y servicios, la innovación y la sustentabilidad, abordando temas como la electro movilidad y el desarrollo de la red de cargas para vehículos eléctricos.Comercializamos vehículos nuevos y de re-estreno bajo el programa Porsche Approved, con asesores capacitados y certificados por Porsche AG.IMPORTANTE: EL PRECIO Y FOTOS DEL VEHÍCULO EXPUESTO EN LA PUBLICACIÓN CORRESPONDEN AL MODELO ENTRADA DE GAMA, Y SIN OPCIONALES SELECCIONADOS.SE MUESTRA BAJO CONSENTIMIENTO DEL PROPIETARIO, A FIN DE QUE EL CLIENTE PUEDA TENER UNA IDEA GENERAL DE CÓMO ES EL VEHÍCULO PORSCHE MACAN GTS (G3) 2025.- PRUEBE NUESTRO CONFIGURADOR EN LA PÁGINA OFICIAL PORSCHE PARA SELECCIÓN DE COLORES, Y GRAN VARIEDAD DE OPCIONALES- EN CASO DE INTERÉS POR UN VEHÍCULO MACAN GTS (G3) 2025., CONTAMOS CON PRODUCCIÓN DISPONIBLE PARA CONFIGURAR A SU GUSTO.PORSCHE MACAN GTSEQUIPAMIENTO/OPCIONALES:- COLOR EXTERIOR: AZUL GENCIANA METALIZADO - LLANTAS DEPORTIVAS DE DISEÑO EXCLUSIVO DE 21 PULGADAS PINTADAS EN JET BLACK METALLIC (EXCLUSIVE MANUFAKTUR)- PAQUETE DE CUERO EN NEGRO - ASIENTOS ASIENTOS DEPORTIVOS ADAPTATIVOS DELANTEROS (18 POSICIONES, ELÉCTRICOS) - PAQUETE EXTERIOR EN COLOR EXTERIOR Y EN NEGRO (BRILLO INTENSO) (EXCLUSIVE MANUFAKTUR)- PALANCAS DE APERTURA DE PUERTAS PINTADAS EN NEGRO (ALTO BRILLO)(EXCLUSIVE MANUFAKTUR)- SISTEMA DE TECHO PANORÁMICO- ANAGRAMA 'PORSCHE' PINTADO EN NEGRO (MATE) Y DENOMINACIÓN DEL MODELO PINTADO EN NEGRO (ALTO BRILLO) (EXCLUSIVE MANUFAKTUR)- SUSPENSIÓN NEUMÁTICA ADAPTATIVA CON SISTEMA DE NIVELACIÓN Y AJUSTE DE ALTURA INCL. GESTIÓN ACTIVA DE LA SUSPENSIÓN PORSCHE (PASM)- PORSCHE DOPPELKUPPLUNG (PDK) DE 7 VELOCIDADES- PAQUETE INTERIOR NEGRO (BRILLO INTENSO)- FUNCIÓN DE MASAJE DELANTE, INCLUIDO ASIENTO VENTILACIÓN DELANTE (EXCLUSIVE MANUFAKTUR)- AIRBAGS LATERALES EN EL COMPARTIMENTO TRASERO- ESCUDO PORSCHE EN EL REPOSABRAZOS DE LA CONSOLA CENTRAL (EXCLUSIVE MANUFAKTUR)",tienda,0,,,0
489,16841,Audi,Q2,2025.0,35 advanced,Gris,Nafta,5.0,Automática,1.5,SUV,,0.0,Audi Q2 1.5 35 Tfsi Advanced 150 Cv,50000.0,US$,"EQUIPAMIENTO DESTACADO DE SERIEClimatizador automático confortControl de velocidad crucero con limitador de velocidadAudi Virtual CockpitAudi smartphone interface compatible con Android Auto y Apple CarPlayRespaldo del asiento trasero abatible 60/40Volante de cuero en diseño de 3 radios con multifunción plus y levas de cambioSensores de estacionamiento delanteros y traseros con cámara de marcha atrásLuces delanteras y traseras en tecnología LEDRueda de repuesto de espacio reducido2 puertos USB delanterosNavegador incorporadoRetrovisores exteriores con ajuste eléctrico y térmicosAsientos tapizados en tela “ SkriptAirbag para conductor y acompañante frontales y laterales, y sistema de airbags para la cabezaAsiento del acompañante ajustable en alturaSistema Start Stop con recuperación de energíaLos valores expresados no incluyen gastos de flete ni formulario ni gastos administrativos",tienda,1,150.0,,0
500,14076,BAIC,X35,2023.0,confort,Marrón,Nafta,5.0,Automática,1.5,SUV,Sí,0.0,Baic X35 Confort Turbo Cvt - 2025 - Baic Vicente Lopez -,24900.0,US$,PARA VER VIDEO DE LA UNIDAD LUEGO DE LA ÚLTIMA FOTO EN ESTE AVISO o BIEN SE LO ENVIAMOS.A NUESTROS CLIENTES Y POSIBLES CLIENTES NOTA:* NO compre Baic 0km en Agencias multimarcas o de otras marcas NO habilitadas.(evite dolores de cabeza con la Garantía).Solamente en CABA somos BAIC PALERMO. Único domicilio habilitado.Solamente en ZONA OESTE somos BAIC MORÓN. Único domicilio habilitado.Solamente en ZONA NORTE somos BAIC VICENTE LOPEZ. Único domicilio habilitado.7 AÑOS DE GARANTÍA AVALAN LA CALIDAD DE LA MARCA.PRECIO LISTA: u$s 26.900.-BONIFICACIÓN: -u$s 2.000-CONTADO: u$s 24.900.-NEW X35 CONFORT TURBO CVTPresentamos el SUV más potente del mercado.MOTOR 1.5 – 16v – TURBO – 148 HP DE POTENCIA.CAJA AUTOMÁTICA SECUENCIAL DE 6 MARCHAS.210 NM. de TORQUEACELERACIÓN DE 0 A 100/KM: 8.9 SegMEDIDAS: Longitud 4.32 m / Ancho 1.83 m / Alto 1.64 mEQUIPAMIENTO:• Llantas 17” Diamantadas Bi Tono.• Cámara de retroceso.• Sensores de estacionamiento.• Espejos con guiños.• Faros Led completos delanteros y traseros.• Volante en cuero Multifunción.• Control Velocidad Crucero.• Butacas deportivas Tela.• Pantalla Multimedia con conectividad.• Freno de mano electrónico.• Climatizador Digital.• Paneles de puerta y tablero en cuero y aluminio.• Frenos ABS + EBD• Control de Tracción.• Control de estabilidad.• Control de Pendientes.• Control presión de neumáticos.• Volumen de Carga 390 Dm3.BAIC PALERMO / BAIC MORÓN / BAIC VICENTE LOPEZ--------------------------------------------PLAN FINANCIACIÓN EXCLUSIVO “BAIC PALERMO”ENTREGA INMEDIATA CON UNIDADES EN SALÓN.--------------------------------------------------------------------------------BAIC PALERMO OFRECE EL STOCK MÁS IMPORTANTE DEL PAÍS.UNIDADES PARA ENTREGA INMEDIATA.TEST DRIVE DISPONIBLE (CON TURNO).,tienda,1,148.0,,0
517,758,Chery,Tiggo 4 Pro,2024.0,luxury,Negro,Nafta,5.0,Automática,1.5,SUV,Sí,0.0,Chery Tiggo 4 Pro 1.5 Luxury Cvt,27900.0,US$,"CHERY TIGGO 4 PRO LUXURY CVT TURBO , OKM COLOR A ELECCION SEGUN DISPONIBILIDAD DE ENTREGA INMEDIATA , VER EN CONCESIONARIO OFICIAL CHERY SUCURSAL ZONA NORTE, MOTOR NORTE SRL HORARIO DE LUNES A VIERNES DE 9 A 18 HSVALOR OFERTA CONTADO, PRECIO DE LISTA U$D29.500",concesionaria,0,,,0
564,10929,D.S.,DS7,2025.0,pallas,Negro,Nafta,5.0,Automática,1.6,SUV,Sí,0.0,Ds7 Pallas 2025 0km - 1.6 215cv At8,55500.0,US$,BENEFICIOS EXCLUSIVOS DS STORE MARTINEZTODA LA NUEVA GAMA CON ENTREGA INMEDIATATALLERES PROPIOS DE POST VENTAATENCIÓN PERSONALIZADAVENTAS CORPORATIVASCOLORES DISPONIBLESTOMAMOS TU USADO EL MEJOR PRECIOReserva tu test drive y viví tu mejor experiencia de manejo y confort,concesionaria,0,215.0,,0
614,14133,Jeep,Commander,2024.0,t270 limited 7pas,Gris,Nafta,5.0,Automática secuencial,1.3,SUV,Sí,0.0,Jeep Commander 1.3 T270 Limited 7pas AT6 4x2,46942.0,US$,"Somos Sidway, Primer Concesionario Jeep/RAM Oficial del País. 

Consultá por nuestras opciones de financiación y pago al contado.

Tomamos tu usado al mejor precio. 

Ofertas exclusivas del mes. Disponibilidad de colores.

Solicitá tu TEST DRIVE 

Contamos con un equipo de asesores comerciales que te brindarán toda la información de manera online mediante WhatsApp o llamado telefónicio. Podrás además coordinar con ellos una videollamada para ver nuestras unidades si así lo quisieras y recibir info del vehículo.

Subite a tu Jeep/RAM en Sidway con la mejor propuesta comercial y asesoramiento. 

SIDWAY",tienda,1,,4x2,0
693,6062,BAIC,X55,2023.0,ii,Blanco,Nafta,5.0,Automática,1.5,SUV,Sí,0.0,Baic X55 Ii Luxury Turbo - 2025 - Baic Palermo - ,38900.0,US$,"PARA VER VIDEO DE LA UNIDAD LUEGO DE LA ÚLTIMA FOTO EN ESTE AVISO o BIEN SE LO ENVIAMOS.A NUESTROS CLIENTES Y POSIBLES CLIENTES NOTA:* NO compre Baic 0km en Agencias multimarcas o de otras marcas NO habilitadas.(evite dolores de cabeza con la Garantía).Solamente en CABA somos BAIC PALERMO. Único domicilio habilitado.Solamente en ZONA OESTE somos BAIC RAMOS MEJÍA. Único domicilio habilitado.Solamente en ZONA NORTE somos BAIC VICENTE LOPEZ. Único domicilio habilitado.7 AÑOS DE GARANTÍA AVALAN LA CALIDAD DE LA MARCA.PRECIO LISTA: U$S 40.900.- (Dolar estadounidense)BONIFICACION: - U$S 2.000.-VALOR SOLO CONTADO : U$S 38.900.-NUEVA X55 IIPresentamos el SUV más DEPORTIVO Y PREMIUM del mercado.MOTOR 1.5 – TURBO – 185 HP DE POTENCIA.CAJA DE 7 MARCHAS CON DOBLE EMBRAGUE (Prestación deportiva)310 NM.ACELERACIÓN DE 0 A 100/KM: 7.8 SegVELOCIDAD MÁXIMA: 220 KM/HMEDIDAS: Longitud 4.63 m / Ancho 1.88 m / Alto 1.68 mDISEÑO FUTURISTA / DE ALTA GAMA / DEPORTIVA"" El SUV más deportivo y Premium del mercado""La relación precio/producto es imbatible.EQUIPAMIENTO DESTACADO:* Llantas 19"" color Gris oscuras* Cámara 360° para visión delantera/trasera y lateral* Sensores de Estacionamiento* Portón trasero eléctrico con apertura medida* Faros Full Led en todo el vehículo* Apertura de puertas con manijas tipo ""Pop out"" eléctricas* Techo Panorámico con apertura y pivoteo con sensor autónomo de lluvia (cierra solo)* Volante Multifunción deportivo en cuero* Control Velocidad crucero adaptativo* Tablero íntegramente digital con múltiples funciones y formatos* Pantalla Central Multimedia (en español) con múltiples formatos de adaptaciones del vehículo y programaciones.* Conectividad Total con Mirror Link (muestra el celular en pantalla)* Freno de mano electrónico* Manejo Autónomo en tráfico pesado (conduce solo)* Estacionamiento Autónomo (estaciona solo)* 8 Air-bags* Control de Tracción y Estabilidad* Asistencia de Frenado* Frenado autónomo de emergencia* Asistencia de desvío de carril * Aviso de Punto Ciegoy más..BAIC PALERMO / BAIC MORÓN / BAIC VICENTE LOPEZENTREGA INMEDIATA CON UNIDADES EN SALÓN.TEST DRIVE DISPONIBLE (CON TURNO).ENTREGAS A DOMICILIO.------------------------------------------------------------------------------TOMAMOS VEHÍCULOS EN PARTE DE PAGOFINANCIACIÓN CON DNI HASTA EL 50% DEL VALOR DE LA UNIDAD.------------------------------------------------------------------------------7 RAZONES POR LA QUE CONFIAR EN BAIC:1) BAIC es marca Premium en China y en 48 países del Mundo.2) BAIC se encuentra en todas las provincias de Argentina y en 9 países deAmérica.3) BAIC es la única Automotriz socia de Mercedes Benz en el Mundo.4) BAIC es la única Automotriz Premium que ofrece 7 años de Garantía.5) BAIC NO es un vehículo económico Chino.6) BAIC es para el público que busca vehículos SUV DIFERENTES.7) BAIC es Diseño, Calidad, Confort, Equipamiento....y Esa Extraña sensación deFIDELIDAD.-----------------------------------------------------------------------------------* BAIC PALERMO - CASA CENTRAL -AV. CÓRDOBA 6102 - C.A.B.A. -- SERVICIO POST VENTAECHEVERRIA 1050 - C.A.B.A. -* BAIC RAMOS MEJÍA - ZONA OESTE -AV RIVADAVIA 14882 - RAMOS MEJÍA -SERVICIO POST VENTAECHEVERRIA 1050 - C.A.B.A. * BAIC VICENTE LOPEZ - ZONA NORTE -AV. LIBERTADOR 550 - VICENTE LOPEZ -- SERVICIO POST VENTAECHEVERRÍA 1050 - C.A.B.A. -NRO 1 EN VENTASBRINDANDO SERIEDAD Y PROFESIONALISMO A LA MARCA.CON GRAN IMPRONTA EN LA PRESENTACIÓN DE SUS MODELOS.",tienda,1,185.0,,0
754,3692,Audi,Q5,2025.0,45 advanced,Gris,Nafta,5.0,Automática,2.0,SUV,Sí,0.0,Audi Q5 2.0 45 Tfsi Advanced 252Cv,77800.0,US$,"AUDI Q5 45 TFSI ADVANCED S TRONIC QUATTRO 245cv45 TFSI corresponde a motor 2.0 de 245cvColor disponible: Plata Florete MetalizadoSistemas ADASMild Hybrid - NO PAGA PATENTES- Audi drive select- Audi virtual cockpit plus- Audi smartphone interface- Control de velocidad crucero- Luces delanteras y traseras LED- Tracción en las cuatro ruedas: Quattro- Nueva motorización naftera con hibridación ligera (MHEV)- Pantalla central con tecnología touch y MMI Navegación plus- Retrovisores exteriores abatibles, térmicos y antideslumbrantes- Llantas diseño turbina de 5 brazos con neumáticos 235/60 R18- Sensores de estacionamiento delanteros y traseros con cámara de retroceso- Acceso y arranque sin llave con apertura y cierre eléctricos del portón trasero- Asientos delanteros eléctricos tapizados en combinación cuero/cuero sintético.Concesionario Número #1 de la ArgentinaAudi Buenos AiresAv. Rivadavia 4751, CABAAv. Juan B. Alberdi 53, CABA-- ¡Esperamos tu consulta!El precio publicado no incluye gastos de Flete, ni Formularios ni gastos administrativos.Foto no contractual. Corresponde al modelo del titulo de la descripción. Equipamiento según versión. Precio puede variar sin previo aviso.El precio publicado corresponde a un pago de contado.NS",tienda,1,252.0,,0
755,13321,BMW,X1,2024.0,sdrive 20i sportline,Negro,Nafta,5.0,Manual,2.0,SUV,,0.0,BMW X1 2.0 Sdrive 20i Sportline,77900.0,US$,PRECIO DE LISTA SIN OPCIONALES,tienda,0,,,0
797,13580,BAIC,X55,2025.0,il,Celeste,Nafta,5.0,Automática,1.5,SUV,Sí,0.0,Baic X55 Li,37900.0,US$,BONIFICACION EXCLUSIVA PARA UNIDADES FISICAS PATENTADAS EN ABRILPOCAS UNIDADES!!,concesionaria,0,,,0
873,2906,Jeep,Renegade,2025.0,serie-s,Gris,Nafta,5.0,Automática,1.3,SUV,,0.0,Jeep Renegade 1.3 Serie-S At6,38990.0,US$,NUEVO INGRESO PAZCAR *(UNIDAD 0KM)*-Jeep Renegade -Version Serie S-Motor 1.3 T 270-Transmision Automatica de 6 Marchas-Cuenta con Duplicado y ManualesPRECIO PERMUTA: 40000 USD FINANCIAMOS CON CREDITOS PRENDARIOS - TOMAMOS PERMUTA -,concesionaria,0,,,0
904,14760,Kia,Sportage,2025.0,t-gdi ex,Blanco,Nafta,5.0,Automática,1.6,SUV,,0.0,Kia Sportage 1.6 T-Gdi Ex 4X2,49500.0,US$,"Sportage 2025 FWD TRACCIÓN DELANTERA - NUEVO PRECIO SIN IMPUESTOS INTERNOS SISTEMA DE ASISTENCIA DE MANTENIMIENTO DE CARRIL.SISTEMA DE ALERTA DE FATIGA DE CONDUCTOR.SISTEMA DE ANCLAJE ISOFIX. CONTROL DE VELOCIDAD CRUCERO ADAPTATIVO C/ STOP AND GO. SISTEMA DE ASISTENCIA PRE- COLISION FRONTAL/ GIRO (CICLISTA/PEATON/VEHICULO).SISTEMA DE ASISTENCIA PRE- COLISION DE PUNTO CIEGO (CAMARA PROYECTADA EN TABLERO DIGITAL).ALPINA - 40 años a su servicio en la ubicación más conveniente de Palermo Chico, frente a Plaza Alemania y con estacionamiento clientes en la puerta de la concesionaria. Los esperamos lu a vi 10/18 hs!",concesionaria,1,,4x2,0
908,3763,Jeep,Renegade,2024.0,sport,Blanco,Nafta,5.0,Manual,1.8,SUV,,0.0,Jeep Renegade 1.8 Sport,25500.0,US$,"Jeep® Renegade Sport 2024: Aventuras sin LímitesEl Jeep® Renegade Sport 2024 llega para los que buscan la combinación perfecta de estilo, rendimiento y seguridad. Compacto, pero capaz de llevarte a donde quieras, el Renegade Sport mantiene el legado de Jeep® mientras incorpora tecnología de punta y un diseño robusto, ideal para quienes desean vivir nuevas experiencias al volante.Motorización y DesempeñoMotor 1.8L: Potencia y eficiencia en cada trayecto, brindando la fuerza necesaria para moverse con soltura tanto en la ciudad como en terrenos más difíciles.Transmisión Manual de 5 Velocidades: Cambio preciso y eficiente para una conducción divertida y controlada.Tracción delantera: Ideal para quienes buscan un SUV compacto con gran respuesta en diversos tipos de caminos.Diseño Exterior: Estilo y VersatilidadEl Jeep® Renegade Sport 2024 mantiene el ADN de la marca con su parrilla de siete ranuras y los faros delanteros circulares, que siguen siendo emblemas de la marca. Con líneas modernas y compactas, su diseño robusto es ideal tanto para la jungla urbana como para aventuras fuera de ruta.Climatizador manual: Mantén el interior agradable con facilidad, adaptando la temperatura a tu gusto.Sistema de audio con conexión Bluetooth: Conectividad rápida y eficiente para que puedas escuchar tu música o atender llamadas sin distracciones.Tecnología y ConectividadPantalla multimedia de 7'': La central de entretenimiento con Android Auto y Apple CarPlay te permite conectar tu teléfono y acceder a tus aplicaciones favoritas, sin distracciones.Puerto USB: Mantén tus dispositivos cargados y conectados durante el trayecto.Seguridad y Asistencia al ConductorLa seguridad es uno de los pilares del Jeep® Renegade Sport 2024. Con un conjunto de tecnologías y sistemas que garantizan una conducción más segura y tranquila:6 Airbags (frontales, laterales y de cortina): Protección integral para todos los ocupantes del vehículo.Control de estabilidad electrónico: Ayuda a mantener el vehículo bajo control en condiciones adversas.Frenos de disco en las cuatro ruedas con sistema ABS: Brindan una mayor eficiencia y seguridad en frenadas de emergencia.Diseño Interior Práctico y EspaciosoEl interior del Renegade Sport 2024 ha sido pensado para adaptarse a tu estilo de vida. Con un amplio espacio interior, tanto en los asientos delanteros como traseros, y un maletero de 320 litros, tendrás todo el espacio que necesitas para tus actividades diarias y tus escapadas de fin de semana.El Jeep® Renegade Sport 2024 es la elección perfecta para quienes buscan un SUV compacto con todas las ventajas de un Jeep®, pero con un diseño accesible y funcional para la vida urbana y la aventura.ANTICIPO $20.500.000 Y 12 / 18 Y 24 CUOTAS FIJAS, EN PESOS, A SOLA FIRMA, ENTREGA INMEDIATA. AGENCIA OFICIAL. º|||||||º Cristian Coronel - Asesor Comercial º|||||||º",concesionaria,0,,,1
929,6590,BAIC,X55,2025.0,plus,Gris,Nafta,5.0,Automática,,SUV,Sí,0.0,BAIC X55 Plus,44900.0,US$,BONIFICACION EXCLUSIVA PARA UNIDADES FISICAS PATENTADAS EN ABRILPOCAS UNIDADES!!,concesionaria,1,,,0
999,9189,BMW,X6,2025.0,xdrive 40i m sport,Azul,Mild Hybrid,5.0,Automática,3.0,SUV,,0.0,BMW X6 3.0 Xdrive 40I M Sport 381Cv,210000.0,US$,Concesionario oficial Santos BMW Pilar. X6 M 40i Xdrive Mpro. Entrega inmediata. 2025.,concesionaria,0,381.0,,0
1052,1521,Audi,Q2,2024.0,35 advanced,Plateado,Nafta,5.0,Automática,1.5,SUV,Sí,0.0,Audi Q2 1.5 35 Tfsi Advanced 150 Cv,55000.0,US$,"Audi Q2 35 TFSI ADVANCED 0kmUnidad física en stock35 TFSI corresponde a motor 1.4 TFSI de 150CVClimatizador automático confortControl de velocidad crucero con limitador develocidadAudi Virtual CockpitAudi smartphone interface compatible con AndroidAuto y Apple CarPlayLlantas de aleación, diseño de 5 radios en V, 7,0J x 17, neumáticos 215/55 R17Respaldo del asiento trasero abatible 60/40Volante de cuero en diseño de 3 radios con multifunción plus y levas de cambioSensores de estacionamiento delanteros y traseros con cámara de marcha atrásLuces delanteras y traseras en tecnología LEDRueda de repuesto de espacio reducido2 puertos USB delanterosNavegador incorporado VolanteRetrovisores exteriores con ajuste eléctrico y térmicosAsientos tapizados en tela “Skript”Airbag para conductor y acompañante frontales y laterales, y sistema de airbags para la cabezaAsiento del acompañante ajustable en alturaBlade exterior en Gris Manhattan MetalizadoSistema Start-Stop con recuperación de energíaUnidades fisicas en stock tocables, con certificado para patentar.Podes retirar en cualquiera de nuestras sucursales-Quilmes-La PlataO te enviamos tu auto a tu domicilio.Tomamos permutas al mejor precioMejoramos cualquier presupuesto",tienda,1,150.0,,0
1079,8158,Audi,q5 sportback,2025.0,45tfsi quattro s tronic advanced,Gris,Híbrido/Nafta,5.0,Automática,2.0,SUV,,0.0,Audi q5 sportback 2.0 45Tfsi Quattro S Tronic Advanced 245Cv,98500.0,US$,"AUDI NORDEN S.A.PUBLICACION VIGENTE !!!LA UNIDAD SE ENCUENTRA EN STOCK !!!AGUARDAMOS SU CONSULTA PARA ASESORARLO EN LA MODALIDAD DE ADQUIRIRLA !!!DETALLE DE MODELO:AUDI Q5 SPORTBACK ADVANCED 245CV 45 2.0TFSI QUATTRO MILD HYBRIDSTOCK: * Unidad física con entrega inmediata posterior al patentamiento.PRECIO: EL PRECIO DE LA UNIDAD ES EL PUBLICADO COMO OFERTA DE CONTADONO INCLUYE GASTOS ADMINISTRATIVOS, FORMULARIOS O PATENTAMIENTO",tienda,1,245.0,,0
1080,11041,Hyundai,Creta,2025.0,new safety +,Gris,Nafta,5.0,Automática,1.6,SUV,,0.0,Hyundai Creta new creta safety +,35000.0,US$,NEW CRETA SAFETY +OKM NUEVO MODELO! FINANCIAMIENTO CUOTAS FIJAS EN PESOSTOMAMOS TU USADO COMO PARTE DE PAGOVENI A VERLA! TE ESPERAMOS,concesionaria,0,,,0
1081,16883,Jeep,Wrangler,2025.0,rubicon jm,Negro,Nafta,4.0,Automática,2.0,SUV,,0.0,Jeep Wrangler  Rubicon 2.0 Jm,127000.0,US$,"ULTIMO DIA DEL MES LANZAMOS ESTA SUPER OFERTA !!!!LISTA PARA QUE TE LA LLEVES UNIDADES EN STOCK FISICO  COLOR GRANITE ENCONTRANOS EN OLAVARRIA PROVINCIA DE BUENOS AIRESConcesionario Oficial Chrysler-Jeep-Dodge-RAM. Con más de 20 años de experiencia!Te ofrecemos una atención personalizada, para asesorarte de la mejor manera. Todos los días inclusive SÁBADOS, DOMINGOS Y FERIADOS, DE 9HS A 19:30HS.Nuestro objetivo es ofrecerte una transparente y excelente experiencia de compra segura de principio a fin. Contamos con:• Mas de 100 unidades en stock.• Los mejores créditos prendarios diseñados a tu medida y a sola firma, con las tasas fijas más convenientes del mercado, con amplios plazos.• Atención administrativa personalizada.• Gestoría Automotor integral.• Aseguramos tu auto con los mejores precios, coberturas y compañías.Podes reservar cuando quieras!ASESOR COMERCIAL :JOHANNA MONDOTEGUI2284362888",concesionaria,0,,,0
1132,2057,BAIC,X35,2023.0,luxury,Azul,Nafta,5.0,Automática,1.5,SUV,Sí,0.0,BAIC X35 1.5 Luxury At,27500.0,US$,"PARA VER VIDEO DE LA UNIDAD LUEGO DE LA ÚLTIMA FOTO EN ESTE AVISO o BIEN SE LO ENVIAMOS.A NUESTROS CLIENTES Y POSIBLES CLIENTES NOTA:* NO compre Baic 0km en Agencias multimarcas o de otras marcas NO habilitadas.(evite dolores de cabeza con la Garantía).Solamente en CABA somos BAIC PALERMO. Único domicilio habilitado.Solamente en ZONA OESTE somos BAIC MORÓN. Único domicilio habilitado.Solamente en ZONA NORTE somos BAIC VICENTE LOPEZ. Único domicilio habilitado.7 AÑOS DE GARANTÍA AVALAN LA CALIDAD DE LA MARCA.PRECIO LISTA: u$s 29.500.-BONIFICACIÓN: -u$s 2.000-CONTADO: u$s 27.500.-NEW X35 LUXURY TURBO CVTPresentamos el SUV más potente del mercado. MOTOR 1.5 – 16v – TURBO – 148 HP DE POTENCIA.CAJA AUTOMÁTICA SECUENCIAL DE 6 MARCHAS. 210 NM. de TORQUEACELERACIÓN DE 0 A 100/KM: 8.9 SegMEDIDAS: Longitud 4.32 m / Ancho 1.83 m / Alto 1.64 mEQUIPAMIENTO:• Llantas 17” Diamantadas Bi Tono.• Cámara de retroceso.• Sensores de estacionamiento.• Espejos con guiños.• Faros Led completos delanteros y traseros.• Techo Panorámico con apertura eléctrica (único en nuestro mercado en su segmento).• Volante en cuero Multifunción.• Control Velocidad Crucero.• Butacas deportivas Cuero/Tela.• Encendido a Botón con llave de presencia.• Pantalla Multimedia con conectividad.• Freno de mano electrónico.• Climatizador Digital.• Paneles de puerta y tablero en cuero y aluminio.• Frenos ABS + EBD• Control de Tracción.• Control de estabilidad.• Control de Pendientes.• Control presión de neumáticos.• Volumen de Carga 390 Dm3.BAIC PALERMO / BAIC RAMOS MEJIA / BAIC VICENTE LOPEZ--------------------------------------------PLAN FINANCIACIÓN EXCLUSIVO “BAIC PALERMO”ENTREGA INMEDIATA CON UNIDADES EN SALÓN.--------------------------------------------------------------------------------BAIC PALERMO OFRECE EL STOCK MÁS IMPORTANTE DEL PAÍS.UNIDADES PARA ENTREGA INMEDIATA.TEST DRIVE DISPONIBLE (CON TURNO).ENTREGAS A DOMICILIO.------------------------------------------------------------------------------TOMAMOS VEHÍCULOS EN PARTE DE PAGOTASAMOS VÍA WHATSAPP PARA SU MEJOR COMODIDAD SI VIVE EN EL INTERIOR.FINANCIACIÓN CON DNI HASTA EL 50% DEL VALOR DE LA UNIDAD.------------------------------------------------------------------------------7 RAZONES POR LA QUE CONFIAR EN BAIC:1) BAIC es marca Premium en China y en 44 países del Mundo.2) BAIC se encuentra en todas las provincias de Argentina y en 8 países deAmérica.3) BAIC es la única Automotriz socia de Mercedes Benz en el Mundo.4) BAIC es la única Automotriz Premium que ofrece 7 años de Garantía.5) BAIC NO es un vehículo económico Chino.6) BAIC es para el público que busca vehículos SUV DIFERENTES.7) BAIC es Diseño, Calidad, Confort, Equipamiento....y Esa Extraña sensación deFIDELIDAD.-----------------------------------------------------------------------------------* BAIC PALERMO - CASA CENTRAL -AV. CÓRDOBA 6102 - C.A.B.A. -- SERVICIO POST VENTAECHEVERRIA 1050 - C.A.B.A. -* BAIC RAMOS MEJIA - ZONA OESTE -AV. RIVADAVIA 14.882 - RAMOS MEJIA -SERVICIO POST VENTAECHEVERRIA 1050 - C.A.B.A. -* BAIC VICENTE LOPEZ - ZONA NORTE - AV. LIBERTADOR 550 - VICENTE LOPEZ - - SERVICIO POST VENTAECHEVERRÍA 1050 - C.A.B.A. -NRO 1 EN VENTASBRINDANDO SERIEDAD Y PROFESIONALISMO A LA MARCA.CON GRAN IMPRONTA EN LA PRESENTACIÓN DE SUS MODELOS.",tienda,0,148.0,,0
1163,14834,BAIC,X55,2023.0,elite,Gris,Nafta,5.0,Manual,1.5,SUV,Sí,0.0,BAIC X55 1.5t Elite Cvt,39900.0,US$,BAIC X55II LUXURY ATULTIMA VERSIONNUEVO DISEÑO !!!!!!!!GRILLA FRONTAL CON DISEÑO DE DIAMANTESOPTICAS LEDMANIJAS DE PUERTA OCULTAS INDUCTIVASINTERIOR CON TODO EL CONFORT Y EL DISEÑOILUMINACION LEDBUTACAS DE DISEÑOTECHO SOLAR PANORAMICOESTACIONAMIENTO AUTONOMOFRENADO DE EMERGENCIA AUTOMATICO5 CAMARASCONDUCCION AUTONOMA EN EMBOTELLAMIENTOS8 AIRBAGSMOTOR 1.5 T183HPTOMAMOS USADOS EN PARTE DE PAGOFINANCIACION BANCARIA,tienda,1,,,0
1198,16983,BMW,X1,2024.0,sdrive 20i sportline,Gris,Nafta,5.0,Manual,2.0,SUV,,0.0,BMW X1 2.0 Sdrive 20i Sportline,85000.0,US$,Concesionario Oficial Santos BMW Pilar. Nuevo X1 20i Xdrive 204 cv.,concesionaria,0,204.0,,0
1214,13010,BAIC,X55,2024.0,ii luxury,Rojo,Nafta,5.0,Automática,1.5,SUV,Sí,0.0,Baic X55 Ii Luxury Turbo - 2025 - Baic Vicente Lopez -,38900.0,US$,"PARA VER VIDEO DE LA UNIDAD LUEGO DE LA ÚLTIMA FOTO EN ESTE AVISO o BIEN SE LO ENVIAMOS.A NUESTROS CLIENTES Y POSIBLES CLIENTES NOTA:* NO compre Baic 0km en Agencias multimarcas o de otras marcas NO habilitadas.(evite dolores de cabeza con la Garantía).Solamente en CABA somos BAIC PALERMO. Único domicilio habilitado.Solamente en ZONA OESTE somos BAIC MORÓN. Único domicilio habilitado.Solamente en ZONA NORTE somos BAIC VICENTE LOPEZ. Único domicilio habilitado.7 AÑOS DE GARANTÍA AVALAN LA CALIDAD DE LA MARCA.PRECIO LISTA: U$S 40.900.- (Dolar estadounidense)BONIFICACION: - U$S 2.000.-VALOR SOLO CONTADO : U$S 38.900 o SU EQUIVALENTE EN PESOS.NUEVA X55 IIPresentamos el SUV más DEPORTIVO Y PREMIUM del mercado.MOTOR 1.5 – TURBO – 185 HP DE POTENCIA.CAJA DE 7 MARCHAS CON DOBLE EMBRAGUE (Prestación deportiva)310 NM.ACELERACIÓN DE 0 A 100/KM: 7.8 SegVELOCIDAD MÁXIMA: 220 KM/HMEDIDAS: Longitud 4.63 m / Ancho 1.88 m / Alto 1.68 mDISEÑO FUTURISTA / DE ALTA GAMA / DEPORTIVA"" El SUV más deportivo y Premium del mercado""La relación precio/producto es imbatible.EQUIPAMIENTO DESTACADO:* Llantas 19"" color Gris oscuras* Cámara 360° para visión delantera/trasera y lateral* Sensores de Estacionamiento* Portón trasero eléctrico con apertura medida* Faros Full Led en todo el vehículo* Apertura de puertas con manijas tipo ""Pop out"" eléctricas* Techo Panorámico con apertura y pivoteo con sensor autónomo de lluvia (cierra solo)* Volante Multifunción deportivo en cuero* Control Velocidad crucero adaptativo* Tablero íntegramente digital con múltiples funciones y formatos* Pantalla Central Multimedia (en español) con múltiples formatos de adaptaciones del vehículo y programaciones.* Conectividad Total con Mirror Link (muestra el celular en pantalla)* Freno de mano electrónico* Manejo Autónomo en tráfico pesado (conduce solo)* Estacionamiento Autónomo (estaciona solo)* 8 Air-bags* Control de Tracción y Estabilidad* Asistencia de Frenado* Frenado autónomo de emergencia* Asistencia de desvío de carril* Aviso de Punto Ciegoy más..BAIC PALERMO / BAIC MORÓN / BAIC VICENTE LOPEZENTREGA INMEDIATA CON UNIDADES EN SALÓN.TEST DRIVE DISPONIBLE (CON TURNO).ENTREGAS A DOMICILIO.------------------------------------------------------------------------------TOMAMOS VEHÍCULOS EN PARTE DE PAGOFINANCIACIÓN CON DNI HASTA EL 50% DEL VALOR DE LA UNIDAD.------------------------------------------------------------------------------7 RAZONES POR LA QUE CONFIAR EN BAIC:1) BAIC es marca Premium en China y en 48 países del Mundo.2) BAIC se encuentra en todas las provincias de Argentina y en 9 países deAmérica.3) BAIC es la única Automotriz socia de Mercedes Benz en el Mundo.4) BAIC es la única Automotriz Premium que ofrece 7 años de Garantía.5) BAIC NO es un vehículo económico Chino.6) BAIC es para el público que busca vehículos SUV DIFERENTES.7) BAIC es Diseño, Calidad, Confort, Equipamiento....y Esa Extraña sensación deFIDELIDAD.-----------------------------------------------------------------------------------* BAIC PALERMO - CASA CENTRAL -AV. CÓRDOBA 6102 - C.A.B.A. -- SERVICIO POST VENTAECHEVERRIA 1050 - C.A.B.A. -* BAIC RAMOS MEJIA - ZONA OESTE -AV. RIVADAVIA 14.882 - RAMOS MEJIA -SERVICIO POST VENTAECHEVERRIA 1050 - C.A.B.A. -* BAIC VICENTE LOPEZ - ZONA NORTE -AV. LIBERTADOR 550 - VICENTE LOPEZ -- SERVICIO POST VENTAECHEVERRÍA 1050 - C.A.B.A. -NRO 1 EN VENTASBRINDANDO SERIEDAD Y PROFESIONALISMO A LA MARCA.CON GRAN IMPRONTA EN LA PRESENTACIÓN DE SUS MODELOS Y SEDES HOMOLOGADAS INTERNACIONALMENTE.",tienda,1,185.0,,0
1277,14420,Audi,Q2,2025.0,40 stronicquattro,,Nafta,5.0,Automática,2.0,SUV,,0.0,Audi Q2 40 TFSI  STRONICQUATTRO,57874.0,US$,"Somos Espasa Exclusivos, Concesionario Audi Oficial.Consultá todos los vehículos de la Marca Audi y las últimas novedades respecto a nuestros productos. Tomamos tu usado al mejor precio.Ofertas exclusivas del mes. Disponibilidad de colores y VARIOS MODELOS CON DIFERENTES OPCIONALES.Opción  TEST DRIVE para algunos modelos. Contamos con un equipo de asesores comerciales que te brindarán toda la información de manera online mediante WhatsApp o llamado telefónico. Podrás además coordinar con ellos una videollamada para ver nuestras unidades si así lo quisieras y recibir info del vehículo.A su vez, podremos de manera digital. configurar tu Audi junto a vos mediante una navegación 3D para que puedas ver los diferentes opcionales de cada modelo.Subite a tu Audi con la mejor propuesta comercial y asesoramiento.Espasa Exclusivos Audi",tienda,1,,,0
1293,4029,BMW,X3,2024.0,xdrive 30i xline,Azul,Nafta,5.0,Automática,2.0,SUV,,0.0,BMW X3 2.0 Xdrive 30i Xline,105900.0,US$,El vendedor no incluyó una descripción del producto,concesionaria,0,,,0
1306,15893,Jeep,Compass,2025.0,t270 limited,Negro,Nafta,5.0,Automática,1.3,SUV,,0.0,Jeep Compass 1.3 T270 Limited 4X2 At6,39900.0,US$,"Hascar Premium CarsLa unidad publicada es ano 2025 y cuenta con 0 KM. Unidad a patentar.Hascar cuenta con más de 12 años de experiencia en el mercado.Compramos, vendemos y consignamos vehículos de alta gama en excelente estado.Nos podes encontrar en nuestras dos sucursales:Hascar MaderoHascar OlivosSeguí nuestro Instagram y entérate de las últimas novedades",tienda,1,,4x2,0
1337,14558,JAC,S2,2025.0,intelligent,Blanco,Nafta,5.0,Manual,1.5,SUV,,0.0,JAC S2 1.5 Intelligent,18900.0,US$,"EL VHEHICULO CUENTA CON 7 AÑOS DE GARANTIA, O 150.000 KMS(Confiabilidad Absoluta)EL PRECIO PUBLICADO CORRESPONDE DE CONTADO.CONSULTAR POR PRECIO DE PERMUTATOMAMOS USADOS EN PARTE DE PAGOHACEMOS FINANCIACIONES POR MEDIO DEL BANCO SANTANDER - PATAGONIAASESOR COMERCIAL: ALAN PEREZ~ CONCESIONARIO OFICIAL GRUPO BARBALACE ~**** MAS DE 35 AÑOS BRINDANDO CONFIANZA EN EL MERCADO **** LOS INVITAMOS A MIRAR NUESTRAS CALIFICACIONES MEDIANTE GOOGLE.Unidades 0km - HAVAL - GEELY - DFSK – GREAT WALL – JAC - CHERRYUSADOS SELECCIONADOS PREMIUMCompra, Venta, Financiación, Permuta¿Por qué elegir Grupo Barbalace?Somos una concesionaria con más de 35 años en el rubro, contamos con la mejor atención y calidad, el mejor precio de contado y la mejor cotización de usados en el mercado. También contamos con gestoría propia para una gestión administrativa mucho más rápida y segura. Somos concesionario oficial DFSK, GEELY, HAVAL, GREAT WALL , JAC Y CHERRY. Contamos con servicio posventa con un personal ampliamente capacitado para resolver cualquier tipo de inconveniente. Podes encontrarnos en todas las plataformas y ver nuestro recorrido en el mercado.",concesionaria,0,,,0
1372,7019,Audi,Q2,2025.0,serie,Plateado,Nafta,5.0,Automática,1.4,SUV,,0.0,Audi Q2 1.4 Tfsi Serie 150 Cv,52000.0,US$,"Equipamiento destacadoClimatizador automático confortControl de velocidad crucero con limitador de velocidadAudi Virtual CockpitAudi smartphone interface compatible con Android Auto y Apple CarPlayLlantas de aleación, diseño de 5 radios en V, 7,0J x 17, neumáticos 215/55 R17Respaldo del asiento trasero abatible 60/40Volante de cuero en diseño de 3 radios con multifunción plus y levas de cambioSensores de estacionamiento delanteros y traseros con cámara de marcha atrásLuces delanteras y traseras en tecnología LEDRueda de repuesto de espacio reducido2 puertos USB delanterosNavegador incorporadoRetrovisores exteriores con ajuste eléctrico y térmicosAsientos tapizados en tela “Skript”Airbag para conductor y acompañante frontales y laterales, y sistema de airbags para la cabezaAsiento del acompañante ajustable en alturaBlade exterior en Gris Manhattan MetalizadoSistema Start-Stop con recuperación de energíaAutovisiones #1 en VentasNuestro showroom ubicado en Av. del Libertador 5699 dispone de personal altamente calificado tanto en los equipamientos a nivel motorización y comfort, como opcionales, paquetes para que reciba el mejor asesoramiento para la compra de su nuevo Audi.No incluye flete, formularios ni gastos administrativos.Precio contado, sin entrega de usado.",concesionaria,1,150.0,,0
1440,2201,Ford,Territory,2023.0,ecobost sel,Blanco,Nafta,5.0,Automática,1.8,SUV,,0.0,Ford Territory 1.8 Ecobost Sel At,36200.0,US$,"VENDO FORD TERRITORY 1.8L GAS AT SEL EU5 2023. 0KM PATENTADO EN DICIEMBRE DEL 2023. INTERIOR Y EXTERIOR IMPECABLE. EXCELENTE ESTADO. VEHÍCULO SIN RODAR. EN GARANTÍA. LISTO PARA TRANSFERIR Y USAR.ACEPTAMOS PESOS, DÓLARES, EUROS, REALES Y CRIPTOMONEDAS A COTIZACIÓN JUSTA REAL DE MERCADO. ACEPTAMOS PERMUTAS DE MAYOR O MENOR VALOR Y TAMBIÉN FINANCIAMOS EN DÓLARES, Y EN PESOS MEDIANTE LOS PRINCIPALES BANCOS DEL PAIS.EL AUTOMÓVIL CUENTA CON DUPLICADO DE LLAVE, MANUALES, CRIQUE, LLAVE DE RUEDA, BALIZAS, MATAFUEGOS Y AUXILIO ORIGINAL, TAL COMO SALIÓ DE FÁBRICA EN 2023.—————ACERCA DE LA COMPRA Y LA TRANSFERENCIA DEL VEHÍCULO———EL COSTO DE LA TRANSFERENCIA DE TITULARIDAD DE ESTE VEHÍCULO ES DE $2.137.700. ESTE IMPORTE INCLUYE FIRMAS Y LEGALIZACIÓN EN ESCRIBANÍA, Y CUALQUIER OTRO TRÁMITE REGISTRAL QUE SEA NECESARIO. EL IMPORTE MENCIONADO ES FINAL Y NO HAY NINGÚN OTRO GASTO NI COSTO OCULTO.EL PROCEDIMIENTO DE COMPRA ES EL SIGUIENTE:1) USTED COORDINA UNA CITA Y SE ACERCA A VER Y PROBAR EL AUTOMÓVIL, Y SI LE GUSTA, PUEDE RESERVARLO EN EL MOMENTO CON $400.000.2) LUEGO, USTED TENDRÁ 7 DÍAS CORRIDOS PARA ACERCARSE A ABONAR EL VALOR DEL VEHÍCULO Y EL COSTO DE LA TRANSFERENCIA Y FIRMAR EN ESCRIBANÍA LA DOCUMENTACIÓN NECESARIA. ESE MISMO DÍA YA PODRÁ RETIRAR EN EL ACTO LA UNIDAD. NUESTRO PRODUCTOR LE PUEDE GENERAR UN SEGURO DEL AUTOMÓVIL, O BIEN PUEDE TRAER EL SUYO.3) AL CABO DE 7 DÍAS, NUESTRO EQUIPO DE GESTORES SE CONTACTARÁ CON USTED PARA HACERLE LLEGAR LA DOCUMENTACIÓN PERTINENTE.——ACERCA DE QUALIS CARS - AUTOS DE CALIDAD - CONCESIONARIA OFICIAL MULTIMARCA——LA CONCESIONARIA FUE FUNDADA EN 1973 Y HA FUNCIONADO SIN INTERRUPCIÓN DESDE ESE ENTONCES POR MAS DE 5 DÉCADAS. LOS CIMIENTOS FUNDAMENTALES FUERON SIEMPRE LOS MISMOS:1) SOLO VEHÍCULOS DE CALIDAD VERIFICADOS, HASTA 10 AÑOS DE ANTIGÜEDAD E IDEALMENTE CON MENOS DE 100.000 KM. HACEMOS EXCEPCIONES, SOLO SI VALE LA PENA EL VEHÍCULO. NO COMPRAMOS NI VENDEMOS PROBLEMAS.2) TRANSPARENCIA Y VELOCIDAD EN EL TRÁMITE DE TRANSFERENCIA. SABEMOS LO IMPORTANTE QUE ES TENER LOS PAPELES EN REGLA, Y NOS OCUPAMOS DE QUE ASÍ SEA.SI USTED COMPRA CON NOSOTROS, POR FAVOR NO SE SORPRENDA SI RECIBE VARIAS ENCUESTAS TELEFÓNICAS DE NUESTRO EQUIPO DE AUDITORES A LO LARGO DEL PROCESO DE COMPRA. BUSCAMOS ASEGURARNOS LA MISMA EXPERIENCIA PARA CADA CLIENTE Y SOBRE TODO, QUE USTED QUEDE SATISFECHO Y VUELVA.LA CONCESIONARIA SE ENCUENTRA EN ALMAGRO (CAPITAL FEDERAL, ARGENTINA) EN UN PREDIO DE 5.000M2 DONDE SE EXHIBEN ALREDEDOR DE 200 VEHÍCULOS ENTRE 0KM, IMPORTADOS, CLÁSICOS Y UTILITARIOS. EN EL PREDIO FUNCIONAN ADEMÁS TALLERES DE: POSVENTA Y MECÁNICA LIGERA, DETAILING Y CARROCERIA Y PINTURA .(POR FAVOR, PEDIR LA DIRECCION EXACTA, POR POLITICA DE MERCADOLIBRE NO PODEMOS ANUNCIARLA AQUI).",tienda,0,,,0
1457,6070,BAIC,X35,2024.0,luxury,Blanco,Nafta,5.0,Automática,1.5,SUV,,0.0,BAIC X35 1.5T Luxury Cvt,28500.0,US$,El vendedor no incluyó una descripción del producto,concesionaria,1,,,0
1478,9414,Audi,Q3,2024.0,35tfsi,Gris,Nafta,5.0,Automática,1.4,SUV,,0.0,Audi Q3 1.4 35tfsi 150 Cv,57900.0,US$,"Audi Q3 35 TFSI ( 150cv)- Audi drive select- Audi soundsystem- Techo corredizo panorámico- Asientos tapizados en Leatherette- Confort Key(acceso y arranque sin llave)- Climatizador automático confort de 2 zonas- Portón del maletero de apertura y cierre eléctricos- Control de velocidad crucero con limitador de velocidad- Cuadro de instrumentos Digital ClusterDisplayde 10,2”- Audi smartphoneinterface compatible con Android Auto y Apple CarPlay- Llantas de aluminio fundido de 5 brazos dobles con neumáticos 235/55 R18- Asientos traseros con reglaje horizontal, reposabrazos central y porta bebidas- Volante de cuero en diseño de 3 radios con multifunción plus y levas de cambio- Sensores de estacionamiento delanteros y traseros con cámara de marcha atrás- Pantalla central color de 8,8” con tecnología touch y sistema de diálogo por voz- Luces diurnas, bajas y altas en tecnología LED; luces de giro y traseras incandescentes- Retrovisores exteriores con ajuste eléctrico y térmicos, espejo interior antideslumbrante.Concesionario Número #1 de la Argentina-- Tomamos todos los usados al mejor precio.Audi Buenos AiresAv. RIVADAVIA 4751, CABA-- Esperamos tu consulta!El precio publicado NO incluye gastos de flete, ni formularios ni gastos administrativos.Foto no contractual. Corresponde al modelo del titulo de la descripción. Equipamiento según versión. Precio puede variar sin previo aviso.",tienda,1,150.0,,0
1485,8956,Audi,Q2,2025.0,35 advanced,Gris,Nafta,5.0,Automática,1.5,SUV,,0.0,Audi Q2 1.5 35 Tfsi Advanced 150 Cv,55400.0,US$,"Equipamiento destacado de serieAudi Q2 35 TFSI Climatizador automático confort Control de velocidad crucero con limitador de velocidad Audi Virtual Cockpit Audi smartphone interface compatible con Android Auto y Apple CarPlay Llantas de aleación, diseño de 5 radios en V, 7,0J x 17, neumáticos 215/55 R17 Respaldo del asiento trasero abatible 60/40 Volante de cuero en diseño de 3 radios con multifunción plus y levas de cambio Sensores de estacionamiento delanteros y traseros con cámara de marcha atrás Luces delanteras y traseras en tecnología LED Rueda de repuesto de espacio reducido 2 puertos USB delanteros Navegador incorporado Volante Retrovisores exteriores con ajuste eléctrico y térmicos Asientos tapizados en tela “Skript” Airbag para conductor y acompañante frontales y laterales, y sistema de airbags para la cabeza Asiento del acompañante ajustable en altura Blade exterior en Gris Manhattan Metalizado Sistema Start-Stop con recuperación de energía.ESTE VEHICULO TIENE OPCIONALES DE FABRICA , UNIDAD CONFIGURADA ESPECIALConcesionario Número #1 de la ArgentinaTomamos todos los usados al mejor precio.Mejoramos cualquier oferta.Audi Buenos AiresAv. Juan B. Alberdi 53, CABA-- Esperamos tu consulta!El precio publicado no incluye gastos de flete, ni formularios ni gastos administrativos.Foto no contractual. Corresponde al modelo del titulo de la descripción. Equipamiento según versión. Precio puede variar sin previo aviso",tienda,1,150.0,,0
1502,8774,Ford,Bronco Sport,2025.0,ecoboost badlands,Gris,Nafta,5.0,Automática,2.0,SUV,,0.0,Ford Bronco Sport 2.0 Ecoboost 4Wd Badlands At8,57900.0,US$,"FORD BRONCO BAD LANDSAño 2025 / 0KMMotor 2.0l Eco Boost 253CVCaja automatica de 8 marchasTracción 4WDControl crucero adaptativoLevas al volanteCuenta con bloqueo de diferencial traseroClimatizador Bi-zona7 modos de manejo (Normal-Eco-Deportivo-Lodo-Resbaladizo-Arena-Rocas)Ganchos de remolque delanteros y traserosFull LEDCueroAsientos eléctricos y calefaccionadosSistema Ford Co-Pilot 360°Consulte precio permuta.PARA VER ESTA UNIDAD POR FAVOR SOLICITAR ENTREVISTAABIERTO DE LUNES A DOMINGOS DE 10 A 19:30HS EN SAN FERNANDO PUNTA CHICA.Hoffen Motor Haus: somos una exclusiva agencia de autos 0km, usados y clásicos con mas de 20 años de trayectoria en el mercado argentino con una atención personalizada para cada cliente. Nuestra sede se encuentra en Punta Chica, San Fernando.DUDAS Y CONSULTAS:- Mateo: 11 2512.0472- Alejandro: 11 5402.6473- Joaquin:1138504288- Dylan:1166068474Av. Libertador 2515, Punta Chica, San Fernando.",concesionaria,0,,4x4,0
1511,7750,Fiat,Pulse,2025.0,gse abarth,Blanco,Nafta,5.0,Automática,1.3,SUV,Sí,0.0,Fiat Pulse 1.3 Gse Abarth Turbo 270 At,30000.0,US$,OFERTA DE FIN DE MES!!!!PATENTAS EN MAYOEN 5 DIAS EL VEHICULO ES TUYO,concesionaria,1,,,0
1515,10264,Porsche,Macan,2025.0,4 electric,Negro,Eléctrico,5.0,Automática,,SUV,Sí,0.0,Porsche Macan 4 Electric - 0km 2025 - Porsche Argentina,268000.0,US$,"En Nordenwagen S.A. somos el único importador y distribuidor exclusivo de Porsche para Argentina y Uruguay desde hace 32 años. Transmitimos el ADN Porsche, historia y valores de la marca; Perseguimos el entusiasmo del cliente con nuestros productos y servicios, la innovación y la sustentabilidad, abordando temas como la electro movilidad y el desarrollo de la red de cargas para vehículos eléctricos.Comercializamos vehículos nuevos y de re-estreno bajo el programa Porsche Approved, con asesores capacitados y certificados por Porsche AG.- UNIDAD DE STOCK! ENTREGA INMEDIATA!- PRUEBE NUESTRO CONFIGURADOR EN LA PÁGINA OFICIAL PORSCHE PARA SELECCIÓN DE COLORES, Y GRAN VARIEDAD DE OPCIONALESEQUIPAMIENTO/OPCIONALES:- RIELES DE TECHO EN ALUMINIO NEGRO- LAMINAS DESIGNACIÓN DEL MODELO Y LOGO ""ELÉCTRICO"" PINTADO EN PLATA - SUSPENSIÓN NEUMÁTICA ADAPTATIVA CON SISTEMA DE NIVELACIÓN Y AJUSTE DE ALTURA INCL. GESTIÓN ACTIVA DE LA SUSPENSIÓN PORSCHE (PASM)- PAQUETE SPORT CHRONO- DIRECCIÓN ASISTIDA PLUS - SONIDO DEPORTIVO ELÉCTRICO PORSCHE- FAROS PRINCIPALES MATRIX LED AZUL GLACIAR EXCLUSIVE MANUFAKTUR- PILOTOS TRASEROS LED CON TIRA LUMINOSA EN AZUL GLACIAR EXCLUSIVE MANUFAKTUR- ESCUDO PORSCHE EN LOS REPOSACABEZAS DELANTEROS EXCLUSIVE MANUFAKTUR- VOLANTE DEPORTIVO GT MULTIFUNCIÓN CALEFACTABLE EN RACE-TEX CON INTERRUPTOR DE MODO- INTERIOR ESCUDO DE PORSCHE EN EL REPOSABRAZOS DE LA CONSOLA CENTRALEXCLUSIVE MANUFAKTUR- MATAFUEGOS- ESFERA DE INSTRUMENTOS CON BRÚJULA/CRONÓMETRO DEPORTIVO ESFERA DE INSTRUMENTOS AZUL ÁRTICO EXCLUSIVE MANUFAKTUR- PANTALLA FRONTAL DE REALIDAD AUMENTADA- PARKASSIST INCL. VISTA ENVOLVENTE - CONTROL DE CRUCERO ADAPTATIVO- CONTROL CLIMÁTICO AVANZADO (4 ZONAS)- PANTALLA DE PASAJEROS - SISTEMA DE SONIDO ENVOLVENTE BOSEPORSCHE LANZA SU SEGUNDO MODELO TOTALMENTE ELÉCTRICO: EL NUEVO MACAN, CON MOTORES DE HASTA 639 CV (470 KW), OFRECE CARACTERÍSTICAS E-PERFORMANCE EN CUALQUIER TERRENO Y UNA ELEVADA VERSATILIDAD PARA EL USO DIARIO. LAS PRESTACIONES DE UN DEPORTIVO SE COMBINAN CON UNA CARGA RÁPIDA DE ALTO RENDIMIENTO, DE HASTA 270 KW, Y CON UNA AUTONOMÍA QUE LLEGA A 613 KILÓMETROS EN EL CICLO WLTP.DIEZ AÑOS DESPUÉS DE SU LANZAMIENTO, EL PORSCHE MACAN SE DIRIGE HACIA SU SEGUNDA GENERACIÓN, AHORA CON PROPULSIÓN CIEN POR CIEN ELÉCTRICA. CON LOS NUEVOS MACAN 4 Y MACAN TURBO, PORSCHE QUIERE SATISFACER POR COMPLETO LAS EXPECTATIVAS DE SUS CLIENTES QUE ELIGEN UN SUV. ESTO ES POSIBLE GRACIAS A UN DISEÑO EVOLUCIONADO Y ATEMPORAL, A LAS PRESTACIONES CARACTERÍSTICAS DE LOS MODELOS DE LA MARCA, A SU AUTONOMÍA PARA LARGOS RECORRIDOS Y A SU GRAN FUNCIONALIDAD EN EL DÍA A DÍA.PORSCHE UTILIZA EXCLUSIVAMENTE LA ÚLTIMA GENERACIÓN DE MOTORES ELÉCTRICOS DE IMANES PERMANENTES (PSM) EN LOS EJES DELANTERO Y TRASERO. GRACIAS A ELLO LOGRA UNA EFICIENCIA EXCELENTE Y HACE POSIBLE QUE LAS PRESTACIONES SE PUEDAN REPETIR DE FORMA ÓPTIMA UNA Y OTRA VEZ. LAS CIFRAS INDICAN POR SÍ MISMAS UN RENDIMIENTO DE PRIMERA: EN COMBINACIÓN CON EL LAUNCH CONTROL, EL MACAN 4 GENERA HASTA 408 CV (300 KW) DE POTENCIA EN MODO OVERBOOST, MIENTRAS QUE EL MACAN TURBO LLEGA HASTA 639 CV (470 KW). EL PAR MÁXIMO ES DE 650 Y 1.130 NM, RESPECTIVAMENTE, LO QUE GARANTIZA UNAS MAGNÍFICAS PRESTACIONES. EL MACAN 4 ACELERA DE 0 A 100 KM/H EN 5,2 SEGUNDOS, MIENTRAS QUE EL MACAN TURBO SOLO TARDA 3,3 SEGUNDOS. LAS DOS VERSIONES ALCANZAN UNA VELOCIDAD MÁXIMA DE 220 Y 260 KM/H, RESPECTIVAMENTE.NUEVA PLATAFORMA ELÉCTRICA PREMIUM (PPE) CON ARQUITECTURA DE 800 VOLTIOSLOS MOTORES ELÉCTRICOS OBTIENEN SU ENERGÍA DE UNA BATERÍA DE IONES DE LITIO SITUADA EN LOS BAJOS DE LA CARROCERÍA, CON UNA CAPACIDAD BRUTA DE 100 KWH, DE LOS CUALES PUEDEN UTILIZARSE ACTIVAMENTE HASTA 95 KWH. LA BATERÍA DE ALTA TENSIÓN (HV) ES UN COMPONENTE CENTRAL DE LA PLATAFORMA ELÉCTRICA PREMIUM (PPE) CON ARQUITECTURA DE 800 VOLTIOS DE NUEVO DESARROLLO, QUE PORSCHE UTILIZA POR PRIMERA VEZ EN EL MACAN. LA POTENCIA DE CARGA CON CORRIENTE CONTINUA (CC) LLEGA HASTA 270 KW. LA BATERÍA PUEDE CARGARSE DEL 10 % AL 80 % EN APROXIMADAMENTE 21 MINUTOS EN UNA ESTACIÓN DE CARGA RÁPIDA ADECUADA. EN ESTACIONES DE 400 VOLTIOS, UN CONMUTADOR DE ALTA TENSIÓN PERMITE LA CARGA POR SECCIONES PORQUE DIVIDE EN DOS LA BATERÍA DE 800 VOLTIOS, CADA UNA CON UNA TENSIÓN NOMINAL DE 400 VOLTIOS. ESTO HACE ESPECIALMENTE EFICIENTE LA CARGA DE HASTA 135 KW, SIN NECESIDAD DE UN TRANSFORMADOR DE ALTA TENSIÓN ADICIONAL. LA CARGA DOMÉSTICA CON CORRIENTE ALTERNA (CA) PUEDE ALCANZAR LOS 11 KW.LOS MOTORES ELÉCTRICOS PUEDEN RECUPERAR HASTA 240 KW DE ENERGÍA DURANTE LA MARCHA. EL SISTEMA INTEGRATED POWER BOX (IPB) TAMBIÉN CONTRIBUYE A LA EFICIENCIA DE LOS NUEVOS MODELOS MACAN, AL TIEMPO QUE AHORRA PESO Y ESPACIO. EL INNOVADOR Y COMPACTO IPB COMBINA TRES COMPONENTES: EL CARGADOR INSTALADO DE CA, EL CALENTADOR DE ALTA TENSIÓN Y EL TRANSFORMADOR CC/CC. LA AUTONOMÍA COMBINADA WLTP PUEDE ALCANZAR LOS 613 KILÓMETROS EN EL MACAN 4 Y LOS 591 KM EN EL MACAN TURBO.PROPORCIONES DEPORTIVAS Y LÍNEAS DE COUPÉGRACIAS A LAS PROPORCIONES MÁS ESTILIZADAS Y AL ADN PORSCHE DESIGN, EL NUEVO MACAN TIENE UN ASPECTO DINÁMICO Y CON CARÁCTER. LA SUAVE INCLINACIÓN DEL CAPÓ Y LAS ALETAS MUY PRONUNCIADAS CONFIEREN A ESTE SUV UN ASPECTO ATLÉTICO, INCLUSO CUANDO ESTÁ PARADO. MIDE 4.784 MILÍMETROS DE LARGO, 1.938 MM DE ANCHO Y 1.622 MM DE ALTO. EL NUEVO MACAN ESTÁ EQUIPADO CON LLANTAS DE HASTA 22 PULGADAS, CON NEUMÁTICOS DE DISTINTA ANCHURA EN CADA EJE. LA DISTANCIA ENTRE EJES, 86 MM MAYOR QUE EN EL MODELO ANTERIOR (2.893 MM), SE COMPENSA CON VOLADIZOS CORTOS DELANTE Y DETRÁS. LOS GRUPOS ÓPTICOS ESTÁN DIVIDIDOS EN DOS PARTES: LA UNIDAD SUPERIOR PLANA CON LUCES DIURNAS DE CUATRO PUNTOS ESTÁ INTEGRADA EN LAS ALETAS Y ACENTÚA LA ANCHURA DEL COCHE; EL MÓDULO DE LOS FAROS PRINCIPALES, OPCIONALMENTE CON TECNOLOGÍA MATRIX LED, ESTÁ SITUADO LIGERAMENTE MÁS ABAJO EN EL FRONTAL. LA CARACTERÍSTICA FLYLINE DE PORSCHE FORMA UNA UNIDAD CON LA LUNETA TRASERA PLANA. EN COMBINACIÓN CON LAS VENTANILLAS SIN MARCO Y LAS ALETAS LATERALES, EL RESULTADO ES UN DISEÑO ELEGANTE Y DEPORTIVO. LOS HOMBROS FUERTEMENTE PRONUNCIADOS CONFIEREN A LA ZAGA UN ASPECTO MUSCULOSO. EL LOGO PORSCHE SE SITÚA AHORA EN EL CENTRO DE LA ESCULTURAL BANDA LUMINOSA EN 3D.AERODINÁMICA ACTIVA Y PASIVA PARA UNA MAYOR AUTONOMÍAPORSCHE COMBINA SU ADN DE DISEÑO CON UNA AERODINÁMICA OPTIMIZADA PARA MEJORAR LA AUTONOMÍA. GRACIAS AL SISTEMA PORSCHE ACTIVE AERODYNAMICS (PAA), CON ELEMENTOS ACTIVOS Y PASIVOS, Y UN COEFICIENTE DE RESISTENCIA AL AVANCE DE 0,25, EL NUEVO MACAN ES UNO DE LOS SUV MÁS AERODINÁMICOS DEL MERCADO, LO QUE TIENE EFECTOS POSITIVOS EN LA AUTONOMÍA Y EL CONSUMO. EL SISTEMA PAA INCLUYE EL SPOILER TRASERO ADAPTATIVO, ALETAS DE REFRIGERACIÓN ACTIVAS EN LAS TOMAS DE AIRE DELANTERAS Y CUBIERTAS FLEXIBLES EN LOS BAJOS TOTALMENTE SELLADOS. LOS DEFLECTORES SITUADOS BAJO EL MÓDULO DE LOS FAROS Y EL FRONTAL REBAJADO OPTIMIZAN EL FLUJO DE AIRE. EN LA PARTE TRASERA, LOS BORDES LATERALES Y EL DIFUSOR DE LAMAS GARANTIZAN LA EFICIENCIA AERODINÁMICA.DOS MALETEROS Y MAYOR ESPACIO INTERIOR.DEPENDIENDO DE LA VERSIÓN Y DEL EQUIPAMIENTO INSTALADO, LA CAPACIDAD TRAS EL ASIENTO POSTERIOR LLEGA HASTA 540 LITROS (MODO DE CARGA). ADEMÁS, EXISTE EL FRUNK, UN SEGUNDO MALETERO BAJO EL CAPÓ, CON UNA CAPACIDAD DE 84 LITROS. ESTO SUPONE 127 LITROS MÁS QUE EL MODELO ANTERIOR. SI EL RESPALDO DEL ASIENTO TRASERO SE ABATE POR COMPLETO, EL VOLUMEN DE LA ZONA DE CARGA POSTERIOR AUMENTA HASTA 1.348 LITROS. LA CAPACIDAD MÁXIMA DE REMOLQUE DE 2.000 KILOGRAMOS SE SUMA A LAS CUALIDADES PRÁCTICAS DEL NUEVO MACAN.DEPENDIENDO DE LA VERSIÓN Y DEL EQUIPAMIENTO, EL CONDUCTOR Y EL ACOMPAÑANTE SE SIENTAN AHORA HASTA 28 MM MÁS ABAJO QUE ANTES, MIENTRAS QUE LOS PASAJEROS TRASEROS ESTÁN 15 MM MÁS ABAJO Y TIENEN MAYOR ESPACIO PARA LAS PIERNAS. EL INTERIOR ES INCONFUNDIBLEMENTE PORSCHE: LA ANCHURA DEL PUESTO DE CONDUCCIÓN SE ACENTÚA CON UN PANEL NEGRO INTEGRADO. EL DISEÑO ASCENDENTE DE LA CONSOLA CENTRAL AUMENTA LA IMPRESIÓN DE UNA POSICIÓN BAJA Y CENTRADA EN LAS PRESTACIONES DEL VEHÍCULO. AL MISMO TIEMPO, LAS VENTANILLAS DE GRAN TAMAÑO APORTAN UNA SENSACIÓN DE LUMINOSIDAD Y AMPLITUD A LOS OCUPANTES. ADEMÁS DE LAS MODERNAS INTERFACES DE USUARIO DIGITALES, TAMBIÉN HAY ALGUNOS ELEMENTOS DE CONTROL ANALÓGICOS, POR EJEMPLO, EN LAS SALIDAS DE VENTILACIÓN Y LOS MANDOS DE LA CLIMATIZACIÓN. UNA TIRA DE LUCES LED ESTÁ INTEGRADA EN EL EMBELLECEDOR DEL HABITÁCULO Y LAS PUERTAS. ACTÚA COMO ILUMINACIÓN AMBIENTAL Y COMO LUZ DE COMUNICACIÓN. DEPENDIENDO DE LA SITUACIÓN, PROPORCIONA INFORMACIÓN O AVISOS, POR EJEMPLO, PARA SALUDAR DURANTE LOS PROCESOS DE CARGA O EN COMBINACIÓN CON LOS SISTEMAS DE ASISTENCIA AL CONDUCTOR. EL EQUIPAMIENTO DEL NUEVO MACAN PERMITE UN ALTO GRADO DE PERSONALIZACIÓN.PORSCHE TAMBIÉN SE HA PROPUESTO UTILIZAR MATERIALES MÁS ECOLÓGICOS EN SUS COCHES. UNA PARTE DE ELLOS ESTÁN PRESENTES EN ELEMENTOS SELECCIONADOS DEL INTERIOR DEL MACAN ELÉCTRICO.EXPERIENCIA DE CONDUCCIÓN: GRAN POTENCIA INFORMÁTICA Y CONECTIVIDADEL MACAN ESTÁ EQUIPADO CON EL CONCEPTO DE VISUALIZACIÓN Y MANEJO DE ÚLTIMA GENERACIÓN, CON HASTA TRES PANTALLAS, INCLUYENDO LA INSTRUMENTACIÓN INDEPENDIENTE DE 12,6 PULGADAS CON DISEÑO CURVO Y LA PANTALLA CENTRAL DE 10,9 PULGADAS. COMO NOVEDAD, EL PASAJERO DELANTERO, CON SU PROPIO DISPLAY OPCIONAL DE 10,9 PULGADAS, PUEDE VER INFORMACIÓN, AJUSTAR LA CONFIGURACIÓN DEL SISTEMA DE INFOENTRETENIMIENTO O REPRODUCIR CONTENIDOS DE VÍDEO DURANTE LA MARCHA. POR PRIMERA VEZ, EL SISTEMA PORSCHE DRIVER EXPERIENCE TAMBIÉN INCLUYE UN HEAD-UP DISPLAY CON TECNOLOGÍA DE REALIDAD AUMENTADA. ELEMENTOS VIRTUALES COMO LAS FLECHAS DE NAVEGACIÓN SE INTEGRAN VISUALMENTE A LA PERFECCIÓN EN EL MUNDO REAL. LA IMAGEN APARECE ANTE EL CONDUCTOR A UNA DISTANCIA DE 10 METROS Y EQUIVALE A LA DE UNA PANTALLA DE 87 PULGADAS.EL SISTEMA DE INFOENTRETENIMIENTO DE NUEVA GENERACIÓN SE BASA EN ANDROID AUTOMOTIVE OS. EL SISTEMA PORSCHE COMMUNICATION MANAGEMENT (PCM), DE SERIE EN EL NUEVO MACAN, LLEVA EL RENDIMIENTO INFORMÁTICO A UN NUEVO NIVEL. POR EJEMPLO, EL ASISTENTE DE VOZ “HEY PORSCHE” SUGIERE MUY RÁPIDAMENTE RUTAS, INCLUIDAS LAS PARADAS DE CARGA. EN EL NUEVO PORSCHE APP CENTRE, LOS PASAJEROS PUEDEN ACCEDER DIRECTAMENTE A APLICACIONES POPULARES DE TERCEROS PROVEEDORES E INSTALARLAS DIRECTAMENTE EN EL NUEVO MACAN.PRIMER MACAN CON DIRECCIÓN EN EL EJE TRASERO Y AMORTIGUADORES DE DOS VÁLVULASPORSCHE HA DESARROLLADO EL MACAN CENTRÁNDOSE EN LA DINÁMICA PROPIA DE LA MARCA Y EN UN TACTO DE LA DIRECCIÓN INCONFUNDIBLE. TANTO EL MACAN 4 COMO EL MACAN TURBO TIENEN TRACCIÓN TOTAL. LOS DOS MOTORES ELÉCTRICOS SE CONTROLAN A TRAVÉS DE LA ELECTRÓNICA DE POTENCIA CASI EN TIEMPO REAL. EL SISTEMA PORSCHE TRACTION MANAGEMENT (EPTM), CONTROLADO ELECTRÓNICAMENTE, FUNCIONA UNAS CINCO VECES MÁS RÁPIDO QUE UNA TRACCIÓN INTEGRAL CONVENCIONAL Y PUEDE RESPONDER AL DESLIZAMIENTO EN 10 MILISEGUNDOS. ADEMÁS, LA DISTRIBUCIÓN DE LA TRACCIÓN TOTAL SE RIGE POR EL PROGRAMA DE CONDUCCIÓN SELECCIONADO. EL PORSCHE TORQUE VECTORING PLUS (PTV PLUS), UN BLOQUEO DE DIFERENCIAL CONTROLADO ELECTRÓNICAMENTE EN EL EJE TRASERO, TAMBIÉN CONTRIBUYE A LA TRACCIÓN, LA ESTABILIDAD DE MARCHA Y EL DINAMISMO LATERAL DEL MACAN TURBO.LAS VERSIONES MACAN CON SUSPENSIÓN NEUMÁTICA, DE SERIE EN EL TURBO, ESTÁN EQUIPADAS CON EL CONTROL ELECTRÓNICO DE LA AMORTIGUACIÓN PORSCHE ACTIVE SUSPENSION MANAGEMENT (PASM). TAMBIÉN PUEDE COMBINARSE OPCIONALMENTE CON LA SUSPENSIÓN DE MUELLES DE ACERO. ADEMÁS, EL PASM DISPONE AHORA DE AMORTIGUADORES CON TECNOLOGÍA DE DOS VÁLVULAS. GRACIAS AL MAPA DE AMORTIGUACIÓN MÁS AMPLIO, SE CONSIGUE UN MARGEN MAYOR ENTRE CONFORT Y ESTABILIDAD. ESTO HACE QUE LAS DIFERENCIAS ENTRE LOS PROGRAMAS SEAN AÚN MÁS TANGIBLES.POR PRIMERA VEZ, EL MACAN DISPONE DE DIRECCIÓN OPCIONAL EN EL EJE TRASERO, CON UN ÁNGULO DE GIRO MÁXIMO DE CINCO GRADOS. PERMITE UN REDUCIDO DIÁMETRO DE GIRO DE 11,1 METROS EN EL TRÁFICO URBANO Y AL MANIOBRAR, AL TIEMPO QUE OFRECE UNA ESTABILIDAD EXCEPCIONAL A VELOCIDADES MÁS ALTAS, COMPLEMENTADA POR LA DIRECCIÓN SENSIBLE Y PRECISA DEL EJE DELANTERO POR LA QUE LA MARCA ES CONOCIDA.CARACTERÍSTICAS TÉCNICAS (DATOS OFICIALES SEGÚN PORSCHE AG):- POTENCIA HASTA (KW): 285 KW- AUMENTO SOBRE PODER CON CONTROL DE LANZAMIENTO HASTA (KW): 300 KW- AUMENTO SOBRE PODER CON CONTROL DE LANZAMIENTO HASTA (PS): 408 PS- MÁXIMO TORQUE CON CONTROL DE LANZAMIENTO: 650 NM- MÁXIMO TORQUE DE RUEDA CON CONTROL DE LANZAMIENTO: 6.224 NM- CAPACIDAD BRUTA DE LA BATERÍA: 100,0 KWH- CAPACIDAD NETA DE LA BATERÍA: 96,0 KWH- MÁXIMA POTENCIA DE CARGA CON CORRIENTE CONTINUA (DC): 270 KW- TIEMPO DE CARGA PARA CORRIENTE ALTERNA (AC) CON 9,6KW (0 HASTA 100%): 11,00 H- TIEMPO DE CARGA PARA CORRIENTE ALTERNA (AC) CON 11KW (0 A HASTA 100%): 10,0 H- LONGITUD: 4.784 MM- ANCHO: 1.938 MM- ANCHO (CON ESPEJOS): 2.152 MM- ALTURA: 1.622 MM- DISTANCIA ENTRE EJES: 2.893 MM- RADIO DE GIRO: 12,1 M- PESO EN VACÍO (DIN): 2.330 KG- PESO BRUTO ADMISIBLE: 2.920 KG- CARGA MÁXIMA: 590 KG- MÁX. CARGA DE REMOLQUE (FRENADA): 2.000 KG-MÁX. CARGA DE REMOLQUE (SIN FRENOS): 750 KG- PESO DE LA TROMPA (EG): 80 KG- CARGA MÁXIMA ADMISIBLE SOBRE EL TECHO CON SISTEMA DE TRANSPORTE DE TECHO PORSCHE: 75 KG- VOLUMEN DEL MALETERO, DELANTE: 84 L- VOLUMEN DEL MALETERO ABIERTO (HASTA EL BORDE SUPERIOR DE LOS ASIENTOS TRASEROS): 540 L- MAYOR VOLUMEN DE MALETERO (DETRÁS DE LOS ASIENTOS DELANTEROS, HASTA EL TECHO): 1.348 L- VELOCIDAD MÁXIMA: 220 KM/H- ACELERACIÓN 0 - 100 KM/H CON CONTROL DE LANZAMIENTO: 5,2 S- ACELERACIÓN 0 - 160 KM/H CON CONTROL DE LANZAMIENTO: 11,8 S- ACELERACIÓN 0 - 200 KM/H CON CONTROL DE LANZAMIENTO: 19,0 S- ACELERACIÓN (80-120 KM/H) (50-75 MPH) CON CONTROL DE LANZAMIENTO: 3,1 S",tienda,0,639.0,,0
1546,15113,Mercedes-Benz,Clase GLC,2025.0,glc300 4matic offroad,Plateado,Nafta,5.0,Automática,2.0,SUV,Sí,0.0,Mercedes-Benz Clase GLC 2.0 Glc300 4matic Offroad At,119900.0,US$,"Mercedes-Benz GLC 300 4MATIC – Elegancia, potencia y tecnología alemanaImpecable Mercedes-Benz GLC 300 4MATIC, ideal para quienes buscan un SUV de alta gama con el equilibrio perfecto entre diseño, confort y desempeño.Características destacadas:Motor: 2.0L Turbo, 258 CVTracción integral 4MATIC: seguridad y estabilidad en todo tipo de terrenoTransmisión: Automática 9G-TRONIC de 9 velocidadesAceleración: 0 a 100 km/h en solo 6,2 segundosInterior de lujo: tapizados en cuero, detalles en madera/aluminio, climatizador bizonaTecnología: sistema MBUX con pantalla táctil, control por voz, navegación GPS y conectividad completa (Apple CarPlay / Android Auto)Seguridad: múltiples airbags, asistente de frenado activo, control crucero adaptativo, cámara 360°, sensores de estacionamiento y asistencias inteligentes de manejoLlantas de aleación AMG, techo panorámico, portón trasero eléctrico y másEstado: Excelente, único dueño / mantenimientos al día en concesionario oficial.Una SUV premium lista para disfrutar con el máximo confort y respaldo de Mercedes-Benz.",concesionaria,0,,,0
1560,5381,BAIC,X55,2024.0,ii luxury,Blanco,Nafta,5.0,Automática,1.5,SUV,Sí,0.0,Baic X55 Ii Luxury Turbo - 2025 - Baic Ramos Mejia-,37900.0,US$,"PARA VER VIDEO DE LA UNIDAD LUEGO DE LA ÚLTIMA FOTO EN ESTE AVISO o BIEN SE LO ENVIAMOS.A NUESTROS CLIENTES Y POSIBLES CLIENTES NOTA:* NO compre Baic 0km en Agencias multimarcas o de otras marcas NO habilitadas.(evite dolores de cabeza con la Garantía).Solamente en CABA somos BAIC PALERMO. Único domicilio habilitado.Solamente en ZONA OESTE somos BAIC RAMOS MEJIA. Único domicilio habilitado.Solamente en ZONA NORTE somos BAIC VICENTE LOPEZ. Único domicilio habilitado.7 AÑOS DE GARANTÍA AVALAN LA CALIDAD DE LA MARCA.PRECIO LISTA: U$S 40.900.- (Dolar estadounidense)BONIFICACION: - U$S 2.000.-VALOR SOLO CONTADO : U$S 38.900.-NUEVA X55 IIPresentamos el SUV más DEPORTIVO Y PREMIUM del mercado.MOTOR 1.5 – TURBO – 185 HP DE POTENCIA.CAJA DE 7 MARCHAS CON DOBLE EMBRAGUE (Prestación deportiva)310 NM.ACELERACIÓN DE 0 A 100/KM: 7.8 SegVELOCIDAD MÁXIMA: 220 KM/HMEDIDAS: Longitud 4.63 m / Ancho 1.88 m / Alto 1.68 mDISEÑO FUTURISTA / DE ALTA GAMA / DEPORTIVA"" El SUV más deportivo y Premium del mercado""La relación precio/producto es imbatible.EQUIPAMIENTO DESTACADO:* Llantas 19"" color Gris oscuras* Cámara 360° para visión delantera/trasera y lateral* Sensores de Estacionamiento* Portón trasero eléctrico con apertura medida* Faros Full Led en todo el vehículo* Apertura de puertas con manijas tipo ""Pop out"" eléctricas* Techo Panorámico con apertura y pivoteo con sensor autónomo de lluvia (cierra solo)* Volante Multifunción deportivo en cuero* Control Velocidad crucero adaptativo* Tablero íntegramente digital con múltiples funciones y formatos* Pantalla Central Multimedia (en español) con múltiples formatos de adaptaciones del vehículo y programaciones.* Conectividad Total con Mirror Link (muestra el celular en pantalla)* Freno de mano electrónico* Manejo Autónomo en tráfico pesado (conduce solo)* Estacionamiento Autónomo (estaciona solo)* 8 Air-bags* Control de Tracción y Estabilidad* Asistencia de Frenado* Frenado autónomo de emergencia* Asistencia de desvío de carril* Aviso de Punto Ciegoy más..BAIC PALERMO / BAIC RAMOS MEJIA/ BAIC VICENTE LOPEZENTREGA INMEDIATA CON UNIDADES EN SALÓN.TEST DRIVE DISPONIBLE (CON TURNO).ENTREGAS A DOMICILIO.------------------------------------------------------------------------------TOMAMOS VEHÍCULOS EN PARTE DE PAGOFINANCIACIÓN CON DNI HASTA EL 50% DEL VALOR DE LA UNIDAD.------------------------------------------------------------------------------7 RAZONES POR LA QUE CONFIAR EN BAIC:1) BAIC es marca Premium en China y en 48 países del Mundo.2) BAIC se encuentra en todas las provincias de Argentina y en 9 países deAmérica.3) BAIC es la única Automotriz socia de Mercedes Benz en el Mundo.4) BAIC es la única Automotriz Premium que ofrece 7 años de Garantía.5) BAIC NO es un vehículo económico Chino.6) BAIC es para el público que busca vehículos SUV DIFERENTES.7) BAIC es Diseño, Calidad, Confort, Equipamiento....y Esa Extraña sensación deFIDELIDAD.-----------------------------------------------------------------------------------* BAIC PALERMO - CASA CENTRAL -AV. CÓRDOBA 6102 - C.A.B.A. -- SERVICIO POST VENTAECHEVERRIA 1050 - C.A.B.A. -* BAIC RAMOS MEJIA- ZONA OESTE -AV RIVADAVIA 14.882 - RAMOS MEJIA-SERVICIO POST VENTA* BAIC VICENTE LOPEZ - ZONA NORTE -AV. LIBERTADOR 550 - VICENTE LOPEZ -- SERVICIO POST VENTAECHEVERRÍA 1050 - C.A.B.A. -NRO 1 EN VENTASBRINDANDO SERIEDAD Y PROFESIONALISMO A LA MARCA.CON GRAN IMPRONTA EN LA PRESENTACIÓN DE SUS MODELOS.",tienda,1,185.0,,0
1593,8882,Suzuki,Jimny,2024.0,gl caja reductora,Blanco,Nafta,3.0,Manual,1.5,SUV,Sí,0.0,Suzuki Jimny 1.5 Gl Mt 4x4 Con Caja Reductora,37900.0,US$,"INCHCAPE ARGENTINAImportador Oficial de SUZUKI y SUBARU para la República Argentina.El valor esta expresado en dólares al tipo de cambio mayorista divisa del Banco de la Nación Argentina, y corresponde al precio bonificado contado efectivo.Garantía: 3 años o 100.000 kms.Flavio Cairo - Asesor Comercial",concesionaria,0,,4x4,0
1596,592,Jeep,Wrangler,2025.0,rubicon atx,Gris,Nafta,3.0,Automática,3.6,SUV,,0.0,Jeep Wrangler 3.6 Rubicon 284hp Atx,129000.0,US$,"GRUPO NAVE MOTORSFIAT - JEEP - CITROEN - PEUGEOT - RENAULTUSADOS SELECCIONADOSN°1 EN VENTAS, ATENCIÓN Y SERVICIO.ANTICIPO + CUOTAS FIJAS A TASA 0%.ENTREGA INMEDIATA.FINANCIACION EXCLUSIVA DE FIAT A TASA 0% FIJA Y EN PESOS.TOMAMOS USADOS EN PARTE DE PAGO.DEJANOS TU CONSULTA.ASESOR COMERCIAL LEANDRO RODRIGUEZ",tienda,0,284.0,,1
1607,6388,BAIC,X35,2025.0,luxury,Blanco,Nafta,5.0,Automática,1.5,SUV,Sí,0.0,BAIC X35 1.5T Luxury Cvt,28200.0,US$,"** Mb Autos S.A. Baic **** Nueva Baic X35 II Luxury 1.5T Cvt 145Cv. 0Km 2025 **Nuestras opciones de compra:* Contado.* Financiado (hasta 70% - cuotas fijas y en pesos).*Tomamos permutas al mejor valor del mercado.¡Entrega Inmediata!Nos distinguimos por:- Amplio stock y variedad de colores.- Servicio Post - Venta.- La mejor asesoría con personal altamente calificado.7 Años de Garantía o 100.000 Km."""" No pierda ésta oportunidad """"Precio Insuperable.¡Consulte o Visítenos!",tienda,1,145.0,,0
1616,2310,Honda,CR-V,2024.0,ex,Gris,Nafta,5.0,Automática,2.4,SUV,Sí,0.0,Honda Crv Ex Cvt 2wd 1.5 Turbo 190cv 5p 2024 0km,59875.0,US$,Honda NEW CR-V EX CVT 2WD 2024 0kmUnidades sujetas a disponibilidad de stock.HONDA ECKERConcesionario Oficial HondaMar del PlataATENCIÓN!• Precio expresado para OPERACIÓN DE CONTADO• Los gastos NO ESTÁN INCLUÍDOS• Tipo de cambio DÓLAR OFICIAL BANCO NACIÓN - USA - VENTA• Permutas sólo en Mar del Plata y zona. Consultar precio para operación con permuta• Las condiciones presentes en esta publicación pueden ser modificadas sin aviso prévio,concesionaria,1,190.0,,0
1624,7229,Audi,Q7,2025.0,55 s-line quattro,Gris,Mild Hybrid,5.0,Automática,3.0,SUV,Sí,0.0,Audi Q7 3.0 55 Tfsi S-line Quattro,153800.0,US$,"Somos Audi Buenos Aires Concesionaria OficialQ7 55 TFSI Quattro S line Gris Plata Satelite55 TFSI corresponde a un motor 3.0 TFSI de 340 cvOPCIONALES; AUDI PHONE BOX CARCASAS DE RETROVISORES EXTERIORES EN NEGRO LLANTAS DE 5 RADIOS DOBLES, GRIS GRAFITO, TORNEADO BRILLANTE 285/45 R20 PAQUETE DE óPTICA NEGROEquipamiento de serie;- Tercera fila de asientos- adaptive air suspension- Audi virtual cockpit plus- Techo corredizo panorámico- Bose Premium Sound System 3D- MMI Navegación plus con MMI touch response- Tracción quattro con diferencial central autoblocante- Paquete exterior deportivo S line con spoiler de techo- Luces Matrix LED con intermitentes dinámicos y lavafaros- Asientos tapizados en combinación Cuero / Cuero sintético- Climatizador automático de confort de 4 zonas con panel trasero- Llantas de aleación ligera de 5 radios en V con neumáticos 255/55 R19- Cámaras delantera, trasera y en cada lateral para monitoreo del entorno- Audi smartphone interface compatible con Android Auto y Apple CarPlay- Q7 V6 TFSI homologado como Híbrido de 48V (Mild Hybrid Electric Vehicle)- Audi pre sense front, Audi pre sense rear y aviso de salida involuntaria de carril- Llave confort (acceso y arranque) con desbloqueo del portón trasero por sensor- Asientos delanteros calefaccionados, eléctricos y con memoria para el conductor- Control de crucero adaptativo ACC con limitador, asistente de eficiencia, esquiva y giro- Aviso de cambio de carril con aviso de peligro al bajar y asistente para el tráfico transversal traseroPERMUTAMOSFINANCIAMOSSebastian Adorno",tienda,1,,,0
1633,1765,Hyundai,Creta,2025.0,safety+,Azul,Nafta,5.0,Automática,1.6,SUV,Sí,0.0,Hyundai Creta 1.6 At Safety+,34000.0,US$,"Somos Lorena Automotores S.AConcesionario Oficial Renault para la provincia de Formosa. Lider en la region en la venta de de 0 Km y usadosEstamos en Av. 9 de Julio, a metros de Av. Gonzalez Lelong--------------------------------El precio publicado NO incluye --- Costos de transferencia ------- Gastos de traslado -----------------------------------------0 KM SELECCIONADOS  >Servicio post-venta. >Financiación: Banco Formosa - Banco Santander -  >Entrega rápida sin intermediarios. >Permutas: te tasamos tu auto y te lo tomamos como parte de pago“Agendá una visita hoy”“Consultá por financiación personalizada”.Su consulta no nos molesta. Efectúe todas las preguntas necesariasWhatsapp publicado",concesionaria,0,,,0
1638,11808,BMW,X1,2025.0,18i okm 2025,Negro,Nafta,5.0,Automática,,SUV,,0.0,Bmw X1 18i Okm 2025 - No Audi Q3 Ni Mercedes Gla,65000.0,US$,"BMW X1 18i XDRIVE Okm 2025Entrega inmediata - Versión fullLINEA NUEVA 2025 - AutomáticaLa más esperada del añoLa versión full agrega doble techo + asiento eléctrico + Llanta deportivaColores disponibles: Blanca / negra / grisPrecio Lista / Permuta u$s 69.900 dólaresPrecio Contado Efectivo u$s 65.000 dólares• TOMA DE USADOS:Deberá mandarnos por whatsapp :Fotos - Km - Año - Versión - Estado de neumáticosEl usado puede ser de cualquier marcaLa toma del usado se hace sobre el precio de listaDesde el botón WHATSAPP se contacta inmediatamente.•Respondermos su consulta por whatsapp en el momento •Concesionario oficial BMWMisael Ferrer+ Aceptamos Transferencia en Pesos o Dólares ++ Cuentas bancarias en todos los bancos +• Bell Motors - Concesionario oficial BMW •Compre tranquilo, compre en concesionario oficial• ATENCIÓN PERSONALIZADA• DOCUMENTACIÓN AL DÍA Y LISTA PARA PATENTARContamos con Administración y GestoríaEspecificaciones del vehículo:Motor 3 cilindros / 140 hpTransmisión Caja de cambios automática de 7 velocidades con tecnología de embrague doble y aplicación más deportivaTracción 4x2Tanque de gasolina 51 litrosRendimiento Combinado: 6.0 LEquipamiento exteriorDoble techo eléctrico panorámicoLlantas de aleación ligera de 18 pulgadasNeumáticos de emergenciaPaquete de espejos retrovisores exteriores plegablesAccionamiento automático del portón traseroCámara para marcha atrásPaquete de retrovisores interior y exterioresSensores de estacionamiento delanteros y traserosAcceso confort: no necesita llave para abrir y cerrar las puertasEl portón trasero se abre pasando el píe por debajo del paragolpes.Estaciona completamente sólo paralelo o perpendicular.Asistente de luz de carreteraEquipamiento interiorCargador inalámbrico para el celularVolante multifuncionalAlfombrillas de veloursRetrovisor interior, con ajuste automático anti-deslumbramientoReposabrazos delanteroAsientos deportivos para conductor eléctrico con memoriaPaquete de compartimentosClimatizador automático bi zonaPaquete de iluminación exterior e interiorVolante deportivo de cueroTapizado de cuero microperforadoComunicación y entretenimientoApple CarPlay y Android auto incluidos de fábricaAppsSeguridadTornillos antirrobo para las llantasDispositivo de alarmaIluminación y visibilidadFaros LED con contenido ampliado adaptativoAsistencia a la conducciónCaja de cambios Steptronic Sport con doble embragueControl de crucero con función de frenadoPantalla táctil curva de de 11 pulgadas",concesionaria,1,,,0
1647,17317,BAIC,X35,2024.0,luxury,Rojo,Nafta,5.0,Automática,1.5,SUV,,0.0,BAIC X35 1.5T Luxury Cvt,33000.0,US$,Beijing X35 Luxury Motor 1.5 Turbo naftaCaja CVTAño 2024Sin rodarTomamos permutas Financiamos hasta 48 cuotas BROCARS Automotores,concesionaria,1,,,0
1673,2570,Alfa Romeo,Stelvio,2022.0,q4 super,Negro,Nafta,5.0,Automática,2.0,SUV,,0.0,Alfa Romeo Stelvio 2.0 280cv At Q4 Super,74000.0,US$,"Alfa Romeo Stelvio Super 2.0T 280cv Q4 - Edición limitada Precio oferta de contado efectivo: 74.000 USD. Fletes y formularios incluidos Precio de lista con toma de permuta 78.000 USDUnidad 0 KM - Sin patentar y sin rodar5 años de garantia oficial o 100.000 KM desde la facturaciónEntrega inmediataAño fabricación 2021, con posibilidad de quedar 2022 segun el registro con una nota del importador.Hace tu consulta EQUIPAMIENTO:Cuero Rosso MilanoCámara marcha atrás.Sensores de estacionamiento delanteros y traserosControl de ángulo muerto en espejosAsistente de cambio de luces automáticoSensor crepuscular y faros regulablesSistema Start & Stop EVOTecho solarLlantas 18”Volante de cuero y calefaccionadoPantalla de 8,8” 3DApertura de baúl sin manosPedalera de aluminio / detalles interiores de aluminioClimatizador con filtro de aireParabrisas con protección de rayos infrarrojosSalidas de aire en asientos traserosGuantera refrigeradaPuertos USB delantero y traseroEntrada sin llaveParasol conductor con espejoPortaobjetos para el conductorManijas de puertas exteriores iluminadasIluminación ambientalSonido envolventeButacas delanteras eléctricas de 6 ajustes con memoria y regulación lumbar de 4 ajustesLimpia lavafarosLuces Bi-Xenón",concesionaria,0,280.0,,0
1746,8108,Honda,HR-V,2024.0,exl,Gris,Nafta,5.0,Automática secuencial,1.5,SUV,Sí,0.0,Honda Hrv,38000.0,US$,Honda Hrv Exl -Disponibilidad de colores-Stock Fisico para entrega inmediata-Mejor precio del mercado-Tomamos tu usado-Financiación en 12 cuotas sin interes-Test DriveFederico Minaglia - Honda Capitol Motors,concesionaria,0,,,0
1831,4676,Audi,Q7,2024.0,tiptronic quattro,Plateado,Nafta,5.0,Automática,3.0,SUV,Sí,0.0,Audi Q7 3.0 Tfsi 333cv Tiptronic Quattro,174500.0,US$,"Audi Q7 55 TFSI QuattroMild Hybrid0km 2024Unidades fisicas en stock tocables, con certificado para patentar.Podes retirar en cualquiera de nuestras sucursales-Quilmes-La PlataO te enviamos tu auto a tu domicilio.Tomamos permutas al mejor precioMejoramos cualquier presupuestoEquipamiento opcional agregadoAudi phone boxRevestimiento de techo en tela negroSistema de Apoyo para Audi phone boxPaquete de luces ambiente plusEquipamiento destacado de serie-Tercera fila de asientos-Adaptive air suspensión-Audi Virtual cockpit plus-Techo corredizo panorámico-Bose premium sound system 3d-MMI navegación plus con MMI touch response-Tracción quattro con diferencial central autoblocante-Paquete exterior deportivo sline con spoiler de techo-Luces Matric LED con intermitentes dinámicos y lavafaros-Asientos tapizado en conbinacion cuero/cuero sintetico-limatizador automático de confort de 4 zonas con panel trasero-Llantas de aleación ligera de 5 radios en V con neumáticos 255/55 R19-Camaras delantera, trasera y en cada lateral para monitorio de entorno-Audi Smartphone interface compatible con Android Auto y Apple Carplay-Q7 V6 TFSI homologado con híbrido de 48V ( Mild Hybrid Electric Vehicle )-Audi pre sense front, Audi pre sense rear y aviso de salida involuntaria de carril-Llave confort ( acceso y arranque ) con desbloqueo del portón trasero con sensor-Asientos delanteros calefaccionados, Eléctricos y con memoria para el conductor-Control crucero adaptativo ACC con limitador, asistente de eficiencia, esquiva y giro-Aviso de cambio de carril con aviso de peligro al bajar y asistente para el trafico transversal trasero",tienda,1,333.0,,0
1882,14333,Audi,Q3,2024.0,35tfsi,Gris,Nafta,5.0,Automática,1.4,SUV,Sí,0.0,Audi Q3 1.4 35tfsi 150 Cv,61000.0,US$,"Audi Q3 35 TFSI35 TFSI corresponde a motor 1.4 TFSI de 150cv- Audi drive select- Audi soundsystem- Techo corredizo panorámico- Asientos tapizados en Leatherette- Confort Key(acceso y arranque sin llave)- Climatizador automático confort de 2 zonas Llantas 18”- Portón del maletero de apertura y cierre eléctricos- Control de velocidad crucero con limitador de velocidad- Cuadro de instrumentos Digital ClusterDisplayde 10,2”- Audi smartphone interface compatible con Android Auto y Apple CarPlay- Llantas de aluminio fundido de 5 brazos dobles con neumáticos 235/55 R18- Asientos traseros con reglaje horizontal, reposabrazos central y porta bebidas- Volante de cuero en diseño de 3 radios con multifunción plus y levas de cambio- Sensores de estacionamiento delanteros y traseros con cámara de marcha atrás- Pantalla central color de 8,8” con tecnología touch y sistema de diálogo por vozUnidades fisicas en stock tocables, con certificado para patentar.Podes retirar en cualquiera de nuestras sucursales-Quilmes-La PlataO te enviamos tu auto a tu domicilio.Tomamos permutas al mejor precioMejoramos cualquier presupuesto",tienda,1,150.0,,0
1902,3465,BMW,X4,2025.0,30 i xdrive m sport,Negro,Nafta,5.0,Automática,,SUV,Sí,0.0,BMW X4 30 I XDRIVE M SPORT,106900.0,US$,AUTO MUNICH,concesionaria,1,,,0
1932,2337,BAIC,X55,2025.0,t plus,NEGRA,Nafta,5.0,Automática,1.5,SUV,Sí,0.0,Baic X 55 1.5 T Plus 7dct,45360.0,US$,"¿CÓMO SABER QUÉ PRODUCTOS HAY EN STOCK?Tenemos stock de todos nuestros productos publicados ¡Comprá con tranquilidad!SUCURSALESAutoFeria Mendoza-Lunes a viernes de 9:00 a 19:00hs. Sábados de 9:00 a 13:00hs.AutoFeria San Rafael-Lunes a viernes de 8:30 a 12:30hs y 16:30 a 20:30hs. Sábados de 9:00 a 13:00hs.AutoFeria San Luis-Lunes a viernes de 9:00 a 18:00hs. Sábados de 9:00 a 13:00hs. FACTURACIÓNFacturas A y B.¿QUIENES SOMOS?Somos GRUPO LORENZO, Un grupo oriundo de San Rafael, Mendoza con presencia en todo Cuyo.Somos FIAT LORENZO Concesionario oficial Fiat.Somos JC LORENZO Concesionario oficial Ford.Somos LORWEST Concesionario oficial Jeep.Somos AUTOFERIA Concesionario oficial BAIC, Shineray, JMC y DFM.Además contamos con stock propio de usados con garantía de Grupo Lorenzo• Entrega inmediata• El mejor Servicio Posventa• Mejor precio de contado.• Ventas a todo el país de manera sencilla.• Consultar precio financiado o con toma de usado.• No incluye gastos.",concesionaria,1,,,0
1966,15330,Honda,HR-V,2024.0,exl,Negro,Nafta,5.0,Automática secuencial,1.5,SUV,Sí,0.0,Honda Hr-v Exl Cvt 1.5 2025 0km 5p Full Nuevo Color Negro,39925.0,US$,Honda NEW HR-V EXL CVT 2025 0km - Versión FULLNUEVO COLOR EXCLUSIVO NEGRO - Crystal Black PearlPrecio para operación al contado. Consulta precio con financiación TASA 0%.HONDA ECKERConcesionario Oficial HondaMar del PlataATENCIÓN!• Precio expresado para OPERACIÓN DE CONTADO• Los gastos NO ESTÁN INCLUÍDOS• Tipo de cambio DÓLAR OFICIAL BANCO NACIÓN - USA - VENTA• Permutas sólo en Mar del Plata y zona. Consultar precio para operación con permuta• Las condiciones presentes en esta publicación pueden ser modificadas sin aviso prévioNI,concesionaria,0,121.0,,0
1991,1701,BAIC,X55,2025.0,plus,Negro,Nafta,5.0,Automática,,SUV,Sí,0.0,Baic X55 Plus,44900.0,US$,BAIC X55 PLUSENTREGA INMEDIATALA SUV SEGMENTO C MAS EQUIPADA DEL MERCADO,concesionaria,1,,,0
1994,8698,Fiat,Pulse,2025.0,gse abarth,Rojo,Nafta,5.0,Automática,1.3,SUV,,0.0,Fiat Pulse 1.3 Gse Abarth Turbo 270 At,9300.0,US$,FINANCIACION A TASA 0% SIN INTERES CUOTAS DE $400.000SE ARMA COMPLETAMENTE PERSONALIZADA EN BASE A LO QUE DESEES INVERTIR EN TU COMPRA TOMAMOS TU USADO LLAVE X LLAVE GESTIONES ONLINE Y DE FORMA PRESENCIAL CONSULTA CONTESTO AL INSTANTE,concesionaria,1,,,0
2002,13439,BAIC,X35,2023.0,luxury,Azul,Nafta,5.0,Automática,1.5,SUV,Sí,0.0,BAIC X35 1.5 Luxury At,27500.0,US$,"PARA VER VIDEO DE LA UNIDAD LUEGO DE LA ÚLTIMA FOTO EN ESTE AVISO o BIEN SE LO ENVIAMOS.A NUESTROS CLIENTES Y POSIBLES CLIENTES NOTA:* NO compre Baic 0km en Agencias multimarcas o de otras marcas NO habilitadas.(evite dolores de cabeza con la Garantía).Solamente en CABA somos BAIC PALERMO. Único domicilio habilitado.Solamente en ZONA OESTE somos BAIC RAMOS MEJIA. Único domicilio habilitado.Solamente en ZONA NORTE somos BAIC VICENTE LOPEZ. Único domicilio habilitado.7 AÑOS DE GARANTÍA AVALAN LA CALIDAD DE LA MARCA.PRECIO LISTA: U$S 29.500BONIFICACIÓN U$S 2.000CONTADO: U$S 27.500NEW X35 LUXURY TURBO CVTPresentamos el SUV más potente del mercado.MOTOR 1.5 – 16v – TURBO – 148 HP DE POTENCIA.CAJA AUTOMÁTICA SECUENCIAL DE 6 MARCHAS.210 NM.ACELERACIÓN DE 0 A 100/KM: 8.9 SegMEDIDAS: Longitud 4.32 m / Ancho 1.83 m / Alto 1.64 mEQUIPAMIENTO:• Llantas 17” Diamantadas Bi Tono.• Cámara de retroceso.• Sensores de estacionamiento.• Espejos con guiños.• Faros Led completos delanteros y traseros.• Techo Panorámico con apertura eléctrica (único en nuestro mercado en su segmento).• Volante en cuero Multifunción.• Control Velocidad Crucero.• Butacas deportivas Cuero/Tela.• Encendido a Botón con llave de presencia.• Pantalla Multimedia con conectividad.• Freno de mano electrónico.• Climatizador Digital.• Paneles de puerta y tablero en cuero y aluminio.• Frenos ABS + EBD• Control de Tracción.• Control de estabilidad.• Control de Pendientes.• Control presión de neumáticos.• Volumen de Carga 390 Dm3.BAIC PALERMO / BAIC RAMOS MEJIA / BAIC VICENTE LOPEZ--------------------------------------------PLAN FINANCIACIÓN EXCLUSIVO “BAIC PALERMO”ENTREGA INMEDIATA CON UNIDADES EN SALÓN.--------------------------------------------------------------------------------BAIC PALERMO OFRECE EL STOCK MÁS IMPORTANTE DEL PAÍS.UNIDADES PARA ENTREGA INMEDIATA.TEST DRIVE DISPONIBLE (CON TURNO).ENTREGAS A DOMICILIO.------------------------------------------------------------------------------TOMAMOS VEHÍCULOS EN PARTE DE PAGOTASAMOS VÍA WHATSAPP PARA SU MEJOR COMODIDAD SI VIVE EN EL INTERIOR.FINANCIACIÓN CON DNI HASTA EL 50% DEL VALOR DE LA UNIDAD.------------------------------------------------------------------------------7 RAZONES POR LA QUE CONFIAR EN BAIC:1) BAIC es marca Premium en China y en 48 países del Mundo.2) BAIC se encuentra en todas las provincias de Argentina y en 9 países deAmérica.3) BAIC es la única Automotriz socia de Mercedes Benz en el Mundo.4) BAIC es la única Automotriz Premium que ofrece 7 años de Garantía.5) BAIC NO es un vehículo económico Chino.6) BAIC es para el público que busca vehículos SUV DIFERENTES.7) BAIC es Diseño, Calidad, Confort, Equipamiento....y Esa Extraña sensación deFIDELIDAD.-----------------------------------------------------------------------------------* BAIC PALERMO - CASA CENTRAL -AV. CÓRDOBA 6102 - C.A.B.A. -- SERVICIO POST VENTAECHEVERRIA 1050 - C.A.B.A. -* BAIC RAMOS MEJIA - ZONA OESTE -AV RIVADAVIA 14.883 - RAMOS MEJIA -SERVICIO POST VENTAECHEVERRÍA 1050 - C.A.B.A. -* BAIC VICENTE LOPEZ - ZONA NORTE -AV. LIBERTADOR 550 - VICENTE LOPEZ -- SERVICIO POST VENTAECHEVERRÍA 1050 - C.A.B.A. -NRO 1 EN VENTASBRINDANDO SERIEDAD Y PROFESIONALISMO A LA MARCA.CON GRAN IMPRONTA EN LA PRESENTACIÓN DE SUS MODELOS.",tienda,0,148.0,,0
2012,10982,Jeep,Wrangler,2025.0,unlimited rubicon,Blanco,Nafta,5.0,Automática,3.6,SUV,,0.0,Jeep Wrangler 3.6 Unlimited Rubicon 4X4 At8,120000.0,US$,"UN EXTERIOR IMPONENTECon las extensiones de guardabarros, la rediseñada parrilla con siete ranuras, las puertas y el techo desmontables, el Wrangler ofrece desempeño con elegancia lo que lo hace divertido de manejar. Con una apariencia exclusiva y con la posibilidad de seleccionar la opción de techo que más te guste.ESTILO RESISTENTE Y DETALLES REFINADOSEn el Wrangler podrás disfrutar de un amplio espacio de almacenamiento, ergonomía bien diseñada y protección contra ruido, vibraciones y estridencias. También obtendrás características de conveniencia y comodidad que incluyen: asientos delanteros eléctricos con calefacción, tapizados en cuero y espejo retrovisor con atenuación automática disponible con luces LED integradas para mapas.Sistema de tracción Wrangler incorpora una caja de transferencia de dos velocidades con tracción integral permanente según versión. Rubicon: 4:1 Rock-Trac HD Full Time 4WD System Sistema de sonido El sistema de sonido premium para todo clima Alpine® de nueve altavoces disponible incluye cuatro altavoces de 6.5 pulgadas, cuatro tweeters y un subwoofer para ritmos de bajos profundos. SEGURIDADEl Wrangler cuenta con una amplia variedad de características de seguridad estándar que incluyen airbags delanteros de múltiples etapas avanzadas, y ADAS (Ayudas a la Conducción) como frenado de emergencia y control crucero adaptativo.",concesionaria,0,,4x4,0
2014,3386,BMW,X1,2025.0,18i sdrive xline,,Nafta,5.0,Manual,2.0,SUV,,0.0,BMW X1 X1 18i Sdrive xLine,62900.0,US$,El vendedor no incluyó una descripción del producto,concesionaria,0,,,0
2050,17354,Audi,Q2,2024.0,40 stronic sport quattro,Negro,Nafta,5.0,Automática,2.0,SUV,,0.0,Audi Q2 2.0 40 Tfsi Stronic Sport Quattro,53500.0,US$,"Audi Q2 40 TFSI40 TFSI corresponde a un motor 2.0 de 190 cvUnidades fisicas en stock tocables, con certificado para patentar.Podes retirar en cualquiera de nuestras sucursales-Quilmes-La PlataO te enviamos tu auto a tu domicilio.Tomamos permutas al mejor precioMejoramos cualquier presupuestoEquipamiento opcional incluidoPorton del maletero de apertura y cierre lectricosAudi phone boxAntenna amplifierEquipamiento de serie- Climatizador automático confort- Drive Select- Control de velocidad crucero con limitador de velocidad- Techo corredizo panorámico- Audi Virtual Cockpit- Keyless entry- Audi smartphone interface compatible con Android Auto y Apple CarPlay- Llantas de aleación en diseño dinámico 5 brazos, Gris Grafito, R18- Respaldo del asiento trasero abatible 60/40- Volante de cuero en diseño de 3 radios con multifunción plus y levas de cambio- Sensores de estacionamiento delanteros y traseros con cámara de marcha atrás- Luces delanteras y traseras en tecnología LED- Audi Sound System- Rueda de repuesto de espacio reducido- 2 puertos USB delanteros- Navegador incorporado- Asientos tapizados en leatherette- Airbag para conductor y acompañante frontales y laterales, y sistema de airbags para la cabeza- Asiento del acompañante ajustable en altura.",tienda,1,,,0
2069,8704,Ford,Territory,2025.0,titanium,,Nafta,5.0,Automática,1.8,SUV,,0.0,Ford Territory 1.8T Titanium,46000.0,US$,"Autos Pilar Premium te ofrece un amplio stock de más de 250 vehículos, incluyendo autos, pick-ups, SUV, motos y embarcaciones. Contamos con unidades premium en óptimas condiciones, con garantía de 3 meses, ampliable hasta 12 meses.Aceptamos múltiples formas de pago: propiedades, lotes, criptomonedas, transferencias bancarias, cheques y permutas, además de planes de financiación propios y bancarios. Nuestro objetivo es brindarte una experiencia de compra premium, respaldada por nuestra amplia oferta y flexibilidad en las transacciones.Ahora, con AP SHARE, llevamos la exclusividad a otro nivel: Accedé a vehículos de alta gama sin necesidad de compromiso con una sola unidad. Cambiá de modelo según el plan contratado, disfrutando siempre de distintos modelos con total previsibilidad. Olvidate de costos de transferencia y patentamiento. Disfrutá de un concepto innovador en Argentina, reservado para un grupo selecto. Manejá siempre algo nuevo, sin caer en la rutina.Somos Autos Pilar, somos Premium. ¡Conocenos!",concesionaria,1,,,0
2105,16792,Jeep,Compass,2025.0,t270 serie-s,Negro,Nafta,5.0,Automática,1.3,SUV,,0.0,Jeep Compass 1.3 T270 Serie-S 4X2 At6,45000.0,US$,"El Jeep Compass 2025 Serie S es un SUV mediano con un diseño refinado y tecnología avanzada. Está equipado con un motor 1.3 turbo-nafta T270, que entrega 175 CV y 270 Nm de torque, acoplado a una transmisión automática de seis velocidades2. Su tracción es delantera (4x2), y cuenta con mejoras en seguridad, incluyendo control crucero adaptativo, alerta de tránsito cruzado y detector de punto ciego. Además, incorpora un diseño actualizado con una parrilla rediseñada y nuevas llantas",concesionaria,1,175.0,4x2,0
2128,479,Audi,Q2,2021.0,35 sport,Gris,Nafta,5.0,Automática,1.4,SUV,,0.0,Audi Q2 1.4 35 Tfsi Sport 150 Cv,51500.0,US$,"Diseño dinámico,diversión excepcional.Audi Q2.",tienda,1,150.0,,0
2167,6907,Fiat,Pulse,2025.0,gse drive,Gris,Nafta,5.0,Manual,1.3,SUV,,0.0,Fiat Pulse 1.3 Gse Drive Mt,9200.0,US$,Valor publicado ejemplo de anticipo.Tenemos entrega inmediata.Tomamos tu usado con la mejor tasación.Financia en cuotas y a Tasa 0%.Mejor precio para contado.Somos Concesionaria Oficial.Estamos en Balvanera.,concesionaria,0,,,1
2171,12777,Audi,Q3 Sportback,2024.0,35tfsi sportback,Plateado,Nafta,5.0,Automática,1.4,SUV,,0.0,Audi Q3 Sportback 1.4 35tfsi Sportback 150 Cv,61800.0,US$,"Audi Q3 Sportback 35 TFSI35 TFSI corresponde a motor 1.4 TFSI de 150CV-  Audi drive select-  Audi soundsystem-  Techo corredizo panorámico-  Asientos tapizados en Leatherette-  Confort Key(acceso y arranque sin llave)-  Climatizador automático confort de 2 zonas	-  Portón del maletero de apertura y cierre eléctricos-  Control de velocidad crucero con limitador de velocidad-  Cuadro de instrumentos Digital ClusterDisplayde 10,2”-  Audi smartphoneinterface compatible con Android Auto y Apple CarPlay-  Llantas de aluminio fundido de 5 brazos dobles con neumáticos 235/55 R18-  Asientos traseros con reglaje horizontal, reposabrazos central y porta bebidas-  Volante de cuero en diseño de 3 radios con multifunción plus y levas de cambio-  Sensores de estacionamiento delanteros y traseros con cámara de marcha atrás-  Pantalla central color de 8,8” con tecnología touch y sistema de diálogo por voz-  Luces diurnas, bajas y altas en tecnología LED; luces de giro y traseras incandescentes-  Retrovisores exteriores con ajuste eléctrico y térmicos, espejo interior antideslumbrante.Concesionario Número #1 de la Argentina-- Tomamos todos los usados al mejor precio.-- Mejoramos cualquier oferta.Audi Buenos AiresAv. Rivadavia 4751, CABAAv. Juan B. Alberdi 53, CABA-- Esperamos tu consulta!El precio publicado no incluye gastos de flete, ni formularios ni gastos administrativos.Foto no contractual. Corresponde al modelo del titulo de la descripción. Equipamiento según versión. Precio puede variar sin previo aviso.",tienda,1,150.0,,0
2196,13651,Peugeot,2008,2025.0,gt,Blanco,Nafta,5.0,Automática,1.0,SUV,Sí,0.0,Peugeot 2008 1.0T Gt,33500.0,US$,"PEUGEOT 2008 GT 1.0 T200 ,white nacar, tope de gama. en garantia, 0km, solo gasto de transferencia, entrega en el acto, unidad a la vista ,sin autoplanes, sin sorpresas.",concesionaria,1,,,0
2232,2753,Peugeot,2008,2024.0,gt,Blanco,Nafta,5.0,Automática,1.0,SUV,,0.0,Peugeot 2008 1.0T Gt,37000.0,US$,"Hascar Premium CarsUnidad física patentada. 400kmEntrega inmediataHascar cuenta con más de 12 años de experiencia en el mercado.Compramos, vendemos y consignamos vehículos de alta gama en excelente estado.Nos podes encontrar en nuestras dos sucursales:Hascar MaderoHascar OlivosSeguí nuestro Instagram y entérate de las últimas novedades",tienda,1,,,0
2234,13469,Hyundai,Creta,2025.0,safety+,Beige,Nafta,5.0,Automática,1.6,SUV,,0.0,Hyundai Creta 1.6 At Safety+,35000.0,US$,NOS LLEGO LA NEW CRETA NUEVA LINEA A INTERNATIONAL MOTORS!!Acércate para conocer mas a fondo todos los nuevos detalles que trae este nuevo lanzamiento!$35.000 USDContamos con parqueo para clientes!Variedad de bonificaciones por la compra de tu New creta! Julián Álvarez 1810Agenda tu citaPriscela Montalván 1133302908,tienda,0,,,0
2279,6863,Audi,Q5,2025.0,stronic quattro security,Gris,Nafta,5.0,Automática,2.0,SUV,,0.0,Audi Q5 2.0 Tfsi Stronic Quattro Security 252cv,82800.0,US$,"AUDI Q5 45 TFSI ADVANCED S TRONIC QUATTRO 245cv TECNOLOGIA MILD HIBRYD- Audi drive select- Audi virtual cockpit plus- Audi smartphone interface- Control de velocidad crucero- Luces delanteras y traseras LED- Tracción en las cuatro ruedas: Quattro- Nueva motorización naftera con hibridación ligera (MHEV)- Pantalla central con tecnología touch y MMI Navegación plus- Retrovisores exteriores abatibles, térmicos y antideslumbrantes- Llantas diseño turbina de 5 brazos con neumáticos 235/60 R18- Sensores de estacionamiento delanteros y traseros con cámara de retroceso- Acceso y arranque sin llave con apertura y cierre eléctricos del portón trasero- Asientos delanteros eléctricos tapizados en combinación cuero/cuero sintético.Concesionario Número #1 de la ArgentinaTOMAMOS USADOS DE CUALQUIER MARCA EN PARTE DE PAGOAudi Buenos AiresAv. Rivadavia 4751, CABAEl precio publicado NO incluye gastos de Flete, ni Formularios ni gastos administrativos.Foto no contractual. Corresponde al modelo del titulo de la descripción. Equipamiento según versión. Precio puede variar sin previo aviso.El precio publicado corresponde a un pago de contado.",tienda,1,252.0,,0
2289,11953,Hyundai,Tucson,2025.0,safety,Plateado,Nafta,5.0,Automática,2.0,SUV,,0.0,Hyundai Tucson 2.0 Safety 2Wd At,48000.0,US$,"¡Comprá tu camioneta en AUTOMOVILES RAMA y financiala con un Súper Préstamo Prendario de SANTANDER!Podés financiar hasta el 95% del valor de tu 0km y elegir pagarlo a TASA FIJA o TASA UVA. ¡Obtené respuesta inmediata y llevate tu camioneta de manera fácil, rápida y segura!Consultanos para más información y armá el plan de financiación que mejor se ajuste a vos. ¡No te pierdas esta oportunidad!RESERVE SU UNIDADSTOCK LIMITADO-----NEW TUCSON SAFETY 2.0 AT 2WD 2025-----SEGURIDAD:• Control de crucero inteligente con stop & go - SCC• Asistente de mantenimiento de carril – LKA (con centrado de carril LFA)• Asistente de colisión frontal – FCA (con función giro a la izquierda – FCA-JX)• Luces delanteras LED• Airbags conductor, acompañante, laterales delanteros y de cortina• Programa electrónico de estabilidad (ESP)• Down hill (DBC) and Hill start assist control (HAC)• Anclajes para asientos de bebé (ISOFIX con top tether)• Alerta de ocupantes en plazas traseras - ROA• Detector de fatiga• Luces diurnas (DRL) de LED, con diseño paramétrico oculto• Sensores de estacionamiento delanteros y traseros• Cámara de visión trasera y de retroceso• Cinturones de seguridad delanteros regulables en altura con aviso de cinturón no colocado• Cinturones de seguridad de tres puntos en las 5 plazas• Sensor de lluvia• Alerta de hielo en el camino• Sistema de auto-desempañado• Sistema de monitoreo de presión de neumáticos (TPMS)CONVENIENCIA / EXTERIOR / CONFORT• Tablero de instrumentos digital de 12,3 pulgadas con diseño personalizable• Pantalla multimedia integrada touch de 12,3” + Android Auto/Apple CarPlay• Sistema de Audio AM/FM USB / AUX, Bluetooth, multiconexión y controles en el volante• Reconocimiento dactilar para encendido de motor y multimedia• Cargador inalámbrico de celular• Arranque a distancia• Techo solar panorámico de apertura eléctrica con black-out deslizable eléctrico• Acondicionador de aire bi zona automático con salidas en la zona trasera y función Multi Air• Personalización de perfil de conductor (con función invitado)• Freno de estacionamiento eléctrico con Auto-hold• Doble puerto USB en plazas traseras• Acceso sin llave (Smart Key) con botón de arranque• Asiento conductor regulable eléctricamente• Asiento conductor con ajuste lumbar eléctrico• Volante tapizado en cuero• Rodado aleación R17 (Auxilio igual medida)• Asientos de 2da. Fila reclinables y plegables remotamente 60/40• Rieles portaequipaje• Espejos plegables eléctricamente y calefaccionados con repetidor de luz de viraje• Espejo retrovisor interno electrocrómico (anti encandilamiento)• Columna de dirección con ajuste de altura y profundidad• Apoyacabezas regulables en altura en todas las plazas.• Cortina cubre equipaje con dos anclajes según reclinación de asiento trasero• Línea exterior de techo cromada• Anclajes (6) y puerto 12V en baúl• Modos de conducción seleccionables (normal, sport, eco, smart)• Levanta vidrios eléctricos del. (auto up/down) y traseros• Inmovilizador y Battery saverAUTOMOVILES RAMA S.A.-Concesionario Oficial-Con más de 55 años en el mercado automotor.",tienda,0,,4x2,0
2315,15346,Kia,Sportage,2024.0,ex x-line t-gdi,Gris,Nafta,5.0,Automática,1.6,SUV,,0.0,Kia Sportage 1.6 Ex X-Line T-Gdi Awd,57000.0,US$,"KIA - Exclusivos. (Somos concesionario oficial KIA)Unidad con entrega inmediata El mejor precio de contadoTomamos tu usado5 años o 100.000 km de garantía Mejoramos cualquier cotización oficial del mercado No dudes en consultarnosEl vehículo esta sin rodar, es un 0kmEl número es de contado",concesionaria,0,,4x4,0
2328,12240,BMW,X1,2025.0,18i sdrive xline,SKYSCRAPER GRAU METALLIC,Nafta,5.0,Automática,,SUV,Sí,0.0,BMW X1 18I SDRIVE XLINE,62900.0,US$,El vendedor no incluyó una descripción del producto,concesionaria,1,,,0
2371,17239,Hyundai,Tucson,2025.0,ultimate 4wf,Gris,Nafta,5.0,Automática,1.6,SUV,Sí,0.0,New Tucson Ultimate 1.6 Turbo Dct 4wd,58000.0,US$,"Nueva Tucson 1.6 T-GDI 4WD – El SUV que redefine el confort.Hay un momento en el que dejás de buscar un auto… y empezás a elegir un estilo de vida. Si estás buscando un SUV con verdadero valor agregado, la nueva Tucson 2025 te lo da todo.La Tucson 2025 no es solo un SUV. Es tecnología, seguridad y diseño pensados para vos.- Motor turbo de 180CV y tracción 4WD inteligente- Caja automática de doble embrague con 7 velocidades- Tablero y pantalla multimedia integrados de 12,3""- Reconocimiento dactilar, arranque remoto y cargador inalámbrico- Asientos eléctricos, calefaccionados y ventilados- Techo panorámico, portón eléctrico y modos de conducción- Equipamiento de seguridad ADAS con asistencia de carril, control crucero adaptativo y detector de fatiga- Luces LED paramétricas ocultas y diseño vanguardistaDiseñada para quienes no se conforman con llegar. Quieren disfrutar el camino.Consultanos.",concesionaria,1,180.0,,0
2381,12498,Toyota,Corolla Cross,2024.0,seg,Blanco,Nafta,5.0,Automática,2.0,SUV,,0.0,Toyota Corolla Cross 2.0 Seg Cvt,37500.0,US$,"LF AUTOSToyota Corolla Cross SEG 2024 // 0 kmPATENTADA SIN RODAR.PRECIO DE CONTADO.DOCUMENTACIÓN AL DÍA LISTA PARA TRANSFERIR.ACEPTAMOS PERMUTAS MENOR Y MAYOR VALOR.FINANCIACIÓN PRENDARIA.HORARIOS :Lunes a viernes de 9h a 13h y 14.30h a 19h, Sabados de 9 a 13 hs.SUCURSAL 1: LOS PARAISOS 1767 VILLA ADELINA, SAN ISIDRO.SUCURSAL 2: AVENIDA DE MAYO 32 VILLA ADELINA, SAN ISIDRO.COORDINAR POR TELEFONO ANTES DE ASISTIR.",concesionaria,0,,,0
2387,7932,BMW,X1,2025.0,18i okm 2025,Blanco,Nafta,5.0,Automática,,SUV,,0.0,Bmw X1 18i Okm 2025 - No Audi Q3 Ni Mercedes Gla,65000.0,US$,"BMW X1 18i Xline Okm 2025( Somos concesionario oficial BMW )Versión full - LINEA NUEVA 20254x2 - 140 cv TurboLa más esperada del añoTablero curvoLa versión full agrega doble techo + asiento eléctrico + Llanta deportivaColores disponibles: Blanca / negra / azulPrecio Lista / Permuta u$s 69.900 dólaresPrecio Contado Efectivo u$s 65.000 dólares• TOMA DE USADOS:Deberá mandarnos por whatsapp :Fotos - Km - Año - Versión - Estado de neumáticosEl usado puede ser de cualquier marcaLa toma del usado se hace sobre el precio de listaDesde el botón WHATSAPP se contacta inmediatamente.•Respondermos su consulta por whatsapp en el momento •Concesionario oficial BMWMisael Ferrer+ Aceptamos Transferencia en Pesos o Dólares ++ Cuentas bancarias en todos los bancos +• Bell Motors - Concesionario oficial BMW •Compre tranquilo, compre en concesionario oficial• ATENCIÓN PERSONALIZADA• DOCUMENTACIÓN AL DÍA Y LISTA PARA PATENTARContamos con Administración y GestoríaEspecificaciones del vehículo:Motor 3 cilindros / 140 hpTransmisión Caja de cambios automática de 7 velocidades con tecnología de embrague doble y aplicación más deportivaTracción 4x2Tanque de gasolina 51 litrosRendimiento Combinado: 6.0 LEquipamiento exteriorDoble techo eléctrico panorámicoLlantas de aleación ligera de 18 pulgadasNeumáticos de emergenciaPaquete de espejos retrovisores exteriores plegablesAccionamiento automático del portón traseroCámara para marcha atrásPaquete de retrovisores interior y exterioresSensores de estacionamiento delanteros y traserosAcceso confort: no necesita llave para abrir y cerrar las puertasEl portón trasero se abre pasando el píe por debajo del paragolpes.Estaciona completamente sólo paralelo o perpendicular.Asistente de luz de carreteraEquipamiento interiorCargador inalámbrico para el celularVolante multifuncionalAlfombrillas de veloursRetrovisor interior, con ajuste automático anti-deslumbramientoReposabrazos delanteroAsientos deportivos para conductor eléctrico con memoriaPaquete de compartimentosClimatizador automático bi zonaPaquete de iluminación exterior e interiorVolante deportivo de cueroTapizado de cuero microperforadoComunicación y entretenimientoApple CarPlay y Android auto incluidos de fábricaAppsSeguridadTornillos antirrobo para las llantasDispositivo de alarmaIluminación y visibilidadFaros LED con contenido ampliado adaptativoAsistencia a la conducciónCaja de cambios Steptronic Sport con doble embragueControl de crucero con función de frenadoPantalla táctil curva de de 11 pulgadas",concesionaria,1,140.0,,0
2408,2945,Hyundai,Creta,2025.0,safety+,Plateado,Nafta,5.0,Automática,1.6,SUV,Sí,0.0,Hyundai Creta 1.6 At Safety+,35000.0,US$,ENTREGA INMEDIATA - UNIDADES EN STOCK FÍSICOENTREGA INMEDIATASU AUTO USADO LO TOMAMOS AL MEJOR VALORHORARIO DE ATENCIÓNLUNES A VIERNES DE 10 a 19 hsSÁBADOS de 10 a 13 hs.RECOLETA CAR CONCESIONARIO OFICIAL HYUNDAI,tienda,0,,,0
2461,3029,Honda,HR-V,2024.0,lx,Gris,Nafta,5.0,Automática,1.5,SUV,Sí,0.0,Honda Hr-v Lx Cvt 1.5  2025 0km 5p,35610.0,US$,Honda NEW HR-V LX CVT 2025 0km - Versión Inicio de GamaPrecio para operación al contado. Consultar precio con financiación TASA 0%.HONDA ECKERConcesionario Oficial HondaMar del PlataATENCIÓN!• Precio expresado para OPERACIÓN DE CONTADO• Los gastos NO ESTÁN INCLUÍDOS• Tipo de cambio DÓLAR OFICIAL BANCO NACIÓN - USA - VENTA• Permutas sólo en Mar del Plata y zona. Consultar precio para operación con permuta• Las condiciones presentes en esta publicación pueden ser modificadas sin aviso prévio,concesionaria,0,,,0
2468,13111,Jeep,Wrangler,2025.0,rubicon atx,Negro,Nafta,4.0,Automática,2.0,SUV,,0.0,Jeep Wrangler 2.0 Rubicon 272Hp Atx,135000.0,US$,"NORTHVILLE PILARPARA MAYOR RAPIDEZ EN LA RESPUESTA, SE VALORA CONTACTO POR WHATSAPP.FINANCIA CON BANCO MACRO $12.000.000 EN 12 CUOTAS DE $1.000.000 ( CLIENTES SELECT ) FINANCIA CON CREDITOS PRENDARIOS $10.000.000 TASA 0% , CONSULTA Y TE ENVIAMOS LA SIMULACIÓN EN EL ACTOGESTORIA: Nosotros nos encargamos de todo el tramite, contamos con un equipo de gestores matriculados para que de lo único que te ocupes sea de disfrutar del vehículo.SEGUROS: Tenemos los mejores convenios con las compañias lideres en el pais , te aseguramos la mejor cotizacion siempre.ACCESORIOS: personaliza tu vehículo con la mejor propuesta del mercado , productos de primeras marcas. Contamos con un taller de ploteo integral , TODOS LOS PRODUCTOS TIENEN GARANTIA ! el auto que soñas , lo hacemos realidad !!OPCIONES DE PAGO:* AL CONTADO: Paga vía transferencia bancaria o depósito.*DEJA TU AUTO COMO PARTE DE PAGO: Tomamos usados con los mejores estandares de toma , hace una operacion facil y cambia el auto que tenes por el auto que queres !*FINANCIACIÓN: Contamos con opciones de credito prendario y aseguramos a las mejores tasas del mercado ! CREDITOS UVA O CON CUOTA FIJA , vos elegis.TE INTERESO ESTE VEHICULO ? CONTACTANOS YA MISMO  !! RECORDA QUE TU CONSULTA NO MOLESTA.",tienda,0,272.0,,0
2540,10643,BAIC,X35,2024.0,luxury,Gris,Nafta,5.0,Automática,1.5,SUV,,0.0,BAIC X35 1.5T Luxury Cvt,28100.0,US$,Vendo Baic X35 Luxury Turbo Sport 2024 0kmEvalúo permuta de mi interés(Zona Norte)Coordinar entrevista,concesionaria,1,,,0
2568,9767,Audi,Q7,2023.0,tiptronic quattro,Plateado,Nafta,5.0,Automática,3.0,SUV,Sí,0.0,Audi Q7 3.0 Tfsi 333cv Tiptronic Quattro,175000.0,US$,"Audi Q7 55 TFSI QuattroMild Hybrid 0km 2024Unidades fisicas en stock tocables, con certificado para patentar.Podes retirar en cualquiera de nuestras sucursales-Quilmes-La PlataO te enviamos tu auto a tu domicilio.Tomamos permutas al mejor precioMejoramos cualquier presupuestoEquipamiento opcional agregadoAudi phone boxRevestimiento de techo en tela negroSistema de Apoyo para Audi phone box Paquete de luces ambiente plusEquipamiento destacado de serie-Tercera fila de asientos-Adaptive air suspensión-Audi Virtual cockpit plus-Techo corredizo panorámico-Bose premium sound system 3d-MMI navegación plus con MMI touch response-Tracción quattro con diferencial central autoblocante-Paquete exterior deportivo sline con spoiler de techo-Luces Matric LED con intermitentes dinámicos y lavafaros-Asientos tapizado en conbinacion cuero/cuero sintetico-limatizador automático de confort de 4 zonas con panel trasero-Llantas de aleación ligera de 5 radios en V con neumáticos 255/55 R19-Camaras delantera, trasera y en cada lateral para monitorio de entorno-Audi Smartphone interface compatible con Android Auto y Apple Carplay-Q7 V6 TFSI homologado con híbrido de 48V ( Mild Hybrid Electric Vehicle )-Audi pre sense front, Audi pre sense rear y aviso de salida involuntaria de carril-Llave confort ( acceso y arranque ) con desbloqueo del portón trasero con sensor-Asientos delanteros calefaccionados, Eléctricos y con memoria para el conductor-Control crucero adaptativo ACC con limitador, asistente de eficiencia, esquiva y giro-Aviso de cambio de carril con aviso de peligro al bajar y asistente para el trafico transversal trasero",tienda,1,333.0,,0
2582,11429,Kia,Seltos,2024.0,lx,Azul,Nafta,5.0,Automática,1.5,SUV,,0.0,Kia Seltos 1.5 Lx Cvt,38000.0,US$,Kia Seltos 1.5 Lx Cvt Okm 2025 Entrega inmediata,concesionaria,0,,,0
2644,11732,Audi,Q8,2024.0,55 quattro,Blanco,Nafta,5.0,Automática,3.0,SUV,,0.0,Audi Q8 3.0 55 Tfsi Quattro,175800.0,US$,"AUDI Q8 55 TFSI V6 3.0 TIPTRONIC QUATTRO 340cv TECNOLOGÍA MILD HYBRIDColor: Blanco Glaciar Metalizado es 2025SISTEMAS ADAS- Audi virtual cockpitplus- Techo corredizo panorámico- Suspensión neumática adaptativa Sport- Paquete deportivo exterior e interior S line- Luces MatrixLED con intermitentes dinámicos- Climatizador automático de confort de 4 zonas- Acceso sin llave con servocierre para las puertas- Asientos tapizados en combinación microfibra / cuero con grabado S- Audi smartphone interface compatible con Apple y Android- Sistema de sonido de alta calidad Bang& Olufsen con sonido 3D- Sensores de estacionamiento delanteros y traseros con cámaras 360°- Control crucero adaptativo con aviso de salida del carril y alerta de punto ciego- Asientos delanteros deportivos, calefaccionados, eléctricos, con memoria para el conductor- Volante de cuero deportivo de 3 radios, achatado, multifunción, con levas de cambio.Concesionario Número #1 de la Argentina-- Tomamos todos los usados al mejor precio.Audi Buenos AiresAv. Rivadavia 4751, CABAEl precio publicado NO incluye gastos de Flete, ni Formularios ni gastos Administrativos.Foto no contractual. Corresponde al modelo del título de la descripción. Equipamiento según versión. Precio puede variar sin previo aviso.El precio publicado corresponde a un pago de contado.",tienda,1,340.0,,0
2675,17418,Hyundai,Creta,2024.0,safety,Azul,Nafta,5.0,Automática,1.6,SUV,Sí,0.0,Hyundai Creta 1.6 At Safety,29000.0,US$,"¡Bienvenido a nuestro concesionario oficial Hyundai!Asesor comercial Salcedo Raúl.Unidad Física para Entrega Inmediata.No esperes más para disfrutar de tu nuevo Hyundai.La unidad se encuentra física y lista para entrega inmediata, sin demoras innecesarias.Formas de Pago para Unidades 0KM:Contado: La opción más rápida y sencilla.Permutas: Tomamos tu usado en forma de pago.Nota Importante:El valor publicado corresponde al PRECIO DE LISTA del corriente mes. Dicho importe no incluye gastos de agencia (flete, formularios, alistamiento, pre entrega, etc.) ni patentamiento.>> Consulte POR LA MEJOR OFERTA DE CONTADO de esta unidad. <<*** ¡Recorda que comercializamos en todo el pais! Por lo tanto, una vez pago el vehículo, podemos enviarte la documentación de la unidad y solo tenes que venir a buscarlo con la patente y el seguro. ***Si deseas obtener más detalles sobre cualquiera de nuestras unidades, formas de pago o si tienes alguna pregunta, no dudes en contactarnos. Estamos aquí para ayudarte a encontrar el Hyundai que se adapte a tus necesidades.¡Gracias por considerarnos para tu próxima adquisición de vehículo!",concesionaria,0,,,0
2722,7583,Porsche,Cayenne,2024.0,v6,Gris,Nafta,5.0,Automática,3.0,SUV,Sí,0.0,Porsche Cayenne (e3.2) - 0km 2025 - Porsche Argentina,186000.0,US$,"En Nordenwagen S.A. somos el único importador y distribuidor exclusivo de Porsche para Argentina y Uruguay desde hace 32 años. Transmitimos el ADN Porsche, historia y valores de la marca; Perseguimos el entusiasmo del cliente con nuestros productos y servicios, la innovación y la sustentabilidad, abordando temas como la electro movilidad y el desarrollo de la red de cargas para vehículos eléctricos.Comercializamos vehículos nuevos y de re-estreno bajo el programa Porsche Approved, con asesores capacitados y certificados por Porsche AG.IMPORTANTE:- LA UNIDAD EXPUESTA EN LA PUBLICACIÓN PERTENECE A UN VEHÍCULO VENDIDO, SE MUESTRA BAJO CONSENTIMIENTO DEL PROPIETARIO, A FIN DE QUE EL CLIENTE PUEDA TENER UNA IDEA GENERAL DE CÓMO ES EL VEHÍCULO PORSCHE CAYENNE (E3.2) 2025.- EL PRECIO DE LA UNIDAD PUBLICADA NO INCLUYE COSTO DE OPCIONALES, CORRESPONDE AL PRECIO DEL CAYENNE (E3.2) ENTRADA DE GAMA.- EN CASO DE INTERÉS POR UN VEHÍCULO CAYENNE (E3.2) 2025., CONTAMOS CON PRODUCCIÓN DISPONIBLE PARA CONFIGURAR A SU GUSTO.- PRUEBE NUESTRO CONFIGURADOR EN LA PÁGINA OFICIAL PORSCHE PARA SELECCIÓN DE COLORES, Y GRAN VARIEDAD DE OPCIONALESALGUNAS DIFERENCIAS ENTRE EL PORSCHE CAYENNE MY24 (E3II) CON SU PREDECESORLuego de intensas pruebas durante 2.5 millones de millas, por 4 continentes, y en diversas condiciones climáticas, Porsche ha dado en la tecla para mejorar aún más el emblemático modelo Cayenne. Ofreciendo a sus clientes, 3 versiones. Cayenne Coupé V6, Cayenne E-Hybrid y Cayenne S V8. En esta oportunidad, nos centraremos en las versiones V6 y S V8.Entre las amplias diferencias que encontramos entre ambos modelos, las más grandes, son en el interior, que se verán mas adelante...Comenzando por el exterior, se puede observar una trompa mucho más agresiva, con las rejillas horizontales. Las luces de giro más integradas a dichas rejillas, por delante de las tomas de aire. La trompa se encuentra notoriamente más elevada, con una estética más poderosa y que impone presencia. Mismo desde la posición del conductor, al tener el capot más pronunciado, visualmente se denota ese carácter deportivo.Con respecto a las luces, Porsche ofrece la tecnología ""Matrix"" por default, cuando anteriormente se ofrecían como opcional. Además, como opcional se pueden encargar las luces ""Matrix HD"" que cuentan con 16.000 Leds individualmente controlables.En la parte trasera, se puede diferenciar fácilmente entre el modelo anterior y el actual, al observar la llamativa tira LED 3D con la tipografía ""PORSCHE"". Además del posicionamiento del portapatente, que ahora se encuentra en el paragolpe trasero, mientras que en el modelo pasado, estaba en el portón trasero. En cuanto a las salidas de escape, luneta y alerón, no se detectan mayores cambios.En lo que respecta al motor, el nuevo Cayenne recibió un ""upgrade"" con dos versiones optimizadas. El V6 turboalimentado de 3.0L de 353hp y 500Nm de torque. Y el V8, que anteriormente era V6, con un motor de 4.0L Twin Turbo V8 con 474hp y 600Nm de torque. Dato no menor, Porsche ha logrado con sus nuevos motores, reducir considerablemente el consumo, aumentando no sólo la potencia, sino la eficiencia. La transmisión es la Tiptronic S de 8 velocidades, con un software mejorado respecto al anterior modelo.La suspensión también fue modificada, mediante el sistema ""PASM"" (Porsche Active Suspension Management), con tecnología de amortiguación de 2 válvulas.Para ambas versiones, Coupé V6 y S V8, el equipamiento standard ha sido minusiosamente ampliado a comparación de su predecesor. Cuenta con luces Matrix Desing Led, llantas de 20¨, asistente de carril incluyendo reconocimiento de luces de señales de tránsito, asistente de cambio de carril, confort access, asientos calefaccionados, paquete de memoria, compartimento smartphone con ""wireless charging"", etc.En el interior, es donde realmente se percibe la evolución. Se han tomado muchos elementos estéticos, visuales y tecnológicos del ""Taycan"". Incorporando una nueva pantalla curva en el tablero de 12.6"", pantalla central ""PCM"" (Porsche Communication Management"") de 12.3"" y nuevo panel de climatización. Nuevo volante multifunción derivado del Porsche 911 (992), con el selector de modos de manejo, si el cliente encarga el opcional del ""Sport Chrono Package"". También ha cambiado el selector de marchas, ahora tipo ""Taycan"", que se ha convertido en una pequeña palanca encontrada a la derecha del volante. De a poco se va perdiendo lo analógico, para darle paso a lo digital. Sin embargo, hay ciertos guiños al pasado, conservando lo que es ""botonería"" y ""switches"" encontrados en antiguas versiones.Se ha dado una fuerte ""lavada de cara"" al nuevo Cayenne, a lo funcional, a lo técnico, pero por sobre todo, a lo estético. El interior fue drásticamente renovado dejando atrás al anterior diseño, dándole paso a un futuro digital centrado estrictamente en la experiencia de manejo y al confort del usuario.",tienda,0,353.0,,0
2746,14408,Kia,Sportage,2023.0,xline,Gris,Nafta,5.0,Automática,1.6,SUV,,0.0,Kia Sportage 4x4 New Sportage 2023 1.6 T 7at,54990.0,US$,"Modelo  SPORTAGE X-LINE 1.6Moto Tipo 1.6 T-GDI AWD4 cilindros en linea - DOHC1598178 / 5,500Alimentación Inyección Directa GDI265 / 1,500~4,500All - newSportage4.660/1.865/1.6652.755Distancia del suelo (mm) 181 181543 / 1,829545Medida de Neumáticos 235/60R18 235/60R181.6 T-GDISPORTAGE EX 1.6T-GDI 4X24 cilindros en linea - DOHC1598178 / 5,500Inyección Directa GDI265 / 1,500~4,500Distribución 16 Valvulas CVVT 16 Valvulas CVVTPeso Neto (Kg) 1.517 1.575Ángulo de Ataque/ Salida 17.5 °/ 25.5 ° 17.5 °/ 25.5 °Auxilio Homogéneo HomogéneoSPORTAGE EX 1.6T-GDI 4X2LEDLEDFaros Antiniebla Delanteros LED LEDFaros Traseros HALO + LED LEDEspejos Eléctricos Calefaccionados c/cierre automático S SAlza cristales eléctricos delanteros - One Touch S SButaca Acompañante Eléctrica (posición, inclinación, reclinación) - SEspejo Retrovisor ElectrocrómicoLuces Interior LEDCinturones de seguridad regulables en alturaTecho Panorámico (Con One - Touch & Safety)Tracción Delantera 4WD (On Demand)*Las especificaciones e información están sujetas a modificaciones por KIA Argentina S.A. sin previo aviso.Fotos referenciales y no contractualesToda la información brindada por el fabricante en este ficha técnica está sujeta a constantes actualizaciones y cambios. El fabricante no tendrá necesidad ni obligaciónde dar aviso alguno por estas actualizaciones y cambios. Las fotos incluidas en esta ficha técnica son exhibidas con fines publicitarios y son meramente ilustrativas.CombustibleNaftaSistema de EmisionesEURO VDrive Wise - Ayudas a la ConducciónSeguridadEstructura de Chasis Reforzada de Alta ResistenciaAirbag ConductorAirbag AcompañanteESC (Control de Estabilidad)HAC (Control de Pendiente)EBD (Distribución Electrónica de Frenado)TCS (Control de Tracción)Alerta de Puertas AbiertasAlerta de uso de cinturones de seguridad delanterosCinturones de Seguridad Inerciales Delanteros y TraserosABS (Sistema Antibloqueo de Frenos) SApoyacabezas delanteros y traseros (regulables en altura)Airbag Laterales y Cortina SDBC (Control de Descenso) STSA (Control de Estabilidad de Trailer) SSistema de Anclaje ISOFIXSistema Inmobilizador de MotorCierre de Puertas en RodajeSeguro de Puertas Traseras para Niños SFaros Antiniebla Traseros HALO LEDBarras de Techo S SConsola central con porta vasos SApoya brazos trasero con porta vasos SButaca Conductor Eléctrica (altura, posición, inclinación, reclinación, lumbar) - SButacas Tapizadas en Tela S -Butacas Tapizadas en Cuero - SVolante con Regulación en Altura y Profundidad S SVolante Calefaccionado - SEspejos de cortesía Conductor/Acompañante S SLuces de cortesía Conductor/Acompañante S SClúster Digital Full LCD 12.3"" - SApertura de Baúl automática por proximidad - SAjuste de altura para apertura de baúl - S",concesionaria,1,,,0
2774,6730,Jeep,Wrangler,2025.0,unlimited rubicon,Negro,Nafta,5.0,Automática,3.6,SUV,,0.0,Jeep Wrangler 3.6 Unlimited Rubicon 4X4 At8,117890.0,US$,"¡TU JEEP WRANGLER TE ESTÁ ESPERANDO EN JEEP RUSSONIELLO NORDELTA!Si estás buscando una SUV que combine diseño, tecnología y robustez, la Jeep Renegade es tu mejor elección.Y no hay mejor lugar para encontrarla que en JEEP RUSSONIELLO NORDELTA, una de las concesionarias más grandes y confiables del país.________________________________________¿POR QUÉ ELEGIR JEEP RUSSONIELLO NORDELTA?Más de 20 años de trayectoria en el mercado automotor.Concesionario oficial Jeep, con atención especializada y asesoramiento profesional en cada etapa de tu compra.Atención personalizada, clara y sin vueltas. Nuestro equipo está capacitado para brindarte una experiencia única.Gran stock disponible y entrega inmediata en múltiples versiones y colores.Planes de financiación exclusivos, toma de usados al mejor valor del mercado y promociones únicas.Miles de clientes satisfechos nos eligen cada año por nuestra seriedad, transparencia y compromiso.________________________________________¿QUÉ OFRECE EL NUEVO JEEP WRANGLER?Estilo sofisticado con diseño robusto y urbano.Tecnología de última generación y conectividad total.Interior amplio, cómodo y con terminaciones premium.Excelente performance tanto en ciudad como en ruta.________________________________________VENÍ A JEEP RUSSONIELLO EN NORDELTA Y LLEVATE LA SUV QUE SIEMPRE SOÑASTE.Consultanos ahora y descubrí una experiencia de compra a otro nivel.¡Estamos para ayudarte!VALORAMOS CONTACTO POR WHATSPP PARA MAYOR RAPIDEZ DE RESPUESTA",concesionaria,0,,4x4,0
2812,10484,BMW,X1,2025.0,25 e xdrive xline,MINERALWEISS METALLIC,Nafta,5.0,Automática,,SUV,Sí,0.0,BMW X1 25 E XDRIVE XLINE,89900.0,US$,El vendedor no incluyó una descripción del producto,concesionaria,1,,,0
2820,11121,Fiat,Pulse,2025.0,gse abarth,Negro,Nafta,5.0,Automática,1.3,SUV,,0.0,Fiat Pulse 1.3 Gse Abarth Turbo 270 At,28000.0,US$,PULSE ABARTH NEGRA PROMO MAYO ! 33.500.000 + PUESTA EN CALLECONTADO PARA PATENTAR MAYOTOMO USADO CONSULTAME,concesionaria,1,,,0
2831,8614,BAIC,X55,2025.0,il,Blanco,Nafta,5.0,Automática,,SUV,Sí,0.0,Baic X55 Il,37900.0,US$,BONIFICACION EXCLUSIVA PARA UNIDADES FISICAS PATENTADAS EN ABRILPOCAS UNIDADES!!,concesionaria,1,,,0
2869,15881,Nissan,Kicks,2025.0,exclusive bitono,Blanco,Nafta,5.0,Automática,1.6,SUV,,0.0,Nissan Kicks 1.6 Exclusive Bitono Cvt,32999.0,US$,"Compra tu Nissan Kicks 0KM !Anticipo y cuotas, la mejor financiacion !Contamos con toda la linea Nissan al mejor precio !Lista para transferir, posee toda la documentación necesaria para llevártelo en el día.Tomamos tu usado al mejor precio!No aceptamos motos, cuatriciclos, terrenos etc.Estamos ubicados en Villa Devoto.Av San Martin 7118, esquina Griveo. A tan solo 300 metros de Av Gral Paz.Horarios de atención: Lunes a Viernes de 09:00 a 18:30 hsSábados de 09:00 a 15:00 hsCualquier consulta, por aca o directamente a mi whatsapp;1158952993.Axel .-",concesionaria,0,,,1
2871,13487,BAIC,X35,2024.0,luxury,Rojo,Nafta,5.0,Automática,1.5,SUV,Sí,0.0,BAIC X35 LUXURY TURBO CVT,27500.0,US$,PARA VER VIDEO DE LA UNIDAD LUEGO DE LA ÚLTIMA FOTO EN ESTE AVISO o BIEN SE LO ENVIAMOS.A NUESTROS CLIENTES Y POSIBLES CLIENTES NOTA:* NO compre Baic 0km en Agencias multimarcas o de otras marcas NO habilitadas.(evite dolores de cabeza con la Garantía).Solamente en CABA somos BAIC PALERMO. Único domicilio habilitado.Solamente en ZONA OESTE somos BAIC RAMOS MEJIA. Único domicilio habilitado.Solamente en ZONA NORTE somos BAIC VICENTE LOPEZ. Único domicilio habilitado.7 AÑOS DE GARANTÍA AVALAN LA CALIDAD DE LA MARCA.PRECIO LISTA: U$S 26.900BONIFICACIÓN U$S 2.000CONTADO: U$S 24.900NEW X35 LUXURY CVTPresentamos el SUV más potente del mercado.MOTOR 1.5 – 16v – TURBO – 148 HP DE POTENCIA.CAJA AUTOMÁTICA SECUENCIAL DE 6 MARCHAS.210 NM.ACELERACIÓN DE 0 A 100/KM: 8.9 SegMEDIDAS: Longitud 4.32 m / Ancho 1.83 m / Alto 1.64 mEQUIPAMIENTO:• Llantas 17” Diamantadas Bi Tono.• Cámara de retroceso.• Sensores de estacionamiento.• Espejos con guiños.• Faros Led completos delanteros y traseros.• Volante en cuero Multifunción.• Control Velocidad Crucero.• Butacas deportivas Tela.• Pantalla Multimedia con conectividad.• Freno de mano electrónico.• Climatizador Digital.• Paneles de puerta y tablero en cuero y aluminio.• Frenos ABS + EBD• Control de Tracción.• Control de estabilidad.• Control de Pendientes.• Control presión de neumáticos.• Volumen de Carga 390 Dm3.BAIC PALERMO / BAIC RAMOS MEJIA/ BAIC VICENTE LOPEZ--------------------------------------------PLAN FINANCIACIÓN EXCLUSIVO “BAIC PALERMO”ENTREGA INMEDIATA CON UNIDADES EN SALÓN.--------------------------------------------------------------------------------BAIC PALERMO OFRECE EL STOCK MÁS IMPORTANTE DEL PAÍS.UNIDADES PARA ENTREGA INMEDIATA.TEST DRIVE DISPONIBLE (CON TURNO).ENTREGAS A DOMICILIO.,tienda,1,148.0,,0
2891,15141,Alfa Romeo,Stelvio,2024.0,ferrari quadrifoglio,Negro,Nafta,5.0,Automática secuencial,3.0,SUV,,0.0,Alfa Romeo Stelvio Stelvio Ferrari Quadrifoglio 510cv,230000.0,US$,"Alfa Romeo Stelvio Ferrari Quadrifoglio Entrega Inmediata , Color Negro VulcanoQuadrifoglio: signo de deportividad, de prestaciones, de prestigio heredado de las carreras.Ferrari: Equipado con un motor V6 3.0 Biturbo, es una mecánica que está adaptada directamente del motor V8 F154 de la Ferrari California T, el Ferrari 488 GTB y el Portofino.Máximo equipamiento. Maximos niveles de seguridad y asistencias para la conducciónLa mejor garantía del mercado, 5 años .Alfa Romeo Giulia y Stelvio son elegidos por la Scuderia Ferrari de Fórmula 1 como los vehículos oficiales de traslado para sus pilotos y personal del equipo más importante del mundo.Javier Barbieri - Asesor Comercial Alfa Romeo Argentina - 1161172684Nuevo punto de venta PILAR BsAs Coordinar visita",concesionaria,1,510.0,,0
2892,10286,BMW,X1,2024.0,25e,Gris,Eléctrico,5.0,Automática,2.0,SUV,,0.0,Bmw X1 25e,89900.0,US$,"Somos Sergio Trepat Automóviles, Concesionario Oficial BMW Nº1 en ventas, nos especializamos en ofrecer la mejor calidad en servicio y atención al cliente.La unidad publicada es un BMW X1 25e 0km 2024. Entrega inmediata.Para obtener más información de nuestros vehículos y novedades, te esperamos en Av. del Libertador 450 - Vicente López, de Lunes a Viernes de 9:30 a 19:00 hs y Sábado de 9:30 a 13:00 hs.",tienda,0,,,0
2920,3206,Mercedes-Benz,Clase GLA,2025.0,gla250 4matic,Gris,Nafta,5.0,Automática,2.0,SUV,,0.0,Mercedes-Benz Clase GLA 2.0 Gla250 4Matic 224Cv,76700.0,US$,UNIDAD ENTREGA INMEDIATAAÑO 2025DOLARES BILLETE.FINANCIACIÓN DIRECTA CON CHEQUES PROPIOS O POR MEDIO DE MERCEDES-BENZ FINANCIERACONSULTE FORMAS DE PAGO.CONCESIONARIO OFICIAL MERCEDES-BENZACC OESTE Y RUTA 23 MORENO Bs. AsJUAN 1164336062GABRIELA 1162576262,concesionaria,0,224.0,,0
2937,1068,Honda,HR-V,2025.0,ex-l,Blanco,Nafta,5.0,Automática,1.5,SUV,Sí,0.0,Honda HR-V 1.5 Ex-L 2Wd Cvt,39550.0,US$,El vendedor no incluyó una descripción del producto,concesionaria,0,,4x2,0
2938,3660,BAIC,X35,2025.0,luxury,Gris,Nafta,5.0,Automática,1.5,SUV,,0.0,BAIC X35 1.5T Luxury Cvt,27000.0,US$,"BAIC X35 Luxury 2025•Motor 1.5 Turbo de 150CV (mecánica Mitsubishi).•Caja CVT de 6 velocidades.•Techo eléctrico.•Encendido con botón.•7 años de garantía al igual que toda la marca.Consultar por disponibilidad de colores.Somos BAIC One Fan.Veni a conocernos!!!Nos encontramos en Av. Dr. Ricardo Balbín 1802 Esq. Lincoln, Gral. San Martin.",concesionaria,1,150.0,,0
2941,2470,Jeep,Compass,2024.0,t270 sport,Negro,Nafta,5.0,Automática,1.3,SUV,Sí,0.0,Jeep Compass 1.3 T270 Sport,36700.0,US$,"Promo COMPASS ¡solo por este mes! 2025(el valor publicado corresponde a la entrega del anticipo + patentamiento)Podes realizar una entrega de $26,000,000 para tener tu unidad en calle El resto lo podes financiar en 24/36/48 o hasta 70 cuotas ¡ A tasa cero 0%!contamos con cuotas a partir de los $450,000 en adelante!Financiación | Tomamos tu usado | Dólares | PesosSubite al Jeep Compass y sentí la diferencia desde el primer día:# Espacio cómodo para que vos y tu familia viajen relajados# Tecnología que te conecta a todo: Android Auto y Apple CarPlay# Seguridad en serio: control de estabilidad, asistente en pendientes, múltiples airbags# Diseño premium que no pasa desapercibido[Estamos en: Capital Federal y Zona OesteDe lunes a sábados de 9 a 19 hs]Atención rápida por #Whtspp para más info.",tienda,1,,,1
2964,10883,Nissan,Kicks,2025.0,exclusive,Blanco,Nafta,4.0,Automática,1.6,SUV,,0.0,Nissan Kicks Exclusive,34500.0,US$,"¡Unidad en stock! | AUTOBILIARIA* Tomamos tu usado en parte de pago* Contado* Financiación* Servicio de gestoría¡Consultanos todas tus dudas, estamos para asesorarte!18 años de experiencia en el mercado!Instagram @autobiliaria| El valor es de la unidad, no incluye transferencia.",concesionaria,0,,,0
2990,2631,Audi,Q3,2025.0,stronic,Negro,Nafta,5.0,Automática,1.4,SUV,,0.0,Audi Q3 1.4 Tfsi Stronic 150 Cv,59000.0,US$,"Audi Q3 35 TFSI Stronic 0km 2024Entrega inmediata en color gris cronos, gris plata, plata florete y negro con interior beige.Motor 1.4 TFSI de 150 CV caja automática- Faros led- Tablero digital- Techo panorámico- Tapizado en cuero- Cámara de retroceso- Audi smartphone interface- Sensores delanteros y traserosMARROCCHI EXCLUISVOS Único concesionario oficial Audi de la provincia de Santa Fe.*El precio no incluye, flete, formularios, opcionales ni gastos de retiro. Foto no contractual, el equipamiento o color disponible puede variar según stock.",concesionaria,1,150.0,,0
3014,15120,Audi,Q2,2025.0,35 advanced,Gris,Nafta,5.0,Automática,1.5,SUV,,0.0,Audi Q2 1.5 35 Tfsi Advanced 150 Cv,49800.0,US$,"Equipamiento destacado de serieAudi Q2 35 TFSI Climatizador automático confort Control de velocidad crucero con limitador de velocidad Audi Virtual Cockpit Audi smartphone interface compatible con Android Auto y Apple CarPlay Llantas de aleación, diseño de 5 radios en V, 7,0J x 17, neumáticos 215/55 R17 Respaldo del asiento trasero abatible 60/40 Volante de cuero en diseño de 3 radios con multifunción plus y levas de cambio Sensores de estacionamiento delanteros y traseros con cámara de marcha atrás Luces delanteras y traseras en tecnología LED Rueda de repuesto de espacio reducido 2 puertos USB delanteros Navegador incorporado Volante Retrovisores exteriores con ajuste eléctrico y térmicos Asientos tapizados en tela “Skript” Airbag para conductor y acompañante frontales y laterales, y sistema de airbags para la cabeza Asiento del acompañante ajustable en altura Blade exterior en Gris Manhattan Metalizado Sistema Start-Stop con recuperación de energía.Concesionario Número #1 de la ArgentinaTomamos todos los usados al mejor precio.Mejoramos cualquier oferta.Audi Buenos AiresAv. Juan B. Alberdi 53, CABA-- Esperamos tu consulta!El precio publicado no incluye gastos de flete, ni formularios ni gastos administrativos.Foto no contractual. Corresponde al modelo del titulo de la descripción. Equipamiento según versión.",tienda,1,150.0,,0
3017,2030,Honda,HR-V,2025.0,ex-l,Blanco,Nafta,5.0,Automática,1.5,SUV,,0.0,Honda HR-V 1.5 Ex-L 2Wd Cvt,39550.0,US$,ENTREGA INMEDIATA,concesionaria,0,,4x2,0
3032,5399,Audi,Q3,2024.0,35tfsi,Gris,Nafta,5.0,Automática,1.4,SUV,,0.0,Audi Q3 1.4 35tfsi 150 Cv,56900.0,US$,"Audi Q3  35 TFSI35 TFSI corresponde a motor 1.4 TFSI de 150CV-  Audi drive select-  Audi soundsystem-  Techo corredizo panorámico-  Asientos tapizados en Leatherette-  Confort Key(acceso y arranque sin llave)-  Climatizador automático confort de 2 zonas	-  Portón del maletero de apertura y cierre eléctricos-  Control de velocidad crucero con limitador de velocidad-  Cuadro de instrumentos Digital ClusterDisplayde 10,2”-  Audi smartphoneinterface compatible con Android Auto y Apple CarPlay-  Llantas de aluminio fundido de 5 brazos dobles con neumáticos 235/55 R18-  Asientos traseros con reglaje horizontal, reposabrazos central y porta bebidas-  Volante de cuero en diseño de 3 radios con multifunción plus y levas de cambio-  Sensores de estacionamiento delanteros y traseros con cámara de marcha atrás-  Pantalla central color de 8,8” con tecnología touch y sistema de diálogo por voz-  Luces diurnas, bajas y altas en tecnología LED; luces de giro y traseras incandescentes-  Retrovisores exteriores con ajuste eléctrico y térmicos, espejo interior antideslumbrante.Concesionario Número #1 de la Argentina-- Tomamos todos los usados al mejor precio.-- Mejoramos cualquier oferta.Audi Buenos AiresAv. Rivadavia 4751, CABAAv. Juan B. Alberdi 53, CABA-- Esperamos tu consulta!El precio publicado no incluye gastos de flete, ni formularios ni gastos administrativos.Foto no contractual. Corresponde al modelo del titulo de la descripción. Equipamiento según versión. Precio puede variar sin previo aviso.",tienda,1,150.0,,0
3066,6333,Volkswagen,Tiguan Allspace,2024.0,life 4motion dsg,Gris,Nafta,5.0,Automática,2.0,SUV,,0.0,Volkswagen Tiguan Allspace 2.0 Tsi Life 4Motion Dsg,62000.0,US$,"La Volkswagen Tiguan 2.0 TSI Life 4Motion DSG es un SUV que combina elegancia y rendimiento. Equipado con un motor 2.0L TSI de 190 CV y 320 Nm de torque, ofrece una conducción potente y eficiente. Su transmisión DSG de 7 velocidades asegura cambios rápidos y suaves. El sistema de tracción integral 4Motion proporciona estabilidad y control en diversas condiciones de manejo. El interior cuenta con asientos de cuero, climatizador automático y un sistema multimedia con pantalla táctil compatible con Android Auto y Apple CarPlay. Además, incluye avanzados sistemas de seguridad como control de estabilidad, frenos ABS y múltiples airbags",concesionaria,1,190.0,,0
3093,5384,Audi,Q2,2025.0,serie,Negro,Nafta,5.0,Automática,1.4,SUV,,0.0,Audi Q2 1.4 Tfsi Serie 150 Cv,51690.0,US$,"Audi Q2 35Motor 1.4 turbo. 150 cv.Tracción delantera.Consumo 5.5 lts.Frenado automático de emergencia.Pantalla touch de 8,8 pulgadas.Arranque sin llave.Control de velocidad crucero.Climatizador automático.Luced LED.Navegación plus.Car play.Llantas 17.DIMENSIONESAncho: 1.794Alto: 1.508Entrega inmediata!Concesionario oficial Audi Zentrum Pilar.Asesora, Melissa Ibañez.",concesionaria,1,150.0,,0
3127,15718,Volkswagen,Taos,2025.0,250 comfortline,Gris,Nafta,5.0,Automática,1.4,SUV,,0.0,Volkswagen Taos 1.4 250 Tsi Comfortline,39500.0,US$,"MOTO RANCHEntra un Cliente, Sale un AmigoDesde 1992 La Mejor Onda SiempreAutos Usados Seleccionados y 0km MultimarcaPara ver Nuestro Stock de Vehículos Actualizado con más de 20 Fotos por Vehículo con sus Respectivos Precios, ingresá a Nuestra Página WebSeguinos en las Redes Sociales para ver el Mejor Contenido MultimediaAutos, Arte y HumorAv. Sagrada Familia 484, Córdoba CapitalVisitá MOTO RANCH para Descubrir el Mejor Lugar para la Compra de tu Próximo Vehículo Nuevo o Usado con más de 5.500 m2 destinados a hacer de tu Visita una Experiencia ÚnicaPrestigio, Seriedad y TrayectoriaAtendido Exclusivamente por sus DueñosHonestidad y Transparencia Probados Desde 1992",concesionaria,1,,,0
3133,2320,BAIC,X55,2025.0,il,Blanco,Nafta,5.0,Automática,,SUV,Sí,0.0,Baic X55 Il,37900.0,US$,BONIFICACION EXCLUSIVA PARA UNIDADES FISICAS PATENTADAS EN ABRILPOCAS UNIDADES!!,concesionaria,1,,,0
3145,13846,Hyundai,Tucson,2024.0,tgdi tct,Azul,Nafta,5.0,Automática,1.6,SUV,Sí,0.0,Hyundai Tucson 1.6 Tgdi Tct,58000.0,US$,"¡Bienvenido a nuestro concesionario oficial Hyundai!Asesor comercial Salcedo Raúl.Unidad Física para Entrega Inmediata.No esperes más para disfrutar de tu nuevo Hyundai.La unidad se encuentra física y lista para entrega inmediata, sin demoras innecesarias.Formas de Pago para Unidades 0KM:Contado: La opción más rápida y sencilla.Permutas: Tomamos tu usado en forma de pago.Nota Importante:El valor publicado corresponde al PRECIO DE LISTA del corriente mes. Dicho importe no incluye gastos de agencia (flete, formularios, alistamiento, pre entrega, etc.) ni patentamiento.>> Consulte POR LA MEJOR OFERTA DE CONTADO de esta unidad. <<*** ¡Recorda que comercializamos en todo el pais! Por lo tanto, una vez pago el vehículo, podemos enviarte la documentación de la unidad y solo tenes que venir a buscarlo con la patente y el seguro. ***Si deseas obtener más detalles sobre cualquiera de nuestras unidades, formas de pago o si tienes alguna pregunta, no dudes en contactarnos. Estamos aquí para ayudarte a encontrar el Hyundai que se adapte a tus necesidades.¡Gracias por considerarnos para tu próxima adquisición de vehículo!",concesionaria,1,,,0
3159,1250,Mitsubishi,Outlander,2025.0,gls full,Gris,Nafta,5.0,Automática,2.5,SUV,Sí,0.0,Mitsubishi Outlander 2.5 Gls At Full,54000.0,US$,NUEVA MITSUBISHI OUTLANDER GLS 2.5 AT. PRECIO PUBLICADO OFERTA CONTADO!!!FINANCIA HASTA 4O MILLONES A TASA 20%STOCK DISPONIBLE PARA ENTREGA INMEDIATA!!!CONSULTAR POR COLORES DISPONIBLES.FINANCIACION EXCLUSIVATOMAMOS TU USADO.RECIBIMOS DOLARES AL MEJOR VALOR DEL MERCADO.3 AÑOS DE GARANTIA O 100.000KMASESOR COMERCIALROSSI WALTER,concesionaria,0,,,0
3163,5117,BAIC,X55,2025.0,plus,Blanco,Nafta,5.0,Automática,1.5,SUV,,0.0,BAIC X55 1.5 Plus,45700.0,US$,"BAIC X55 Plus 0KM – SUV Premium con Tecnología y Estilo – Entrega InmediataDescubrí la nueva BAIC X55 Plus, una SUV que combina diseño deportivo, tecnología de avanzada y confort de alta gama. Con su motor turbo, caja automática DCT de 7 velocidades y equipamiento completo, es la opción ideal para quienes buscan prestaciones superiores al mejor precio del segmento.Características destacadas: • Motor 1.5 Turbo con excelente rendimiento • Caja automática DCT de 7 velocidades • Pantallas digitales de gran tamaño • Cámara 360°, techo panorámico, tapizados eco cuero • Control crucero, sensores de estacionamiento y asistencias activas de manejo¿Por qué comprar en MB Autos S.A.?Somos concesionario oficial BAIC, con más de 15 años de trayectoria en el rubro automotor. Te ofrecemos: • Atención personalizada • Financiación a medida • Tomamos tu usado • Gestión integral de patentamiento y segurosUbicados en Lomas del Mirador, Buenos Aires. Entrega inmediata.Consultanos sin compromiso y llevate tu BAIC 0KM con el respaldo de una empresa seria y consolidada.",tienda,0,,,0
3167,10792,Audi,Q7,2025.0,55 sline quattro,,Nafta,5.0,Automática,3.0,SUV,,0.0,Audi Q7 55 TFSI SLine Quattro,155008.0,US$,"Somos Espasa Exclusivos, Concesionario Audi Oficial.Consultá todos los vehículos de la Marca Audi y las últimas novedades respecto a nuestros productos. Tomamos tu usado al mejor precio.Ofertas exclusivas del mes. Disponibilidad de colores y VARIOS MODELOS CON DIFERENTES OPCIONALES.Opción  TEST DRIVE para algunos modelos. Contamos con un equipo de asesores comerciales que te brindarán toda la información de manera online mediante WhatsApp o llamado telefónico. Podrás además coordinar con ellos una videollamada para ver nuestras unidades si así lo quisieras y recibir info del vehículo.A su vez, podremos de manera digital. configurar tu Audi junto a vos mediante una navegación 3D para que puedas ver los diferentes opcionales de cada modelo.Subite a tu Audi con la mejor propuesta comercial y asesoramiento.Espasa Exclusivos Audi",tienda,1,,,0
3178,7125,Kia,Sportage,2024.0,ex t-gdi,Gris,Nafta,5.0,Automática,1.6,SUV,,0.0,Kia Sportage 1.6 Ex T-Gdi 4X2,48000.0,US$,Kia Sportage okm varios colores entrega inmediata!!tomamos permuta! Autopremium Concesionario kia Motors,concesionaria,0,,4x2,0
3184,738,Chery,Tiggo 4 Pro,2023.0,luxury,,Nafta,5.0,Automática,1.5,SUV,,0.0,Chery Tiggo 4 Pro 1.5 Luxury Cvt,39500.0,US$,"CHERY TIGGO 4 PRO TURBO Motor Naftero 1.5 , Año 2023, OKM SIN RODAR, Automatica con Levas al Volante, Climatizador,Linea Nueva, 5 puertas, Tablero Digital, Pantalla, Techo Vidrio, Llantas Rodado 18 Pulgadas, Navegador , GPS , la mas equipada en su modelo .Entrega Inmediata, Unidad Fisica en Salon, OKM 2023 , SIN RODAR Financiación Bancaria o Prendaria, Aprobacion en el momentoEscribania PropiaSeguro AutomotorTomamos permutaAtendemos :Lunes a Viernes de 10 a 21 hs Sábados de 10 a 18hsOnLine 24 hs",concesionaria,0,,,0
3212,6951,Audi,Q3,2024.0,40tfsi quattro advance,Negro,Nafta,5.0,Automática,2.0,SUV,Sí,0.0,Audi Q3 2.0 40Tfsi Quattro Advance 180Cv,69000.0,US$,"Corresponde a Audi Q3 40 TFSI quattro Stronic 0km 2025OpcionalesAudi Phone Box(Carga inalámbrica)Unidades fisicas en stock tocables, con certificado para patentar.Podes retirar en cualquiera de nuestras sucursales-Quilmes-La PlataO te enviamos tu auto a tu domicilio.Tomamos permutas al mejor precioMejoramos cualquier presupuesto",tienda,1,180.0,,0
3229,2527,Hyundai,Tucson,2025.0,tgdi tct,Gris,Nafta,5.0,Automática,1.6,SUV,,0.0,Hyundai Tucson 1.6 Tgdi Tct,58000.0,US$,"NEW TUCSON 2025YA PODES DISFRUTAR TU UNIDAD CON LA BAJA DE IMPUESTOSTOCK LIMITADO.NEW TUCSON 1.6 T-GDI 4WD 7 DCTALGUNAS CARÁTERÍSTICAS:Motor: 1.6 T-GDI 180 cv / Torque: 27.0 Kgm (1500-4500 rpm)Transmisión: Caja Automática de Doble Embrague con 7 Velocidades4WD Electrónico, Según DemandaSEGURIDAD:Control de Velocidad Crucero InteligenteAsistente de Mantenimiento de CarrilAsistente de Colisión FrontalSistema de Monitoreo de Presión de Neumáticos6 Airbags - Control de Tracción TCSControl de Estabilidad ESPAsistencia en Pendientes (Down Hill + Hill Start)Anclajes ISOFIXAlerta de Ocupantes en Plazas TraserasDetector de Fatiga - Luces Diurnas LED con Diseño Paramétrico OcultoSensores de Estacionamiento Delantero + Trasero y Cámara de Visión Trasera y de RetrocesoSensor de LluviaSensor de LucesAlerta de Hielo en CarreteraSistema de Auto DesempañadoCONVENIENCIATablero de Instrumentos Digital de 12.3 Pulgadas con Diseño PersonalizablePantalla Multimedia c/ Android Auto/Apple Car Play de 12.3 PulgadasReconocimiento Dactilar para Encendido de Motor y MultimediaCargador Inalámbrico para el CelularSelectora de Cambios en Columna de Dirección (Shif by Wire)Arranque a DistanciaTecho Solar PanorámicoLuces Delanteras LEDPortón Trasero EléctricoTapizado de CueroButacas Delanteras con Regulación Eléctrica (Conductor con Memoria) Calefaccionadas y VentiladasVolante Tapizado en Cuero CalefaccionadoCONSULTA TAMBIEN POR LA VERSION 4X2!!                              EN IMOTORS ESTAMOS PARA ASESORARTE EN TODO LO QUE NECESITES.                                   NO DUDES EN COMUNICARTE CON NOSOTROS.                                             INTERNATIONAL MOTROS - HYUNDAI",tienda,1,180.0,,0
3246,6153,Audi,Q3 Sportback,2024.0,35tfsi sportback,Plateado,Nafta,5.0,Automática,1.4,SUV,,0.0,Audi Q3 Sportback 1.4 35tfsi Sportback 150 Cv,57000.0,US$,"EQUIPAMIENTO DESTACADO DE SERIEAudi drive selectAudi sound systemTecho corredizo panorámicoAsientos tapizados en LeatheretteConfort Key (acceso y arranque sinClimatizador automático confort de 2 zonasPortón del maletero de apertura y cierre eléctricosControl de velocidad crucero con limitador de velocidadCuadro de instrumentos Digital Cluster Display de 10,2”Audi smartphone interface compatible con Android Auto y Apple CarPlayLlantas de aluminio fundido de 5 brazos dobles con neumáticos 235/55 R18Asientos traseros con reglaje horizontal, reposabrazos central y porta bebidasVolante de cuero en diseño de 3 radios con multifunción plus y levas de cambioSensores de estacionamiento delanteros y traseros con cámara de marcha atrásPantalla central color de 8,8” con tecnología touch y sistema de diálogo por vozLuces diurnas, bajas y altas en tecnología LED; luces de giro y traseras incandescentesRetrovisores exteriores con ajuste eléctrico y térmicos, espejo interior antideslumbranteEl precio publicado no incluye gastos de flete, ni formularios ni gastos administrativosAsesor comercial Facundo Jattar",tienda,1,150.0,,0
3266,9826,Hyundai,Tucson,2024.0,c/techo,Gris,Nafta,5.0,Automática,2.0,SUV,,0.0,Hyundai Tucson 2.0 C/techo,48000.0,US$,EN STOCK!!!! VARIOS COLORES DISPONIBLES YA LLEGO LO QUE ESPERABAS !! VENI A CONOCERLAS !!!NEW TUCSON 4X2 AUTCONTROL CUCERO INT ASISTENTE DE MANTEIMIENTO DE CARRIL SENSOR DE LLUVIA SISTEMA DE AUTODESEMPAÑADPTODAS LAS ADAS DE SEGURIDAD!!TABLERO DIGITAL DE 12.3 PULGADAS TECHO SOLAR PANORAMICOACCESO SIN LLAVE ASIENTOS REGULABLES AUTOMATICAMENTEASIENTOS TRASEROS RECLINABLES PARA QUE TODOS VIAJEN COMODOS !!EL ESWPACIO INTERIOR TE VA A SORPRENDER!!MI NOMBRE ES FERNANDA CONSULTAME,concesionaria,0,,,0
3297,2218,Audi,Q5,2025.0,45 advanced,Plateado,Híbrido,5.0,Automática,2.0,SUV,,0.0,Audi Q5 2.0 45 Tfsi Advanced 252Cv,81000.0,US$,Entrega Inmediata Javier 1161172684,concesionaria,1,252.0,,0
3300,9287,Volvo,XC60,2024.0,t8 ultimate dark,Negro,Híbrido,5.0,Automática secuencial,2.0,SUV,Sí,0.0,Volvo XC60 2.0 T8 Ultimate Dark,107100.0,US$,VOLVO XC60 T8 ULTIMATE DARKLa versión deportiva de la SUV mas segura y tecnológica del mercado.HIBRIDO ENCHUFABLE (PHEV)Potencia combinada: 462 HPAutonomía en modo PURO eléctrico hasta 79 kmGIORGI AUTOMOTORES S.A.Concesionario Oficial VOLVO en RosarioPermutas. Financiación. Leasing.,concesionaria,1,,,0
3339,10346,Audi,Q3,2025.0,40tfsi quattro advance,Gris,Nafta,5.0,Automática,2.0,SUV,,0.0,Audi Q3 2.0 40Tfsi Quattro Advance 180Cv,76000.0,US$,Entrega Inmediata / Única por configuraciónAudi Q3 Advanced 40 TFSI Quattro STronic• Configuración especial la única en Argentina • Motor 2.0 Turbo • Modelo 2025• Pack exterior Premium black• Llantas 5 radios 18 aluminio • Butacas deportivas • Pack interior Audi Plus• Asistencia de conducción • Audi Phone Box• Sensor Puntos ciegos • Frenado autónomo de emergencia • Tablero Virtual Cockpit con GPS• Monitor touch CarPlay Smartphone• Techo solar panorámico • Faros Fulls Leds Giros Dinámicos• Climatizador bizona • Butacas con ajuste eléctrico • Portón de baúl electrónico • Reposabrazos central confort• Espejos exteriores abatibles Javier 1161172684Asesor comercial Audi,concesionaria,1,180.0,,0
3344,16518,Hyundai,Tucson,2025.0,tgdi tct,Blanco,Nafta,5.0,Automática,1.6,SUV,Sí,0.0,Hyundai Tucson 1.6 Tgdi Tct,57990.0,US$,El vendedor no incluyó una descripción del producto,concesionaria,1,,,0
3346,16556,BAIC,X55,2023.0,ii,Blanco,Nafta,5.0,Automática,1.5,SUV,Sí,0.0,Baic X55 Ii Luxury Turbo - 2025 - Baic Palermo - ,38900.0,US$,"PARA VER VIDEO DE LA UNIDAD LUEGO DE LA ÚLTIMA FOTO EN ESTE AVISO o BIEN SE LO ENVIAMOS.A NUESTROS CLIENTES Y POSIBLES CLIENTES NOTA:* NO compre Baic 0km en Agencias multimarcas o de otras marcas NO habilitadas.(evite dolores de cabeza con la Garantía).Solamente en CABA somos BAIC PALERMO. Único domicilio habilitado.Solamente en ZONA OESTE somos BAIC RAMOS MEJÍA. Único domicilio habilitado.Solamente en ZONA NORTE somos BAIC VICENTE LOPEZ. Único domicilio habilitado.7 AÑOS DE GARANTÍA AVALAN LA CALIDAD DE LA MARCA.PRECIO LISTA: U$S 40.900.- (Dolar estadounidense)BONIFICACION: - U$S 2.000.-VALOR SOLO CONTADO : U$S 38.900.-NUEVA X55 IIPresentamos el SUV más DEPORTIVO Y PREMIUM del mercado.MOTOR 1.5 – TURBO – 185 HP DE POTENCIA.CAJA DE 7 MARCHAS CON DOBLE EMBRAGUE (Prestación deportiva)310 NM.ACELERACIÓN DE 0 A 100/KM: 7.8 SegVELOCIDAD MÁXIMA: 220 KM/HMEDIDAS: Longitud 4.63 m / Ancho 1.88 m / Alto 1.68 mDISEÑO FUTURISTA / DE ALTA GAMA / DEPORTIVA"" El SUV más deportivo y Premium del mercado""La relación precio/producto es imbatible.EQUIPAMIENTO DESTACADO:* Llantas 19"" color Gris oscuras* Cámara 360° para visión delantera/trasera y lateral* Sensores de Estacionamiento* Portón trasero eléctrico con apertura medida* Faros Full Led en todo el vehículo* Apertura de puertas con manijas tipo ""Pop out"" eléctricas* Techo Panorámico con apertura y pivoteo con sensor autónomo de lluvia (cierra solo)* Volante Multifunción deportivo en cuero* Control Velocidad crucero adaptativo* Tablero íntegramente digital con múltiples funciones y formatos* Pantalla Central Multimedia (en español) con múltiples formatos de adaptaciones del vehículo y programaciones.* Conectividad Total con Mirror Link (muestra el celular en pantalla)* Freno de mano electrónico* Manejo Autónomo en tráfico pesado (conduce solo)* Estacionamiento Autónomo (estaciona solo)* 8 Air-bags* Control de Tracción y Estabilidad* Asistencia de Frenado* Frenado autónomo de emergencia* Asistencia de desvío de carril * Aviso de Punto Ciegoy más..BAIC PALERMO / BAIC MORÓN / BAIC VICENTE LOPEZENTREGA INMEDIATA CON UNIDADES EN SALÓN.TEST DRIVE DISPONIBLE (CON TURNO).ENTREGAS A DOMICILIO.------------------------------------------------------------------------------TOMAMOS VEHÍCULOS EN PARTE DE PAGOFINANCIACIÓN CON DNI HASTA EL 50% DEL VALOR DE LA UNIDAD.------------------------------------------------------------------------------7 RAZONES POR LA QUE CONFIAR EN BAIC:1) BAIC es marca Premium en China y en 48 países del Mundo.2) BAIC se encuentra en todas las provincias de Argentina y en 9 países deAmérica.3) BAIC es la única Automotriz socia de Mercedes Benz en el Mundo.4) BAIC es la única Automotriz Premium que ofrece 7 años de Garantía.5) BAIC NO es un vehículo económico Chino.6) BAIC es para el público que busca vehículos SUV DIFERENTES.7) BAIC es Diseño, Calidad, Confort, Equipamiento....y Esa Extraña sensación deFIDELIDAD.-----------------------------------------------------------------------------------* BAIC PALERMO - CASA CENTRAL -AV. CÓRDOBA 6102 - C.A.B.A. -- SERVICIO POST VENTAECHEVERRIA 1050 - C.A.B.A. -* BAIC RAMOS MEJÍA - ZONA OESTE -AV RIVADAVIA 14882 - RAMOS MEJÍA -SERVICIO POST VENTAECHEVERRIA 1050 - C.A.B.A. * BAIC VICENTE LOPEZ - ZONA NORTE -AV. LIBERTADOR 550 - VICENTE LOPEZ -- SERVICIO POST VENTAECHEVERRÍA 1050 - C.A.B.A. -NRO 1 EN VENTASBRINDANDO SERIEDAD Y PROFESIONALISMO A LA MARCA.CON GRAN IMPRONTA EN LA PRESENTACIÓN DE SUS MODELOS.",tienda,1,185.0,,0
3382,5045,BAIC,X35,2024.0,luxury,Blanco,Nafta,5.0,Automática,1.5,SUV,,0.0,BAIC X35 1.5T Luxury Cvt,28200.0,US$,"Somos Pilarsa SRL concesionaria Oficial de BAIC en Entre Rios7 AÑOS DE GARANTIA 0 100.000Km la mejor garantía del mercado!BAIC X35 1.5 Turbo Luxury 6CVTMotor 1.5 Turbo + Caja CVTVersión con máximo equipamiento.AirbagsFrenos ABSDisco en las cuatro ruedasllave de presenciallantas de aleación 17""Iluminación full LedTapizados de cueroDoble techo de cristal panorámicosensores estacionamientoCámara traseraFreno mano eléctrico.BAIC es la mejor marcha de autos Chinos en la Argentina.El SUV más potente de su segmento!!",concesionaria,1,,,0
3405,1660,Audi,Q3 Sportback,2024.0,35tfsi sportback,Gris,Nafta,5.0,Automática,1.4,SUV,,0.0,Audi Q3 Sportback 1.4 35tfsi Sportback 150 Cv,62800.0,US$,"35 TFSI corresponde a motor 1.4 TFSI de 150CV- Audi drive select- Audi soundsystem- Techo corredizo panorámico- Asientos tapizados en Leatherette- Confort Key(acceso y arranque sin llave)- Climatizador automático confort de 2 zonas- Portón del maletero de apertura y cierre eléctricos- Control de velocidad crucero con limitador de velocidad- Cuadro de instrumentos Digital ClusterDisplayde 10,2”- Audi smartphoneinterface compatible con Android Auto y Apple CarPlay- Llantas de aluminio fundido de 5 brazos dobles con neumáticos 235/55 R18- Asientos traseros con reglaje horizontal, reposabrazos central y porta bebidas- Volante de cuero en diseño de 3 radios con multifunción plus y levas de cambio- Sensores de estacionamiento delanteros y traseros con cámara de marcha atrás- Pantalla central color de 8,8” con tecnología touch y sistema de diálogo por voz- Luces diurnas, bajas y altas en tecnología LED; luces de giro y traseras incandescentes- Retrovisores exteriores con ajuste eléctrico y térmicos, espejo interior antideslumbrante.Concesionario Número #1 de la Argentina-- Tomamos todos los usados al mejor precio.-- Mejoramos cualquier oferta.Audi Buenos AiresAv. Juan B. Alberdi 53, CABA-- Esperamos tu consulta!El precio publicado no incluye gastos de flete, ni formularios ni gastos administrativos.Foto no contractual. Corresponde al modelo del titulo de la descripción. Equipamiento según versión. Precio puede variar sin previo aviso.Contactá a la tienda",tienda,1,150.0,,0
3411,17826,Jeep,Commander,2024.0,t270 limited 7pas,Gris,Nafta,5.0,Automática secuencial,1.3,SUV,Sí,0.0,Jeep Commander 1.3 T270 Limited 7pas AT6 4x2,46942.0,US$,"Somos Sidway, Primer Concesionario Jeep/RAM Oficial del País. 

Consultá por nuestras opciones de financiación y pago al contado.

Tomamos tu usado al mejor precio. 

Ofertas exclusivas del mes. Disponibilidad de colores.

Solicitá tu TEST DRIVE 

Contamos con un equipo de asesores comerciales que te brindarán toda la información de manera online mediante WhatsApp o llamado telefónicio. Podrás además coordinar con ellos una videollamada para ver nuestras unidades si así lo quisieras y recibir info del vehículo.

Subite a tu Jeep/RAM en Sidway con la mejor propuesta comercial y asesoramiento. 

SIDWAY",tienda,1,,4x2,0
3428,16153,Honda,HR-V,2024.0,lx 2024,Gris,Nafta,5.0,Automática,1.5,SUV,Sí,0.0,Honda HR-V LX 1.5 CVT 2024,33900.0,US$,"Honda HR-V LX 1.5 CVT 0km 2024 Blanco Entrega inmediata, precio contado, concesionario oficial Honda",concesionaria,0,,,0
3433,18180,Audi,Q5,2025.0,45 advanced stronic quattro,,Nafta,5.0,Automática,2.0,SUV,,0.0,Audi Q5 45 TFSI ADVANCED STRONIC QUATTRO,84001.0,US$,"Somos Espasa Exclusivos, Concesionario Audi Oficial.Consultá todos los vehículos de la Marca Audi y las últimas novedades respecto a nuestros productos. Tomamos tu usado al mejor precio.Ofertas exclusivas del mes. Disponibilidad de colores y VARIOS MODELOS CON DIFERENTES OPCIONALES.Opción  TEST DRIVE para algunos modelos. Contamos con un equipo de asesores comerciales que te brindarán toda la información de manera online mediante WhatsApp o llamado telefónico. Podrás además coordinar con ellos una videollamada para ver nuestras unidades si así lo quisieras y recibir info del vehículo.A su vez, podremos de manera digital. configurar tu Audi junto a vos mediante una navegación 3D para que puedas ver los diferentes opcionales de cada modelo.Subite a tu Audi con la mejor propuesta comercial y asesoramiento.Espasa Exclusivos Audi",tienda,1,,,0
3435,8076,Audi,Q2,2025.0,40 stronic sport quattro,Gris,Nafta,5.0,Automática,2.0,SUV,,0.0,Audi Q2 2.0 40 Tfsi Stronic Sport Quattro,58000.0,US$,"Audi Q2 40 TFSI motor 2.0 de 190 cv 0km 2025Consultar colores disponiblesEquipamiento de serie:- Climatizador automático confort- Drive Select- Control de velocidad crucero con limitador de velocidad- Techo corredizo panorámico- Audi Virtual Cockpit- Keyless entry- Audi smartphone interface compatible con Android Auto y Apple CarPlay- Llantas de aleación en diseño dinámico 5 brazos, Gris Grafito, R18- Respaldo del asiento trasero abatible 60/40- Volante de cuero en diseño de 3 radios con multifunción plus y levas de cambio- Sensores de estacionamiento delanteros y traseros con cámara de marcha atrás- Luces delanteras y traseras en tecnología LED- Audi Sound System- Rueda de repuesto de espacio reducido- 2 puertos USB delanteros- Navegador incorporado- Asientos tapizados en leatherette- Airbag para conductor y acompañante frontales y laterales, y sistema de airbags para la cabeza- Asiento del acompañante ajustable en altura.MARROCCHI EXCLUISVOS Único concesionario oficial Audi de la provincia de Santa Fe.*El precio no incluye, flete, formularios, opcionales ni gastos de retiro. Foto no contractual, el equipamiento o color disponible puede variar según stock.",concesionaria,1,190.0,,0
3468,11906,BMW,X2,2025.0,xdrive20i msport,Negro,Nafta,5.0,Automática,2.0,SUV,,0.0,BMW X2 2.0 Xdrive20I Msport,82900.0,US$,"Desde BMW AutoPremier tenemos para ofrecerte la NUEVA BMW X2 20i MSport 2025 en excelente estado.Por favor con el fin de brindarte una buena atención, te invitamos a coordinar una cita previamente y así asegurarnos que la unidad de tu interés esté lista y preparada en nuestro salón.Nuestros horarios de atención son de lunes a viernes de 9:00 a 19:00hs y sábados de 10:00 a 14:00hs.Antes cualquier duda o comentario quedamos a tu entera disposición.",tienda,0,,,0
3482,15162,Audi,Q2,2024.0,40 stronic sport quattro,Blanco,Nafta,5.0,Automática,2.0,SUV,Sí,0.0,Audi Q2 2.0 40 Tfsi Stronic Sport Quattro,60000.0,US$,"Audi Q2 40 TFSI40 TFSI corresponde a un motor 2.0 de 190 cvUnidades fisicas en stock tocables, con certificado para patentar.Podes retirar en cualquiera de nuestras sucursales-Quilmes-La PlataO te enviamos tu auto a tu domicilio.Tomamos permutas al mejor precioMejoramos cualquier presupuestoEquipamiento opcional incluidoPorton del maletero de apertura y cierre lectricosAudi phone boxAntenna amplifierEquipamiento de serie- Climatizador automático confort- Drive Select- Control de velocidad crucero con limitador de velocidad- Techo corredizo panorámico- Audi Virtual Cockpit- Keyless entry- Audi smartphone interface compatible con Android Auto y Apple CarPlay- Llantas de aleación en diseño dinámico 5 brazos, Gris Grafito, R18- Respaldo del asiento trasero abatible 60/40- Volante de cuero en diseño de 3 radios con multifunción plus y levas de cambio- Sensores de estacionamiento delanteros y traseros con cámara de marcha atrás- Luces delanteras y traseras en tecnología LED- Audi Sound System- Rueda de repuesto de espacio reducido- 2 puertos USB delanteros- Navegador incorporado- Asientos tapizados en leatherette- Airbag para conductor y acompañante frontales y laterales, y sistema de airbags para la cabeza- Asiento del acompañante ajustable en altura.El precio publicado no incluye gastos de flete, ni formularios ni gastos administrativos.",tienda,1,,,0
3495,4702,Ford,Bronco Sport,2025.0,ecoboost badlands,Negro,Nafta,5.0,Automática,2.0,SUV,,0.0,Ford Bronco Sport 2.0 Ecoboost 4Wd Badlands At8,54500.0,US$,"0km entrega inmediata.Tomamos tu auto.Herrera Automóviles, José León Pagano 2800 detrás del A.C.A de la av. Del Libertador y Tagle.Con mas de 50 años de permanencia en el mercado del automotor. Sabemos muy bien lo que hacemos.Estacionamiento para clientes",concesionaria,0,,4x4,0
3515,532,Haval,Jolion,2025.0,supreme,Gris,Nafta,5.0,Automática secuencial,1.5,SUV,,0.0,Haval Jolion 1.5t Supreme  0km 2025,33000.0,US$,"GWM Haval Jolion Supreme - SUV Premium de Última GeneraciónValor de la unidad U$ 33.000Descubrí la nueva Haval Jolion Supreme, una SUV que combina diseño moderno, tecnología avanzada y un nivel de confort superior. Ideal para quienes buscan elegancia, seguridad y potencia en cada viaje.Características destacadas:• Motor 1.5L Turbo de alto rendimiento• Caja automática de doble embrague (DCT)• Pantalla multimedia de 12,3” con conectividad Apple CarPlay y Android Auto• Control crucero adaptativo (ACC)• Asistente de mantenimiento de carril y frenado autónomo de emergencia (AEB)• Techo panorámico, tapizados de cuero y detalles premiumGarantía oficial de fábrica y respaldo postventa en todo el país.AutoSmart - Grupo Dattoli, concesionario oficial con más de 15 años de experiencia en el mercado automotor, te ofrece atención personalizada, financiación a medida y entrega inmediata.Consultanos hoy mismo y agendá tu test drive.",tienda,1,,,0
3517,472,Hyundai,Creta,2025.0,safety +,Gris,Nafta,5.0,Automática secuencial,1.5,SUV,,0.0,Hyundai Creta 1.5 At Safety +,35000.0,US$,CONCESIONARIO HYUNDAI STRIANESE OFICIAL HYUNDAI NEW CRETA SAFETY + 1.5 16v CVT 0KM 2025 Valor u$s35.000.- + Gastos entrega (contamos con entrega inmediata Mayo 2025)ASESOR COMERCIAL FRANCISCO - 11 61918328 -TOMAMOS USADOS EN PARTE DE PAGO,concesionaria,0,,,0
3569,8065,Kia,Sportage,2025.0,t-gdi x-line,Blanco,Nafta,5.0,Automática,1.6,SUV,Sí,0.0,Kia Sportage 1.6 T-Gdi X-Line Awd,55900.0,US$,"Bienvenido a Kia AutoDrive//Concesionario OficialTu próxima aventura te espera en esta Kia Sportage X-line 4x4!Equipada con tracción en las cuatro ruedas, esta SUV te llevará a donde quieras. Disfruta de su diseño exterior audaz, su interior premium con tecnología de última generación y un rendimiento en carretera excepcional. ¡Perfecta para aquellos que buscan aventura y comodidad!// Financiación a tu medida:- Plan Uva Banco SupervielleSin Quebranto Tasa UVA 15.9%- Por $ 30.000.000- Devuelve :12 x $2.803.80024 x $1.550.70036 x $1.136.70048 x $932.10060 x $811.200Sin Quebranto Tasa Fija 43,9%- Por $ 30.000.000- Devuelve :12 x $3.266.70018 x $2.438.40024 x $2.035.80036 x $1.655.10048 x $1.484.70060 x $1.396.800// 5 años o 100.000 km Garantía// Consultar mejor precio cash de Argentina !¡Y eso no es todo!// Tomamos tu usado al mejor precio del mercado.//Te ofrecemos la atención personalizada que te merecés.¡No pierdas esta oportunidad única! Visitanos en Kia AutoDrive y llevá la Kia Sportage.",tienda,1,,4x4,0
3596,5557,BAIC,X55,2025.0,plus,Negro,Nafta,5.0,Automática,1.5,SUV,,0.0,BAIC X55 1.5 Plus,45700.0,US$,"**Mb Autos S.A Baic **** Nueva Baic X55 II Plus  1.5T 7Dct 0 km 2025 **Varios Colores para entrega inmediata!!Nuestras opciones de compra:* Contado.* Financiado (hasta 70% - cuotas fijas y en pesos).*Tomamos permutas al mejor valor del mercado.¡Entrega Inmediata!Nos distinguimos por:- Amplio stock y variedad de colores.- Servicio Post - Venta.- La mejor asesoría con personal altamente calificado.7 Años de Garantía o 100.000 Km."""" No pierda ésta oportunidad """"Precio Insuperable.¡Consulte o Visítenos!",tienda,0,,,0
3657,642,Audi,Q3 Sportback,2024.0,40tfsi quattro sportback,,Nafta,5.0,Automática,2.0,SUV,,0.0,Audi Q3 Sportback 2.0 40tfsi Quattro Sportback 220cv,79800.0,US$,El vendedor no incluyó una descripción del producto,concesionaria,1,220.0,,0
3691,6674,Toyota,Corolla Cross,2025.0,hev seg ecvt,Gris,Híbrido/Nafta,5.0,Automática,1.8,SUV,Sí,0.0,Toyota Corolla Cross 1.8 Hev Seg Ecvt,78000.0,US$,"KANSAI - Concesionario Oficial Toyota Nº1 en Ventas en Argentina por 25 Años Consecutivos.LA MEJOR POSVENTA DEL PAÍS.*****UNIDAD BLINDADA******CONSULTAR DISPONIBILIDAD, NUESTROS ASESORES ESTÁN A SU DISPOSICIÓN PARA BRINDARLE ATENCIÓN PERSONALIZADA EN BASE A SU CONSULTA.¡EXCELENTES CONDICIONES POR COMPRA AL CONTADO!Tomamos tu USADO al mejor precio del mercado. ¡COMPROBALO!Además, tenemos las mejores opciones de financiación para adquirir tu 0km:ANTICIPOS DESDE 30%.HASTA 72 CUOTAS FIJAS EN PESOS.LEASING PARA EMPRESAS Y RESPONSABLES INSCRIPTOS.PLANES DE AHORRO.PLANES ADJUDICADOS – CARTERA PROPIA.NOS ENCONTRAMOS EN AV RIVADAVIA 6102 – CABALLITO CONTAMOS CON ESTACINAMIENTO SIN CARGO.EZEQUIEL FARUT – ASESOR COMERCIAL TOYOTA KANSAI",tienda,0,,,1
3699,13209,BAIC,X35,2023.0,luxury,Marrón,Nafta,5.0,Automática,1.5,SUV,Sí,0.0,BAIC X35 1.5 Luxury At,27500.0,US$,"PARA VER VIDEO DE LA UNIDAD LUEGO DE LA ÚLTIMA FOTO EN ESTE AVISO o BIEN SE LO ENVIAMOS.A NUESTROS CLIENTES Y POSIBLES CLIENTES NOTA:* NO compre Baic 0km en Agencias multimarcas o de otras marcas NO habilitadas.(evite dolores de cabeza con la Garantía).Solamente en CABA somos BAIC PALERMO. Único domicilio habilitado.Solamente en ZONA OESTE somos BAIC RAMOS MEJIA. Único domicilio habilitado.Solamente en ZONA NORTE somos BAIC VICENTE LOPEZ. Único domicilio habilitado.7 AÑOS DE GARANTÍA AVALAN LA CALIDAD DE LA MARCA.PRECIO LISTA: U$S 29.500BONIFICACIÓN U$S 2.000CONTADO: U$S 27.500NEW X35 LUXURY TURBO CVTPresentamos el SUV más potente del mercado.MOTOR 1.5 – 16v – TURBO – 148 HP DE POTENCIA.CAJA AUTOMÁTICA SECUENCIAL DE 6 MARCHAS.210 NM.ACELERACIÓN DE 0 A 100/KM: 8.9 SegMEDIDAS: Longitud 4.32 m / Ancho 1.83 m / Alto 1.64 mEQUIPAMIENTO:• Llantas 17” Diamantadas Bi Tono.• Cámara de retroceso.• Sensores de estacionamiento.• Espejos con guiños.• Faros Led completos delanteros y traseros.• Techo Panorámico con apertura eléctrica (único en nuestro mercado en su segmento).• Volante en cuero Multifunción.• Control Velocidad Crucero.• Butacas deportivas Cuero/Tela.• Encendido a Botón con llave de presencia.• Pantalla Multimedia con conectividad.• Freno de mano electrónico.• Climatizador Digital.• Paneles de puerta y tablero en cuero y aluminio.• Frenos ABS + EBD• Control de Tracción.• Control de estabilidad.• Control de Pendientes.• Control presión de neumáticos.• Volumen de Carga 390 Dm3.BAIC PALERMO / BAIC RAMOS MEJIA/ BAIC VICENTE LOPEZ--------------------------------------------PLAN FINANCIACIÓN EXCLUSIVO “BAIC PALERMO”ENTREGA INMEDIATA CON UNIDADES EN SALÓN.--------------------------------------------------------------------------------BAIC PALERMO OFRECE EL STOCK MÁS IMPORTANTE DEL PAÍS.UNIDADES PARA ENTREGA INMEDIATA.TEST DRIVE DISPONIBLE (CON TURNO).ENTREGAS A DOMICILIO.------------------------------------------------------------------------------TOMAMOS VEHÍCULOS EN PARTE DE PAGOTASAMOS VÍA WHATSAPP PARA SU MEJOR COMODIDAD SI VIVE EN EL INTERIOR.FINANCIACIÓN CON DNI HASTA EL 50% DEL VALOR DE LA UNIDAD.------------------------------------------------------------------------------7 RAZONES POR LA QUE CONFIAR EN BAIC:1) BAIC es marca Premium en China y en 48 países del Mundo.2) BAIC se encuentra en todas las provincias de Argentina y en 9 países deAmérica.3) BAIC es la única Automotriz socia de Mercedes Benz en el Mundo.4) BAIC es la única Automotriz Premium que ofrece 7 años de Garantía.5) BAIC NO es un vehículo económico Chino.6) BAIC es para el público que busca vehículos SUV DIFERENTES.7) BAIC es Diseño, Calidad, Confort, Equipamiento....y Esa Extraña sensación deFIDELIDAD.-----------------------------------------------------------------------------------* BAIC PALERMO - CASA CENTRAL -AV. CÓRDOBA 6102 - C.A.B.A. -- SERVICIO POST VENTAECHEVERRIA 1050 - C.A.B.A. -* BAIC RAMOS MEJIA- ZONA OESTE -AV RIVADAVIA 14.882 - RAMOS MEJIA-SERVICIO POST VENTA* BAIC VICENTE LOPEZ - ZONA NORTE -AV. LIBERTADOR 550 - VICENTE LOPEZ -- SERVICIO POST VENTAECHEVERRÍA 1050 - C.A.B.A. -NRO 1 EN VENTASBRINDANDO SERIEDAD Y PROFESIONALISMO A LA MARCA.",tienda,0,148.0,,0
3707,8437,Audi,Q8,2025.0,55 quattro,Blanco,Mild Hybrid,5.0,Automática,3.0,SUV,,0.0,Audi Q8 3.0 55 Tfsi Quattro,168900.0,US$,"AUDI Q8 55 TFSI V6 3.0 TIPTRONIC QUATTRO 340cv55 TFSI corresponde al motor de V6 3.0 TFSI 340cvColor: BlancoCon adicionales;- BARRAS LONGITUDINALES DEL TECHO EN NEGRO- CARCASAS DE RETROVISORES EXTERIORES EN NEGRO- PAQUETE DE óPTICA NEGRO PLUS- PAQUETE EXTERIOR S LINE(Equipamiento de serie)- Audi virtual cockpitplus- Techo corredizo panorámico- Suspensión neumática adaptativa Sport- Paquete deportivo exterior e interior S line- Luces MatrixLED con intermitentes dinámicos- Climatizador automático de confort de 4 zonas- Acceso sin llave con servocierre para las puertas- Asientos tapizados en combinación microfibra / cuero con grabado S- Audi smartphone interface compatible con Apple y Android- Sistema de sonido de alta calidad Bang& Olufsen con sonido 3D- Sensores de estacionamiento delanteros y traseros con cámaras 360°- Control crucero adaptativo con aviso de salida del carril y alerta de punto ciego- Asientos delanteros deportivos, calefaccionados, eléctricos, con memoria para el conductor- Volante de cuero deportivo de 3 radios, achatado, multifunción, con levas de cambio.Concesionario Número #1 de la Argentina-- Tomamos todos los usados al mejor precio.-- Mejoramos cualquier oferta.Audi Buenos AiresAv. Rivadavia 4751, CABAAv. Juan B. Alberdi 53, CABA-- ¡Esperamos tu consulta!El precio publicado no incluye gastos de Flete, ni Formularios ni gastos Administrativos.Foto no contractual. Corresponde al modelo del título de la descripción. Equipamiento según versión. Precio puede variar sin previo aviso.El precio publicado corresponde a un pago de contado.",tienda,1,,,0
3783,3573,Jeep,Compass,2025.0,t270 serie-s,Negro,Nafta,5.0,Automática,1.3,SUV,,0.0,Jeep Compass 1.3 T270 Serie-S 4X2 At6,40500.0,US$,"Motor:Tipo: T270 1.3 Turbo AlimentadoCilindrada: 1332 ccPotencia: 175 CV / 129 kW a 5750 rpmTorque: 270 Nm a 1850 rpmAlimentación: Inyección directa turboCilindros: 4 en líneaCombustible: NaftaTransmisión:Tipo: AutomáticaVelocidades: 6Tracción: Delantera (4x2)Dimensiones:Neumáticos: 235/45/R19Otras dimensiones como el largo exacto pueden variar ligeramente, se recomienda verificar la ficha técnica oficial.Prestaciones (aproximadas):Velocidad máxima: 191,5 km/hConsumo promedio: 12,2 km/lEquipamiento Destacado (además del equipamiento base del Compass):Llantas oscurecidas de 19""Parrilla oscurecidaMolduras inferiores color carroceríaFaros delanteros y traseros LEDTecho solar panorámico eléctrico con black-outAsientos tapizados en cuero ecológico (o similar)Central multimedia Uconnect® con pantalla táctil de 10.1"" (puede variar)Apple CarPlay® y Android Auto® (inalámbrico en algunas versiones)Cargador de celular inalámbricoSistema de audio Premium (posiblemente Beats®)Asistente de estacionamiento semi-automático (Park Assist®)Control de velocidad crucero adaptativoSistemas ADAS (asistencia avanzada a la conducción) como advertencia de colisión con autofrenado, alerta de punto ciego, etc.Seguridad:Múltiples airbags (frontales, laterales, cortina, rodilla para el conductor)ABS con EBDControles de estabilidad (ESC) y tracción (TCS)Asistencia de arranque en pendienteAnclajes ISOFIXAlarma e inmovilizadorSensores de estacionamiento traseros (y posiblemente delanteros)Cámara de retrocesoPrecio (referencial a febrero de 2025 en Argentina):Alrededor de ARS 43.607.000 (puede variar según el concesionario y el momento de la compra). Otro precio referencial encontrado es de ARS 45.148.000 (vigente hasta abril 2025).Novedades del Modelo 2025:Unificación del motor: Todas las versiones (incluida la Serie S) ahora vienen con el motor T270 1.3 Turbo.Cambios estéticos sutiles: Principalmente en la parrilla y diseño de llantas.Nuevos faros LED: Delanteros y traseros en todas las versiones.",concesionaria,1,175.0,4x2,0
3792,5145,Toyota,Corolla Cross,2025.0,hev seg ecvt,Gris,Híbrido/Nafta,5.0,Automática,1.8,SUV,Sí,0.0,Toyota Corolla Cross 1.8 Hev Seg Ecvt,78000.0,US$,TOYOTA KANSAINº1 EN VENTAS EN ARGENTINA POR 25 AÑOS CONSECUTIVOSLA MEJOR POST VENTA DEL PAÍSUNIDAD BLINDADA RB3UNIDAD EN STOCK CON ENTREGA INMEDIATATomamos tu USADO al mejor precio del mercado. ¡COMPROBALO!Asesor Comercial: DANIEL RETTAEscribime o llamame cuando gustesEstoy para ayudarte(Favor de no reservar por Mercado Libre),tienda,0,,,0
3818,7025,Porsche,Macan,2025.0,electric,Blanco,Eléctrico,5.0,Automática,,SUV,Sí,0.0,Porsche Macan Turbo Electric (g4) - Porsche Argentina,234000.0,US$,"En Nordenwagen S.A. somos el único importador y distribuidor exclusivo de Porsche para Argentina y Uruguay desde hace 32 años. Transmitimos el ADN Porsche, historia y valores de la marca; Perseguimos el entusiasmo del cliente con nuestros productos y servicios, la innovación y la sustentabilidad, abordando temas como la electro movilidad y el desarrollo de la red de cargas para vehículos eléctricos.Comercializamos vehículos nuevos y de re-estreno bajo el programa Porsche Approved, con asesores capacitados y certificados por Porsche AG.IMPORTANTE: EL PRECIO Y FOTOS DEL VEHÍCULO EXPUESTO EN LA PUBLICACIÓN CORRESPONDEN AL MODELO ENTRADA DE GAMA, Y SIN OPCIONALES SELECCIONADOS. (*IMÁGENES DE CARÁCTER ILUSTRATIVO*)- UNIDADES DE STOCK PROPIO PARA CONFIGURAR - PRUEBE NUESTRO CONFIGURADOR EN LA PÁGINA OFICIAL PORSCHE PARA SELECCIÓN DE COLORES, Y GRAN VARIEDAD DE OPCIONALESPORSCHE LANZA SU SEGUNDO MODELO TOTALMENTE ELÉCTRICO: EL NUEVO MACAN, CON MOTORES DE HASTA 639 CV (470 KW), OFRECE CARACTERÍSTICAS E-PERFORMANCE EN CUALQUIER TERRENO Y UNA ELEVADA VERSATILIDAD PARA EL USO DIARIO. LAS PRESTACIONES DE UN DEPORTIVO SE COMBINAN CON UNA CARGA RÁPIDA DE ALTO RENDIMIENTO, DE HASTA 270 KW, Y CON UNA AUTONOMÍA QUE LLEGA A 613 KILÓMETROS EN EL CICLO WLTP.DIEZ AÑOS DESPUÉS DE SU LANZAMIENTO, EL PORSCHE MACAN SE DIRIGE HACIA SU SEGUNDA GENERACIÓN, AHORA CON PROPULSIÓN CIEN POR CIEN ELÉCTRICA. CON LOS NUEVOS MACAN 4 Y MACAN TURBO, PORSCHE QUIERE SATISFACER POR COMPLETO LAS EXPECTATIVAS DE SUS CLIENTES QUE ELIGEN UN SUV. ESTO ES POSIBLE GRACIAS A UN DISEÑO EVOLUCIONADO Y ATEMPORAL, A LAS PRESTACIONES CARACTERÍSTICAS DE LOS MODELOS DE LA MARCA, A SU AUTONOMÍA PARA LARGOS RECORRIDOS Y A SU GRAN FUNCIONALIDAD EN EL DÍA A DÍA. PORSCHE UTILIZA EXCLUSIVAMENTE LA ÚLTIMA GENERACIÓN DE MOTORES ELÉCTRICOS DE IMANES PERMANENTES (PSM) EN LOS EJES DELANTERO Y TRASERO. GRACIAS A ELLO LOGRA UNA EFICIENCIA EXCELENTE Y HACE POSIBLE QUE LAS PRESTACIONES SE PUEDAN REPETIR DE FORMA ÓPTIMA UNA Y OTRA VEZ. LAS CIFRAS INDICAN POR SÍ MISMAS UN RENDIMIENTO DE PRIMERA: EN COMBINACIÓN CON EL LAUNCH CONTROL, EL MACAN 4 GENERA HASTA 408 CV (300 KW) DE POTENCIA EN MODO OVERBOOST, MIENTRAS QUE EL MACAN TURBO LLEGA HASTA 639 CV (470 KW). EL PAR MÁXIMO ES DE 650 Y 1.130 NM, RESPECTIVAMENTE, LO QUE GARANTIZA UNAS MAGNÍFICAS PRESTACIONES. EL MACAN 4 ACELERA DE 0 A 100 KM/H EN 5,2 SEGUNDOS, MIENTRAS QUE EL MACAN TURBO SOLO TARDA 3,3 SEGUNDOS. LAS DOS VERSIONES ALCANZAN UNA VELOCIDAD MÁXIMA DE 220 Y 260 KM/H, RESPECTIVAMENTE.NUEVA PLATAFORMA ELÉCTRICA PREMIUM (PPE) CON ARQUITECTURA DE 800 VOLTIOSLOS MOTORES ELÉCTRICOS OBTIENEN SU ENERGÍA DE UNA BATERÍA DE IONES DE LITIO SITUADA EN LOS BAJOS DE LA CARROCERÍA, CON UNA CAPACIDAD BRUTA DE 100 KWH, DE LOS CUALES PUEDEN UTILIZARSE ACTIVAMENTE HASTA 95 KWH. LA BATERÍA DE ALTA TENSIÓN (HV) ES UN COMPONENTE CENTRAL DE LA PLATAFORMA ELÉCTRICA PREMIUM (PPE) CON ARQUITECTURA DE 800 VOLTIOS DE NUEVO DESARROLLO, QUE PORSCHE UTILIZA POR PRIMERA VEZ EN EL MACAN. LA POTENCIA DE CARGA CON CORRIENTE CONTINUA (CC) LLEGA HASTA 270 KW. LA BATERÍA PUEDE CARGARSE DEL 10 % AL 80 % EN APROXIMADAMENTE 21 MINUTOS EN UNA ESTACIÓN DE CARGA RÁPIDA ADECUADA. EN ESTACIONES DE 400 VOLTIOS, UN CONMUTADOR DE ALTA TENSIÓN PERMITE LA CARGA POR SECCIONES PORQUE DIVIDE EN DOS LA BATERÍA DE 800 VOLTIOS, CADA UNA CON UNA TENSIÓN NOMINAL DE 400 VOLTIOS. ESTO HACE ESPECIALMENTE EFICIENTE LA CARGA DE HASTA 135 KW, SIN NECESIDAD DE UN TRANSFORMADOR DE ALTA TENSIÓN ADICIONAL. LA CARGA DOMÉSTICA CON CORRIENTE ALTERNA (CA) PUEDE ALCANZAR LOS 11 KW. LOS MOTORES ELÉCTRICOS PUEDEN RECUPERAR HASTA 240 KW DE ENERGÍA DURANTE LA MARCHA. EL SISTEMA INTEGRATED POWER BOX (IPB) TAMBIÉN CONTRIBUYE A LA EFICIENCIA DE LOS NUEVOS MODELOS MACAN, AL TIEMPO QUE AHORRA PESO Y ESPACIO. EL INNOVADOR Y COMPACTO IPB COMBINA TRES COMPONENTES: EL CARGADOR INSTALADO DE CA, EL CALENTADOR DE ALTA TENSIÓN Y EL TRANSFORMADOR CC/CC. LA AUTONOMÍA COMBINADA WLTP PUEDE ALCANZAR LOS 613 KILÓMETROS EN EL MACAN 4 Y LOS 591 KM EN EL MACAN TURBO.PROPORCIONES DEPORTIVAS Y LÍNEAS DE COUPÉGRACIAS A LAS PROPORCIONES MÁS ESTILIZADAS Y AL ADN PORSCHE DESIGN, EL NUEVO MACAN TIENE UN ASPECTO DINÁMICO Y CON CARÁCTER. LA SUAVE INCLINACIÓN DEL CAPÓ Y LAS ALETAS MUY PRONUNCIADAS CONFIEREN A ESTE SUV UN ASPECTO ATLÉTICO, INCLUSO CUANDO ESTÁ PARADO. MIDE 4.784 MILÍMETROS DE LARGO, 1.938 MM DE ANCHO Y 1.622 MM DE ALTO. EL NUEVO MACAN ESTÁ EQUIPADO CON LLANTAS DE HASTA 22 PULGADAS, CON NEUMÁTICOS DE DISTINTA ANCHURA EN CADA EJE. LA DISTANCIA ENTRE EJES, 86 MM MAYOR QUE EN EL MODELO ANTERIOR (2.893 MM), SE COMPENSA CON VOLADIZOS CORTOS DELANTE Y DETRÁS. LOS GRUPOS ÓPTICOS ESTÁN DIVIDIDOS EN DOS PARTES: LA UNIDAD SUPERIOR PLANA CON LUCES DIURNAS DE CUATRO PUNTOS ESTÁ INTEGRADA EN LAS ALETAS Y ACENTÚA LA ANCHURA DEL COCHE; EL MÓDULO DE LOS FAROS PRINCIPALES, OPCIONALMENTE CON TECNOLOGÍA MATRIX LED, ESTÁ SITUADO LIGERAMENTE MÁS ABAJO EN EL FRONTAL. LA CARACTERÍSTICA FLYLINE DE PORSCHE FORMA UNA UNIDAD CON LA LUNETA TRASERA PLANA. EN COMBINACIÓN CON LAS VENTANILLAS SIN MARCO Y LAS ALETAS LATERALES, EL RESULTADO ES UN DISEÑO ELEGANTE Y DEPORTIVO. LOS HOMBROS FUERTEMENTE PRONUNCIADOS CONFIEREN A LA ZAGA UN ASPECTO MUSCULOSO. EL LOGO PORSCHE SE SITÚA AHORA EN EL CENTRO DE LA ESCULTURAL BANDA LUMINOSA EN 3D.AERODINÁMICA ACTIVA Y PASIVA PARA UNA MAYOR AUTONOMÍAPORSCHE COMBINA SU ADN DE DISEÑO CON UNA AERODINÁMICA OPTIMIZADA PARA MEJORAR LA AUTONOMÍA. GRACIAS AL SISTEMA PORSCHE ACTIVE AERODYNAMICS (PAA), CON ELEMENTOS ACTIVOS Y PASIVOS, Y UN COEFICIENTE DE RESISTENCIA AL AVANCE DE 0,25, EL NUEVO MACAN ES UNO DE LOS SUV MÁS AERODINÁMICOS DEL MERCADO, LO QUE TIENE EFECTOS POSITIVOS EN LA AUTONOMÍA Y EL CONSUMO. EL SISTEMA PAA INCLUYE EL SPOILER TRASERO ADAPTATIVO, ALETAS DE REFRIGERACIÓN ACTIVAS EN LAS TOMAS DE AIRE DELANTERAS Y CUBIERTAS FLEXIBLES EN LOS BAJOS TOTALMENTE SELLADOS. LOS DEFLECTORES SITUADOS BAJO EL MÓDULO DE LOS FAROS Y EL FRONTAL REBAJADO OPTIMIZAN EL FLUJO DE AIRE. EN LA PARTE TRASERA, LOS BORDES LATERALES Y EL DIFUSOR DE LAMAS GARANTIZAN LA EFICIENCIA AERODINÁMICA.DOS MALETEROS Y MAYOR ESPACIO INTERIOR.DEPENDIENDO DE LA VERSIÓN Y DEL EQUIPAMIENTO INSTALADO, LA CAPACIDAD TRAS EL ASIENTO POSTERIOR LLEGA HASTA 540 LITROS (MODO DE CARGA). ADEMÁS, EXISTE EL FRUNK, UN SEGUNDO MALETERO BAJO EL CAPÓ, CON UNA CAPACIDAD DE 84 LITROS. ESTO SUPONE 127 LITROS MÁS QUE EL MODELO ANTERIOR. SI EL RESPALDO DEL ASIENTO TRASERO SE ABATE POR COMPLETO, EL VOLUMEN DE LA ZONA DE CARGA POSTERIOR AUMENTA HASTA 1.348 LITROS. LA CAPACIDAD MÁXIMA DE REMOLQUE DE 2.000 KILOGRAMOS SE SUMA A LAS CUALIDADES PRÁCTICAS DEL NUEVO MACAN.DEPENDIENDO DE LA VERSIÓN Y DEL EQUIPAMIENTO, EL CONDUCTOR Y EL ACOMPAÑANTE SE SIENTAN AHORA HASTA 28 MM MÁS ABAJO QUE ANTES, MIENTRAS QUE LOS PASAJEROS TRASEROS ESTÁN 15 MM MÁS ABAJO Y TIENEN MAYOR ESPACIO PARA LAS PIERNAS. EL INTERIOR ES INCONFUNDIBLEMENTE PORSCHE: LA ANCHURA DEL PUESTO DE CONDUCCIÓN SE ACENTÚA CON UN PANEL NEGRO INTEGRADO. EL DISEÑO ASCENDENTE DE LA CONSOLA CENTRAL AUMENTA LA IMPRESIÓN DE UNA POSICIÓN BAJA Y CENTRADA EN LAS PRESTACIONES DEL VEHÍCULO. AL MISMO TIEMPO, LAS VENTANILLAS DE GRAN TAMAÑO APORTAN UNA SENSACIÓN DE LUMINOSIDAD Y AMPLITUD A LOS OCUPANTES. ADEMÁS DE LAS MODERNAS INTERFACES DE USUARIO DIGITALES, TAMBIÉN HAY ALGUNOS ELEMENTOS DE CONTROL ANALÓGICOS, POR EJEMPLO, EN LAS SALIDAS DE VENTILACIÓN Y LOS MANDOS DE LA CLIMATIZACIÓN. UNA TIRA DE LUCES LED ESTÁ INTEGRADA EN EL EMBELLECEDOR DEL HABITÁCULO Y LAS PUERTAS. ACTÚA COMO ILUMINACIÓN AMBIENTAL Y COMO LUZ DE COMUNICACIÓN. DEPENDIENDO DE LA SITUACIÓN, PROPORCIONA INFORMACIÓN O AVISOS, POR EJEMPLO, PARA SALUDAR DURANTE LOS PROCESOS DE CARGA O EN COMBINACIÓN CON LOS SISTEMAS DE ASISTENCIA AL CONDUCTOR. EL EQUIPAMIENTO DEL NUEVO MACAN PERMITE UN ALTO GRADO DE PERSONALIZACIÓN.PORSCHE TAMBIÉN SE HA PROPUESTO UTILIZAR MATERIALES MÁS ECOLÓGICOS EN SUS COCHES. UNA PARTE DE ELLOS ESTÁN PRESENTES EN ELEMENTOS SELECCIONADOS DEL INTERIOR DEL MACAN ELÉCTRICO.EXPERIENCIA DE CONDUCCIÓN: GRAN POTENCIA INFORMÁTICA Y CONECTIVIDADEL MACAN ESTÁ EQUIPADO CON EL CONCEPTO DE VISUALIZACIÓN Y MANEJO DE ÚLTIMA GENERACIÓN, CON HASTA TRES PANTALLAS, INCLUYENDO LA INSTRUMENTACIÓN INDEPENDIENTE DE 12,6 PULGADAS CON DISEÑO CURVO Y LA PANTALLA CENTRAL DE 10,9 PULGADAS. COMO NOVEDAD, EL PASAJERO DELANTERO, CON SU PROPIO DISPLAY OPCIONAL DE 10,9 PULGADAS, PUEDE VER INFORMACIÓN, AJUSTAR LA CONFIGURACIÓN DEL SISTEMA DE INFOENTRETENIMIENTO O REPRODUCIR CONTENIDOS DE VÍDEO DURANTE LA MARCHA. POR PRIMERA VEZ, EL SISTEMA PORSCHE DRIVER EXPERIENCE TAMBIÉN INCLUYE UN HEAD-UP DISPLAY CON TECNOLOGÍA DE REALIDAD AUMENTADA. ELEMENTOS VIRTUALES COMO LAS FLECHAS DE NAVEGACIÓN SE INTEGRAN VISUALMENTE A LA PERFECCIÓN EN EL MUNDO REAL. LA IMAGEN APARECE ANTE EL CONDUCTOR A UNA DISTANCIA DE 10 METROS Y EQUIVALE A LA DE UNA PANTALLA DE 87 PULGADAS.EL SISTEMA DE INFOENTRETENIMIENTO DE NUEVA GENERACIÓN SE BASA EN ANDROID AUTOMOTIVE OS. EL SISTEMA PORSCHE COMMUNICATION MANAGEMENT (PCM), DE SERIE EN EL NUEVO MACAN, LLEVA EL RENDIMIENTO INFORMÁTICO A UN NUEVO NIVEL. POR EJEMPLO, EL ASISTENTE DE VOZ “HEY PORSCHE” SUGIERE MUY RÁPIDAMENTE RUTAS, INCLUIDAS LAS PARADAS DE CARGA. EN EL NUEVO PORSCHE APP CENTRE, LOS PASAJEROS PUEDEN ACCEDER DIRECTAMENTE A APLICACIONES POPULARES DE TERCEROS PROVEEDORES E INSTALARLAS DIRECTAMENTE EN EL NUEVO MACAN.PRIMER MACAN CON DIRECCIÓN EN EL EJE TRASERO Y AMORTIGUADORES DE DOS VÁLVULASPORSCHE HA DESARROLLADO EL MACAN CENTRÁNDOSE EN LA DINÁMICA PROPIA DE LA MARCA Y EN UN TACTO DE LA DIRECCIÓN INCONFUNDIBLE. TANTO EL MACAN 4 COMO EL MACAN TURBO TIENEN TRACCIÓN TOTAL. LOS DOS MOTORES ELÉCTRICOS SE CONTROLAN A TRAVÉS DE LA ELECTRÓNICA DE POTENCIA CASI EN TIEMPO REAL. EL SISTEMA PORSCHE TRACTION MANAGEMENT (EPTM), CONTROLADO ELECTRÓNICAMENTE, FUNCIONA UNAS CINCO VECES MÁS RÁPIDO QUE UNA TRACCIÓN INTEGRAL CONVENCIONAL Y PUEDE RESPONDER AL DESLIZAMIENTO EN 10 MILISEGUNDOS. ADEMÁS, LA DISTRIBUCIÓN DE LA TRACCIÓN TOTAL SE RIGE POR EL PROGRAMA DE CONDUCCIÓN SELECCIONADO. EL PORSCHE TORQUE VECTORING PLUS (PTV PLUS), UN BLOQUEO DE DIFERENCIAL CONTROLADO ELECTRÓNICAMENTE EN EL EJE TRASERO, TAMBIÉN CONTRIBUYE A LA TRACCIÓN, LA ESTABILIDAD DE MARCHA Y EL DINAMISMO LATERAL DEL MACAN TURBO. LAS VERSIONES MACAN CON SUSPENSIÓN NEUMÁTICA, DE SERIE EN EL TURBO, ESTÁN EQUIPADAS CON EL CONTROL ELECTRÓNICO DE LA AMORTIGUACIÓN PORSCHE ACTIVE SUSPENSION MANAGEMENT (PASM). TAMBIÉN PUEDE COMBINARSE OPCIONALMENTE CON LA SUSPENSIÓN DE MUELLES DE ACERO. ADEMÁS, EL PASM DISPONE AHORA DE AMORTIGUADORES CON TECNOLOGÍA DE DOS VÁLVULAS. GRACIAS AL MAPA DE AMORTIGUACIÓN MÁS AMPLIO, SE CONSIGUE UN MARGEN MAYOR ENTRE CONFORT Y ESTABILIDAD. ESTO HACE QUE LAS DIFERENCIAS ENTRE LOS PROGRAMAS SEAN AÚN MÁS TANGIBLES.POR PRIMERA VEZ, EL MACAN DISPONE DE DIRECCIÓN OPCIONAL EN EL EJE TRASERO, CON UN ÁNGULO DE GIRO MÁXIMO DE CINCO GRADOS. PERMITE UN REDUCIDO DIÁMETRO DE GIRO DE 11,1 METROS EN EL TRÁFICO URBANO Y AL MANIOBRAR, AL TIEMPO QUE OFRECE UNA ESTABILIDAD EXCEPCIONAL A VELOCIDADES MÁS ALTAS, COMPLEMENTADA POR LA DIRECCIÓN SENSIBLE Y PRECISA DEL EJE DELANTERO POR LA QUE LA MARCA ES CONOCIDA.CARACTERÍSTICAS TÉCNICAS (DATOS OFICIALES SEGÚN PORSCHE AG):- POTENCIA HASTA (KW): 430 KW- AUMENTO SOBRE PODER CON CONTROL DE LANZAMIENTO HASTA (KW): 470 KW- AUMENTO SOBRE PODER CON CONTROL DE LANZAMIENTO HASTA (PS): 639 PS- MÁXIMO TORQUE CON CONTROL DE LANZAMIENTO: 1.130 NM- MÁXIMO TORQUE DE RUEDA CON CONTROL DE LANZAMIENTO: 10.232 NM- CONSUMO ELÉCTRICO COMBINADO: 17,2 KWH/100 KM- VELOCIDAD MÁXIMA: 260 KM/H- ACELERACIÓN 0 - 100 KM/H CON CONTROL DE LANZAMIENTO: 3,3 S- ACELERACIÓN 0 - 160 KM/H CON CONTROL DE LANZAMIENTO: 7,4 S- ACELERACIÓN 0 - 200 KM/H CON CONTROL DE LANZAMIENTO: 11,7 S- ACELERACIÓN (80-120 KM/H) (50-75 MPH) CON CONTROL DE LANZAMIENTO: 2,0 S",tienda,1,639.0,,0
3834,1255,BAIC,X35,2025.0,luxury,Azul,Nafta,5.0,Automática,1.5,SUV,Sí,0.0,BAIC X35 1.5T Luxury Cvt,28200.0,US$,BAIC X35: El SUV que redefine el concepto del confort y el lujo.*MOTOR 1.5 – 16v – TURBO – 148 HP DE POTENCIA.*CAJA AUTOMÁTICA SECUENCIAL DE 6 MARCHAS.*Torque: 210 NM.*ACELERACIÓN DE 0 A 100/KM: 8.9 Seg*BAIC AUTOSTORE: Donde la relación precio/producto supera todas las expectativas.Destacando la Confianza en BAIC:7 razones para elegir BAIC:1 - Marca Premium con presencia global en 48 países.2 - Amplia red en Argentina y 9 países de América.3 - Socio estratégico de Mercedes Benz.4 - Líder en garantía con 7 años de cobertura.5 - Calidad superior que va más allá de lo convencional.6 - Diseño exclusivo para quienes buscan un SUV diferente.7 - Una experiencia de conducción que genera fidelidad.Confianza garantizada: 7 años de garantía respaldan la calidad de BAIC.Beneficios exclusivos:Stock permanente y entrega inmediata.Financiación hasta el 80% del valor.Tasación inmediata de tu vehículo usado.Contacto:BAIC AUTOSTORE. Concecionario OficialProximamente service oficiales de BAIC Argentina,concesionaria,1,148.0,,0
3844,1926,Audi,Q7,2024.0,tiptronic quattro,Plateado,Nafta,5.0,Automática,3.0,SUV,Sí,0.0,Audi Q7 3.0 Tfsi 333cv Tiptronic Quattro,169000.0,US$,"Audi Q7 55 TFSI QuattroMild Hybrid0km 2024Unidades fisicas en stock tocables, con certificado para patentar.Podes retirar en cualquiera de nuestras sucursales-Quilmes-La PlataO te enviamos tu auto a tu domicilio.Tomamos permutas al mejor precioMejoramos cualquier presupuestoEquipamiento opcional agregadoAudi phone boxRevestimiento de techo en tela negroSistema de Apoyo para Audi phone boxPaquete de luces ambiente plusEquipamiento destacado de serie-Tercera fila de asientos-Adaptive air suspensión-Audi Virtual cockpit plus-Techo corredizo panorámico-Bose premium sound system 3d-MMI navegación plus con MMI touch response-Tracción quattro con diferencial central autoblocante-Paquete exterior deportivo sline con spoiler de techo-Luces Matric LED con intermitentes dinámicos y lavafaros-Asientos tapizado en conbinacion cuero/cuero sintetico-limatizador automático de confort de 4 zonas con panel trasero-Llantas de aleación ligera de 5 radios en V con neumáticos 255/55 R19-Camaras delantera, trasera y en cada lateral para monitorio de entorno-Audi Smartphone interface compatible con Android Auto y Apple Carplay-Q7 V6 TFSI homologado con híbrido de 48V ( Mild Hybrid Electric Vehicle )-Audi pre sense front, Audi pre sense rear y aviso de salida involuntaria de carril-Llave confort ( acceso y arranque ) con desbloqueo del portón trasero con sensor-Asientos delanteros calefaccionados, Eléctricos y con memoria para el conductor-Control crucero adaptativo ACC con limitador, asistente de eficiencia, esquiva y giro-Aviso de cambio de carril con aviso de peligro al bajar y asistente para el trafico transversal trasero",tienda,1,333.0,,0
3889,7887,GWM,Jolion,2024.0,,Gris,Nafta,5.0,Automática,1.5,SUV,,0.0,GWM Jolion 1.5T 2Wd,29999.0,US$,HAVAL JOLION DELUXE 1.5T ATSTOCK DISPONIBLE PARA ENTREGA INMEDIATA!!!CONSULTAR POR COLORES DISPONIBLES.FINANCIACION EXCLUSIVA.TOMAMOS TU USADO.RECIBIMOS DOLARES AL MEJOR VALOR DEL MERCADO.ASESOR COMERCIALROSSI WALTER,concesionaria,1,,4x2,0
3904,5226,Hyundai,Tucson,2025.0,premium,Blanco,Nafta,5.0,Automática secuencial,,SUV,Sí,0.0,Hyundai Tucson 2WD AT Premium,48900.0,US$,"NEW TUCSON 2025 , concesionario y service oficial. reservá la tuya!",concesionaria,0,,4x2,0
3907,7078,Alfa Romeo,Stelvio,2025.0,q4 veloce,Gris,Nafta,5.0,Automática,2.0,SUV,Sí,0.0,Alfa Romeo Stelvio 2.0 280cv At Q4 Veloce,86000.0,US$,"Nuevo Alfa Romeo Stelvio Veloce Versión Motor: 2.0 Turbo 280cv Q4Modelo 2025 Coordinar con Javier 1161172684Máximo equipamiento. Maximos niveles de seguridad y asistencias para la conducción La mejor garantía del mercado, 5 años .Alfa Romeo Giulia y Stelvio son elegidos por la Scuderia Ferrari de Fórmula 1 como los vehículos oficiales de traslado para sus pilotos y personal del equipo más importante del mundo.Unidades físicas - Entrega Inmediata. Javier Barbieri - Asesor Comercial Alfa Romeo Argentina - 1161172684Nuevo punto de venta PILAR BsAs Coordinar visita",concesionaria,0,280.0,,0
3914,3639,Jeep,Wrangler,2025.0,rubicon atx,Negro,Nafta,3.0,Automática,3.6,SUV,,0.0,Jeep Wrangler 3.6 Rubicon 284hp Atx,123990.0,US$,"NORTHVILLE PILARPARA MAYOR RAPIDEZ EN LA RESPUESTA, SE VALORA CONTACTO POR WHATSAPP.FINANCIA CON BANCO MACRO $12.000.000 EN 12 CUOTAS DE $1.000.000 ( CLIENTES SELECT )GESTORIA: Nosotros nos encargamos de todo el tramite, contamos con un equipo de gestores matriculados para que de lo único que te ocupes sea de disfrutar del vehículo.SEGUROS: Tenemos los mejores convenios con las compañias lideres en el pais , te aseguramos la mejor cotizacion siempre.ACCESORIOS: personaliza tu vehículo con la mejor propuesta del mercado , productos de primeras marcas. Contamos con un taller de ploteo integral , TODOS LOS PRODUCTOS TIENEN GARANTIA ! el auto que soñas , lo hacemos realidad !!OPCIONES DE PAGO:* AL CONTADO: Paga vía transferencia bancaria o depósito.*DEJA TU AUTO COMO PARTE DE PAGO: Tomamos usados con los mejores estandares de toma , hace una operacion facil y cambia el auto que tenes por el auto que queres !*FINANCIACIÓN: Contamos con opciones de credito prendario y aseguramos a las mejores tasas del mercado ! CREDITOS UVA O CON CUOTA FIJA , vos elegis.TE INTERESO ESTE VEHICULO ? CONTACTANOS YA MISMO !!RECORDA QUE TU CONSULTA NO MOLESTA.",tienda,0,284.0,,0
3929,1883,Toyota,Corolla Cross,2025.0,hev xei ecvt,Blanco,Híbrido/Nafta,5.0,Automática,1.8,SUV,,0.0,Toyota Corolla Cross 1.8 Hev Xei Ecvt,43900.0,US$,"• VEHÍCULO EN EXCELENTE ESTADO- Amplia variedad de 0km y usados.- Permutamos tu vehículo.- Financiación prendaria bancaria con mínimos requisitos.• FINANCIACIÓN DISPONIBLE- Plazos flexibles de 12, 24, 36, 48 y 60 meses.- Disponible para vehículos 0km y usados de hasta 12 años de antigüedad.- Gestión rápida y sin complicaciones.• HORARIO DE ATENCIÓN• Lunes a viernes: 9:00 a 19:00 hs.• Sábados: 9:00 a 14:00 hs. UBICACIÓNNos encontramos en Av. Emilio Castro, a 15 cuadras de Av. General Paz - Liniers, CABA.• Consúltanos para más información y asesoramiento personalizado.DDS AUTOS",concesionaria,0,,,0
3954,4355,Jeep,Wrangler,2025.0,rubicon atx,Negro,Nafta,3.0,Automática,2.0,SUV,Sí,0.0,Jeep Wrangler 2.0 Rubicon 272Hp Atx,130000.0,US$,"Concesionario Oficial Jeep/Ram/ Chrysler/Dodge.(Disponibilidad de colores, CARBON BLACK (NEGRO) y GRANITE CRYSTAL (GRIS OSCURO).Nuestras sucursales están ubicadas en Puerto Madero y La Recova, contamos con más de 25 años de trayectoria.LOS PRECIO ESTÁN EXPRESADOS EN PESOS.El importe descrito en la publicación incluye el precio del equipamiento.No incluye los gastos administrativos ni patentamiento.Disponemos de stock para entrega inmediata.Mejoramos cualquier oferta que nos presenten, pagamos mucho mejor tu usado.Aprovecha esta oportunidad, financiación de hasta $20.000.000 a tasa 0%.Déjanos tu consulta y te asesoramos.GUINI SAConcesionario Oficial Jeep.",tienda,0,272.0,,0
3955,14123,Audi,Q7,2025.0,55 s-line quattro,Gris,Nafta,5.0,Automática,3.0,SUV,,0.0,Audi Q7 3.0 55 Tfsi S-Line Quattro 340Cv,169000.0,US$,El vendedor no incluyó una descripción del producto,concesionaria,1,340.0,,0
4029,17685,BAIC,X55,2025.0,plus,Gris,Nafta,5.0,Automática,,SUV,Sí,0.0,BAIC X55 Plus,44900.0,US$,BAIC X55 PLUSENTREGA INMEDIATALA SUV SEGMENTO C MAS EQUIPADA DEL MERCADO,concesionaria,1,,,0
4031,16446,Audi,Q5,2024.0,45 sport,Gris,Nafta,5.0,Automática,2.0,SUV,Sí,0.0,Audi Q5 2.0 45 Tfsi Sport 252cv,85003.0,US$,"Audi Q5 45 TFSI Advanced45 TFSI corresponde a motor 2.0 de 245 cvPatentamiento 2025OpcionalesRevestimiento int. del techo en tela negra Audi phone box light Reposabrazo confort delantero   Con Asistencias de manejo› Audi drive select› Audi virtual cockpit plus› Audi smartphone interface› Control de velocidad crucero› Luces delanteras y traseras LED› Tracción en las cuatro ruedas: quattro› Nueva motorización naftera con hibridación ligera (MHEV)› Pantalla central con tecnología touch y MMI Navegación plus› Retrovisores exteriores abatibles, térmicos y antideslumbrantes› Llantas diseño turbina de 5 brazos con neumáticos 235/60 R18› Sensores de estacionamiento delanteros y traseros con cámara de retroceso› Acceso y arranque sin llave con apertura y cierre eléctricos del portón trasero› Asientos delanteros eléctricos tapizados en combinación cuero / cuero sintéticoUnidades fisicas en stock tocables, con certificado para patentar.Podes retirar en cualquiera de nuestras sucursales-Quilmes-La PlataO te enviamos tu auto a tu domicilio.Tomamos permutas al mejor precioMejoramos cualquier presupuesto",tienda,1,252.0,,0
4040,15090,Jeep,Renegade,2024.0,longitude,Gris,Nafta,5.0,Automática,1.3,SUV,,0.0,Jeep Renegade 1.3T Longitude At6 Fwd,34175.0,US$,"Somos Sidway, Primer Concesionario Jeep/RAM Oficial del País. Consultá por nuestras opciones de financiación y pago al contado. Tomamos tu usado al mejor precio. Ofertas exclusivas del mes. Disponibilidad de colores. Solicitá tu TEST DRIVE Contamos con un equipo de asesores comerciales que te brindarán toda la información de manera online mediante WhatsApp o llamado telefónicio. Podrás además coordinar con ellos una videollamada para ver nuestras unidades si así lo quisieras y recibir info del vehículo. Subite a tu Jeep/RAM en Sidway con la mejor propuesta comercial y asesoramiento. SIDWAY",tienda,1,,4x2,0
4115,9565,Hyundai,Tucson,2025.0,new 1.6turbo dtc okm,Plateado,Nafta,5.0,Automática secuencial,1.6,SUV,Sí,0.0,New Tucson 4wd Turbo,58900.0,US$,New Tucson 4WD Nuevo Precio sin Impuestos Internos,concesionaria,1,,4x4,0
4120,6247,Chevrolet,Tracker,2024.0,,Gris,Nafta,5.0,Automática,1.2,SUV,,0.0,Chevrolet Tracker 1.2 Turbo At,27900.0,US$,"Contamos con más de 12 años de experiencia en el mercado.Compramos, vendemos, financiamos y consignamos vehículos en excelente estado.Tomamos en parte de pago Planes de ahorro con más de 35 cuotas.Seguí nuestras redes y entérate de las últimas novedades",tienda,1,,,0
4121,15853,BMW,X6,2025.0,40 i xdrive m sport,Negro,Nafta,5.0,Automática,,SUV,Sí,0.0,BMW X6 40 I XDRIVE M SPORT,189900.0,US$,AUTO MUNICH,concesionaria,1,,,0
4129,11089,Audi,Q3 Sportback,2025.0,40tfsi quattro,Negro,Nafta,5.0,Automática,2.0,SUV,,0.0,Audi Q3 Sportback 2.0 40Tfsi Quattro 190Cv,77000.0,US$,"EQUIPAMIENTO DESTACADO DE SERIEAudi drive selectAudi virtual cockpitTren de rodaje confortSistema de sonido AudiTecho corredizo panorámicoAsientos delanteros con ajuste eléctricoRetrovisores exteriores abatibles y térmicosClimatizador automático confort de 2 zonasAcceso y arranque sin llave, portón trasero automáticoAudi smartphone interface compatible con Apple y AndroidAsientos deportivos con regulación eléctrica y soporte lumbarAsientos tapizados en combinación de microfibra y cuero sintéticoVolante de cuero de 3 radios con multifunción plus y levas de cambioLlantas de 5 radios en Y, torneado brillante, con neumáticos 235/55 R18Luces delanteras y traseras 100% LED con intermitentes dinámicos detrásSensores de estacionamiento delanteros y traseros con cámara de marcha atrásOPCIONALES DE ESTA UNIDADLlantas, diseño de 20 radios en V, Gris Grafito 235/50 R19Los valores mencionados no incluyen gastos de flete ni formulario ni gastos administrativosContactá a la concesionaria",tienda,1,190.0,,0
4136,6890,BAIC,X55,2025.0,plus,Rojo,Nafta,5.0,Automática,,SUV,Sí,0.0,Baic X55 Plus,44900.0,US$,BAIC X55 IIENTREGA INMEDIATALA SUV SEGMENTO C MAS EQUIPADA DEL MERCADO,concesionaria,1,,,0
4148,1472,Audi,q5 sportback,2025.0,45tfsi quattro s tronic s-line,Negro,Nafta,5.0,Automática,2.0,SUV,,0.0,Audi q5 sportback 2.0 45Tfsi Quattro S Tronic S-Line 245Cv,126000.0,US$,"Audi Q5 Sportback S line Premium Black0km 2025Banqueta trasera plusADASPinzas de freno rojoPhone BoxUnidades físicas en stock tocables, con certificado para patentar.Podes retirar en cualquiera de nuestras sucursales-Quilmes-La PlataO te enviamos tu auto a tu domicilio.Tomamos permutas al mejor precioMejoramos cualquier presupuesto",tienda,1,245.0,,0
4245,12472,Toyota,SW4,2025.0,srx 7as,Gris,Diésel,5.0,Automática,2.8,SUV,,0.0,Toyota SW4 2.8 Srx 204Cv 4X4 7As At,95000.0,US$,"--------------------------------------------------------------ProglassBlind ""Defensas bien Altas""---------------------------------------------------------------TOYOTA SW4 4x4 SRX 2.8 TDI 6 AT 0 km BLINDADO RB3 360ºMarca: ToyotaModelo: SW4 4x4 SRX 2.8 TDI 6 AT Año: 2025Color exterior: Gris MetalizadoInterior: Cuero Negro NaturalCarrocería: SUVPuertas: 5Plazas: 5Potencia Máx: 204 CV a 3400 rpmPar Máx: 500 nm a 2800 rpmKilometraje: 0 KmCombustible: DieselBlindaje: RB3 360ºMas detalle:MOTOR 2.8 DE 204 CVLLANTAS DE ALEACION DE 18”FAROS TRASEROS LEDFAROS DELANTEROS BI LEDBUTACA DEL CONDUCTOR CON REGULACIÓN ELÉCTRICAAIRE ACONDICIONADO CON CLIMATIZADOR AUTOMÁTICO DIGITAL Y SALIDAS PARA PLAZAS TRASERASALERTA DE PUNTO CIEGOBUTACAS DELANTERAS CON FUNCIÓN DE VENTILACIÓNMONITOR CON CÁMARA DE ESTACIONAMIENTOSISTEMA DE AUDIO PREMIUM JBL® CON 6 PARLANTES Y SUBWOOFERSISTEMA DE ENCENDIDO POR BOTÓN (PUSH START BUTTON) Y SISTEMA DE INGRESO INTELIGENTETAPIZADO DE CUERO NATURAL Y ECOLÓGICO---------------------------------------------------------------ProglassBlind ""Defensas bien Altas""---------------------------------------------------------------CONTAMOS CON GESTORIA A CARGO DEL CLIENTE PARA FACILITAR TRAMITES DE REGISTRO Y ANMAC",concesionaria,0,204.0,4x4,0
4256,7364,Hyundai,Tucson,2025.0,ultimate,Plateado,Nafta,5.0,Automática,1.6,SUV,,0.0,Hyundai Tucson Ultimate 1.6 Turbo Dct 4wd (lili),58000.0,US$,CONCESIONARIO OFICIALTUCSON ULTIMATE 1.6 TURBO 4WDPRECIO SIN PATENTAMIENTO USD 58.000 ASESOR COMERCIAL LILIANA 1159740473,concesionaria,1,,4x4,0
4323,9861,Kia,Sportage,2024.0,ex x-line t-gdi,Gris,Nafta,5.0,Automática,1.6,SUV,Sí,0.0,Kia Sportage 1.6 Ex X-Line T-Gdi Awd,57000.0,US$,"¡Bienvenido a nuestro concesionario oficial Kia!Asesor comercial Salcedo Raúl.Unidad Física para Entrega Inmediata.No esperes más para disfrutar de tu nuevo Kia.La unidad se encuentra física y lista para entrega inmediata, sin demoras innecesarias.Formas de Pago para Unidades 0KM:Contado: La opción más rápida y sencilla.Permutas: Tomamos tu usado en forma de pago.Nota Importante:La oferta publicada corresponde al PRECIO DE CONTADO del corriente mes. Dicho importe no incluye gastos de agencia (flete, formularios, alistamiento, pre entrega, etc.) ni patentamiento.*** ¡Recorda que comercializamos en todo el pais! Por lo tanto, una vez pago el vehículo, podemos enviarte la documentación de la unidad y solo tenes que venir a buscarlo con la patente y el seguro. ***Si deseas obtener más detalles sobre cualquiera de nuestras unidades, formas de pago o si tienes alguna pregunta, no dudes en contactarnos. Estamos aquí para ayudarte a encontrar el Kia que se adapte a tus necesidades.¡Gracias por considerarnos para tu próxima adquisición de vehículo!",concesionaria,0,,4x4,0
4345,1937,Nissan,Kicks,2025.0,exclusive bitono,Blanco,Nafta,5.0,Automática,1.6,SUV,,0.0,Nissan Kicks 1.6 Exclusive Bitono Cvt,32999.0,US$,"Compra tu Nissan Kicks 0KM !Anticipo y cuotas, la mejor financiacion !Contamos con toda la linea Nissan al mejor precio !Lista para transferir, posee toda la documentación necesaria para llevártelo en el día.Tomamos tu usado al mejor precio!No aceptamos motos, cuatriciclos, terrenos etc.Estamos ubicados en Villa Devoto.Av San Martin 7118, esquina Griveo. A tan solo 300 metros de Av Gral Paz.Horarios de atención: Lunes a Viernes de 09:00 a 18:30 hsSábados de 09:00 a 15:00 hsCualquier consulta, por aca o directamente a mi whatsapp;1158952993.Axel .-",concesionaria,0,,,1
4351,14584,Ford,Bronco Sport,2025.0,badlands,,Nafta,5.0,Automática,2.0,SUV,,0.0,Ford Bronco Sport BADLANDS 2.0T,56000.0,US$,"Autos Pilar Premium te ofrece un amplio stock de más de 250 vehículos, incluyendo autos, pick-ups, SUV, motos y embarcaciones. Contamos con unidades premium en óptimas condiciones, con garantía de 3 meses, ampliable hasta 12 meses.Aceptamos múltiples formas de pago: propiedades, lotes, criptomonedas, transferencias bancarias, cheques y permutas, además de planes de financiación propios y bancarios. Nuestro objetivo es brindarte una experiencia de compra premium, respaldada por nuestra amplia oferta y flexibilidad en las transacciones.Ahora, con AP SHARE, llevamos la exclusividad a otro nivel: Accedé a vehículos de alta gama sin necesidad de compromiso con una sola unidad. Cambiá de modelo según el plan contratado, disfrutando siempre de distintos modelos con total previsibilidad. Olvidate de costos de transferencia y patentamiento. Disfrutá de un concepto innovador en Argentina, reservado para un grupo selecto. Manejá siempre algo nuevo, sin caer en la rutina.Somos Autos Pilar, somos Premium. ¡Conocenos!",concesionaria,1,,,0
4394,5156,BAIC,X55,2025.0,il,,Nafta,5.0,Automática,1.5,SUV,Sí,0.0,Baic X55 Il,36900.0,US$,BAIC X55 PLUSENTREGA INMEDIATALA SUV SEGMENTO C MAS EQUIPADA DEL MERCADO,concesionaria,1,,,0
4398,8513,Hyundai,Tucson,2024.0,tgdi tct,Azul,Nafta,5.0,Automática,1.6,SUV,Sí,0.0,Hyundai Tucson 1.6 Tgdi Tct,58000.0,US$,STOCK FISICO !!!!!YA LLEGO LO QUE ESTABAS ESPERANDO!!!!!!NEW TUCSON -MY 2025VERSION FULL 4WD 1.6 TURBOSOLO VERLA PARA QUERERLA!!YA ESTA DISPONIBLE MI NOMBRE ES FERNANDA NO DUDES EN CONSULTARME !!TODAS LAS ADAS DE SEGURIDADRECONOCIMIENTO CON HUELLA DIGITAL PARA ENCENDIDO DE MOTOR Y MULTIMEDIA ARRANQUE A DISTANCIA CUEROTECHO PANORAMICO ASIENTOS REGULABLES ELECTRONICAMENTEY MUCHISIMAS COSAS MAS ESCRIBIME Y TE PASO LA FICHA DE LAS DOS VERSIONES !!LAS FOTOS SON ILUSTRATIVAS.,concesionaria,1,,,0
4422,15789,BAIC,X55,2023.0,ii luxury,Rojo,Nafta,5.0,Automática,1.5,SUV,Sí,0.0,Baic X55 Ii Luxury Turbo - 2025 - Baic Palermo -,38900.0,US$,"PARA VER VIDEO DE LA UNIDAD LUEGO DE LA ÚLTIMA FOTO EN ESTE AVISO o BIEN SE LO ENVIAMOS.A NUESTROS CLIENTES Y POSIBLES CLIENTES NOTA:* NO compre Baic 0km en Agencias multimarcas o de otras marcas NO habilitadas.(evite dolores de cabeza con la Garantía).Solamente en CABA somos BAIC PALERMO. Único domicilio habilitado.Solamente en ZONA OESTE somos BAIC RAMOS MEJÍA. Único domicilio habilitado.Solamente en ZONA NORTE somos BAIC VICENTE LOPEZ. Único domicilio habilitado.7 AÑOS DE GARANTÍA AVALAN LA CALIDAD DE LA MARCA.PRECIO LISTA: U$S 40.900.- (Dolar estadounidense)BONIFICACION: - U$S 2.000.-VALOR FINAL: U$S 38.900.- (SOLO CONTADO)NUEVA X55 IIPresentamos el SUV más DEPORTIVO Y PREMIUM del mercado.MOTOR 1.5 – TURBO – 185 HP DE POTENCIA.CAJA DE 7 MARCHAS CON DOBLE EMBRAGUE (Prestación deportiva)310 NM.ACELERACIÓN DE 0 A 100/KM: 7.8 SegVELOCIDAD MÁXIMA: 220 KM/HMEDIDAS: Longitud 4.63 m / Ancho 1.88 m / Alto 1.68 mDISEÑO FUTURISTA / DE ALTA GAMA / DEPORTIVA"" El SUV más deportivo y Premium del mercado""La relación precio/producto es imbatible.EQUIPAMIENTO DESTACADO:* Llantas 19"" color Gris oscuras* Cámara 360° para visión delantera/trasera y lateral* Sensores de Estacionamiento* Portón trasero eléctrico con apertura medida* Faros Full Led en todo el vehículo* Apertura de puertas con manijas tipo ""Pop out"" eléctricas* Techo Panorámico con apertura y pivoteo con sensor autónomo de lluvia (cierra solo)* Volante Multifunción deportivo en cuero* Control Velocidad crucero adaptativo* Tablero íntegramente digital con múltiples funciones y formatos* Pantalla Central Multimedia (en español) con múltiples formatos de adaptaciones del vehículo y programaciones.* Conectividad Total con Mirror Link (muestra el celular en pantalla)* Freno de mano electrónico* Manejo Autónomo en tráfico pesado (conduce solo)* Estacionamiento Autónomo (estaciona solo)* 8 Air-bags* Control de Tracción y Estabilidad* Asistencia de Frenado* Frenado autónomo de emergencia* Asistencia de desvío de carril* Aviso de Punto Ciegoy más..BAIC PALERMO / BAIC MORÓN / BAIC VICENTE LOPEZENTREGA INMEDIATA CON UNIDADES EN SALÓN.TEST DRIVE DISPONIBLE (CON TURNO).ENTREGAS A DOMICILIO.------------------------------------------------------------------------------TOMAMOS VEHÍCULOS EN PARTE DE PAGOFINANCIACIÓN CON DNI HASTA EL 50% DEL VALOR DE LA UNIDAD.------------------------------------------------------------------------------7 RAZONES POR LA QUE CONFIAR EN BAIC:1) BAIC es marca Premium en China y en 48 países del Mundo.2) BAIC se encuentra en todas las provincias de Argentina y en 9 países deAmérica.3) BAIC es la única Automotriz socia de Mercedes Benz en el Mundo.4) BAIC es la única Automotriz Premium que ofrece 7 años de Garantía.5) BAIC NO es un vehículo económico Chino.6) BAIC es para el público que busca vehículos SUV DIFERENTES.7) BAIC es Diseño, Calidad, Confort, Equipamiento....y Esa Extraña sensación deFIDELIDAD.-----------------------------------------------------------------------------------* BAIC PALERMO - CASA CENTRAL -AV. CÓRDOBA 6102 - C.A.B.A. -- SERVICIO POST VENTAECHEVERRIA 1050 - C.A.B.A. -* BAIC RAMOS MEJÍA - ZONA OESTE -AV RIVADAVIA 14882 - RAMOS MEJÍA -SERVICIO POST VENTAECHEVERRIA 1050 - C.A.B.A. * BAIC VICENTE LOPEZ - ZONA NORTE -AV. LIBERTADOR 550 - VICENTE LOPEZ -- SERVICIO POST VENTAECHEVERRÍA 1050 - C.A.B.A. -NRO 1 EN VENTASBRINDANDO SERIEDAD Y PROFESIONALISMO A LA MARCA CON LA PRESENTACIÓN DE SUS MODELOS Y CONCESIONARIOS OFICIALES HOMOLOGADOS.O",tienda,1,185.0,,0
4425,2576,Hyundai,Creta,2025.0,safety+,Gris,Nafta,5.0,Automática,1.6,SUV,Sí,0.0,Hyundai Creta 1.6 At Safety+,35000.0,US$,"¡Bienvenido a nuestro concesionario oficial Hyundai!Asesor comercial Salcedo Raúl.Unidad Física para Entrega Inmediata.No esperes más para disfrutar de tu nuevo Hyundai.La unidad se encuentra física y lista para entrega inmediata, sin demoras innecesarias.Formas de Pago para Unidades 0KM:Contado: La opción más rápida y sencilla.Permutas: Tomamos tu usado en forma de pago.Nota Importante:El valor publicado corresponde al PRECIO DE LISTA del corriente mes. Dicho importe no incluye gastos de agencia (flete, formularios, alistamiento, pre entrega, etc.) ni patentamiento.>> Consulte POR LA MEJOR OFERTA DE CONTADO de esta unidad. <<*** ¡Recorda que comercializamos en todo el pais! Por lo tanto, una vez pago el vehículo, podemos enviarte la documentación de la unidad y solo tenes que venir a buscarlo con la patente y el seguro. ***Si deseas obtener más detalles sobre cualquiera de nuestras unidades, formas de pago o si tienes alguna pregunta, no dudes en contactarnos. Estamos aquí para ayudarte a encontrar el Hyundai que se adapte a tus necesidades.¡Gracias por considerarnos para tu próxima adquisición de vehículo!",concesionaria,0,,,0
4440,9357,Hyundai,Tucson,2025.0,premium,Blanco,Nafta,5.0,Automática secuencial,,SUV,Sí,0.0,Hyundai Tucson 2WD AT Premium,48900.0,US$,"NEW TUCSON 2025 , concesionario y service oficial. reservá la tuya!",concesionaria,0,,4x2,0
4476,10002,Audi,q5 sportback,2024.0,45tfsi quattro s tronic s-line,Negro,Nafta,5.0,Automática,2.0,SUV,Sí,0.0,Audi q5 sportback 2.0 45Tfsi Quattro S Tronic S-Line 245Cv,108000.0,US$,"Audi Q5 Sportback Premium BlackCon cuero napa fina, llantas sport, banqueta trasera plus y ajuste de volante electricoUnidades fisicas en stock tocables, con certificado para patentar.Podes retirar en cualquiera de nuestras sucursales-Quilmes-La PlataO te enviamos tu auto a tu domicilio.Tomamos permutas al mejor precioMejoramos cualquier presupuesto",tienda,1,245.0,,0
4480,14943,BAIC,X35,2023.0,luxury,Blanco,Nafta,5.0,Automática,1.5,SUV,Sí,0.0,BAIC X35 1.5 Luxury At,27500.0,US$,"PARA VER VIDEO DE LA UNIDAD LUEGO DE LA ÚLTIMA FOTO EN ESTE AVISO o BIEN SE LO ENVIAMOS.A NUESTROS CLIENTES Y POSIBLES CLIENTES NOTA:* NO compre Baic 0km en Agencias multimarcas o de otras marcas NO habilitadas.(evite dolores de cabeza con la Garantía).Solamente en CABA somos BAIC PALERMO. Único domicilio habilitado.Solamente en ZONA OESTE somos BAIC MORÓN. Único domicilio habilitado.Solamente en ZONA NORTE somos BAIC VICENTE LOPEZ. Único domicilio habilitado.7 AÑOS DE GARANTÍA AVALAN LA CALIDAD DE LA MARCA.PRECIO LISTA: U$S 29.500BONIFICACIÓN: U$S 2.000CONTADO: U$S 27.500NEW X35 LUXURY TURBO CVTPresentamos el SUV más potente del mercado.MOTOR 1.5 – 16v – TURBO – 148 HP DE POTENCIA.CAJA AUTOMÁTICA SECUENCIAL DE 6 MARCHAS.210 NM.ACELERACIÓN DE 0 A 100/KM: 8.9 SegMEDIDAS: Longitud 4.32 m / Ancho 1.83 m / Alto 1.64 mEQUIPAMIENTO:• Llantas 17” Diamantadas Bi Tono.• Cámara de retroceso.• Sensores de estacionamiento.• Espejos con guiños.• Faros Led completos delanteros y traseros.• Techo Panorámico con apertura eléctrica (único en nuestro mercado en su segmento).• Volante en cuero Multifunción.• Control Velocidad Crucero.• Butacas deportivas Cuero/Tela.• Encendido a Botón con llave de presencia.• Pantalla Multimedia con conectividad.• Freno de mano electrónico.• Climatizador Digital.• Paneles de puerta y tablero en cuero y aluminio.• Frenos ABS + EBD• Control de Tracción.• Control de estabilidad.• Control de Pendientes.• Control presión de neumáticos.• Volumen de Carga 390 Dm3.BAIC PALERMO / BAIC MORÓN / BAIC VICENTE LOPEZ--------------------------------------------PLAN FINANCIACIÓN EXCLUSIVO “BAIC PALERMO”ENTREGA INMEDIATA CON UNIDADES EN SALÓN.--------------------------------------------------------------------------------BAIC PALERMO OFRECE EL STOCK MÁS IMPORTANTE DEL PAÍS.UNIDADES PARA ENTREGA INMEDIATA.TEST DRIVE DISPONIBLE (CON TURNO).ENTREGAS A DOMICILIO.------------------------------------------------------------------------------TOMAMOS VEHÍCULOS EN PARTE DE PAGOTASAMOS VÍA WHATSAPP PARA SU MEJOR COMODIDAD SI VIVE EN EL INTERIOR.FINANCIACIÓN CON DNI HASTA EL 50% DEL VALOR DE LA UNIDAD.------------------------------------------------------------------------------7 RAZONES POR LA QUE CONFIAR EN BAIC:1) BAIC es marca Premium en China y en 48 países del Mundo.2) BAIC se encuentra en todas las provincias de Argentina y en 9 países deAmérica.3) BAIC es la única Automotriz socia de Mercedes Benz en el Mundo.4) BAIC es la única Automotriz Premium que ofrece 7 años de Garantía.5) BAIC NO es un vehículo económico Chino.6) BAIC es para el público que busca vehículos SUV DIFERENTES.7) BAIC es Diseño, Calidad, Confort, Equipamiento....y Esa Extraña sensación deFIDELIDAD.-----------------------------------------------------------------------------------* BAIC PALERMO - CASA CENTRAL -AV. CÓRDOBA 6102 - C.A.B.A. -- SERVICIO POST VENTAECHEVERRIA 1050 - C.A.B.A. -* BAIC MORÓN - ZONA OESTE -AV HIPÓLITO YRIGOYEN 40 - MORÓN -SERVICIO POST VENTA* BAIC VICENTE LOPEZ - ZONA NORTE -AV. LIBERTADOR 550 - VICENTE LOPEZ -- SERVICIO POST VENTAECHEVERRÍA 1050 - C.A.B.A. -NRO 1 EN VENTASBRINDANDO SERIEDAD Y PROFESIONALISMO A LA MARCA.CON GRAN IMPRONTA EN LA PRESENTACIÓN DE SUS MODELOS3.9",tienda,0,148.0,,0
4498,288,Audi,Q8,2025.0,55 quattro,Gris,Híbrido/Nafta,5.0,Automática,3.0,SUV,,0.0,Audi Q8 3.0 55 Tfsi Quattro 340Cv,185000.0,US$,"AUDI NORDEN S.A.- AUDI Q8 55TFSI V6 340CV Quattro Mild Hybrid- STOCK: * Unidad física con entrega inmediata posterior al patentamiento.- NO INCLUYE GASTOS ADMINISTRATIVOS, FORMULARIOS O PATENTAMIENTO- Su consulta no molesta",tienda,1,340.0,,0
4506,9880,Audi,Q3,2025.0,35tfsi,Gris,Nafta,5.0,Automática,1.4,SUV,,0.0,Audi Q3 1.4 35tfsi 150 Cv,55900.0,US$,"35 TFSI corresponde a motor 1.4 TFSI de 150CV** Con ayudas a la conducción ** - Audi drive select- Audi soundsystem- Techo corredizo panorámico- Asientos tapizados en Leatherette- Confort Key(acceso y arranque sin llave)- Climatizador automático confort de 2 zonas- Portón del maletero de apertura y cierre eléctricos- Control de velocidad crucero con limitador de velocidad- Cuadro de instrumentos Digital ClusterDisplayde 10,2”- Audi smartphoneinterface compatible con Android Auto y Apple CarPlay- Llantas de aluminio fundido de 5 brazos dobles con neumáticos 235/55 R18- Asientos traseros con reglaje horizontal, reposabrazos central y porta bebidas- Volante de cuero en diseño de 3 radios con multifunción plus y levas de cambio- Sensores de estacionamiento delanteros y traseros con cámara de marcha atrás- Pantalla central color de 8,8” con tecnología touch y sistema de diálogo por voz- Luces diurnas, bajas y altas en tecnología LED; luces de giro y traseras incandescentes- Retrovisores exteriores con ajuste eléctrico y térmicos, espejo interior antideslumbrante.Concesionario Número #1 de la Argentina-- Tomamos todos los usados al mejor precio.-- Mejoramos cualquier oferta.Audi Buenos AiresAv. Juan B. Alberdi 53, CABA-- Esperamos tu consulta!El precio publicado no incluye gastos de flete, ni formularios ni gastos administrativos.Foto no contractual. Corresponde al modelo del titulo de la descripción. Equipamiento según versión. Precio puede variar sin previo aviso.",tienda,1,150.0,,0
4528,12715,Volkswagen,Nivus,2024.0,,Azul,Nafta,5.0,Manual,1.0,SUV,,0.0,Volkswagen Nivus 1.0 Tsi 170 Mt,24800.0,US$,"MOTO RANCHEntra un Cliente, Sale un AmigoDesde 1992 La Mejor Onda SiempreAutos Usados Seleccionados y 0km MultimarcaPara ver Nuestro Stock de Vehículos Actualizado con más de 20 Fotos por Vehículo con sus Respectivos Precios, ingresá a Nuestra Página WebSeguinos en las Redes Sociales para ver el Mejor Contenido MultimediaAutos, Arte y HumorAv. Sagrada Familia 484, Córdoba CapitalVisitá MOTO RANCH para Descubrir el Mejor Lugar para la Compra de tu Próximo Vehículo Nuevo o Usado con más de 5.500 m2 destinados a hacer de tu Visita una Experiencia ÚnicaPrestigio, Seriedad y TrayectoriaAtendido Exclusivamente por sus DueñosHonestidad y Transparencia Probados Desde 1992",concesionaria,1,,,0
4566,7309,BMW,X5,2025.0,xdrive 40i,Gris,Nafta,5.0,Automática secuencial,4.4,SUV,Sí,0.0,BMW X5 xDrive 40i,181900.0,US$,"El precio no incluye opcionalesFoto no contractualEstimados Clientes:Estamos ubicados en Rodriguez Peña 401 de Godoy Cruz, a la par del supermercado Makro.Concesionario oficial:BMW, MINI, BMW Motorrad, en Mendoza. Contamos con área de ventas de Usados.Contamos con servicio de PostVenta:- Talleres: con personal profesional altamente capacitado ofrecemos servicios mecánicos, como así también de estética automotriz, con personal altamente calificado, tecnología e insumos del más alto nivel para garantizar la calidad de nuestros servicios.- Sector de Repuestos y Accesorios: donde podrá conseguir todo lo necesario para su vehículo.Sin duda nuestra trayectoria nos respalda. No dude en contactarnos.",concesionaria,0,,,0
4613,11993,Jeep,Compass,2024.0,t270 limited,Negro,Nafta,5.0,Automática,1.3,SUV,,0.0,Jeep Compass 1.3 T270 Limited,42100.0,US$,"Somos Sidway, Primer Concesionario Jeep/RAM Oficial del País.Consultá por nuestras opciones de financiación y pago al contado.Tomamos tu usado al mejor precio.Ofertas exclusivas del mes. Disponibilidad de colores.Solicitá tu TEST DRIVEContamos con un equipo de asesores comerciales que te brindarán toda la información de manera online mediante WhatsApp o llamado telefónicio. Podrás además coordinar con ellos una videollamada para ver nuestras unidades si así lo quisieras y recibir info del vehículo.Subite a tu Jeep/RAM en Sidway con la mejor propuesta comercial y asesoramiento.SIDWAY",tienda,1,,,0
4621,2982,Jeep,Wrangler,2025.0,unlimited rubicon 2.0i t - 272 - bva,Negro,Nafta,5.0,Automática,2.0,SUV,,0.0,Jeep Wrangler Unlimited Rubicon 2.0i T - 272 - BVA 4x4,114900.0,US$,"¡Tu vehículo 0KM Directo de Fabrica al MEJOR PRECIO!Agencia Oficial en Córdoba Capital, te ofrecemos una oportunidad única para que puedas llevarte esta unidad en diferentes alternativas de colores. ¡Venta Tradicional, es decir VENTA DIRECTA!!¿Por que elegirnos? - Recibimos tu usado a la mejor cotización.- Financiación a tasa fija y/o Uva.- Recibimos tus dólares a la mejor cotización.- TEST DRIVE según vehículo.¡No dejes pasar esta OPORTUNIDAD! Contactame y te brindare toda la información que necesites !CONTACTAME - AGUSTIN URIBURU VENTA DIRECTA TRADICIONAL !",concesionaria,1,,4x4,0
4636,4092,Alfa Romeo,Stelvio,2025.0,q4 veloce,Celeste,Nafta,5.0,Automática,2.0,SUV,,0.0,Alfa Romeo Stelvio 2.0 280cv At Q4 Veloce,86000.0,US$,-NUEVA ALFA ROMEO STELVIO VELOCE 2025-2.0T 280CV Q4 / TRACCION INTEGRAL0 KM - Stock fisico con entrega inmediata5 Años de garantia o 100.000 KmConsulta por permutasDisponible en varios colores,concesionaria,0,280.0,,0
4641,12101,Volkswagen,Taos,2025.0,250 comfortline,Gris,Nafta,5.0,Automática,1.4,SUV,Sí,0.0,Volkswagen Taos 1.4 250 Tsi Comfortline,32000.0,US$,0 KM A PATENTARSE PUEDE CAMBIAR POR GRIS PLATAPERMUTO MENOR DE MI INTERESAVENIDA LURO 4836MAR DEL PLATA,concesionaria,1,,,0
4651,3026,BAIC,X35,2023.0,luxury,Rojo,Nafta,5.0,Automática,1.5,SUV,Sí,0.0,BAIC X35 1.5 Luxury At,27500.0,US$,"PARA VER VIDEO DE LA UNIDAD LUEGO DE LA ÚLTIMA FOTO EN ESTE AVISO o BIEN SE LO ENVIAMOS.A NUESTROS CLIENTES Y POSIBLES CLIENTES NOTA:* NO compre Baic 0km en Agencias multimarcas o de otras marcas NO habilitadas.(evite dolores de cabeza con la Garantía).Solamente en CABA somos BAIC PALERMO. Único domicilio habilitado.Solamente en ZONA OESTE somos BAIC RAMOS MEJIA. Único domicilio habilitado.Solamente en ZONA NORTE somos BAIC VICENTE LOPEZ. Único domicilio habilitado.7 AÑOS DE GARANTÍA AVALAN LA CALIDAD DE LA MARCA.PRECIO LISTA: U$S 29.500BONIFICACIÓN U$S 2.000CONTADO: U$S 27.500NEW X35 LUXURY TURBO CVTPresentamos el SUV más potente del mercado.MOTOR 1.5 – 16v – TURBO – 148 HP DE POTENCIA.CAJA AUTOMÁTICA SECUENCIAL DE 6 MARCHAS.210 NM.ACELERACIÓN DE 0 A 100/KM: 8.9 SegMEDIDAS: Longitud 4.32 m / Ancho 1.83 m / Alto 1.64 mEQUIPAMIENTO:• Llantas 17” Diamantadas Bi Tono.• Cámara de retroceso.• Sensores de estacionamiento.• Espejos con guiños.• Faros Led completos delanteros y traseros.• Techo Panorámico con apertura eléctrica (único en nuestro mercado en su segmento).• Volante en cuero Multifunción.• Control Velocidad Crucero.• Butacas deportivas Cuero/Tela.• Encendido a Botón con llave de presencia.• Pantalla Multimedia con conectividad.• Freno de mano electrónico.• Climatizador Digital.• Paneles de puerta y tablero en cuero y aluminio.• Frenos ABS + EBD• Control de Tracción.• Control de estabilidad.• Control de Pendientes.• Control presión de neumáticos.• Volumen de Carga 390 Dm3.BAIC PALERMO / BAIC RAMOS MEJIA/ BAIC VICENTE LOPEZ--------------------------------------------PLAN FINANCIACIÓN EXCLUSIVO “BAIC PALERMO”ENTREGA INMEDIATA CON UNIDADES EN SALÓN.--------------------------------------------------------------------------------BAIC PALERMO OFRECE EL STOCK MÁS IMPORTANTE DEL PAÍS.UNIDADES PARA ENTREGA INMEDIATA.TEST DRIVE DISPONIBLE (CON TURNO).ENTREGAS A DOMICILIO.------------------------------------------------------------------------------TOMAMOS VEHÍCULOS EN PARTE DE PAGOTASAMOS VÍA WHATSAPP PARA SU MEJOR COMODIDAD SI VIVE EN EL INTERIOR.FINANCIACIÓN CON DNI HASTA EL 50% DEL VALOR DE LA UNIDAD.------------------------------------------------------------------------------7 RAZONES POR LA QUE CONFIAR EN BAIC:1) BAIC es marca Premium en China y en 48 países del Mundo.2) BAIC se encuentra en todas las provincias de Argentina y en 9 países deAmérica.3) BAIC es la única Automotriz socia de Mercedes Benz en el Mundo.4) BAIC es la única Automotriz Premium que ofrece 7 años de Garantía.5) BAIC NO es un vehículo económico Chino.6) BAIC es para el público que busca vehículos SUV DIFERENTES.7) BAIC es Diseño, Calidad, Confort, Equipamiento....y Esa Extraña sensación deFIDELIDAD.-----------------------------------------------------------------------------------* BAIC PALERMO - CASA CENTRAL -AV. CÓRDOBA 6102 - C.A.B.A. -- SERVICIO POST VENTAECHEVERRIA 1050 - C.A.B.A. -* BAIC RAMOS MEJIA- ZONA OESTE -AV RIVADAVIA 14.882 - RAMOS MEJIA -SERVICIO POST VENTA* BAIC VICENTE LOPEZ - ZONA NORTE -AV. LIBERTADOR 550 - VICENTE LOPEZ -- SERVICIO POST VENTAECHEVERRÍA 1050 - C.A.B.A. -NRO 1 EN VENTASBRINDANDO SERIEDAD Y PROFESIONALISMO A LA MARCA.CON GRAN IMPRONTA EN LA PRESENTACIÓN DE SUS MODELOS.",tienda,0,148.0,,0
4673,2422,Jeep,Wrangler,2025.0,rubicon atx,Gris,Nafta,3.0,Automática,2.0,SUV,,0.0,Jeep Wrangler 2.0 Rubicon 272Hp Atx,140000.0,US$,"ºIIIIIIIº CENTER VALLEY CONCESIONARIO OFICIAL JEEP ºIIIIIIIºPresentamos la Nueva Jeep Wrangler Rubicón my2025Motorización 2.0L Hurricane4, turboalimentado 400Nn 3.000rpmTracción Rock-Trac HD Full Time 4WDTrasmisión Automática de 8 velocidadesBarra estabilizadora del. desconectablesBarra estabilizadora traseraDiferencial anti-deslizamientoAsiento conductor con regulación multiTablero de instrumentos digital TFTPantalla multimediacentral U-connect® 12.3´´Sistema de audio premium Alpine®Espejos retrovisores calefaccionadoParabrisas rebatiblePuertas desmontablesTecho desmontableCueroTOMAMOS TU USADO AL MEJOR PRECIO DEL MERCADOOFRECEMOS FINANCIACION A 12 CUOTAS SIN INTERESASESOR COMERCIAL Agustin Perez2284458846",concesionaria,0,272.0,,0
4684,1359,Jeep,Wrangler,2025.0,rubicon atx,Gris,Nafta,3.0,Automática,3.6,SUV,,0.0,Jeep Wrangler 3.6 Rubicon 284hp Atx,124500.0,US$,"PREGUNTAR POR ANA LAURA FERNANDEZ JEEP WRANGLER RUBICON 4 PUERTAS – AVENTURA SIN LÍMITESUn exterior imponenteExtensiones de guardabarros y parrilla rediseñada con siete ranuras.Puertas y techo desmontables para una experiencia única al aire libre.Opción de techo según tu preferencia.Libertad al aire libreMáxima capacidad off-road con certificación Trail Rated®.Faros antiniebla para mejor visibilidad y diseño exclusivo.Confort y seguridadChasis de barras y suspensión de cinco brazos para mayor estabilidad.Frenado de emergencia y control de crucero adaptativo (ADAS).Airbags delanteros de múltiples etapas avanzadas.Kit de seguridad y cubre alfombras homologadas incluidas.Interior resistente y tecnológicoPantalla multimedia Uconnect 12,3"" con Android Auto/Apple CarPlay y GPS.Sistema de sonido Alpine® premium con nueve parlantes y subwoofer.Asientos delanteros eléctricos con calefacción y tapizados en cuero.Sistema de tracción 4x4Caja de transferencia de dos velocidades con tracción integral permanente.Rubicon: 4:1 Rock-Trac HD Full Time 4WD System.Disponible en Giama San CristóbalConsultame! Soy Ana Laura Fernández, Asesora Comercial en Giama.",concesionaria,0,284.0,,0
4685,8966,Honda,HR-V,2023.0,exl 2024 0km,,Nafta,5.0,Automática,1.8,SUV,,0.0,Honda HR-V Exl cvt 2024 0km,39550.0,US$,HONDA BRIONES CONCESIONARIO OFICIAL5199-1717BERNARDO DE IRIGOYEN 610 CABA,concesionaria,0,,,0
4758,11263,Haval,H6,2024.0,3ra generacion,Rojo,Nafta,5.0,Automática,2.0,SUV,Sí,0.0,Haval H6 2.0T 4Wd 3Ra Generacion,39900.0,US$,"NUEVA HAVAL H6 2.0T DELUXE 4x4 2025 0km!5 AÑOS O 150.000 KM DE GARANTÍA!!La nueva SUV que llega a Argentina a revolucionar el segmento cuenta con:-Transmisión Automática de 7 velocidades-Volante Multifunción calefaccionado-Pantalla Multimedia central 10¨: Apple CarPlay + Android Auto + Visión de Cámara trasera 360°-Techo de accionamiento eléctrico-Asientos Tapizados en cuero y calefaccionados, regulables electrónicamente-Cargador inalámbrico de celular-Llantas de aleación livianas de 19 pulgadasComo si fuera poco, la H6 de la gigante china cuenta con diversos ADAS (Sistemas Avanzados de Asistencia al Conductor):Este grupo de funciones mediante un software central, sensores y cámaras, brindan al conductor información permanente sobre el entorno del vehículo, monitorean posibles obstáculos o factores de riesgo y, ante una emergencia detectada, intervienen en la conducción. Su misión es complementar los sentidos humanos ampliando el campo de visión, intensificar la atención y acelerar los reflejos. La H6 es la única del segmento que cuenta con 11 ADAS.- Sistema de monitoreo de presión de neumáticos (TPMS)-Sistema de asistencia de arranque en pendiente (HHC)- Sistema de control de descenso (HDC)- Control de crucero adaptativo e inteligente- Alerta de cambio de carril (LDW)- Asistencia de mantenimiento de carril (LKA)- Asistencia de centrado de carril (LCK)- Alerta de mitigación de colisión frontal (FCW)- Frenado automático de emergencia (AEB)- Frenado automático de emergencia peatones (AEB-P)- Sistema de reconocimiento de señales de tránsitoEL PRECIO PUBLICADO ES DE CONTADO (COTIZACION DOLAR BLUE)CONSULTAR POR PRECIO DE PERMUTATOMAMOS USADOS EN PARTE DE PAGOHACEMOS FINANCIACIONES POR MEDIO DEL BANCO SANTANDERAsesor Comercial: ALAN PEREZ ~ CONCESIONARIO OFICIAL GRUPO BARBALACE ~**** MAS DE 35 AÑOS BRINDANDO CONFIANZA EN EL MERCADO **** LOS INVITAMOS A MIRAR NUESTRAS CALIFICACIONES MEDIANTE GOOGLE.Unidades 0km - HAVAL - GEELY - DFSK – GREAT WALL – JAC - CHERYUSADOS SELECCIONADOS PREMIUMCompra, Venta, Financiación, Permuta¿Por qué elegir Grupo Barbalace?Somos una concesionaria con más de 35 años en el rubro, contamos con la mejor atención y calidad, el mejor precio de contado y la mejor cotización de usados en el mercado. También contamos con gestoría propia para una gestión administrativa mucho más rápida y segura. Somos concesionario oficial DFSK, GEELY, HAVAL , GREAT WALL, JAC Y CHERY Contamos con servicio posventa con un personal ampliamente capacitado para resolver cualquier tipo de inconveniente. Podes encontrarnos en todas las plataformas y ver nuestro recorrido en el mercado automotor.",concesionaria,1,,4x4,0
4770,8330,Hyundai,Tucson,2025.0,tgdi tct,Azul,Nafta,5.0,Automática,1.6,SUV,Sí,0.0,Hyundai Tucson 1.6 Tgdi Tct,58000.0,US$,"Hyundai New Tucson 2025 0km – ¡Estrenalo vos!Diseño sofisticado, tecnología de punta y performance sin igual¡Entrega inmediata! No te pierdas esta oportunidad de llevarte una Hyundai New Tucson 2025 0km, el SUV que lo tiene todo: confort, seguridad y el diseño más vanguardista de su categoría.Consultá sin compromiso. Coordinamos visita o videollamada para que lo conozcas en detalle.EN STOCK:	•	New Tucson 1.6T GDi HTRAC AT	•	New Tucson 2.0 MPi ATNos encontramos en Julián Álvarez 1810, C1180 Cdad. Autónoma de Buenos AiresHorario: 10 AM a 7 PM de lunes a viernes¡Es tiempo de estrenar un Hyundai! Estrenalo vos.",tienda,1,,,0
4783,3006,Chery,Tiggo 4 Pro,2025.0,luxury,Celeste,Nafta,5.0,Automática,1.5,SUV,Sí,0.0,Chery Tiggo 4 Pro 1.5T Luxury Cvt,31500.0,US$,"CHERY TIGGO 4 PRO LUXURY 0KM – ¡LISTA PARA ENTREGAR!  Concesionario oficial SHOUER | Marcas importadas: CHERY, DFSK, JAC MOTORS OFERTA EXCLUSIVA – STOCK DISPONIBLE  ¡Aprovechá este mes de BONIFICACIONES y FINANCIACIÓN con tasa preferencial!  Versión LUXURY FULL Motor 1.5 Turbo Caja automática CVT Tapizado en eco cuero Pantalla táctil + cámara 360° Llantas de aleación y techo panorámico Tomamos tu usado Financiamos con CUOTAS FIJASGastos bonificados Contactanos ahora para asegurar tu unidad, no te quedes sin la tuya.",concesionaria,1,,,0
4799,11283,BMW,X2,2025.0,20i okm 2025,Gris,Nafta,5.0,Automática,,SUV,,0.0,Bmw X2 Okm 2025 - Linea Nueva ,85000.0,US$,"BMW X2 20i XDRRIVE M Sport X Okm 20254X4 Tracción integral - Linea nuevaEquipo M - 205CVColor: VariosPrecio Lista / Permuta u$s 85.000 dólaresPrecio Contado u$s 85.000 dólaresValor publicado con equipo de serieEl valor de los opcionales independientes los deberá consultar según el color disponible • TOMA DE USADOS:Deberá mandarnos por whatsapp :Fotos - Km - Año - Versión - Estado de neumáticosEl usado puede ser de cualquier marcaLa toma del usado se hace sobre el precio de listaDesde el botón WHATSAPP se contacta inmediatamente.•Respondermos su consulta por whatsapp en el momento •Concesionario oficial BMWMisael Ferrer+ Aceptamos Transferencia en Pesos o Dólares ++ Cuentas bancarias en todos los bancos +• Bell Motors - Concesionario oficial BMW •Compre tranquilo, compre en concesionario oficial• ATENCIÓN PERSONALIZADA• DOCUMENTACIÓN AL DÍA Y LISTA PARA PATENTARContamos con Administración y Gestoría",concesionaria,1,,4x4,0
4807,17030,Honda,CR-V,2024.0,advanced hybrid,Azul,Híbrido/Nafta,5.0,Automática,2.0,SUV,Sí,0.0,Honda CR-V 2.0 Advanced Hybrid Awd,75275.0,US$,"Honda NEW CR-V e:HEV Advanced Hybrid AWD 2025 0kmFULL, híbrida, entrega inmediata.Unidades sujetas a disponibilidad de stock.HONDA ECKERConcesionario Oficial HondaMar del PlataATENCIÓN!• Precio expresado para OPERACIÓN AL CONTADO• Los gastos NO ESTÁN INCLUÍDOS• Tipo de cambio DÓLAR OFICIAL BANCO NACIÓN - USA - VENTA• Permutas sólo en Mar del Plata y zona. Consultar precio para operación con permuta• Las condiciones presentes en esta publicación pueden ser modificadas sin aviso prévio",concesionaria,0,,4x4,0
4821,13426,BAIC,X35,2025.0,luxury,Rojo,Nafta,5.0,Automática,,SUV,Sí,0.0,BAIC X35 Luxury,26900.0,US$,BONIFICACION EXCLUSIVA PARA UNIDADES FISICAS PATENTADAS EN ABRILPOCAS UNIDADES!!,concesionaria,1,,,0
4827,5733,Mitsubishi,Outlander,2025.0,gls full,Azul,Nafta,5.0,Automática,2.5,SUV,,0.0,Mitsubishi Outlander 2.5 Gls At Full,54500.0,US$,Mitsubishi Outlander 4WD 0KMEntregá hoy tu próximo SUV con la seguridad y tecnología japonesa que buscás.AutoSmart - Grupo DattoliConcesionario oficial con más de 15 años de trayectoria• Versión 4WD: tracción integral inteligente para un manejo seguro en todo tipo de caminos• Diseño sofisticado y amplio espacio interior• Motor eficiente y potente con excelente confort de marcha• Tecnología avanzada en seguridad y asistencia a la conducciónEntrega inmediata | Colores a elección | Financiación a medida | Tomamos tu usado en parte de pagoConsultanos y coordiná tu prueba de manejo hoy mismo. ¡No te quedes sin la tuya!,tienda,0,,,0
4839,2586,Audi,Q2,2025.0,40 stronicquattro,,Nafta,5.0,Automática,2.0,SUV,,0.0,Audi Q2 40 TFSI  STRONICQUATTRO,57879.0,US$,"Somos Espasa Exclusivos, Concesionario Audi Oficial.Consultá todos los vehículos de la Marca Audi y las últimas novedades respecto a nuestros productos. Tomamos tu usado al mejor precio.Ofertas exclusivas del mes. Disponibilidad de colores y VARIOS MODELOS CON DIFERENTES OPCIONALES.Opción  TEST DRIVE para algunos modelos. Contamos con un equipo de asesores comerciales que te brindarán toda la información de manera online mediante WhatsApp o llamado telefónico. Podrás además coordinar con ellos una videollamada para ver nuestras unidades si así lo quisieras y recibir info del vehículo.A su vez, podremos de manera digital. configurar tu Audi junto a vos mediante una navegación 3D para que puedas ver los diferentes opcionales de cada modelo.Subite a tu Audi con la mejor propuesta comercial y asesoramiento.Espasa Exclusivos Audi",tienda,1,,,0
4840,6576,Alfa Romeo,Stelvio,2022.0,distinctive q4,Negro,Nafta,5.0,Automática,2.0,SUV,,0.0,Alfa Romeo Stelvio 2.0 200cv Distinctive Q4,62000.0,US$,"Precio publicado de contado efectivo 62.000 UsdPrecio de lista con toma de permuta: 64.00 UsdFletes y formularios incluidos en el precio Unidad 0 KM - Sin rodar y sin patentarGarantía oficial de 5 años o 100.000 KM desde su facturación! Modelo 2019 / Con posibilidades de quedar 2020 con una nota del importador al registroConsultar por precio de facturación Alfa Romeo Stelvio Distinctive 200cv / 2.0T Q4Caja automatica de 8 marchas / Tracción integralAhorra en patentamiento , patente y seguro por el modeloUnidad con entrega inmediata en nuestro salónHace tu consulta Ficha tecnica y equipamiento: Motor naftero | Cilindrada 1995 CC | Cilindros 4 en linea | Caja automatica de 8 MarchasPotencia 200 CV a 4500 rpm | Baul 525 LitrosSensor crepuscular y Faros regulablesSistema Start & Stop EVOTecho solarCuero MilanoLlantas 18’Portón trasero eléctricoClimatizador con filtro de aireParabrisas con protección de rayos infrarrojosSalidas de aire en asientos traserosGuantera refrigeradaPuertos USB delantero y traseroEspejos eléctricos plegablesPantalla color de 6.5’ con sensor de estacionamiento traseroEntrada sin llaveParasol conductor con espejoPortaobjetos para el conductorManijas de puertas exteriores iluminadasIluminación ambientalSonido envolventeButacas delanteras eléctricas de 6 ajustes con memoria y regulación lumbar de 4 ajustesLimpia lavafarosLuces Bi-Xenon",concesionaria,0,200.0,,0
4853,11591,Audi,Q2,2025.0,35 advanced,Gris,Nafta,5.0,Automática,1.5,SUV,,0.0,Audi Q2 1.5 35 Tfsi Advanced 150 Cv,49000.0,US$,"Audi Q2 35 TFSI ADVANCED 150cvClimatizador automático confortControl de velocidad crucero con limitador develocidadAudi Virtual CockpitAudi smartphone interface compatible con AndroidAuto y Apple CarPlayLlantas de aleación, diseño de 5 radios en V, 7,0J x 17, neumáticos 215/55 R17Respaldo del asiento trasero abatible 60/40Volante de cuero en diseño de 3 radios con multifunción plus y levas de cambioSensores de estacionamiento delanteros y traseros con cámara de marcha atrásLuces delanteras y traseras en tecnología LEDRueda de repuesto de espacio reducido2 puertos USB delanterosNavegador incorporado VolanteRetrovisores exteriores con ajuste eléctrico y térmicosAsientos tapizados en tela “Skript”Airbag para conductor y acompañante frontales y laterales, y sistema de airbags para la cabezaAsiento del acompañante ajustable en alturaBlade exterior en Gris Manhattan MetalizadoSistema Start-Stop con recuperación de energíaConcesionario Número #1 de la Argentina-- Tomamos todos los usados al mejor precio.Audi Buenos AiresAv. Rivadavia 4751, CABAEl precio publicado NO incluye gastos de Flete, ni Formularios ni gastos administrativos.Foto no contractual. Corresponde al modelo del titulo de la descripción. Equipamiento según versión. Precio puede variar sin previo aviso.El precio publicado corresponde a un pago de contado.",tienda,1,150.0,,0
4867,5329,BAIC,X55,2025.0,il,Blanco,Nafta,5.0,Automática,,SUV,Sí,0.0,Baic X55 Il,37900.0,US$,BONIFICACION EXCLUSIVA PARA UNIDADES FISICAS PATENTADAS EN ABRILPOCAS UNIDADES!!,concesionaria,1,,,0
4868,11037,BAIC,X55,2025.0,plus,Rojo,Nafta,5.0,Automática,,SUV,Sí,0.0,Baic X55 Plus,44900.0,US$,BAIC X55 IIENTREGA INMEDIATALA SUV SEGMENTO C MAS EQUIPADA DEL MERCADO,concesionaria,1,,,0
4882,17845,BAIC,X55,2025.0,il,Blanco,Nafta,5.0,Automática,,SUV,Sí,0.0,Baic X55 Il,37900.0,US$,BONIFICACION EXCLUSIVA PARA UNIDADES FISICAS PATENTADAS EN ABRILPOCAS UNIDADES!!,concesionaria,1,,,0
4890,17403,BMW,X3,2024.0,xdrive 30e,Gris,Híbrido/Nafta,4.0,Automática secuencial,,SUV,Sí,0.0,BMW X3 xDrive 30e,99900.0,US$,"Vehículo 0 km año 2024Estimados Clientes:Consulte por finaciacionGarantia 3 años o 200.000 kmServicio SOS mientras el vehiculo conserve su garantia!Estamos ubicados en Rodriguez Peña 401 de Godoy Cruz, a la par del supermercado Makro.Concesionario oficial:BMW, MINI, BMW Motorrad, en Mendoza. Contamos con área de ventas de Usados.Contamos con servicio de PostVenta:- Talleres: con personal profesional altamente capacitado ofrecemos servicios mecánicos, como así también de estética automotriz, con personal altamente calificado, tecnología e insumos del más alto nivel para garantizar la calidad de nuestros servicios.- Sector de Repuestos y Accesorios: donde podrá conseguir todo lo necesario para su vehículo.Sin duda nuestra trayectoria nos respalda. No dude en contactarnos.",concesionaria,0,,,0
4896,17565,Audi,Q5,2024.0,45 sport,Negro,Nafta,5.0,Automática,2.0,SUV,Sí,0.0,Audi Q5 2.0 45 Tfsi Sport 252cv,85003.0,US$,"Audi Q5 45 TFSI Advanced45 TFSI corresponde a motor 2.0 de 245 cv› Audi drive select› Audi virtual cockpit plus› Audi smartphone interface› Control de velocidad crucero› Luces delanteras y traseras LED› Tracción en las cuatro ruedas: quattro› Nueva motorización naftera con hibridación ligera (MHEV)› Pantalla central con tecnología touch y MMI Navegación plus› Retrovisores exteriores abatibles, térmicos y antideslumbrantes› Llantas diseño turbina de 5 brazos con neumáticos 235/60 R18› Sensores de estacionamiento delanteros y traseros con cámara de retroceso› Acceso y arranque sin llave con apertura y cierre eléctricos del portón trasero› Asientos delanteros eléctricos tapizados en combinación cuero / cuero sintéticoUnidades fisicas en stock tocables, con certificado para patentar.Podes retirar en cualquiera de nuestras sucursales-Quilmes-La PlataO te enviamos tu auto a tu domicilio.Tomamos permutas al mejor precioMejoramos cualquier presupuesto",tienda,1,252.0,,0
4908,1245,BAIC,X55,2024.0,ii luxury,Rojo,Nafta,5.0,Automática,1.5,SUV,Sí,0.0,Baic X55 Ii Luxury Turbo - 2025 - Baic Ramos Mejia-,37900.0,US$,"PARA VER VIDEO DE LA UNIDAD LUEGO DE LA ÚLTIMA FOTO EN ESTE AVISO o BIEN SE LO ENVIAMOS.A NUESTROS CLIENTES Y POSIBLES CLIENTES NOTA:* NO compre Baic 0km en Agencias multimarcas o de otras marcas NO habilitadas.(evite dolores de cabeza con la Garantía).Solamente en CABA somos BAIC PALERMO. Único domicilio habilitado.Solamente en ZONA OESTE somos BAIC RAMOS MEJIA. Único domicilio habilitado.Solamente en ZONA NORTE somos BAIC VICENTE LOPEZ. Único domicilio habilitado.7 AÑOS DE GARANTÍA AVALAN LA CALIDAD DE LA MARCA.PRECIO LISTA: U$S 40.900.- (Dolar estadounidense)BONIFICACION: - U$S 2.000.-VALOR SOLO CONTADO : U$S 38.900.-NUEVA X55 IIPresentamos el SUV más DEPORTIVO Y PREMIUM del mercado.MOTOR 1.5 – TURBO – 185 HP DE POTENCIA.CAJA DE 7 MARCHAS CON DOBLE EMBRAGUE (Prestación deportiva)310 NM.ACELERACIÓN DE 0 A 100/KM: 7.8 SegVELOCIDAD MÁXIMA: 220 KM/HMEDIDAS: Longitud 4.63 m / Ancho 1.88 m / Alto 1.68 mDISEÑO FUTURISTA / DE ALTA GAMA / DEPORTIVA"" El SUV más deportivo y Premium del mercado""La relación precio/producto es imbatible.EQUIPAMIENTO DESTACADO:* Llantas 19"" color Gris oscuras* Cámara 360° para visión delantera/trasera y lateral* Sensores de Estacionamiento* Portón trasero eléctrico con apertura medida* Faros Full Led en todo el vehículo* Apertura de puertas con manijas tipo ""Pop out"" eléctricas* Techo Panorámico con apertura y pivoteo con sensor autónomo de lluvia (cierra solo)* Volante Multifunción deportivo en cuero* Control Velocidad crucero adaptativo* Tablero íntegramente digital con múltiples funciones y formatos* Pantalla Central Multimedia (en español) con múltiples formatos de adaptaciones del vehículo y programaciones.* Conectividad Total con Mirror Link (muestra el celular en pantalla)* Freno de mano electrónico* Manejo Autónomo en tráfico pesado (conduce solo)* Estacionamiento Autónomo (estaciona solo)* 8 Air-bags* Control de Tracción y Estabilidad* Asistencia de Frenado* Frenado autónomo de emergencia* Asistencia de desvío de carril* Aviso de Punto Ciegoy más..BAIC PALERMO / BAIC RAMOS MEJIA / BAIC VICENTE LOPEZENTREGA INMEDIATA CON UNIDADES EN SALÓN.TEST DRIVE DISPONIBLE (CON TURNO).ENTREGAS A DOMICILIO.------------------------------------------------------------------------------TOMAMOS VEHÍCULOS EN PARTE DE PAGOFINANCIACIÓN CON DNI HASTA EL 50% DEL VALOR DE LA UNIDAD.------------------------------------------------------------------------------7 RAZONES POR LA QUE CONFIAR EN BAIC:1) BAIC es marca Premium en China y en 48 países del Mundo.2) BAIC se encuentra en todas las provincias de Argentina y en 9 países deAmérica.3) BAIC es la única Automotriz socia de Mercedes Benz en el Mundo.4) BAIC es la única Automotriz Premium que ofrece 7 años de Garantía.5) BAIC NO es un vehículo económico Chino.6) BAIC es para el público que busca vehículos SUV DIFERENTES.7) BAIC es Diseño, Calidad, Confort, Equipamiento....y Esa Extraña sensación deFIDELIDAD.-----------------------------------------------------------------------------------* BAIC PALERMO - CASA CENTRAL -AV. CÓRDOBA 6102 - C.A.B.A. -- SERVICIO POST VENTAECHEVERRIA 1050 - C.A.B.A. -* BAIC RAMOS MEJIA- ZONA OESTE -AV RIVADAVIA 14.882 - RAMOS MEJIA-SERVICIO POST VENTA* BAIC VICENTE LOPEZ - ZONA NORTE -AV. LIBERTADOR 550 - VICENTE LOPEZ -- SERVICIO POST VENTAECHEVERRÍA 1050 - C.A.B.A. -NRO 1 EN VENTASBRINDANDO SERIEDAD Y PROFESIONALISMO A LA MARCA.CON GRAN IMPRONTA EN LA PRESENTACIÓN DE SUS EMPLEADOS.40",tienda,1,185.0,,0
4924,16859,BAIC,X55,2023.0,ii luxury,Amarillo,Nafta,5.0,Automática,1.5,SUV,Sí,0.0,Baic X55 Ii Luxury Turbo - 2025 - Baic Vicente Lopez - ,38900.0,US$,"PARA VER VIDEO DE LA UNIDAD LUEGO DE LA ÚLTIMA FOTO EN ESTE AVISO o BIEN SE LO ENVIAMOS.A NUESTROS CLIENTES Y POSIBLES CLIENTES NOTA:* NO compre Baic 0km en Agencias multimarcas o de otras marcas NO habilitadas.(evite dolores de cabeza con la Garantía).Solamente en CABA somos BAIC PALERMO. Único domicilio habilitado.Solamente en ZONA OESTE somos BAIC RAMOS MEJIA. Único domicilio habilitado.Solamente en ZONA NORTE somos BAIC VICENTE LOPEZ. Único domicilio habilitado.7 AÑOS DE GARANTÍA AVALAN LA CALIDAD DE LA MARCA.PRECIO LISTA: U$S 40.900.- (Dolar estadounidense)BONIFICACION: - U$S 2.000.-VALOR SOLO CONTADO : U$S 38.900 o SU EQUIVALENTE EN PESOS.NUEVA X55 IIPresentamos el SUV más DEPORTIVO Y PREMIUM del mercado.MOTOR 1.5 – TURBO – 185 HP DE POTENCIA.CAJA DE 7 MARCHAS CON DOBLE EMBRAGUE (Prestación deportiva)310 NM. de TORQUEACELERACIÓN DE 0 A 100/KM: 7.8 SegVELOCIDAD MÁXIMA: 220 KM/HMEDIDAS: Longitud 4.63 m / Ancho 1.88 m / Alto 1.68 mDISEÑO FUTURISTA / DE ALTA GAMA / DEPORTIVA"" El SUV más deportivo y Premium del mercado""La relación precio/producto es imbatible.EQUIPAMIENTO DESTACADO:* Llantas 19"" color Gris oscuras* Cámara 360° para visión delantera/trasera y lateral* Sensores de Estacionamiento* Portón trasero eléctrico con apertura medida* Faros Full Led en todo el vehículo* Apertura de puertas con manijas tipo ""Pop out"" eléctricas* Techo Panorámico con apertura y pivoteo con sensor autónomo de lluvia (cierra solo)* Volante Multifunción deportivo en cuero* Control Velocidad crucero adaptativo* Tablero íntegramente digital con múltiples funciones y formatos* Pantalla Central Multimedia (en español) con múltiples formatos de adaptaciones del vehículo y programaciones.* Conectividad Total con Mirror Link (muestra el celular en pantalla)* Freno de mano electrónico* Manejo Autónomo en tráfico pesado (conduce solo)* Estacionamiento Autónomo (estaciona solo)* 8 Air-bags* Control de Tracción y Estabilidad* Asistencia de Frenado* Frenado autónomo de emergencia* Asistencia de desvío de carril* Aviso de Punto Ciegoy más..BAIC PALERMO / BAIC RAMOS MEJIA / BAIC VICENTE LOPEZENTREGA INMEDIATA CON UNIDADES EN SALÓN.TEST DRIVE DISPONIBLE (CON TURNO).ENTREGAS A DOMICILIO.------------------------------------------------------------------------------TOMAMOS VEHÍCULOS EN PARTE DE PAGOFINANCIACIÓN CON DNI HASTA EL 50% DEL VALOR DE LA UNIDAD.------------------------------------------------------------------------------7 RAZONES POR LA QUE CONFIAR EN BAIC:1) BAIC es marca Premium en China y en 48 países del Mundo.2) BAIC se encuentra en todas las provincias de Argentina y en 9 países deAmérica.3) BAIC es la única Automotriz socia de Mercedes Benz en el Mundo.4) BAIC es la única Automotriz Premium que ofrece 7 años de Garantía.5) BAIC NO es un vehículo económico Chino.6) BAIC es para el público que busca vehículos SUV DIFERENTES.7) BAIC es Diseño, Calidad, Confort, Equipamiento....y Esa Extraña sensación deFIDELIDAD.-----------------------------------------------------------------------------------* BAIC PALERMO - CASA CENTRAL -AV. CÓRDOBA 6102 - C.A.B.A. -- SERVICIO POST VENTAECHEVERRIA 1050 - C.A.B.A. -* BAIC RAMOS MEJIA - ZONA OESTE -AV. RIVADAVIA 14.882 - RAMOS MEJIA -SERVICIO POST VENTAECHEVERRIA 1050 - C.A.B.A. -* BAIC VICENTE LOPEZ - ZONA NORTE -AV. LIBERTADOR 550 - VICENTE LOPEZ -- SERVICIO POST VENTAECHEVERRÍA 1050 - C.A.B.A. -NRO 1 EN VENTASBRINDANDO SERIEDAD Y PROFESIONALISMO A LA MARCA.CON GRAN IMPRONTA EN LA PRESENTACIÓN DE SUS MODELOS.",tienda,1,185.0,,0
4977,1244,Audi,Q3 Sportback,2025.0,35tfsi sportback,Gris,Nafta,5.0,Automática,1.4,SUV,,0.0,Audi Q3 Sportback 1.4 35tfsi Sportback 150 Cv,62000.0,US$,"AUDI Q3 35 TFSI SPORTBACK 150cv- Audi drive select- Audi soundsystem- Techo corredizo panorámico- Asientos tapizados en Leatherette- Confort Key(acceso y arranque sin llave)- Climatizador automático confort de 2 zonas- Portón del maletero de apertura y cierre eléctricos- Control de velocidad crucero con limitador de velocidad- Cuadro de instrumentos Digital ClusterDisplayde 10,2”- Audi smartphoneinterface compatible con Android Auto y Apple CarPlay- Llantas de aluminio fundido de 5 brazos dobles con neumáticos 235/55 R18- Asientos traseros con reglaje horizontal, reposabrazos central y porta bebidas- Volante de cuero en diseño de 3 radios con multifunción plus y levas de cambio- Sensores de estacionamiento delanteros y traseros con cámara de marcha atrás- Pantalla central color de 8,8” con tecnología touch y sistema de diálogo por voz- Luces diurnas, bajas y altas en tecnología LED; luces de giro y traseras incandescentes- Retrovisores exteriores con ajuste eléctrico y térmicos, espejo interior antideslumbrante.Concesionario Número #1 de la Argentina-- Tomamos todos los usados al mejor precio.Audi Buenos AiresAv. Rivadavia 4751, CABAEl precio publicado NO incluye gastos de Flete, ni Formularios ni gastos administrativos.Foto no contractual. Corresponde al modelo del titulo de la descripción. Equipamiento según versión. Precio puede variar sin previo aviso.El precio publicado corresponde a un pago de contado.",tienda,1,150.0,,0
4979,14142,Audi,Q5,2024.0,45 sport,Gris,Nafta,5.0,Automática,2.0,SUV,,0.0,Audi Q5 2.0 45 Tfsi Sport 252cv,86900.0,US$,"Audi Q5 45 TFSI Advanced45 TFSI corresponde a motor 2.0 de 245 cv› Audi drive select› Audi virtual cockpit plus › Audi smartphone interface › Control de velocidad crucero› Luces delanteras y traseras LED› Tracción en las cuatro ruedas: quattro› Nueva motorización naftera con hibridación ligera (MHEV)› Pantalla central con tecnología touch y MMI Navegación plus	› Retrovisores exteriores abatibles, térmicos y antideslumbrantes› Llantas diseño turbina de 5 brazos con neumáticos 235/60 R18› Sensores de estacionamiento delanteros y traseros con cámara de retroceso › Acceso y arranque sin llave con apertura y cierre eléctricos del portón trasero › Asientos delanteros eléctricos tapizados en combinación cuero / cuero sintéticoConcesionario Número #1 de la Argentina-- Tomamos todos los usados al mejor precio.-- Mejoramos cualquier oferta.Audi Buenos AiresAv. Rivadavia 4751, CABAAv. Juan B. Alberdi 53, CABA-- Esperamos tu consulta!El precio publicado no incluye gastos de flete, ni formularios ni gastos administrativos.Foto no contractual. Corresponde al modelo del titulo de la descripción. Equipamiento según versión. Precio puede variar sin previo aviso.",tienda,1,252.0,,0
5038,16611,BMW,X3,2025.0,xdrive 20 i,Negro,Nafta,5.0,Automática,2.0,SUV,,0.0,BMW X3 Xdrive 20 I,91900.0,US$,"Somos Sergio Trepat Automóviles, Concesionario Oficial BMW Nº1 en ventas, nos especializamos en ofrecer la mejor calidad en servicio y atención al cliente.La unidad publicada es un BMW X3 xDrive20i 0km 2025.Para obtener más información de nuestros vehículos y novedades, te esperamos en Av. del Libertador 450 - Vicente López, de Lunes a Viernes de 9:30 a 19:00 hs y Sábado de 9:30 a 13:00 hs.",tienda,0,,,0
5072,11802,Audi,Q2,2024.0,35 advanced,Plateado,Nafta,5.0,Automática,1.5,SUV,,0.0,Audi Q2 1.5 35 Tfsi Advanced 150 Cv,55000.0,US$,"AUDI Q2 35 TFSI 35 TFSI corresponde a motor 1.4 TFSI de 150cvUnidades fisicas en stock tocables, con certificado para patentar.Podes retirar en cualquiera de nuestras sucursales-Quilmes-La PlataO te enviamos tu auto a tu domicilio.Tomamos permutas al mejor precioMejoramos cualquier presupuesto- Audi drive select- Audi soundsystem- Techo corredizo panorámico- Asientos tapizados en Leatherette- Confort Key(acceso y arranque sin llave)- Climatizador automático confort de 2 zonas Llantas 18”- Portón del maletero de apertura y cierre eléctricos- Control de velocidad crucero con limitador de velocidad- Cuadro de instrumentos Digital ClusterDisplayde 10,2”- Audi smartphone interface compatible con Android Auto y Apple CarPlay- Llantas de aluminio fundido de 5 brazos dobles con neumáticos 235/55 R18- Asientos traseros con reglaje horizontal, reposabrazos central y porta bebidas- Volante de cuero en diseño de 3 radios con multifunción plus y levas de cambio- Sensores de estacionamiento delanteros y traseros con cámara de marcha atrás- Pantalla central color de 8,8” con tecnología touch y sistema de diálogo por vozEl precio publicado no incluye gastos de flete, ni formularios ni gastos administrativos.",tienda,1,150.0,,0
5077,16953,Kia,Sportage,2024.0,ex t-gdi,Gris,Nafta,5.0,Automática,1.6,SUV,,0.0,Kia Sportage 1.6 Ex T-Gdi 4X2,51350.0,US$,La tienda no incluyó una descripción del producto,tienda,0,,4x2,0
5112,14040,Mercedes-Benz,Clase GLA,2025.0,gla200 progressive,Azul,Nafta,5.0,Automática,1.3,SUV,,0.0,Mercedes-Benz Clase GLA 1.3 Gla200 Progressive 163Cv,65000.0,US$,UNIDAD ENTREGA INMEDIATAAÑO 2025DOLARES BILLETE.FINANCIACIÓN DIRECTA CON CHEQUES PROPIOS O POR MEDIO DE MERCEDES-BENZ FINANCIERACONSULTE FORMAS DE PAGO.CONCESIONARIO OFICIAL MERCEDES-BENZACC OESTE Y RUTA 23 MORENO Bs. AsGABRIELA 1162576262JUAN 1164336062,concesionaria,0,163.0,,0
5131,11830,GWM,H6,2024.0,3ra generacion,Blanco,Nafta,5.0,Automática,2.0,SUV,,0.0,GWM H6 2.0T 2Wd 3Ra Generacion,36500.0,US$,"CONCESIONARIO OFICIAL GWM-HAVALGALANTEHAVAL H6 2WDENTREGA INMEDIATA-Automática de doble embrague (DCT)-Transmisión automática de 7 velocidades-202 HP-Motor 2.0-Sistema de monitoreo de presión de neumáticos (TPMS)-Sistema de asistencia de arranque en pendiente (HHC)-Sistema de control de descenso de pendiente (HDC)-Control de crucero adaptativo e inteligente-Alerta de cambio de carril (LDW)-Asistencia de mantenimiento de carril (LKA)-Asistencia de centrado de carril (LCK)-Alerta de mitigación de colisión frontal (FCW)-Frenado automático de emergencia (AEB)-Frenado automático de emergencia peatones (AEB-P)-Sistema de reconocimiento de señales de tránsito-Volante Multifunción calefaccionado-Pantalla Multimedia central 10¨: Apple CarPlay + Android Auto + Cámara de visión periférica 360°-Techo de accionamiento eléctrico-Asientos Tapizados en cuero y calefaccionados, regulables electrónicamente-Cargador inalámbrico de celular-Llantas de aleación livianas de 19 pulgadasADAS (Sistemas Avanzados de Asistencia al Conductor) mediante un software central, sensores y cámaras, brindan al conductor información permanente sobre el entorno del vehículo, monitorean posibles obstáculos o factores de riesgo y, ante una emergencia detectada, intervienen en la conducción. Su misión es complementar los sentidos humanos ampliando el campo de visión, intensificar la atención y acelerar los reflejos. La H6 es la única del segmento que cuenta con 11 ADAS.5 años de garantía o 150.000KmsCONCESIONARIO OFICIAL GWM-HAVALVendemos y entregamos a todo el paísTaller y repuestos oficiales.Contamos con stockHorarioLunes a Viernes de 9:00 a 18:00hsSábados de 9:00 a 13.30hs",concesionaria,1,202.0,4x2,0
5133,13953,Kia,Sportage,2024.0,ex x-line t-gdi,Gris,Nafta,5.0,Automática,1.6,SUV,,0.0,Kia Sportage 1.6 Ex X-Line T-Gdi Awd,55999.0,US$,KIA SPORTAGE 4X4 1.6TDGI 7AT OK MENTREGA INMEDIATA!!!!!,concesionaria,0,,4x4,0
5147,4323,Hyundai,Tucson,2024.0,tgdi tct,Azul,Nafta,5.0,Automática,1.6,SUV,Sí,0.0,Hyundai Tucson 1.6 Tgdi Tct,58000.0,US$,"NEW TUCSON MY 2025ENTREGA INMEDIATA !!!!!!!!!YA PODES DISFRUTAR TU UNIDAD CON LA BAJA DE IMPUESTOSTOCK LIMITADO.NEW TUCSON 1.6 T-GDI 4WD 7 DCTALGUNAS CARÁTERÍSTICAS:Motor: 1.6 T-GDI 180 cv / Torque: 27.0 Kgm (1500-4500 rpm)Transmisión: Caja Automática de Doble Embrague con 7 Velocidades 4WD Electrónico, Según DemandaSEGURIDAD:Control de Velocidad Crucero InteligenteAsistente de Mantenimiento de CarrilAsistente de Colisión FrontalSistema de Monitoreo de Presión de Neumáticos6 AirbagsControl de Tracción TCSControl de Estabilidad ESPAsistencia en Pendientes (Down Hill + Hill Start)Anclajes ISOFIXAlerta de Ocupantes en Plazas TraserasDetector de FatigaLuces Diurnas LED con Diseño Paramérico OcultoSensores de Estacionamineto Delantero + Trasero y Cámara de Visión Trasera y de RetrocesoSensor de LluviaSensor de LucesAlerta de Hielo en CarreteraSistema de Auto DesempañadoCONVENIENCIATablero de Instrumentos Digital de 12.3 Pulgadas con Diseño PersonalizablePantalla Multimedia c/ Android Auto/Apple Card Play de 12.3 PulgadasReconocimiento Dactilar para Encendido de Motor y MultimediaCargador Inalámbrico para el CelularSelectora de Cambios en Columna de Dirección (Shif by Wire)Arranque a DistanciaTecho Solor PanorámicoLuces Delanteras LEDPortón Trasero EléctricoTapizado de CueroButacas Delanteras con Regulación Eléctrica (Conductor con Memoria) Calefaccionadas y VentiladasVolante Tapizado en Cuero CalefaccionadoY MUCHO MÁS........EN WINCAR MOTORS ESTAMOS PARA ASESORARTE EN TODO LO QUE NECESITES.NO DUDES EN COMUNICARTE CON NOSOTROS.ESTAMOS DE LÚNES A VIERNES DE 10 A 19 HS Y LOS SÁBADOS Y FERIADOS DE 10 A 14 HSWINCAR MOTORS SA. Concesionario Oficial Hyundai",concesionaria,1,180.0,,0
5165,7842,Audi,Q2,2025.0,35 advanced,Gris,Nafta,5.0,Automática,1.5,SUV,Sí,0.0,Audi Q2 1.5 35 Tfsi Advanced 150 Cv,55000.0,US$,"AUDI Q2 35 TFSI ADVANCED 1.4 150cv35 TFSI corresponde a motor 1.4 TFSI de 150cvColor: Plata Florete MetalizadoOPCIONALES:COMBINACIÓN DE CUERO/CUERO SINTÉTICOPAQUETE DE LUCES AMBIENTEPORTÓN DEL MALETERO DE APERTURA Y CIERRE ELÉCTRICOSRETROVISOR INTERIOR CON AJUSTE ANTIDESLUMBRANTE AUTOMÁTICO SIN MARCORETROVISORES EXT. AJUSTABLES/ABATIBLES ELÉCTRICAMENTE Y TÉRMICOS, CON AJUSTE ANTIDESLUMBRANTEREVESTIMIENTO INTERIOR DEL TECHO EN TELA NEGROTECHO CORREDIZO PANORÁMICO- Climatizador automático confort- Control de velocidad crucero con limitador de velocidad- Audi Virtual Cockpit- Audi smartphone interface compatible con Android Auto y Apple CarPlay- Llantas de aleación, diseño de 5 radios en V, 7,0J x 17, neumáticos 215/55 R17- Respaldo del asiento trasero abatible 60/40- Volante de cuero en diseño de 3 radios con multifunción plus y levas de cambio- Sensores de estacionamiento delanteros y traseros con cámara de marcha atrás- Luces delanteras y traseras en tecnología LED- Rueda de repuesto de espacio reducido- 2 puertos USB delanteros- Navegador incorporado- Retrovisores exteriores con ajuste eléctrico y térmicos- Asientos tapizados en tela “Skript”- Airbag para conductor y acompañante frontales y laterales, y sistema de airbags para la cabeza- Asiento del acompañante ajustable en altura- Blade exterior en Gris Manhattan Metalizado- Sistema Start-Stop con recuperación de energía.Concesionario Número #1 de la Argentina-- Tomamos todos los usados al mejor precio.-- Mejoramos cualquier oferta.Audi Buenos AiresAv. Rivadavia 4751, CABAAv. Juan B. Alberdi 53, CABA-- ¡Esperamos tu consulta!El precio publicado no incluye gastos de Flete, ni Formularios ni gastos administrativos.Foto no contractual. Corresponde al modelo del titulo de la descripción. Equipamiento según versión. Precio puede variar sin previo aviso.El precio publicado corresponde a un pago de contado.NS",tienda,1,150.0,,0
5184,11609,BMW,X2,2025.0,20i,Gris,Nafta,5.0,Automática secuencial,,SUV,Sí,0.0,Bmw X2 20i - Genco Automóviles,82900.0,US$,"El precio no incluye opcionalesFoto no contractualEstimados Clientes:Estamos ubicados en Rodriguez Peña 401 de Godoy Cruz, a la par del supermercado Makro.Concesionario oficial:BMW, MINI, BMW Motorrad, en Mendoza. Contamos con área de ventas de Usados.Contamos con servicio de PostVenta:- Talleres: con personal profesional altamente capacitado ofrecemos servicios mecánicos, como así también de estética automotriz, con personal altamente calificado, tecnología e insumos del más alto nivel para garantizar la calidad de nuestros servicios.- Sector de Repuestos y Accesorios: donde podrá conseguir todo lo necesario para su vehículo.Sin duda nuestra trayectoria nos respalda. No dude en contactarnos.",concesionaria,0,,,0
5206,12169,JAC,S2,2024.0,intelligent,Blanco,Nafta,5.0,Manual,1.5,SUV,,0.0,JAC S2 1.5 Intelligent,19900.0,US$,BIMBAL S.A.                                     CONCESIONARIO OFICIAL JAC ARGENTINA                               LLEGO LA AVANZADA CHINA A UN SUPER PRECIO                                       UNIDAD EN SALON ENTREGA INMEDIATA                                    EL MEJOR SERVICIO POST VENTA DE LA RED                                    FINANCIAMOS HASTA EL 80% DE LA UNIDAD                              COMPRE CON TRANQUILIDAD COMPRE EN BIMBAL                                     TOMAMOS SU USADO EN PARTE DE PAGO,concesionaria,0,,,0
5208,5298,Hyundai,Creta,2023.0,safety+,Gris,Nafta,5.0,Automática,1.6,SUV,Sí,0.0,Hyundai Creta 1.6 At Safety+,34000.0,US$,"unidades en varios colores y entrega inmediata. Tomamos su usados en parte de pago.Precio incluye flete y formularios.NEW CRETA SAFETY+CARACTERÍSTICAS GENERALES:- Largo / Ancho / Alto (mm): 4300 / 1790 / 1635- Distancia entre ejes (mm): 2610- Despeje (mm): 190- Peso en orden de marcha (kg): 1190- Suspensión del/tras: MacPherson / Barra de torsión - Frenos: Discos en las 4 ruedasNueva Hyundai Creta Safety+: un SUV diseñado para destacar.Con su techo panorámico eléctrico, sistema multimedia con pantalla de 10.25” y cargador inalámbrico, cada detalle está pensado para tu comodidad. La seguridad es prioridad, con 6 airbags, cámaras 360° y asistencias inteligentes como control de estabilidad y monitor de punto ciego.¿Listo para conocer todo lo que puede ofrecerte? Contáctanos y descúbrelo.",concesionaria,0,,,0
5276,5641,Audi,Q3,2024.0,40tfsi quattro advance,,Nafta,5.0,Automática,2.0,SUV,,0.0,Audi Q3 2.0 40Tfsi Quattro Advance 180Cv,69400.0,US$,El vendedor no incluyó una descripción del producto,concesionaria,1,180.0,,0
5280,9815,BAIC,X35,2024.0,luxury,Gris,Nafta,5.0,Automática,1.5,SUV,,0.0,BAIC X35 1.5T Luxury Cvt,27000.0,US$,"BAIC TE OFRECE UNA GARANTÍA DE 7 AÑOS O 100.000 KMSEn BAIC GERLI te brindamos las mejores herramientas para que puedas decidir y elegir seguro, confiado y acompañado tu próximo OKM.-Financiación a la medida de tus necesidades.-Servicio postventa integrado.-Asegurá tu vehículo con nosotros.-Accesorios originales para personalizar tu vehículo.-Tomamos tu usado al mejor precio garantizado.Somos una gran familia, con más de 40 años de trayectoria  y siempre en continuo crecimiento, dedicados y especializados, apasionados en la búsqueda de generar en VOS una experiencia única, inolvidable, de seguridad y confianza en tus decisiones de movilidad. Te ofrecemos todas las herramientas, posibilidades y servicios para que juntos podamos elegir tu próximo automóvil y comenzar a recorrer un nuevo viaje, Somos distintos a todo lo que ya conoces, somos IGUALES A VOS!Dejanos tu mensaje por cualquier consulta que tengas de Ventas, Administrativas o de Servicio PostVenta, y un asesor te contactará a la brevedad.Todo en un solo lugar, con nosotros, que somos y queremos a los autos como VOS!",concesionaria,1,,,0
5294,18232,Kia,Sportage,2025.0,t-gdi ex,Gris,Nafta,5.0,Automática,1.6,SUV,Sí,0.0,Kia Sportage 1.6 T-Gdi Ex 4X2,48000.0,US$,"Traiga su propuesta, la analizaremos juntos para lograr que se convierta en un nuevo Usuario de la marca, nuestra atención comercial está dirigida a Ud. y a su Satisfacción!!En GIUVI Kia La Plata estamos a su disposición, acérquese, contáctenos, tenemos todas las herramientas para satisfacer sus necesidades!!Podrá encontrar todas estas posibilidades juntas:* Concesionario Oficial de la marca del año 2010* Stock de Unidades Permanente y entrega inmediata.* Ofrecemos Test drive en salón y también a domicilio.* Área de Servicio oficial en el mismo establecimiento.* Proveemos Repuestos Originales con envió a todo el País.* Tomamos su vehículo usado en parte de pago el cual transferimos en el momento a nombre nuestro para su tranquilidad.* Mejoramos todas las operaciones para que pueda se un nuevo usuario de Kia.No dude en contactarnos, le garantizamos la más cálida atención, experiencia, cumplimiento y profesionalismo para la compra de Su Nuevo Kia.",concesionaria,1,,4x2,0
5296,4320,Hyundai,Tucson,2024.0,new my2025,Gris,Nafta,5.0,Automática,2.0,SUV,Sí,0.0,Hyundai Tucson New Tucson My2025,48000.0,US$,"NEW TUCSON SAFETY 2WD MY 2025¡¡¡¡¡¡¡¡¡¡¡¡¡¡¡¡¡¡¡¡¡¡¡¡¡¡¡ NUEVO PRECIO !!!!!!!!!!!!!!!!!!!!!!!!!!YA PODES RESERVAR TU UNIDAD CON LA BAJA DE IMPUESTONEW TUCSON SAFETY 2WD ALGUNAS CARÁTERÍSTICAS:Motor: 2.0 Smartstream 156 cv / Torque: 192 nmTransmisión: Automática / Secuencial 6 VelocidadesSuspensión: Independiente Del.: Mc Pherson / Tras. Multi-LinkSEGURIDADControl de Velocidad Crucero InteligenteAsistente de Mantenimiento de CarrilAsistente de Colisión FrontalSistema de Monitoreo de Presión de Neumáticos6 AirbagsControl de Tracción TCSControl de Estabilidad ESPAsistencia en Pendientes (Down Hill + Hill Start)Anclajes ISOFIXAlerta de Ocupantes en Plazas TraserasDetector de FatigaLuces Diurnas LED con Diseño Paramérico OcultoSensores de Estacionamineto Delantero + Trasero y Cámara de Visión Trasera y de RetrocesoSensor de LluviaSensor de LucesAlerta de Hielo en CarreteraSistema de Auto DesempañadoCONVENIENCIATablero de Instrumentos Digital de 12.3 Pulgadas con Diseño PersonalizablePantalla Multimedia c/ Android Auto / Apple Card Play de 12,3 PulgadasReconocimiento Dactilar para Encendido de Motor y MultimediaCargador Inalámbrico para el Celular.Arranque a DistanciaTecho Solar PanorámicoClimatizador Automático Bi ZonaLuces Delanteras LEDFreno de Estacionamiento Eléctrico con Auto-HoldButaca Conductor con Regulación Eléctrica y Ajuste LumbarVolante Tapizado en Cuero, Regulable en Altura y AcercamientoAsientos Traseros Reclinables y Plegables Remotamente 60/404 Modos de Conducción: Normal. Eco. Sport. SmartY MUCHO MÁS...EN WINCAR MOTORS ESTAMOS PARA ASESORARTE EN TODO LO QUE NECESITES.NO DUDES EN COMUNICARTE CON NOSOTROS.ESTAMOS DE LÚNES A VIERNES DE 10 A 19 HS Y LOS SÁBADOS Y FERIADOS DE 10 A 14 HSWINCAR MOTORS SA. Concesionario Oficial Hyundai",concesionaria,0,156.0,4x2,0
5306,2367,Audi,Q7,2024.0,55 s-line quattro,Gris,Nafta,5.0,Automática,3.0,SUV,,0.0,Audi Q7 3.0 55 Tfsi S-line Quattro,159000.0,US$,"AUDI Q7 55 TFSI QUATTRO 340 cv TIPTRONIC- Tercera fila de asientos- adaptive air suspension- Audi virtual cockpit plus- Techo corredizo panorámico- Bose Premium Sound System 3D- MMI Navegación plus con MMI touch response- Tracción quattro con diferencial central autoblocante- Paquete exterior deportivo S line con spoiler de techo- Luces Matrix LED con intermitentes dinámicos y lavafaros- Asientos tapizados en combinación Cuero / Cuero sintético- Climatizador automático de confort de 4 zonas con panel trasero- Llantas de aleación ligera de 5 radios en V con neumáticos 255/55 R19- Cámaras delantera, trasera y en cada lateral para monitoreo del entorno- Audi smartphone interface compatible con Android Auto y Apple CarPlay- Q7 V6 TFSI homologado como Híbrido de 48V (Mild Hybrid Electric Vehicle)- Audi pre sense front, Audi pre sense rear y aviso de salida involuntaria de carril- Llave confort (acceso y arranque) con desbloqueo del portón trasero por sensor- Asientos delanteros calefaccionados, eléctricos y con memoria para el conductor- Control de crucero adaptativo ACC con limitador, asistente de eficiencia, esquiva y giro- Aviso de cambio de carril con aviso de peligro al bajar y asistente para el tráfico transversal traseroConcesionario Número #1 de la Argentina-- Tomamos todos los usados al mejor precio.Audi Buenos AiresAv. Rivadavia 4751, CABAEl precio publicado NO incluye gastos de flete, ni formularios ni gastos administrativos.Foto no contractual. Corresponde al modelo del titulo de la descripción. Equipamiento según versión. Precio puede variar sin previo aviso.",tienda,1,340.0,,0
5307,10196,Audi,Q3,2024.0,40tfsi quattro advance,Negro,Nafta,5.0,Automática,2.0,SUV,,0.0,Audi Q3 2.0 40Tfsi Quattro Advance 180Cv,69000.0,US$,"Audi Q3 40 TFSI Advanced 0km 2025Phone Box (carga inductiva de telefono)Unidades fisicas en stock tocables, con certificado para patentar.Podes retirar en cualquiera de nuestras sucursales-Quilmes-La PlataO te enviamos tu auto a tu domicilio.Tomamos permutas al mejor precioMejoramos cualquier presupuesto",tienda,1,180.0,,0
5331,13731,BMW,X1,2023.0,sdrive 18i active,Negro,Nafta,5.0,Manual,2.0,SUV,,0.0,BMW X1 2.0 Sdrive 18i Active,62900.0,US$,BMW X1 18 2024 NUEVA LINEAENTREGA INMEDIATAVARIOS COLORES PROMOCIONES DISPONIBLESBREMEN MOTORS,tienda,0,,,0
5364,9666,Audi,Q3 Sportback,2025.0,35tfsi sportback,Blanco,Nafta,5.0,Automática,1.4,SUV,,0.0,Audi Q3 Sportback 1.4 35tfsi Sportback 150 Cv,64000.0,US$,"Audi Q3 Sportback 35 TFSI 150 cv Stronic 0 kilómetro 2025 color blanco con entrega inmediataConsultar otros colores disponiblesMARROCCHI EXCLUISVOS Único concesionario oficial Audi de la provincia de Santa Fe desde el 2005.*El precio no incluye, flete, formularios, opcionales ni gastos de retiro. Foto no contractual, el equipamiento o color disponible puede variar según stock.",concesionaria,1,150.0,,0
5376,14880,BAIC,X35,2025.0,luxury,Blanco,Nafta,5.0,Automática,1.5,SUV,,0.0,BAIC X35 1.5T Luxury Cvt,29499.0,US$,"BAIC X35 LUXURY AT 1.5T | 0KM | 2025 UNIDAD EN ENTREGA INMEDIATALa BAIC X35 Luxury 2025 es el SUV compacto que combina estilo, tecnología y seguridad a un precio imbatible. Su diseño deportivo con faros LED y parrilla cromada atrae miradas, mientras que su interior ofrece una pantalla táctil de 8"", asientos en cuero Y techo panorámico. Con un motor 1.5L turbo de 150 CV y caja CVT, entrega potencia eficiente y suave. Incluye airbags, control de estabilidad, cámara de retroceso y sensores de estacionamiento. ¡Es la opción perfecta para disfrutar cada viaje con clase y confianza!¡Encontrá el auto de tus sueños con nosotros!Somos una empresa familiar con 20 años de trayectoria, comprometida con brindar confianza, calidad y atención personalizada. Atendidos directamente por sus dueños, te acompañamos en cada paso para que tu compra sea una experiencia única.Esta Unidad tiene todo lo que necesitás¿Por qué elegirnos?20 años de experiencia respaldan nuestro compromiso.Todos nuestros vehículos cuentan con Garantía.Servicio postventa exclusivo: ¡Mantenemos tu vehículo como el día en que lo retiraste!Opciones de financiación:• Créditos personales y prendarios.• Créditos para toda la familia.• Créditos para emprendedores y empresas.• Financiación con tarjetas de crédito.• Aceptamos criptomonedas.• ¡Promovemos la inclusión financiera!Preguntas frecuentes:• ¿Puedo financiar el 100 %?• Casi siempre se puede. Esto dependerá del valor del vehículo y el scoring del cliente. En caso de no llegar al 100 %, haremos todo lo posible para alcanzar el máximo monto financiable.Entidades con las que trabajamos:Bancor (100 %), Santander, Supervielle, MG Group.Nuestras sucursales:Sucursal Center: Av. Cárcano 696Sucursal Trucks & Work: Av. Cárcano 737Sucursal San Martín: San Martín 1687Sucursal Administrativa: Av. Cárcano 580Horarios de atención:Lunes a viernes: 9:00 a 20:00 hsSábados: 9:00 a 14:00 hsAdemás:• Tomamos tu usado como parte de pago.• Coordinamos pruebas de manejo sin compromiso.Llamanos o escribinos ahora y llevate este auto hoy mismo.",concesionaria,1,150.0,,0
5380,11508,Haval,H6,2025.0,3ra generacion,Blanco,Nafta,5.0,Automática secuencial,2000.0,SUV,,0.0,Haval H6 4x2 2.0t 200cv. 3ra. Generación 2025,34700.0,US$,"Haval H6 3° Generación - Tecnología, diseño y potencia en una SUV premium** Valor de la unidad U$ 36.500 **Descubrí la nueva Haval H6 de tercera generación, una SUV que combina diseño sofisticado, tecnología de última generación y un excelente desempeño. Con un estilo moderno, amplio espacio interior y una conducción ágil, es ideal para quienes buscan confort, seguridad y presencia en cada kilómetro.Características destacadas:• Motor eficiente y potente con excelente respuesta• Diseño exterior vanguardista con detalles deportivos• Interior premium con terminaciones de alta calidad• Pantalla multimedia táctil de gran tamaño con conectividad completa• Asistencias a la conducción de última tecnología (ADAS)• Gran espacio de carga y confort para todos los pasajerosEntrega inmediata - Colores a elección - Financiación disponibleTomamos tu vehículo usado como parte de pago.Vendida por AutoSmart - Grupo DattoliConcesionario oficial con más de 15 años de trayectoria en el rubro automotor. Te brindamos asesoramiento personalizado, financiación a medida y un respaldo posventa de excelencia.Tu próxima SUV está lista para sorprenderte.¡Consultanos y agendá tu prueba de manejo hoy!",tienda,1,200.0,,0
5402,16285,Kia,Seltos,2024.0,lx,Plateado,Nafta,5.0,Automática,1.5,SUV,,0.0,Kia Seltos 1.5 Lx Cvt,35900.0,US$,ALPINA - 40 años a su servicio en la ubicación más conveniente de Palermo Chico frente a Plaza Alemania y con estacionamiento clientes en la puerta de la concesionaria.Los esperamos lu a vi 10/18 hs!- Techo panoramico doble - Ayudas a la conducción: .- Alerta mantenimiento carril .- Frenado de emergencia  .- Control crucero adaptativo  -Freno de mano electrico- Climatizador- Selector modo de conducción .- Eco  .- Smart .- Sport- Sistema de tracción inteligente .- Opción barro .- Opción hielo  .- Opción aren a .- Opción nieve- Doble anclaje isofix- 6 airbags,concesionaria,0,,,0
5420,5257,Honda,HR-V,2024.0,lx,,Nafta,5.0,Automática,1.8,SUV,,0.0,Honda HR-V 1.8 Lx 2wd Cvt,35235.0,US$,Unidades para entrega inmediata COLORES A ELECCIONBERNARDO DE IRIGOYEN 610 CABA,concesionaria,0,,4x2,0
5450,2098,Hyundai,Tucson,2024.0,c/techo,Negro,Nafta,5.0,Automática,2.0,SUV,,0.0,Hyundai Tucson 2.0 C/techo,53990.0,US$,Nueva Tucson version Europea con todos los niveles de seguridad.,concesionaria,0,,,0
5469,16612,BAIC,X55,2025.0,plus,Rojo,Nafta,5.0,Automática,1.5,SUV,Sí,0.0,Baic X55 1.5 Plus,43400.0,US$,"Nueva BAIC X55 Plus motor 1.5 turbo caja automatica con 7 años de garantía o 100.000kmPermuta FinanciacionSERVICIO DE POSTVENTA OFICIAL BAIC EN AV. EVA PERON 4480 INGRESO POR LA CALLE LA SALLE.APLIO STOCK DE REPUESTOS OFICIALESPalanca de cambios electrónicaModo de conducción Standard, Sport y ECOEPS Standard y SportABS + EBD + EBA+TCS+HHC+HDC+EPBPrograma electrónico de estabilidadAuto holdAirbags conductor + acompañante + laterales+ cortinaRecordatorio de cinturón de seguridad desabrochadoSensor de estacionamiento frontal / traseroCámara de marcha atrásInmovilizador del motorSistema de monitoreo de presión de los neumáticos (TPMS)Techo corredizoBaúl eléctrico con antipinzamiento inteligenteLevantavidrios SMART en caso de lluviaEspejos Retrovisores Eléctricos Rebatibles Calefaccionadosc/memoria marcha atrásVolante full touch multifunción c/ ajuste 4 posicionesEspejo retrovisor automático con antiencadilamientoAlimentación delantera y en baúl de 12 VPuerto de carga tipo C + 3 USBParlantes premium sound HIFITapizado de cueroAjuste eléctrico del asiento del conductor c/ memoriaAjuste eléctrico del asiento del acompañanteReposapiernas regulables eléctricamente para acompañanteAsiento delantero con calefacción+ventilación+masaje+soporte deCinturaAjuste del ángulo del respaldo del asiento traseroFila trasera calefacción, ventilación, masaje dos plazasPantalla central de 12,3” + Instrumentos LCD de 7”Interacción inteligente en tres pantallasConexión fácil con Carlink + WIFICarga inalámbrica rápida de celular + Conexión BluetoothFaros LED regulables y automaticos c/ sistema Follow me HomeLuz de freno intermitente de emergencia, ESSAire acondicionado automático doble zona c/ display calidad delaire interior, AQSImagen panorámica 3D con motivo de 360° Detección de objetos en movimiento, MODDetección de objetos en movimiento, MODDetección de puntos ciegos, BSDAdvertencia de puerta abierta, DOWControl de crucero adaptativo inteligente, IACCAsistente para atascos de tráfico, TJAAsistente de mantenimiento de carril, LKAAdvertencia de colisión frontal, FCWFrenado automático de emergencia (AEB) para vehículos yPeatonesAsistente de estacionamiento automático, APAFoto y descripción no contractuales pueden cambiar sin previo aviso",concesionaria,0,,,0
5502,8419,Hyundai,Creta,2025.0,safety plus facelift,Plateado,Nafta,5.0,Automática secuencial,1.5,SUV,Sí,0.0,Creta Facelift Safety Plus Okm/25 Entrega Inmediata!,35000.0,US$,New Creta Facelift Safety Plus Entrega Inmediata! Precio Lanzamiento! Resérvalo,concesionaria,0,,,0
5514,7320,Fiat,Pulse,2023.0,drive gse,Blanco,Nafta,5.0,Manual,1.3,SUV,,0.0,Fiat Pulse 1.3 Drive Gse Mt,9000000.0,$,FIAT PULSE 1.3 MANUAL3 UNIDADES DISPONIBLES PARA RETIRO INMEDIATOSE PUEDE ENTREGAR AUTO USADO O EFECTIVO PARA EL RETIRO,tienda,0,,,0
5650,12702,Honda,CR-V,2025.0,ex-l,Gris,Nafta,5.0,Automática,1.5,SUV,Sí,0.0,Honda CR-V 1.5T Ex-L Cvt Awd,70800.0,US$,"El estilo de la NEW CR-V cuenta con un diseño renovado de apariencia moderna y sofisticada con acabados en color negro y detalles cromados. Su silueta de estilo deportivo se combina con un frente agresivo que le generan una apariencia robusta.CONSÚLTANOS A TRAVES DEL BOTÓN DE WHATSAPP!!! EL MEJOR PRECIO DEL PAÍS!!!El precio es de CONTADO EFECTIVO EN PESOS ARGENTINOSEl precio incluye gastos de entrega, NO INCLUYE gastos de patentamiento.NORTH MOTORS SAConcesionaria Oficial Honda",tienda,1,,4x4,0
5655,6839,Audi,Q5,2024.0,45 sport,Gris,Nafta,5.0,Automática,2.0,SUV,,0.0,Audi Q5 2.0 45 Tfsi Sport 252cv,82800.0,US$,"Audi Q5 45 TFSI Advanced45 TFSI corresponde a motor 2.0 de 245 cv› Audi drive select› Audi virtual cockpit plus › Audi smartphone interface › Control de velocidad crucero› Luces delanteras y traseras LED› Tracción en las cuatro ruedas: quattro› Nueva motorización naftera con hibridación ligera (MHEV)› Pantalla central con tecnología touch y MMI Navegación plus	› Retrovisores exteriores abatibles, térmicos y antideslumbrantes› Llantas diseño turbina de 5 brazos con neumáticos 235/60 R18› Sensores de estacionamiento delanteros y traseros con cámara de retroceso › Acceso y arranque sin llave con apertura y cierre eléctricos del portón trasero › Asientos delanteros eléctricos tapizados en combinación cuero / cuero sintéticoConcesionario Número #1 de la Argentina-- Tomamos todos los usados al mejor precio.-- Mejoramos cualquier oferta.Audi Buenos AiresAv. Rivadavia 4751, CABAAv. Juan B. Alberdi 53, CABA-- Esperamos tu consulta!El precio publicado no incluye gastos de flete, ni formularios ni gastos administrativos.Foto no contractual. Corresponde al modelo del titulo de la descripción. Equipamiento según versión. Precio puede variar sin previo aviso.",tienda,1,252.0,,0
5723,3370,Mercedes-Benz,Clase GLE,2024.0,gle450 4matic,,Híbrido/Nafta,5.0,Automática,3.0,SUV,,0.0,Mercedes-Benz Clase GLE 3.0 Gle450 4Matic 381Cv,220000.0,US$,"El Mercedes-Benz GLE combina rendimiento, sostenibilidad y lujo.MODELO 2025 a patentar",concesionaria,0,381.0,,0
5757,7174,Audi,q5 sportback,2024.0,45tfsi quattro s tronic advanced,Gris,Nafta,5.0,Automática,2.0,SUV,,0.0,Audi q5 sportback 2.0 45Tfsi Quattro S Tronic Advanced 245Cv,90000.0,US$,"EQUIPAMIENTO DESTACADO DE SERIEAudi drive selectAudi virtual cockpit plusAcceso y arranque sin llaveAudi smartphone interfaceTecho corredizo panorámicoControl de velocidad cruceroLuces delanteras y traseras 100% LEDMMI Navegación plus con pantalla central touchTapizados en combinación cuero / cuero sintéticoPuertos de carga USB en la parte trasera del habitáculoSensores de estacionamiento delanteros y traseros con cámara de marcha atrásAsientos deportivos calefaccionados, eléctricos, con memoria para el conductorLlantas Audi Sport de 5 radios en V, gris grafito, torneado brillante, 235/55 R19NUEVO EQUIPAMIENTOAviso de cambio de carril Audi presense rear Control crucero adaptativo con frenado de emergencia Aviso de salida de carril OPCIONALES DE ESTA UNIDADPaquete luces ambienteApoya brazo de confortAudi Phone BoxLos valores mencionados no incluyen gastos de flete ni formulario ni gastos administrativos",concesionaria,1,245.0,,0
5909,17153,Volkswagen,T-Cross,2025.0,200 highline aut,Gris,Nafta,5.0,Automática,1.0,SUV,,0.0,Volkswagen T-Cross 1.0 200 Tsi Highline Aut,22100.0,US$,"Volkswagen T-Cross 1.0 200 Tsi Trendline AutSE PUEDE FINANCIAR CON ANTICIPO MINIMO DE 5 MILLONES Y CUOTAS.Caja automáticaCarPlay inalambricoVelocidad cruceroTira Led completa baúl (línea nueva)Llantas De AleaciónSensor de EstacionamientoCarga Cable Ficha CControl de estabilidad++ El precio publicado es un ANTICIPO, por financiación. ++>> Valor contado US$27.000 <<ACEPTAMOS DOLAR, EURO, CRIPTO, PAYPAL ETCValor permuta / financiación +5%",concesionaria,1,,,1
5927,3803,Mercedes-Benz,Clase GLA,2024.0,gla250 4matic,Blanco,Nafta,5.0,Automática,2.0,SUV,,0.0,Mercedes-Benz Clase GLA 2.0 Gla250 4Matic 224Cv,90000.0,US$,AUTOMOTORES JUAN MANUEL FANGIO S.AIMPORTANTES BONIFICACIONES EN OPERACIONES DE CONTADO.MERCEDES BENZ GLA 250 LINE NUEVA. ENTREGA INMEDIATA. COLOR BLANCO. O KM. MODELO 2024.MarcaMercedes-BenzModeloClase GLAAño2024Versión2.0 Gla250 4Matic 224CvColorBLANCO Tipo de combustibleNaftaPuertas5TransmisiónAutomáticaMotor2.0Tipo de carroceríaSUVKilómetros0 kmRendimiento y dimensionesControl de tracción4x4Capacidad de personas5Potencia224 hpLargo x Altura x Ancho4412 mm x 1616 mm x 2020 mmCapacidad del tanque51 LVálvulas por cilindro4,concesionaria,0,224.0,,0
5970,1541,Chery,Tiggo 4 Pro,2025.0,comfort,Celeste,Nafta,5.0,Automática,1.5,SUV,,0.0,Chery Tiggo 4 Pro 1.5 Comfort Cvt,26000.0,US$,Chery Tiggo 4 Pro 1.5 Comfort Cvt0KMDISPONIBLE PARA VER,concesionaria,0,,,0
5981,9284,Audi,q5 sportback,2025.0,45tfsi quattro s tronic s-line,Azul,Nafta,5.0,Automática,2.0,SUV,Sí,0.0,Audi q5 sportback 2.0 45Tfsi Quattro S Tronic S-Line 245Cv,102000.0,US$,"AUDI DIETRICH EXCLUSIVOSQ5 SPORTBACK SLINE 45TFSI MYLD HIBRIDColor: Gris Cronos MetalizadoOpcionales: Portabebidas climatizado - Carga inalámbrica de celular - Lavafaros - Parasoles delante, desplazables - Apoyacabezas variables para los asientos delanteros - Apoyo lumbar, ajuste neumático con función de masaje para los asientos delanteros.Equipamiento destacado de serie:› Audi virtual cockpit plus› Tren de rodaje deportivo› Acceso y arranque sin llave› Techo corredizo panorámico› Control de velocidad crucero› Paquetes interior y exterior S line› Luces delanteras y traseras 100% LED› Audi phone box y Audi smartphone interface› MMI Navegación plus con pantalla central touch› Tapizados en combinación microfibra / cuero con grabado “S”› Volante de cuero, deportivo, 3 radios, achatado, multifunción, con levas› Asientos deportivos calefaccionados, eléctricos, con memoria para el conductor› Sensores de estacionamiento delanteros y traseros con cámara de marcha atrás› Llantas Audi Sport de 5 radios en V, negro antracita, torneado brillante, 255/45 R20Opcionales: Portabebidas climatizado - Carga inalámbrica de celular - Lavafaros - Parasoles delante, desplazables - Apoyacabezas variables para los asientos delanteros - Apoyo lumbar, ajuste neumático con función de masaje para los asientos delanteros.El precio publicado no incluye gastos de Flete, ni Formularios ni gastos administrativos.El precio publicado corresponde a un pago de contado.* TOMAMOS USADOS*AUDI DIETRICH EXCLUSIVOS",concesionaria,1,245.0,,0
6018,1649,BAIC,X55,2025.0,plus,Blanco,Nafta,5.0,Automática,1.5,SUV,Sí,0.0,BAIC X55 1.5 Plus,45700.0,US$,"BAIC TE OFRECE UNA GARANTÍA DE 7 AÑOS O 100.000 KMSEn BAIC GERLI te brindamos las mejores herramientas para que puedas decidir y elegir seguro, confiado y acompañado tu próximo OKM.-Financiación a la medida de tus necesidades.-Servicio postventa integrado.-Asegurá tu vehículo con nosotros.-Accesorios originales para personalizar tu vehículo.-Tomamos tu usado al mejor precio garantizado.Somos una gran familia, con más de 40 años de trayectoria  y siempre en continuo crecimiento, dedicados y especializados, apasionados en la búsqueda de generar en VOS una experiencia única, inolvidable, de seguridad y confianza en tus decisiones de movilidad. Te ofrecemos todas las herramientas, posibilidades y servicios para que juntos podamos elegir tu próximo automóvil y comenzar a recorrer un nuevo viaje, Somos distintos a todo lo que ya conoces, somos IGUALES A VOS!Dejanos tu mensaje por cualquier consulta que tengas de Ventas, Administrativas o de Servicio PostVenta, y un asesor te contactará a la brevedad.Todo en un solo lugar, con nosotros, que somos y queremos a los autos como VOS!",concesionaria,0,,,0
6082,5519,BMW,X3,2025.0,xdrive m50 m performance,Gris,Nafta,5.0,Automática,3.0,SUV,,0.0,BMW X3 3.0 Xdrive M50 M Performance 398Cv,137500.0,US$,El vendedor no incluyó una descripción del producto,concesionaria,0,398.0,,0
6084,10880,JAC,S2,2025.0,intelligent,Blanco,Nafta,5.0,Manual,1.5,SUV,,0.0,JAC S2 1.5 Intelligent,22000.0,US$,"¡LO MAS IMPORTANTE!¡TIENE MOTOR CADENERO 1.5 !!¡7 AÑOS DE GARANTIA O 150.000KM!¡Entrega inmediata y opciones de pago flexibles!¡Tu próximo auto está presente en el concesionario oficial para que puedas verlo y encenderlo!!!¡Disponible para entrega inmediata! Y lo mejor es que puedes retirarlo con tu auto usado o con mínimo anticipo, ¡y la diferencia la puedes financiar!¡Consulta que colores tenemos disponibles!!COMPRA SIN VUELTAS, FACIL, SEGURO Y SENCILLODiego Meza",concesionaria,0,,,1
6121,3401,Audi,Q3,2025.0,stronic,Blanco,Nafta,5.0,Automática,1.4,SUV,,0.0,Audi Q3 1.4 Tfsi Stronic 150 Cv,57900.0,US$,"Audi Q3 35 TFSI35 TFSI corresponde a motor 1.4 TFSI de 150CV- Audi drive select- Audi soundsystem- Techo corredizo panorámico- Asientos tapizados en Leatherette- Confort Key(acceso y arranque sin llave)- Climatizador automático confort de 2 zonas- Portón del maletero de apertura y cierre eléctricos- Control de velocidad crucero con limitador de velocidad- Cuadro de instrumentos Digital ClusterDisplayde 10,2”- Audi smartphoneinterface compatible con Android Auto y Apple CarPlay- Llantas de aluminio fundido de 5 brazos dobles con neumáticos 235/55 R18- Asientos traseros con reglaje horizontal, reposabrazos central y porta bebidas- Volante de cuero en diseño de 3 radios con multifunción plus y levas de cambio- Sensores de estacionamiento delanteros y traseros con cámara de marcha atrás- Pantalla central color de 8,8” con tecnología touch y sistema de diálogo por voz- Luces diurnas, bajas y altas en tecnología LED; luces de giro y traseras incandescentes- Retrovisores exteriores con ajuste eléctrico y térmicos, espejo interior antideslumbrante.Concesionario Número #1 de la Argentina-- Tomamos todos los usados al mejor precio.-- Mejoramos cualquier oferta.Audi Buenos AiresAv. Juan B. Alberdi 53, CABA-- Esperamos tu consulta!El precio publicado no incluye gastos de flete, ni formularios ni gastos administrativos.Foto no contractual. Corresponde al modelo del titulo de la descripción. Equipamiento según versión. Precio puede variar sin previo aviso.Contactá a la tienda",tienda,1,150.0,,0
6130,12037,JAC,S2,2024.0,intelligent,Plateado,Nafta,5.0,Manual,1.5,SUV,,0.0,JAC S2 1.5 Intelligent,19900.0,US$,SUV 1.5 CAJA MANUAL!!!FINANCIACION PRENDARIA!!!RECIBO MENOR!!!ENTREGA INMEDIATA!!!,concesionaria,0,,,0
6132,15516,Jeep,Renegade,2025.0,serie-s,Negro,Nafta,5.0,Automática,1.3,SUV,,0.0,Jeep Renegade 1.3 Serie-S At6,34000.0,US$,JEEP RENEGADESERIE S20250 KM PATENTADAFISICAENTREGA INMEDIATAPERMUTARIA FINANCIO,concesionaria,0,,,0
6187,8222,BMW,X1,2024.0,25e,Gris,Eléctrico,5.0,Automática,2.0,SUV,,0.0,Bmw X1 25e,89900.0,US$,"Somos Sergio Trepat Automóviles, Concesionario Oficial BMW Nº1 en ventas, nos especializamos en ofrecer la mejor calidad en servicio y atención al cliente.La unidad publicada es un BMW X1 25e 0km 2024. Entrega inmediata.Para obtener más información de nuestros vehículos y novedades, te esperamos en Av. del Libertador 450 - Vicente López, de Lunes a Viernes de 9:30 a 19:00 hs y Sábado de 9:30 a 13:00 hs.",tienda,0,,,0
6191,3677,BMW,X1,2025.0,20i sport okm año 2025 - audi q3 ni audi q5 gla 250,Verde,Nafta,5.0,Automática,,SUV,,0.0,Bmw X1 20i Sport Okm Año 2025 - Audi Q3 Ni Audi Q5 Gla 250,84000.0,US$,"BMW X1 20i sport Linea nueva Okm 2025 - 4x4205 cv -Entrega inmediata real - Automático con levasLINEA NUEVA 2025 - Tablero curvoNuevo volante + nuevo interiorTope de gama en equipamientoVehículo físico en el concesionarioColores disponibles: Cape York GreenPrecio Lista / Permuta u$s 84.000 dólaresPrecio Contado Efectivo u$s 84.000 dólares• TOMA DE USADOS:Deberá mandarnos por whatsapp :Fotos - Km - Año - Versión - Estado de neumáticosEl usado puede ser de cualquier marcaLa toma del usado se hace sobre el precio de listaDesde el botón WHATSAPP se contacta inmediatamente.•Respondermos su consulta por whatsapp en el momento •Concesionario oficial BMWMisael Ferrer+ Aceptamos Transferencia en Pesos o Dólares ++ Cuentas bancarias en todos los bancos +• Bell Motors - Concesionario oficial BMW •Compre tranquilo, compre en concesionario oficial• ATENCIÓN PERSONALIZADA• DOCUMENTACIÓN AL DÍA Y LISTA PARA PATENTARContamos con Administración y Gestoría",concesionaria,1,4205.0,4x4,0
6208,12587,Audi,Q7,2025.0,55 sline quattro,Azul,Nafta,5.0,Automática,3.0,SUV,,0.0,Audi Q7 55 TFSI SLine Quattro,152000.0,US$,"Somos Espasa Exclusivos, Concesionario Audi Oficial.Consultá todos los vehículos de la Marca Audi y las últimas novedades respecto a nuestros productos. Tomamos tu usado al mejor precio.Ofertas exclusivas del mes. Disponibilidad de colores y VARIOS MODELOS CON DIFERENTES OPCIONALES.Opción  TEST DRIVE para algunos modelos. Contamos con un equipo de asesores comerciales que te brindarán toda la información de manera online mediante WhatsApp o llamado telefónico. Podrás además coordinar con ellos una videollamada para ver nuestras unidades si así lo quisieras y recibir info del vehículo.A su vez, podremos de manera digital. configurar tu Audi junto a vos mediante una navegación 3D para que puedas ver los diferentes opcionales de cada modelo.Subite a tu Audi con la mejor propuesta comercial y asesoramiento.Espasa Exclusivos Audi",tienda,1,,,0
6225,14986,BAIC,X55,2024.0,ii luxury,Gris,Nafta,5.0,Automática,1.5,SUV,Sí,0.0,Baic X55 Ii Luxury Turbo - 2025 - Baic Vicente Lopez -,38900.0,US$,"PARA VER VIDEO DE LA UNIDAD LUEGO DE LA ÚLTIMA FOTO EN ESTE AVISO o BIEN SE LO ENVIAMOS.A NUESTROS CLIENTES Y POSIBLES CLIENTES NOTA:* NO compre Baic 0km en Agencias multimarcas o de otras marcas NO habilitadas.(evite dolores de cabeza con la Garantía).Solamente en CABA somos BAIC PALERMO. Único domicilio habilitado.Solamente en ZONA OESTE somos BAIC MORÓN. Único domicilio habilitado.Solamente en ZONA NORTE somos BAIC VICENTE LOPEZ. Único domicilio habilitado.7 AÑOS DE GARANTÍA AVALAN LA CALIDAD DE LA MARCA.PRECIO LISTA: U$S 40.900.- (Dolar estadounidense)BONIFICACION: - U$S 2.000.-VALOR SOLO CONTADO : U$S 38.900 o SU EQUIVALENTE EN PESOS.NUEVA X55 IIPresentamos el SUV más DEPORTIVO Y PREMIUM del mercado.MOTOR 1.5 – TURBO – 185 HP DE POTENCIA.CAJA DE 7 MARCHAS CON DOBLE EMBRAGUE (Prestación deportiva)310 NM.ACELERACIÓN DE 0 A 100/KM: 7.8 SegVELOCIDAD MÁXIMA: 220 KM/HMEDIDAS: Longitud 4.63 m / Ancho 1.88 m / Alto 1.68 mDISEÑO FUTURISTA / DE ALTA GAMA / DEPORTIVA"" El SUV más deportivo y Premium del mercado""La relación precio/producto es imbatible.EQUIPAMIENTO DESTACADO:* Llantas 19"" color Gris oscuras* Cámara 360° para visión delantera/trasera y lateral* Sensores de Estacionamiento* Portón trasero eléctrico con apertura medida* Faros Full Led en todo el vehículo* Apertura de puertas con manijas tipo ""Pop out"" eléctricas* Techo Panorámico con apertura y pivoteo con sensor autónomo de lluvia (cierra solo)* Volante Multifunción deportivo en cuero* Control Velocidad crucero adaptativo* Tablero íntegramente digital con múltiples funciones y formatos* Pantalla Central Multimedia (en español) con múltiples formatos de adaptaciones del vehículo y programaciones.* Conectividad Total con Mirror Link (muestra el celular en pantalla)* Freno de mano electrónico* Manejo Autónomo en tráfico pesado (conduce solo)* Estacionamiento Autónomo (estaciona solo)* 8 Air-bags* Control de Tracción y Estabilidad* Asistencia de Frenado* Frenado autónomo de emergencia* Asistencia de desvío de carril* Aviso de Punto Ciegoy más..BAIC PALERMO / BAIC MORÓN / BAIC VICENTE LOPEZENTREGA INMEDIATA CON UNIDADES EN SALÓN.TEST DRIVE DISPONIBLE (CON TURNO).ENTREGAS A DOMICILIO.------------------------------------------------------------------------------TOMAMOS VEHÍCULOS EN PARTE DE PAGOFINANCIACIÓN CON DNI HASTA EL 50% DEL VALOR DE LA UNIDAD.------------------------------------------------------------------------------7 RAZONES POR LA QUE CONFIAR EN BAIC:1) BAIC es marca Premium en China y en 48 países del Mundo.2) BAIC se encuentra en todas las provincias de Argentina y en 9 países deAmérica.3) BAIC es la única Automotriz socia de Mercedes Benz en el Mundo.4) BAIC es la única Automotriz Premium que ofrece 7 años de Garantía.5) BAIC NO es un vehículo económico Chino.6) BAIC es para el público que busca vehículos SUV DIFERENTES.7) BAIC es Diseño, Calidad, Confort, Equipamiento....y Esa Extraña sensación deFIDELIDAD.-----------------------------------------------------------------------------------* BAIC PALERMO - CASA CENTRAL -AV. CÓRDOBA 6102 - C.A.B.A. -- SERVICIO POST VENTAECHEVERRIA 1050 - C.A.B.A. -* BAIC RAMOS MEJIA - ZONA OESTE -AV. RIVADAVIA 14.882 - RAMOS MEJIA -SERVICIO POST VENTAECHEVERRIA 1050 - C.A.B.A. -* BAIC VICENTE LOPEZ - ZONA NORTE -AV. LIBERTADOR 550 - VICENTE LOPEZ -- SERVICIO POST VENTAECHEVERRÍA 1050 - C.A.B.A. -NRO 1 EN VENTASBRINDANDO SERIEDAD Y PROFESIONALISMO A LA MARCA.CON GRAN IMPRONTA EN LA PRESENTACIÓN DE SUS MODELOS Y SEDES HOMOLOGADAS INTERNACIONALMENTE.",tienda,1,185.0,,0
6242,28,Honda,CR-V,2024.0,e:hev advance hybrid,Azul,Híbrido,5.0,Automática,2.0,SUV,Sí,0.0,Honda CR-V e:HEV Advance Hybrid,74900.0,US$,"No incluye gastos de patentamiento.VALOR EXPRESADO EN DOLAR BILLETEDisponemos de stock y realizamos entrega inmediata.Pagamos mucho mejor tu usado, mejorando cualquier oferta que nos presenten.Además, superamos por escrito cualquier oferta que tengas.Déjanos tu consulta y te asesoramos.Nuestra sucursal está ubicada en Puerto Madero, contamos con más de 25 años de trayectoria.BAVARIAN SAConcesionario Oficial Honda",tienda,0,,,0
6258,6749,Audi,Q3,2025.0,stronic,Gris,Nafta,5.0,Automática,1.4,SUV,Sí,0.0,Audi Q3 1.4 Tfsi Stronic 150 Cv,59000.0,US$,"Unidades fisicas en stock tocables, con certificado para patentar.Podes retirar en cualquiera de nuestras sucursales-Quilmes-La PlataO te enviamos tu auto a tu domicilio.Tomamos permutas al mejor precioMejoramos cualquier presupuesto",tienda,1,150.0,,0
6287,13740,Audi,Q5,2025.0,45 advanced,Negro,Nafta,5.0,Automática,2.0,SUV,,0.0,Audi Q5 2.0 45 Tfsi Advanced 252Cv,83900.0,US$,"AUDI Q5 SPORTBACK ADVANCED 45 TFSI STRONIC QUATTROMotor: 2.0T 45 TFSI de 245HPAlimentación: Inyección Directa TFSICaja automática S-Tronic de 7 marchasTraccion integral QuattroAudi drive selectFaros LedAudi Virtual CockpitClimatizador de 3 zonasDireccion electricaFreno a disco en las 4 ruedasSistema Start - StopConsulte precio permuta, disponibilidad y colores disponibles.PARA VER ESTA UNIDAD POR FAVOR SOLICITAR ENTREVISTAABIERTO DE LUNES A DOMINGOS DE 10 A 19:30HS EN SAN FERNANDO PUNTA CHICA.Hoffen Motor Haus: somos una exclusiva agencia de autos 0km, usados y clásicos con mas de 20 años de trayectoria en el mercado argentino con una atención personalizada para cada cliente. Nuestra sede se encuentra en Punta Chica, San Fernando.DUDAS Y CONSULTAS:- Mateo: 11 2512.0472- Alejandro: 11 5402.6473-Joaquin:1138504288- Dylan:1166068474Av. Libertador 2515, Punta Chica, San Fernando.",concesionaria,1,252.0,,0
6310,15185,Volkswagen,Nivus,2025.0,tiptronic highline,Gris,Nafta,5.0,Automática,1.0,SUV,,0.0,Volkswagen Nivus 1.0 Tsi Tiptronic Highline,31990.0,US$,UNIDAD EN STOCK FISICO. Coordinar la visita previamente.Tomamos mayor y menor valor. Su consulta no molesta.VOLKSWAGEN NIVUSTSI 200 HIGHLINEAÑO 20250KMMOTOR 1.0SERICE OFICIALESSomos BROTHERS DRIVE CARS.Asesoramiento especializado.Atención personalizada.Permutas MAYOR Y MENOR VALOR.Consignaciones SIN QUE LO DEJES DE USAR.Financiación en cuotas FIJAS Y EN PESOS (LO ARMAMOS A TU MEDIDA)Gestoría integral del automotor.Broker de seguros#somosconfianza #brothersforlife,concesionaria,1,,,0
6311,1392,Jeep,Wrangler,2025.0,rubicon atx,Plateado,Nafta,4.0,Automática,2.0,SUV,,0.0,Jeep Wrangler 2.0 Rubicon 272Hp Atx,125000.0,US$,"*****SE VALORA CONTACTO POR WHATSAPP****Somos concesionario Oficial Jeep Nº1 en ventasNos destacamos por una propuesta de servicio, asesoramiento y calidad con los más altos estándares del mercado.INSPECCIÓN Y COBERTURA MECÁNICA: todos nuestros vehículos están chequeados y certificados en 240 puntos por nuestro equipo de expertos, VTV vigente, libre de deudas de patentes e infracciones.GESTORIA: Nosotros nos encargamos de todo!!!!! contamos con un equipo de gestores matriculados para que de lo único que te ocupes sea de disfrutar del vehículo.BROKER DE SEGUROS: También disponemos de un completo departamento de seguros, para que puedas comparar la cotización con compañías líderes.DEPARTAMENTO DE ACCESORIOS: personaliza tu vehículo con una gran diversidad de productos de prestigiadas marcas, nuestro compromiso es estar a la vanguardia de la tecnología y el conocimiento técnico para satisfacer las necesidades y expectativas de nuestros clientesEquipamientos y accesorios - Estética vehicular – Polarizados y laminadosMÉTODOS DE PAGO:* AL CONTADO: Paga vía transferencia bancaria o depósito.*DEJA TU AUTO COMO PARTE DE PAGO: Cambia tu auto por uno de calidad certificada y con cobertura mecánica.NO BUSQUES MAS TU PRÓXIMO VEHÍCULO ESTA CON NOSOTROS !!!!",tienda,0,272.0,,0
6331,8719,Kia,Seltos,2025.0,lx,Negro,Nafta,5.0,Automática,1.5,SUV,,0.0,Kia Seltos 1.5 Lx Cvt,35499.0,US$,Somos concesionario Oficial Kia .1er Concesionario que puso Kia en Argentina Contamos con entrega inmediata,concesionaria,0,,,0
6343,8159,Hyundai,Creta,2024.0,safety +,Azul,Nafta,5.0,Automática secuencial,1.5,SUV,,0.0,Hyundai Creta SAFETY +,36900.0,US$,El vendedor no incluyó una descripción del producto,concesionaria,0,,,0
6349,9490,BAIC,X55,2023.0,ii luxury bi-tono,Gris,Nafta,5.0,Automática,1.5,SUV,Sí,0.0,Baic X55 Ii Luxury Turbo - 2025 - Baic Vicente Lopez -,38900.0,US$,"PARA VER VIDEO DE LA UNIDAD LUEGO DE LA ÚLTIMA FOTO EN ESTE AVISO o BIEN SE LO ENVIAMOS.A NUESTROS CLIENTES Y POSIBLES CLIENTES NOTA:* NO compre Baic 0km en Agencias multimarcas o de otras marcas NO habilitadas.(evite dolores de cabeza con la Garantía).Solamente en CABA somos BAIC PALERMO. Único domicilio habilitado.Solamente en ZONA OESTE somos BAIC MORÓN. Único domicilio habilitado.Solamente en ZONA NORTE somos BAIC VICENTE LOPEZ. Único domicilio habilitado.7 AÑOS DE GARANTÍA AVALAN LA CALIDAD DE LA MARCA.PRECIO LISTA: U$S 40.900.- (Dolar estadounidense)BONIFICACION: - U$S 2.000.-VALOR SOLO CONTADO : U$S 38.900 o SU EQUIVALENTE EN PESOS.NUEVA X55 II BI-TONOPresentamos el SUV más DEPORTIVO Y PREMIUM del mercado.MOTOR 1.5 – TURBO – 185 HP DE POTENCIA.CAJA DE 7 MARCHAS CON DOBLE EMBRAGUE (Prestación deportiva)310 NM. de TORQUEACELERACIÓN DE 0 A 100/KM: 7.8 SegVELOCIDAD MÁXIMA: 220 KM/HMEDIDAS: Longitud 4.63 m / Ancho 1.88 m / Alto 1.68 mDISEÑO FUTURISTA / DE ALTA GAMA / DEPORTIVA"" El SUV más deportivo y Premium del mercado""La relación precio/producto es imbatible.EQUIPAMIENTO DESTACADO:* Llantas 19"" color Gris oscuras* Cámara 360° para visión delantera/trasera y lateral* Sensores de Estacionamiento* Portón trasero eléctrico con apertura medida* Faros Full Led en todo el vehículo* Apertura de puertas con manijas tipo ""Pop out"" eléctricas* Techo Panorámico con apertura y pivoteo con sensor autónomo de lluvia (cierra solo)* Volante Multifunción deportivo en cuero* Control Velocidad crucero adaptativo* Tablero íntegramente digital con múltiples funciones y formatos* Pantalla Central Multimedia (en español) con múltiples formatos de adaptaciones del vehículo y programaciones.* Conectividad Total con Mirror Link (muestra el celular en pantalla)* Freno de mano electrónico* Manejo Autónomo en tráfico pesado (conduce solo)* Estacionamiento Autónomo (estaciona solo)* 8 Air-bags* Control de Tracción y Estabilidad* Asistencia de Frenado* Frenado autónomo de emergencia* Asistencia de desvío de carril* Aviso de Punto Ciegoy más..BAIC PALERMO / BAIC MORÓN / BAIC VICENTE LOPEZENTREGA INMEDIATA CON UNIDADES EN SALÓN.TEST DRIVE DISPONIBLE (CON TURNO).ENTREGAS A DOMICILIO.------------------------------------------------------------------------------TOMAMOS VEHÍCULOS EN PARTE DE PAGOFINANCIACIÓN CON DNI HASTA EL 50% DEL VALOR DE LA UNIDAD.------------------------------------------------------------------------------7 RAZONES POR LA QUE CONFIAR EN BAIC:1) BAIC es marca Premium en China y en 48 países del Mundo.2) BAIC se encuentra en todas las provincias de Argentina y en 9 países deAmérica.3) BAIC es la única Automotriz socia de Mercedes Benz en el Mundo.4) BAIC es la única Automotriz Premium que ofrece 7 años de Garantía.5) BAIC NO es un vehículo económico Chino.6) BAIC es para el público que busca vehículos SUV DIFERENTES.7) BAIC es Diseño, Calidad, Confort, Equipamiento....y Esa Extraña sensación deFIDELIDAD.-----------------------------------------------------------------------------------* BAIC PALERMO - CASA CENTRAL -AV. CÓRDOBA 6102 - C.A.B.A. -- SERVICIO POST VENTAECHEVERRIA 1050 - C.A.B.A. -* BAIC RAMOS MEJIA - ZONA OESTE -AV. RIVADAVIA 14.882 - RAMOS MEJIA -SERVICIO POST VENTAECHEVERRIA 1050 - C.A.B.A. -* BAIC VICENTE LOPEZ - ZONA NORTE -AV. LIBERTADOR 550 - VICENTE LOPEZ -- SERVICIO POST VENTAECHEVERRÍA 1050 - C.A.B.A. -NRO 1 EN VENTASBRINDANDO SERIEDAD Y PROFESIONALISMO A LA MARCA.CON GRAN IMPRONTA EN LA PRESENTACIÓN DE SUS MODELOS Y SEDES HOMLOGADAS INTERNACIONALMENTE.",tienda,1,185.0,,0
6374,13177,Jeep,Wrangler,2025.0,rubicon atx,Negro,Nafta,4.0,Automática,2.0,SUV,,0.0,Jeep Wrangler 2.0 Rubicon 272Hp Atx,120000.0,US$,OPORTUNIDAD !!ESCUCHO OFERTAS !!!OPORTUNIDAD !!ESCUCHO OFERTAS !!!OPORTUNIDAD !!ESCUCHO OFERTAS !!!OPORTUNIDAD !!ESCUCHO OFERTAS !!!OPORTUNIDAD !!ESCUCHO OFERTAS !!!OPORTUNIDAD !!ESCUCHO OFERTAS !!!,tienda,0,272.0,,0
6376,810,Toyota,Corolla Cross,2025.0,hev xei ecvt,Negro,Híbrido/Nafta,5.0,Automática,1.8,SUV,,0.0,Toyota Corolla Cross 1.8 Hev Xei Ecvt,43500.0,US$,Toyota Corolla Cross Xei Hev 1.8 CvtUnidad disponible 0 km a patentarRetira Ya- Unidad disponible en Stock- Color Negro Mica- Se acepta permuta por menor valor,concesionaria,0,,,0
6512,10824,Jeep,Wrangler,2025.0,unlimited rubicon,Plateado,Nafta,5.0,Automática,3.6,SUV,,0.0,Jeep Wrangler 3.6 Unlimited Rubicon 4X4 At8,126800.0,US$,"PANAMER S.A. Concesionario oficial JEEP, RAM, DODGE, CHRYSLER, MITSUBISHI Y JAC.    Contamos con más de 34 años de trayectoria como concesionarios, aseguramos la más alta calidad de atención en servicios de Venta y de Post-Venta con sucursales en San Isidro, San Fernando y Campana.Empresa Certificada Normas ISO 9001-2017Sucursales Ventas:Campana: Colectora Sur 885San Fernando: Avenida del Libertador 3197Acassuso: Av. Santa Fe 907Sucursales Post-VentaCampana: San Martín 1306San Fernando: Juan N. Madero 836Acassuso: Av. Santa Fe 907Formas de Pago:-Contado (Pesos o dólares)-Financiación por Banco-Financiación por terminal-Leasing-TOMA DE USADOSi vivís a más de 150km fuera de Buenos Aires, podemos enviar tu nuevo auto a su casa.Estamos para brindarle la mejor atención.Contamos con atención física o 100% digital – Realizamos videollamadas para mostrar el vehículo de ser necesario",concesionaria,0,,4x4,0
6513,1600,Mitsubishi,Outlander,2025.0,gls full,Negro,Nafta,5.0,Automática,2.5,SUV,,0.0,Mitsubishi Outlander 2.5 Gls At Full,54500.0,US$,Mitsubishi Outlander 4WD 0KMEntregá hoy tu próximo SUV con la seguridad y tecnología japonesa que buscás.AutoSmart - Grupo DattoliConcesionario oficial con más de 15 años de trayectoria• Versión 4WD: tracción integral inteligente para un manejo seguro en todo tipo de caminos• Diseño sofisticado y amplio espacio interior• Motor eficiente y potente con excelente confort de marcha• Tecnología avanzada en seguridad y asistencia a la conducciónEntrega inmediata | Colores a elección | Financiación a medida | Tomamos tu usado en parte de pagoConsultanos y coordiná tu prueba de manejo hoy mismo. ¡No te quedes sin la tuya!,tienda,0,,,0
6531,16702,Hyundai,Tucson,2025.0,safety,Gris,Nafta,5.0,Automática,2.0,SUV,,0.0,Hyundai Tucson 2.0 Safety 2Wd At,48000.0,US$,Entrega inmediata! Unidad 0km a patentar.Recibimos vehículo menor valor.,concesionaria,0,,4x2,0
6573,6720,Hyundai,Tucson,2025.0,ultimate 4wf,Gris,Nafta,5.0,Automática,1.6,SUV,Sí,0.0,New Tucson Ultimate 1.6 Turbo Dct 4wd,58000.0,US$,"Nueva Tucson 1.6 T-GDI 4WD – El SUV que redefine el confort.Hay un momento en el que dejás de buscar un auto… y empezás a elegir un estilo de vida. Si estás buscando un SUV con verdadero valor agregado, la nueva Tucson 2025 te lo da todo.La Tucson 2025 no es solo un SUV. Es tecnología, seguridad y diseño pensados para vos.- Motor turbo de 180CV y tracción 4WD inteligente- Caja automática de doble embrague con 7 velocidades- Tablero y pantalla multimedia integrados de 12,3""- Reconocimiento dactilar, arranque remoto y cargador inalámbrico- Asientos eléctricos, calefaccionados y ventilados- Techo panorámico, portón eléctrico y modos de conducción- Equipamiento de seguridad ADAS con asistencia de carril, control crucero adaptativo y detector de fatiga- Luces LED paramétricas ocultas y diseño vanguardistaDiseñada para quienes no se conforman con llegar. Quieren disfrutar el camino.Consultanos.",concesionaria,1,180.0,,0
6580,15942,Audi,Q7,2025.0,55 s-line quattro,Gris,Híbrido/Nafta,5.0,Automática,3.0,SUV,Sí,0.0,Audi Q7 3.0 55 Tfsi S-line Quattro,152900.0,US$,"Somos Audi Buenos Aires Concesionaria Oficial Q7 55 TFSI Quattro Gris Daytona ENTREGA INMEDIATA55 TFSI corresponde a un motor 3.0 TFSI de 340 cv Equipamiento de serie;- Tercera fila de asientos- adaptive air suspension- Audi virtual cockpit plus- Techo corredizo panorámico- Bose Premium Sound System 3D- MMI Navegación plus con MMI touch response- Tracción quattro con diferencial central autoblocante- Paquete exterior deportivo S line con spoiler de techo- Luces Matrix LED con intermitentes dinámicos y lavafaros- Asientos tapizados en combinación Cuero / Cuero sintético- Climatizador automático de confort de 4 zonas con panel trasero- Llantas de aleación ligera de 5 radios en V con neumáticos 255/55 R19- Cámaras delantera, trasera y en cada lateral para monitoreo del entorno- Audi smartphone interface compatible con Android Auto y Apple CarPlay- Q7 V6 TFSI homologado como Híbrido de 48V (Mild Hybrid Electric Vehicle)- Audi pre sense front, Audi pre sense rear y aviso de salida involuntaria de carril- Llave confort (acceso y arranque) con desbloqueo del portón trasero por sensor- Asientos delanteros calefaccionados, eléctricos y con memoria para el conductor- Control de crucero adaptativo ACC con limitador, asistente de eficiencia, esquiva y giro- Aviso de cambio de carril con aviso de peligro al bajar y asistente para el tráfico transversal traseroPERMUTAMOSFINANCIAMOSSebastian Adorno",tienda,1,340.0,,0
6607,4311,BMW,X5,2025.0,xdrive 40i lci m sport pro,Gris,Mild Hybrid,5.0,Automática,3.0,SUV,,0.0,BMW X5 3.0 Xdrive 40I Lci M Sport Pro,189000.0,US$,Concesionario Oficial Santos BMW Pilar. Nuevo X5 M40i Mpro. Color individual. LLantas 21 pulgadas. Paquete de comfort. Entrega inmediata.,concesionaria,0,,,0
6611,4468,Kia,Sportage,2025.0,t-gdi x-line,Blanco,Nafta,5.0,Automática,1.6,SUV,Sí,0.0,Kia Sportage 1.6 T-Gdi X-Line Awd,57000.0,US$,"Traiga su propuesta, la analizaremos juntos para lograr que se convierta en un nuevo Usuario de la marca, nuestra atención comercial está dirigida a Ud. y a su Satisfacción!!En GIUVI Kia La Plata estamos a su disposición, acérquese, contáctenos, tenemos todas las herramientas para satisfacer sus necesidades!!Podrá encontrar todas estas posibilidades juntas:* Concesionario Oficial de la marca del año 2010* Stock de Unidades Permanente y entrega inmediata.* Ofrecemos Test drive en salón y también a domicilio.* Área de Servicio oficial en el mismo establecimiento.* Proveemos Repuestos Originales con envió a todo el País.* Tomamos su vehículo usado en parte de pago el cual transferimos en el momento a nombre nuestro para su tranquilidad.* Mejoramos todas las operaciones para que pueda se un nuevo usuario de Kia.No dude en contactarnos, le garantizamos la más cálida atención, experiencia, cumplimiento y profesionalismo para la compra de Su Nuevo Kia.",concesionaria,1,,4x4,0
6621,7759,Hyundai,Tucson,2025.0,new 1.6turbo dtc okm,Plateado,Nafta,5.0,Automática secuencial,1.6,SUV,Sí,0.0,New Tucson 4wd Turbo,58900.0,US$,New Tucson 4WD Nuevo Precio sin Impuestos Internos,concesionaria,1,,4x4,0
6641,16051,Jeep,Wrangler,2025.0,rubicon atx,Plateado,Nafta,4.0,Automática,2.0,SUV,,0.0,Jeep Wrangler 2.0 Rubicon 272Hp Atx,126800.0,US$,"PANAMER S.A. Concesionario oficial JEEP, RAM, DODGE, CHRYSLER, MITSUBISHI Y JAC.    Contamos con más de 34 años de trayectoria como concesionarios, aseguramos la más alta calidad de atención en servicios de Venta y de Post-Venta con sucursales en San Isidro, San Fernando y Campana.Empresa Certificada Normas ISO 9001-2017Sucursales Ventas:Campana: Colectora Sur 885San Fernando: Avenida del Libertador 3197Acassuso: Av. Santa Fe 907Sucursales Post-VentaCampana: San Martín 1306San Fernando: Juan N. Madero 836Acassuso: Av. Santa Fe 907Formas de Pago:-Contado (Pesos o dólares)-Financiación por Banco-Financiación por terminal-Leasing-TOMA DE USADOSi vivís a más de 150km fuera de Buenos Aires, podemos enviar tu nuevo auto a su casa.Estamos para brindarle la mejor atención.Contamos con atención física o 100% digital – Realizamos videollamadas para mostrar el vehículo de ser necesario",concesionaria,0,272.0,,0
6668,3566,BAIC,X55,2025.0,il limited,,Nafta,5.0,Automática,1.5,SUV,Sí,0.0,Baic X55 Il Limited,37990.0,US$,BAIC X55 IIENTREGA INMEDIATALA SUV SEGMENTO C MAS EQUIPADA DEL MERCADO,concesionaria,1,,,0
6684,7210,Mitsubishi,Outlander,2025.0,gls full,Gris,Nafta,5.0,Automática,2.5,SUV,,0.0,Mitsubishi Outlander 2.5 Gls At Full,52500.0,US$,Vehículo en stock !! Valor del vehículo expresado en dolar blue del día! Tenemos financiación bancaria hasta 48 meses! Su consulta no molesta!,concesionaria,0,,,0
6686,12366,Audi,Q3,2025.0,stronic,Gris,Nafta,5.0,Automática,1.4,SUV,Sí,0.0,Audi Q3 1.4 Tfsi Stronic 150 Cv,57000.0,US$,"AUDI DIETRICH EXCLUSIVOSQ3 35 TFSI STRONIC 150CVnuevas mejoras:  - Aviso de cambio de carril - Audi pre sense front equipamiento destacado de serie: Audi drive selectAudi sound system Techo corredizo panorámicoConfort Key (acceso y arranque sin llave)Climatizador automático confort de 2 zonasPortón del maletero de apertura y cierre eléctricos Control de velocidad crucero con limitador de velocidad Cuadro de instrumentos Digital Cluster Display de 10,2” Audi smartphone interface compatible con Android Auto y Apple CarPlay asientos traseros con reglaje horizontal, reposabrazos central y porta bebidas Volante de cuero en diseño de 3 radios con multifunción plus y levas de cambio Sensores de estacionamiento delanteros y traseros con cámara de marcha atrás Pantalla central color de 8,8” con tecnología touch y sistema de diálogo por voz Luces diurnas, bajas y altas en tecnología LED; luces de giro y traseras incandescentes Retrovisores exteriores con ajuste eléctrico y térmicos, espejo interior antideslumbranteCOLORES DISPONIBLES: - GRIS CRONOS METLIZADO- GRIS NANO METALIZADOel precio publicado no incluye gastos de Flete, ni Formularios ni gastos administrativos.El precio publicado corresponde a un pago de contado.* TOMAMOS PERMUTAS AUTO-MOTO-UTV-ETC*AUDI DIETRICH EXCLUSIVOS",concesionaria,1,150.0,,0
6690,12287,BAIC,X55,2025.0,ii,Gris,Nafta,5.0,Automática,,SUV,Sí,0.0,Baic X55 Il,37900.0,US$,BONIFICACION EXCLUSIVA PARA UNIDADES FISICAS PATENTADAS EN ABRILPOCAS UNIDADES!!,concesionaria,1,,,0
6705,1017,Jeep,Grand Cherokee,2024.0,limited techo + llantas 18,Negro,Nafta,5.0,Automática,3.6,SUV,,0.0,Jeep Grand Cherokee 3.6 Limited 286hp Techo + Llantas 18,146002.0,US$,"PANAMER S.A. Concesionario oficial JEEP, RAM, DODGE, CHRYSLER, MITSUBISHI Y JAC.  Contamos con más de 34 años de trayectoria como concesionarios, aseguramos la más alta calidad de atención en servicios de Venta y de Post-Venta con sucursales en San Isidro, San Fernando y Campana.Empresa Certificada Normas ISO 9001-2017Sucursales Ventas:Campana: Colectora Sur 885San Fernando: Avenida del Libertador 3197Acassuso: Av. Santa Fe 907Sucursales Post-VentaCampana: San Martín 1306San Fernando: Juan N. Madero 836Acassuso: Av. Santa Fe 907Formas de Pago:-Contado (Pesos o dólares)-Financiación por Banco-Financiación por terminal-Leasing-TOMA DE USADOSi vivís a más de 150km fuera de Buenos Aires, podemos enviar tu nuevo auto a su casa.Estamos para brindarle la mejor atención.Contamos con atención física o 100% digital – Realizamos videollamadas para mostrar el vehículo de ser necesario",concesionaria,0,286.0,,0
6712,11736,Hyundai,Tucson,2025.0,safety,Plateado,Nafta,5.0,Automática,2.0,SUV,,0.0,Hyundai Tucson 2.0 Safety 2Wd At,48000.0,US$,"¡Comprá tu camioneta en AUTOMOVILES RAMA y financiala con un Súper Préstamo Prendario de SANTANDER!Podés financiar hasta el 95% del valor de tu 0km y elegir pagarlo a TASA FIJA o TASA UVA. ¡Obtené respuesta inmediata y llevate tu camioneta de manera fácil, rápida y segura!Consultanos para más información y armá el plan de financiación que mejor se ajuste a vos. ¡No te pierdas esta oportunidad!RESERVE SU UNIDADSTOCK LIMITADO-----NEW TUCSON SAFETY 2.0 AT 2WD 2025-----SEGURIDAD:• Control de crucero inteligente con stop & go - SCC• Asistente de mantenimiento de carril – LKA (con centrado de carril LFA)• Asistente de colisión frontal – FCA (con función giro a la izquierda – FCA-JX)• Luces delanteras LED• Airbags conductor, acompañante, laterales delanteros y de cortina• Programa electrónico de estabilidad (ESP)• Down hill (DBC) and Hill start assist control (HAC)• Anclajes para asientos de bebé (ISOFIX con top tether)• Alerta de ocupantes en plazas traseras - ROA• Detector de fatiga• Luces diurnas (DRL) de LED, con diseño paramétrico oculto• Sensores de estacionamiento delanteros y traseros• Cámara de visión trasera y de retroceso• Cinturones de seguridad delanteros regulables en altura con aviso de cinturón no colocado• Cinturones de seguridad de tres puntos en las 5 plazas• Sensor de lluvia• Alerta de hielo en el camino• Sistema de auto-desempañado• Sistema de monitoreo de presión de neumáticos (TPMS)CONVENIENCIA / EXTERIOR / CONFORT• Tablero de instrumentos digital de 12,3 pulgadas con diseño personalizable• Pantalla multimedia integrada touch de 12,3” + Android Auto/Apple CarPlay• Sistema de Audio AM/FM USB / AUX, Bluetooth, multiconexión y controles en el volante• Reconocimiento dactilar para encendido de motor y multimedia• Cargador inalámbrico de celular• Arranque a distancia• Techo solar panorámico de apertura eléctrica con black-out deslizable eléctrico• Acondicionador de aire bi zona automático con salidas en la zona trasera y función Multi Air• Personalización de perfil de conductor (con función invitado)• Freno de estacionamiento eléctrico con Auto-hold• Doble puerto USB en plazas traseras• Acceso sin llave (Smart Key) con botón de arranque• Asiento conductor regulable eléctricamente• Asiento conductor con ajuste lumbar eléctrico• Volante tapizado en cuero• Rodado aleación R17 (Auxilio igual medida)• Asientos de 2da. Fila reclinables y plegables remotamente 60/40• Rieles portaequipaje• Espejos plegables eléctricamente y calefaccionados con repetidor de luz de viraje• Espejo retrovisor interno electrocrómico (anti encandilamiento)• Columna de dirección con ajuste de altura y profundidad• Apoyacabezas regulables en altura en todas las plazas.• Cortina cubre equipaje con dos anclajes según reclinación de asiento trasero• Línea exterior de techo cromada• Anclajes (6) y puerto 12V en baúl• Modos de conducción seleccionables (normal, sport, eco, smart)• Levanta vidrios eléctricos del. (auto up/down) y traseros• Inmovilizador y Battery saverAUTOMOVILES RAMA S.A.-Concesionario Oficial-Con más de 55 años en el mercado automotor.",tienda,0,,4x2,0
6738,7525,Audi,Q2,2025.0,35 advanced,Azul,Nafta,5.0,Automática,1.5,SUV,,0.0,Audi Q2 1.5 35 Tfsi Advanced 150 Cv,55000.0,US$,"Q2 35 1.4t 150cvcon MUCHOS ADICIONALES!Concesionario Número #1 de la Argentina-- Tomamos todos los usados al mejor precio.-- Mejoramos cualquier oferta.Audi Buenos AiresAv. Rivadavia 4751, Caballito.Av. Juan B. Alberdi 53, Caballito.Usados:Se atiende solo con cita previa.-- Esperamos tu consulta!El precio publicado no incluye gastos de flete, ni formularios ni gastos administrativos.Foto no contractual. Corresponde al modelo del titulo de la descripción. Equipamiento según versión. Precio puede variar sin previo aviso.",tienda,1,150.0,,0
6749,15911,Audi,Q5,2024.0,stronic,Blanco,Nafta,5.0,Automática,2.0,SUV,Sí,0.0,Audi Q5 2.0 Tfsi Stronic 252cv,85000.0,US$,"AUDI Q5 45 TFSI ADVANCED S TRONIC QUATTRO 245cv - Audi drive select- Audi virtual cockpit plus- Audi smartphone interface- Control de velocidad crucero- Luces delanteras y traseras LED- Tracción en las cuatro ruedas: Quattro- Nueva motorización naftera con hibridación ligera (MHEV)- Pantalla central con tecnología touch y MMI Navegación plus- Retrovisores exteriores abatibles, térmicos y antideslumbrantes- Llantas diseño turbina de 5 brazos con neumáticos 235/60 R18- Sensores de estacionamiento delanteros y traseros con cámara de retroceso- Acceso y arranque sin llave con apertura y cierre eléctricos del portón trasero- Asientos delanteros eléctricos tapizados en combinación cuero/cuero sintético.",tienda,1,252.0,,0
6792,14130,Audi,Q8,2025.0,55 quattro,Gris,Nafta,5.0,Automática,3.0,SUV,,0.0,Audi Q8 3.0 55 Tfsi Quattro,175800.0,US$,"AUDI Q8 55 TFSI V6 3.0 TIPTRONIC QUATTRO 340cv55 TFSI corresponde al motor de V6 3.0 TFSI 340cvColor: Gris Daytona Con los siguientes adicionales;- AUDI PHONE BOX- BANCO TRASERO PLUS- CUERO VALCONA CON GRABADO S- INSERCIONES EN ALUMINIO MATE CEPILLADO- MáSCARA DE SINGLEFRAME EN GRIS SCANDIUM- PAQUETE DE LUCES AMBIENTE PLUS- PAQUETE DEPORTIVO S LINE- PAQUETE EXTERIOR S LINE(Equipamiento de serie)- Audi virtual cockpitplus- Techo corredizo panorámico- Suspensión neumática adaptativa Sport- Paquete deportivo exterior e interior S line- Luces MatrixLED con intermitentes dinámicos- Climatizador automático de confort de 4 zonas- Acceso sin llave con servocierre para las puertas- Asientos tapizados en combinación microfibra / cuero con grabado S- Audi smartphone interface compatible con Apple y Android- Sistema de sonido de alta calidad Bang& Olufsen con sonido 3D- Sensores de estacionamiento delanteros y traseros con cámaras 360°- Control crucero adaptativo con aviso de salida del carril y alerta de punto ciego- Asientos delanteros deportivos, calefaccionados, eléctricos, con memoria para el conductor- Volante de cuero deportivo de 3 radios, achatado, multifunción, con levas de cambio.Concesionario Número #1 de la Argentina-- Tomamos todos los usados al mejor precio.-- Mejoramos cualquier oferta.Audi Buenos AiresAv. Rivadavia 4751, CABAAv. Juan B. Alberdi 53, CABA-- ¡Esperamos tu consulta!El precio publicado no incluye gastos de Flete, ni Formularios ni gastos Administrativos.Foto no contractual. Corresponde al modelo del título de la descripción. Equipamiento según versión. Precio puede variar sin previo aviso.El precio publicado corresponde a un pago de contado.",tienda,1,,,0
6808,13262,BMW,X1,2025.0,okm 2025 black edition ( - ),Negro,Nafta,5.0,Automática,,SUV,,0.0,BMW X1 X1 OKM 2025 Black Edition (4x2 - Automática),59900.0,US$,"BMW X1 18i XDRIVE Okm 20254x2 - Versión full - AutomáticaLINEA NUEVA 2025La más esperada del añoVersión Black EditionColor disponible: NegraPrecio Lista / Permuta u$s 59.900 dólaresPrecio Contado Efectivo u$s 59.900 dólares• TOMA DE USADOS:Deberá mandarnos por whatsapp :Fotos - Km - Año - Versión - Estado de neumáticosEl usado puede ser de cualquier marcaLa toma del usado se hace sobre el precio de listaDesde el botón WHATSAPP se contacta inmediatamente.•Respondermos su consulta por whatsapp en el momento •Concesionario oficial BMWMisael Ferrer+ Aceptamos Transferencia en Pesos o Dólares ++ Cuentas bancarias en todos los bancos +• Bell Motors - Concesionario oficial BMW •Compre tranquilo, compre en concesionario oficial• ATENCIÓN PERSONALIZADA• DOCUMENTACIÓN AL DÍA Y LISTA PARA PATENTARContamos con Administración y GestoríaEspecificaciones del vehículo:Motor 3 cilindros / 156 hpTransmisión Caja de cambios automática de 7 velocidades con tecnología de embrague doble y aplicación más deportivaTracción 4x2Tanque de gasolina 51 litrosRendimiento Combinado: 6.0 LEquipamiento exteriorDoble techo eléctrico panorámicoLlantas de aleación ligera de 18 pulgadasNeumáticos de emergenciaPaquete de espejos retrovisores exteriores plegablesAccionamiento automático del portón traseroCámara para marcha atrásPaquete de retrovisores interior y exterioresSensores de estacionamiento delanteros y traserosAcceso confort: no necesita llave para abrir y cerrar las puertasEl portón trasero se abre pasando el píe por debajo del paragolpes.Estaciona completamente sólo paralelo o perpendicular.Asistente de luz de carreteraEquipamiento interiorCargador inalámbrico para el celularVolante multifuncionalAlfombrillas de veloursRetrovisor interior, con ajuste automático anti-deslumbramientoReposabrazos delanteroAsientos deportivos para conductor Paquete de compartimentosClimatizador automático bi zonaPaquete de iluminación exterior e interiorVolante deportivo de cueroTapizado de cuero microperforadoComunicación y entretenimientoApple CarPlay y Android auto incluidos de fábricaAppsSeguridadTornillos antirrobo para las llantasDispositivo de alarmaIluminación y visibilidadFaros LED con contenido ampliado adaptativoAsistencia a la conducciónCaja de cambios Steptronic Sport con doble embragueControl de crucero con función de frenadoPantalla táctil curva de de 11 pulgadas",concesionaria,1,,4x2,0
6827,16473,BAIC,X35,2025.0,luxury,Azul,Nafta,5.0,Automática,1.5,SUV,,0.0,BAIC X35 1.5T Luxury Cvt,26200.0,US$,"***ÚNICAS UNIDADES EN EL MERCADO CON CARPLAY / ANDROID AUTO INCORPORADO***PRECIO DE LISTA U$D 27.900-BONIFICACIÓN PAGO CONTADO U$D 26.200-7 AÑOS DE GARANTIA 0 100.000Km la mejor garantía del mercado!BAIC X35 LUXURYMotor 1.5 Turbo + Caja CVTVersión con máximo equipamiento.2 AirbagFrenos ABSDisco en las cuatro ruedasTecho panorámicollave de presenciallantas de aleación 17""Iluminación full LedTapizados de cueroIMOLAAUTOS es concesionario oficial BAIC BAIC es la mejor marcha de autos Chinos en la Argentina.Tenemos 40 años de presencia en el mercado automotriz, con cobertura en todo el país, disponemos de más de 5.500 Mts2 distribuidos en tres bocas de venta.100% Calificaciones Positivas de clientes satisfechos, por brindarles una excelente, rápida y muy confiable atención. Excelente calificación en google de todas nuestras sucursalesContamos con:• Financiación del 50% / 60% con crédito bancario, cuotas fijas en pesos solo con DNI• Asesores profesionales que sabrán interpretar su necesidad.• Gestoría Automotor integral.• Aseguramos tu auto con los mejores precios, coberturas y compañías.*** Valorizamos inmejorablemente su auto usado***Esperamos su consulta virtual o su visita por nuestros locales.",tienda,1,,,0
6902,14606,Kia,Seltos,2025.0,lx,Gris,Nafta,5.0,Automática,1.5,SUV,,0.0,Kia Seltos 1.5 Lx Cvt,36000.0,US$,"NUEVA KIA SELTOS COTIZACIÓN BANCO NACIÓN. USD 36.900Bienvenido a NEOSTAR, tu Concesionario Oficial de confianza en Rosario y sus alrededores. Desde 1996, nos hemos comprometido a ofrecer asesoramiento de primera calidad a nuestros clientes, representando marcas de renombre como Jeep, Dodge, Ram, Chrysler, Nissan, Kia, Suzuki, Honda y Subaru.En NEOSTAR, nos enorgullece ofrecer una amplia gama de vehículos usados exclusivos. Con un promedio de más de 90 vehículos usados mensuales, cada uno de nuestros automóviles pasa por un riguroso proceso de peritaje mecánico para garantizar la calidad y fiabilidad. Además, todos nuestros vehículos usados vienen respaldados por una garantía y cuentan con toda la documentación necesaria para una transferencia sin complicaciones, gracias a nuestros experimentados gestores.¿Buscas cambiar tu vehículo actual? En NEOSTAR, aceptamos permutas y también compramos vehículos de todas las marcas. Confía en nosotros para obtener una valoración justa y transparente.Encuéntranos en nuestras ubicaciones en Rosario, Santa Fe (capital), Funes y Cañada de Gómez, y descubre por qué NEOSTAR es tu destino confiable para todas tus necesidades automotrices.",concesionaria,0,,,0
6905,9219,Audi,Q3 Sportback,2024.0,35tfsi sportback,Blanco,Nafta,5.0,Automática,1.4,SUV,,0.0,Audi Q3 Sportback 1.4 35tfsi Sportback 150 Cv,62800.0,US$,"35 TFSI corresponde a motor 1.4 TFSI de 150CV- Audi drive select- Audi soundsystem- Techo corredizo panorámico- Asientos tapizados en Leatherette- Confort Key(acceso y arranque sin llave)- Climatizador automático confort de 2 zonas- Portón del maletero de apertura y cierre eléctricos- Control de velocidad crucero con limitador de velocidad- Cuadro de instrumentos Digital ClusterDisplayde 10,2”- Audi smartphone interface compatible con Android Auto y Apple CarPlay- Llantas de aluminio fundido de 5 brazos dobles con neumáticos 235/55 R18- Asientos traseros con reglaje horizontal, reposabrazos central y porta bebidas- Volante de cuero en diseño de 3 radios con multifunción plus y levas de cambio- Sensores de estacionamiento delanteros y traseros con cámara de marcha atrás- Pantalla central color de 8,8” con tecnología touch y sistema de diálogo por voz- Luces diurnas, bajas y altas en tecnología LED; luces de giro y traseras incandescentes- Retrovisores exteriores con ajuste eléctrico y térmicos, espejo interior antideslumbrante.Concesionario Número #1 de la Argentina-- Tomamos todos los usados al mejor precio.-- Mejoramos cualquier oferta.Audi Buenos AiresAv. Juan B. Alberdi 53, CABA-- Esperamos tu consulta!El precio publicado no incluye gastos de flete, ni formularios ni gastos administrativos.Foto no contractual. Corresponde al modelo del titulo de la descripción. Equipamiento según versión. Precio puede variar sin previo aviso.Contactá a la tienda",tienda,1,150.0,,0
6907,5517,Jeep,Compass,2025.0,t270 limited,Negro,Nafta,5.0,Automática,1.3,SUV,,0.0,Jeep Compass 1.3 T270 Limited 4X2 At6,45000.0,US$,"MOTO RANCHEntra un Cliente, Sale un AmigoDesde 1992 La Mejor Onda SiempreAutos Usados Seleccionados y 0km MultimarcaPara ver Nuestro Stock de Vehículos Actualizado con más de 20 Fotos por Vehículo con sus Respectivos Precios, ingresá a Nuestra Página WebSeguinos en las Redes Sociales para ver el Mejor Contenido MultimediaAutos, Arte y HumorAv. Sagrada Familia 484, Córdoba CapitalVisitá MOTO RANCH para Descubrir el Mejor Lugar para la Compra de tu Próximo Vehículo Nuevo o Usado con más de 5.500 m2 destinados a hacer de tu Visita una Experiencia ÚnicaPrestigio, Seriedad y TrayectoriaAtendido Exclusivamente por sus DueñosHonestidad y Transparencia Probados Desde 1992",concesionaria,1,,4x2,0
6912,18152,Fiat,Pulse,2025.0,gse drive,Blanco,Nafta,5.0,Manual,1.3,SUV,,0.0,Fiat Pulse 1.3 Gse Drive Mt,9200.0,US$,** OPORTUNIDAD DE ESTE MES **° Consulte Precio Final Contado.° ENTREGA INMEDIATA REAL.° Variedad de Colores.° NO ES PLAN DEAHORRO.° Venta A Todo El País Sin Restricciones.° Financiamos.° Seña Y Pago Siempre Al Concesionario Oficial.° Vehiculos 0km Con Garantía.° Tomamos Su Usado A Valor De Mercado.° Atención Personalizada Las 24 Hs.--.Disponible Toda La Línea 0Km.--*AGENTE OFICIAL ZONA NORTE*,tienda,0,,,0
6949,18068,Jeep,Compass,2025.0,t270 serie-s,Blanco,Nafta,5.0,Automática,1.3,SUV,,0.0,Jeep Compass 1.3 T270 Serie-S 4X2 At6,42100.0,US$,"Somos Sidway, Primer Concesionario Jeep/RAM Oficial del País. 

Consultá por nuestras opciones de financiación y pago al contado.

Tomamos tu usado al mejor precio. 

Ofertas exclusivas del mes. Disponibilidad de colores.

Solicitá tu TEST DRIVE 

Contamos con un equipo de asesores comerciales que te brindarán toda la información de manera online mediante WhatsApp o llamado telefónicio. Podrás además coordinar con ellos una videollamada para ver nuestras unidades si así lo quisieras y recibir info del vehículo.

Subite a tu Jeep/RAM en Sidway con la mejor propuesta comercial y asesoramiento. 

SIDWAY",tienda,1,,4x2,0
6960,16877,Hyundai,Tucson,2024.0,safety +,Blanco,Nafta,5.0,Automática,2.0,SUV,Sí,0.0,Hyundai Tucson SAFETY + 2.0 2WD 6AT,47900.0,US$,"Recibimos tu usado.Los créditos son acordes al modelo del vehículo y varían desde 12 a 48 meses para autos usados y O km.Tasa fija.CRÉDITOS PROPIOS A SOLA FIRMAPersonal y de rápida obtención.A tasa fija en pesos o dólares.Plazos hasta 24 meses.CRÉDITOS PRENDARIOSMínimos requisitos: DNI y un servicio.SUR AUTOMOTORESSomos una reconocida concesionaria del sur de la Provincia de Mendoza. Fundada en 1995 en San Rafael, se amplió como Concesionaria Oficial Hyundai en 1998. Con una gran experiencia en el mercado automotriz de la región hoy es una de las referentes del sector, cuenta con un elegante salón de ventas en un cómodo y amplio predio. Aunque exclusivos de Hyundai, también posee un área Multimarcas reservado para unidades 0 Km, además de una importante playa cubierta donde pueden apreciarse las selectas unidades usadas de diferentes marcas y modelos.",concesionaria,0,,4x2,0
7019,13093,BAIC,X35,2025.0,luxury,Blanco,Nafta,5.0,Automática,1.5,SUV,,0.0,BAIC X35 1.5 Luxury At,28100.0,US$,"*Gioda Automotores*En Gioda Automotores te ofrecemos una amplia gama de vehículos 0km más una línea de usados seleccionados para que encuentres el modelo ideal que se adapte a tus necesidades y estilo de vida. Somos concesionaria oficial, con atención personalizada y un equipo de expertos para asesorarte en cada detalle de tu compra.¿Por qué elegirnos?- Concesionaria oficial con experiencia en el mercado.- Amplia disponibilidad de modelos y colores.- Planes de financiación a medida.- Servicio de atención personalizada.Características del vehículo* Año: 2025* Kilómetros: 0 km.* Colores disponibles: BlancoUbicación- Nos encontrás en Río Tercero y Río Cuarto, Córdoba.- Contáctanos para conocer más y coordinar una visita.",tienda,0,,,0
7034,17199,Fiat,Pulse,2023.0,impetus t3,Rojo,Nafta,5.0,Automática,1.0,SUV,,0.0,Fiat Pulse 1.0 Impetus T3 Cvt,1300000.0,$,FIAT PULSE 1.0 TURBO AUTOMATICASOLO PARA RETIRO INMEDIATO!!!!!EL ANTICIPO SE PUEDE CUBRIR CON AUTO USADO O CON EFECTIVOEL RESTO DOY A PAGAR EN CUOTAS MEDIANTE CREDITO CON FABRICASOLO PARA RETIRO INMEDIATO !!!!!,tienda,0,,,1
7051,7892,Jeep,Wrangler,2025.0,rubicon atx,Negro,Nafta,4.0,Automática,2.0,SUV,,0.0,Jeep Wrangler 2.0 Rubicon 272Hp Atx,124800.0,US$,"**CONCESIONARIO OFICIAL CAR DISTRICT - JEEP  Y RAM***TE AGRADECEMOS TU CONTACTO POR WHATSAPP PARA UNA RAPIDA ATENCION**NUESTROS ASESORES ESTAN LISTOS PARA ATENDERTE*ENTREGA INMEDIATA !!! UNIDADES CON CERTIFICADO LISTAS PARA PATENTAR !!!* FINANCIA $10.000.000 EN 12 CUOTAS SIN INTERES DE $843.000 ** FINANCIA $12.000.000 EN 12 CUOTAS SIN INTERES DE $1.011.000 ** FINANCIA $15.000.000 EN 12 CUOTAS DE $1.387.000 * TOMAMOS TU USADO , LO COTIZAMOS AL INSTANTE AL MEJOR VALOR CONTACTATE YA MISMO ! *SOMOS PARTE DEL GRUPO TREPAT , TRAYECTORIA,SEGURIDAD Y CONFIANZA*NO BUSQUES MAS , TU JEEP LO COMPRAS CON  NOSOTROS !",tienda,0,272.0,,0
7055,6747,Toyota,SW4,2025.0,tdi gr-s 7as,Negro,Diésel,5.0,Automática,2.8,SUV,,0.0,Toyota SW4 Tdi Gr-s 4x4 7as 6at,72000.0,US$,"Autos Pilar Premium te ofrece un amplio stock de más de 250 vehículos, incluyendo autos, pick-ups, SUV, motos y embarcaciones. Contamos con unidades premium en óptimas condiciones, con garantía de 3 meses, ampliable hasta 12 meses.Aceptamos múltiples formas de pago: propiedades, lotes, criptomonedas, transferencias bancarias, cheques y permutas, además de planes de financiación propios y bancarios. Nuestro objetivo es brindarte una experiencia de compra premium, respaldada por nuestra amplia oferta y flexibilidad en las transacciones.Ahora, con AP SHARE, llevamos la exclusividad a otro nivel: Accedé a vehículos de alta gama sin necesidad de compromiso con una sola unidad. Cambiá de modelo según el plan contratado, disfrutando siempre de distintos modelos con total previsibilidad. Olvidate de costos de transferencia y patentamiento. Disfrutá de un concepto innovador en Argentina, reservado para un grupo selecto. Manejá siempre algo nuevo, sin caer en la rutina.Somos Autos Pilar, somos Premium. ¡Conocenos!",concesionaria,1,,4x4,0
7059,1467,Honda,CR-V,2024.0,ex,Gris,Nafta,5.0,Automática,1.5,SUV,,0.0,Honda CR-V 1.5 Ex Cvt 2Wd,59500.0,US$,La tecnología de la nueva CR-V cuenta con:Climatizador automáticoCargador inalámbrico.Car Play y Android auto inalámbricoLanewatchControl de descensoDisfrutá de tus paseos con mucha comodidad y sin desconectarte,tienda,0,,4x2,0
7061,14964,Audi,Q3,2025.0,40tfsi quattro advance,Negro,Nafta,5.0,Automática,2.0,SUV,Sí,0.0,Audi Q3 2.0 40Tfsi Quattro Advance 180Cv,69000.0,US$,"Audi Q3 40 TFSI Advanced 0km 2025Phone Box (carga inductiva de telefono)Unidades fisicas en stock tocables, con certificado para patentar.Podes retirar en cualquiera de nuestras sucursales-Quilmes-La PlataO te enviamos tu auto a tu domicilio.Tomamos permutas al mejor precioMejoramos cualquier presupuesto",tienda,1,180.0,,0
7069,13983,Honda,CR-V,2024.0,advanced hybrid,Gris,Híbrido/Nafta,5.0,Automática,2.0,SUV,,0.0,Honda CR-V 2.0 Advanced Hybrid Awd,74900.0,US$,Honda CR-V ADVANCED HYBRID-Disponibilidad de colores-Stock Fisico para entrega inmediata-Mejor precio del mercado-Tomamos tu usado-Financiación en 12 cuotas sin interes-Test DriveFederico Minaglia - Honda Capitol Motors,concesionaria,0,,4x4,0
7077,4157,Audi,Q7,2025.0,55 s-line quattro,Gris,Nafta,5.0,Automática,3.0,SUV,Sí,0.0,Audi Q7 3.0 55 Tfsi S-Line Quattro 340Cv,169000.0,US$,El vendedor no incluyó una descripción del producto,concesionaria,1,340.0,,0
7116,13739,Audi,Q3,2024.0,,Gris,Nafta,5.0,Automática,1.4,SUV,Sí,0.0,Audi Q3 1.4 Tfsi 150 Cv,64700.0,US$,"Q3 35 entrega inmediata.Techo eléctrico, portón eléctrico.Colores Gris Nano, Negro Mito, Gris Plata Florete, Blanco Glaciar.",concesionaria,1,150.0,,0
7148,8625,BAIC,X35,2023.0,luxury,Rojo,Nafta,5.0,Automática,1.5,SUV,Sí,0.0,BAIC X35 1.5 Luxury At,27500.0,US$,"PARA VER VIDEO DE LA UNIDAD LUEGO DE LA ÚLTIMA FOTO EN ESTE AVISO o BIEN SE LO ENVIAMOS.A NUESTROS CLIENTES Y POSIBLES CLIENTES NOTA:* NO compre Baic 0km en Agencias multimarcas o de otras marcas NO habilitadas.(evite dolores de cabeza con la Garantía).Solamente en CABA somos BAIC PALERMO. Único domicilio habilitado.Solamente en ZONA OESTE somos BAIC MORÓN. Único domicilio habilitado.Solamente en ZONA NORTE somos BAIC VICENTE LOPEZ. Único domicilio habilitado.7 AÑOS DE GARANTÍA AVALAN LA CALIDAD DE LA MARCA.PRECIO LISTA: U$S 29.500BONIFICACIÓN: U$S 2.000CONTADO: U$S 27.500.-NEW X35 LUXURY TURBO CVTPresentamos el SUV más potente del mercado.MOTOR 1.5 – 16v – TURBO – 148 HP DE POTENCIA.CAJA AUTOMÁTICA SECUENCIAL DE 6 MARCHAS.210 NM.ACELERACIÓN DE 0 A 100/KM: 8.9 SegMEDIDAS: Longitud 4.32 m / Ancho 1.83 m / Alto 1.64 mEQUIPAMIENTO:• Llantas 17” Diamantadas Bi Tono.• Cámara de retroceso.• Sensores de estacionamiento.• Espejos con guiños.• Faros Led completos delanteros y traseros.• Techo Panorámico con apertura eléctrica (único en nuestro mercado en su segmento).• Volante en cuero Multifunción.• Control Velocidad Crucero.• Butacas deportivas Cuero/Tela.• Encendido a Botón con llave de presencia.• Pantalla Multimedia con conectividad.• Freno de mano electrónico.• Climatizador Digital.• Paneles de puerta y tablero en cuero y aluminio.• Frenos ABS + EBD• Control de Tracción.• Control de estabilidad.• Control de Pendientes.• Control presión de neumáticos.• Volumen de Carga 390 Dm3.BAIC PALERMO / BAIC MORÓN / BAIC VICENTE LOPEZ--------------------------------------------PLAN FINANCIACIÓN EXCLUSIVO “BAIC PALERMO”ENTREGA INMEDIATA CON UNIDADES EN SALÓN.--------------------------------------------------------------------------------BAIC PALERMO OFRECE EL STOCK MÁS IMPORTANTE DEL PAÍS.UNIDADES PARA ENTREGA INMEDIATA.TEST DRIVE DISPONIBLE (CON TURNO).ENTREGAS A DOMICILIO.------------------------------------------------------------------------------TOMAMOS VEHÍCULOS EN PARTE DE PAGOTASAMOS VÍA WHATSAPP PARA SU MEJOR COMODIDAD SI VIVE EN EL INTERIOR.FINANCIACIÓN CON DNI HASTA EL 50% DEL VALOR DE LA UNIDAD.------------------------------------------------------------------------------7 RAZONES POR LA QUE CONFIAR EN BAIC:1) BAIC es marca Premium en China y en 48 países del Mundo.2) BAIC se encuentra en todas las provincias de Argentina y en 9 países deAmérica.3) BAIC es la única Automotriz socia de Mercedes Benz en el Mundo.4) BAIC es la única Automotriz Premium que ofrece 7 años de Garantía.5) BAIC NO es un vehículo económico Chino.6) BAIC es para el público que busca vehículos SUV DIFERENTES.7) BAIC es Diseño, Calidad, Confort, Equipamiento....y Esa Extraña sensación deFIDELIDAD.-----------------------------------------------------------------------------------* BAIC PALERMO - CASA CENTRAL -AV. CÓRDOBA 6102 - C.A.B.A. -- SERVICIO POST VENTAECHEVERRIA 1050 - C.A.B.A. -* BAIC RAMOS MEJÍA - ZONA OESTE -AV RIVADAVIA 14882 - RAMOS -SERVICIO POST VENTA* BAIC VICENTE LOPEZ - ZONA NORTE -AV. LIBERTADOR 550 - VICENTE LOPEZ -- SERVICIO POST VENTAECHEVERRÍA 1050 - C.A.B.A. -NRO 1 EN VENTASBRINDANDO SERIEDAD Y PROFESIONALISMO A LA MARCA.CON GRAN IMPRONTA EN LA PRESENTACIÓN DE SUS MODELOS.",tienda,0,148.0,,0
7158,4753,Mitsubishi,Outlander,2025.0,gls s- (),Negro,Nafta,5.0,Automática secuencial,,SUV,Sí,0.0,Mitsubishi Outlander 2.5L GLS S-AWD (184 CV),51890.0,US$,VALPARAISO MOTORS AV VALPARAISO 4380 CORDOBA CAPITALVALPARAISO MOTORS AV BELGRANO ESQUINA BOLIVAR CAPITAL FEDERALConcesionario Oficial:MITSUBISHI - HAVAL - CHANGAN - GREAT WALL Y USADOS SELECCIONADOSNEW OUTLANDER 2025 7 PASAJEROS PRE-VENTA EXCLUSIVA!!PRECIO CONTADO 52.000 dólar Banco Nación PRECIO LISTA PERMUTA 57.750 dólar Banco Nación FINANCIACION EXCLUSIVA BANCO SANTANDER!!!!ENTREGAMOS A DOMICILIO A TODO EL PAÍS!!!!!!!!!!!TODOS LOS COLORES!!!!!!!!!Recibimos tu USADO al mejor precio del mercadoConsulta con nuestros asesores de ventas para realizar tu TEST DRIVEFINANCIACIÓN x por diferentes medios bancarios y personales.Servicio post ventaREPUESTOS Y TALLER OFICIALGARANTÍA 3 años o 100.000 KMEL PRECIO NO INCLUYE NI FLETE NI FORMULARIOS!!!!,tienda,0,184.0,4x4,0
7160,13430,Hyundai,Tucson,2025.0,tgdi tct,Blanco,Nafta,5.0,Automática,1.6,SUV,Sí,0.0,Hyundai Tucson 1.6 Tgdi Tct,57990.0,US$,El vendedor no incluyó una descripción del producto,concesionaria,1,,,0
7195,1388,Haval,Jolion,2024.0,,Azul,Nafta,5.0,Automática,1.5,SUV,,0.0,Haval Jolion 1.5T 2Wd,32900.0,US$,"NUEVA HAVAL JOLION 1.5T AT 2025 0km!5 AÑOS O 150.000 KM DE GARANTÍA!!La nueva SUV que llega a Argentina a revolucionar el segmentoComo si fuera poco, la JOLION de la gigante china cuenta con diversos ADAS (Sistemas Avanzados de Asistencia al Conductor)Este grupo de funciones mediante un software central, sensores y cámaras, brindan al conductor información permanente sobre el entorno del vehículo, monitorean posibles obstáculos o factores de riesgo y, ante una emergencia detectada, intervienen en la conducción. Su misión es complementar los sentidos humanos ampliando el campo de visión, intensificar la atención y acelerar los reflejos.EL PRECIO PUBLICADO ES DE CONTADO. (COTIZACION DOLAR BLUE)CONSULTAR POR PRECIO DE PERMUTATOMAMOS USADOS EN PARTE DE PAGOHACEMOS FINANCIACIONES POR MEDIO DEL BANCO SANTANDERASESOR COMERCIAL: ALAN PEREZ~ CONCESIONARIO OFICIAL GRUPO BARBALACE ~**** MAS DE 35 AÑOS BRINDANDO CONFIANZA EN EL MERCADO **** LOS INVITAMOS A MIRAR NUESTRAS CALIFICACIONES MEDIANTE GOOGLE.Unidades 0km - HAVAL - GEELY - DFSK - GREAT WALL - JAC - CHERYUSADOS SELECCIONADOS PREMIUMCompra, Venta, Financiación, Permuta¿Por qué elegir Grupo Barbalace?Somos una concesionaria con más de 35 años en el rubro, contamos con la mejor atención y calidad, el mejor precio de contado y la mejor cotización de usados en el mercado. También contamos con gestoría propia para una gestión administrativa mucho más rápida y segura. Somos concesionario oficial DFSK, GEELY, HAVAL, GREAT WALL, JAC CHERY. Contamos con servicio posventa con un personal ampliamente capacitado para resolver cualquier tipo de inconveniente. Podes encontrarnos en todas las plataformas y ver nuestro recorrido en el mercado automotor.",concesionaria,1,,4x2,0
7220,17884,BAIC,X55,2025.0,il,Blanco,Nafta,5.0,Automática,,SUV,Sí,0.0,Baic X55 Il,37900.0,US$,BONIFICACION EXCLUSIVA PARA UNIDADES FISICAS PATENTADAS EN ABRILPOCAS UNIDADES!!,concesionaria,1,,,0
7221,2508,Audi,Q7,2024.0,55 s-line quattro,Gris,Nafta,5.0,Automática,3.0,SUV,,0.0,Audi Q7 3.0 55 Tfsi S-line Quattro,153000.0,US$,"EQUIPAMIENTO DESTACADO DE SERIE3ª fila de asientosadaptive air suspensionAsientos delanteros calefaccionados, eléctricos y con memoria para el conductorFrenado automático de emergencia y asistente de salida del carrilAviso de cambio de carril con aviso de peligro al bajar y asistente para el tráfico transversal traseroCierre asistido eléctrico para puertas Climatizador automático de confort de 4 zonasControl crucero adaptativo con limitador velocidad y asistente de tráfico frontalCámaras de entorno 360Luces delanteras Matrix LED y traseras LED, ambas con intermitentes dinámicosLlantas de 5 radios dobles con neumáticos 285/45 R20 Llave confort con desbloqueo del maletero controlado por sensorPaquete exterior deportivo S lineSistema de sonido de alta calidad Bang & Olufsen con sonido 3DTecho de cristal panorámicoOPCIONALES DE ESTA UNIDADColor de carrocería Gris DaytonaTapizado de techo color negroEl precio publicado no incluye gastos de flete, ni formularios ni gastos administrativos",concesionaria,1,,,0
7260,5092,BMW,X2,2024.0,sdrive20i msportx,Gris,Nafta,5.0,Automática,2.0,SUV,,0.0,BMW X2 2.0 Sdrive20i Msportx,80900.0,US$,BMW X2 20 LINEA NUEVA 2024 TRACCION INTEGRAL0KM ENTREGA INMEDIATABREMEN MOTORS PALERMO,tienda,0,,,0
7333,755,BAIC,X55,2025.0,plus,Rojo,Nafta,5.0,Automática,1.5,SUV,Sí,0.0,Baic X55 1.5 Plus,43400.0,US$,"Nueva BAIC X55 Plus motor 1.5 turbo caja automatica con 7 años de garantía o 100.000kmPermuta FinanciacionSERVICIO DE POSTVENTA OFICIAL BAIC EN AV. EVA PERON 4480 INGRESO POR LA CALLE LA SALLE.APLIO STOCK DE REPUESTOS OFICIALESPalanca de cambios electrónicaModo de conducción Standard, Sport y ECOEPS Standard y SportABS + EBD + EBA+TCS+HHC+HDC+EPBPrograma electrónico de estabilidadAuto holdAirbags conductor + acompañante + laterales+ cortinaRecordatorio de cinturón de seguridad desabrochadoSensor de estacionamiento frontal / traseroCámara de marcha atrásInmovilizador del motorSistema de monitoreo de presión de los neumáticos (TPMS)Techo corredizoBaúl eléctrico con antipinzamiento inteligenteLevantavidrios SMART en caso de lluviaEspejos Retrovisores Eléctricos Rebatibles Calefaccionadosc/memoria marcha atrásVolante full touch multifunción c/ ajuste 4 posicionesEspejo retrovisor automático con antiencadilamientoAlimentación delantera y en baúl de 12 VPuerto de carga tipo C + 3 USBParlantes premium sound HIFITapizado de cueroAjuste eléctrico del asiento del conductor c/ memoriaAjuste eléctrico del asiento del acompañanteReposapiernas regulables eléctricamente para acompañanteAsiento delantero con calefacción+ventilación+masaje+soporte deCinturaAjuste del ángulo del respaldo del asiento traseroFila trasera calefacción, ventilación, masaje dos plazasPantalla central de 12,3” + Instrumentos LCD de 7”Interacción inteligente en tres pantallasConexión fácil con Carlink + WIFICarga inalámbrica rápida de celular + Conexión BluetoothFaros LED regulables y automaticos c/ sistema Follow me HomeLuz de freno intermitente de emergencia, ESSAire acondicionado automático doble zona c/ display calidad delaire interior, AQSImagen panorámica 3D con motivo de 360° Detección de objetos en movimiento, MODDetección de objetos en movimiento, MODDetección de puntos ciegos, BSDAdvertencia de puerta abierta, DOWControl de crucero adaptativo inteligente, IACCAsistente para atascos de tráfico, TJAAsistente de mantenimiento de carril, LKAAdvertencia de colisión frontal, FCWFrenado automático de emergencia (AEB) para vehículos yPeatonesAsistente de estacionamiento automático, APAFoto y descripción no contractuales pueden cambiar sin previo aviso",concesionaria,0,,,0
7362,3732,BMW,X6,2025.0,xdrive 35i pure extravagance,Negro,Nafta,5.0,Automática,3.0,SUV,,0.0,BMW X6 3.0 Xdrive 35i Pure Extravagance,189900.0,US$,BREMEN MOTORS SA CONCESIONARIO OFICIAL BMW & MINIBMW X6 xDrive 40i MSport 20250kmEntrega inmediata USD 189.900Consulte por operación de contado,concesionaria,0,,,0
7381,6795,Hyundai,Tucson,2025.0,tgdi tct,Blanco,Nafta,5.0,Automática,1.6,SUV,Sí,0.0,Hyundai Tucson 1.6 Tgdi Tct,57999.0,US$,"YA PODES DISFRUTAR TU UNIDAD CON LA BAJA DE IMPUESTOSTOCK LIMITADO.NEW TUCSON 1.6 T-GDI 4WD 7 DCTALGUNAS CARÁTERÍSTICAS:Motor: 1.6 T-GDI 180 cv / Torque: 27.0 Kgm (1500-4500 rpm)Transmisión: Caja Automática de Doble Embrague con 7 Velocidades4WD Electrónico, Según DemandaSEGURIDAD:Control de Velocidad Crucero InteligenteAsistente de Mantenimiento de CarrilAsistente de Colisión FrontalSistema de Monitoreo de Presión de Neumáticos6 AirbagsControl de Tracción TCSControl de Estabilidad ESPAsistencia en Pendientes (Down Hill + Hill Start)Anclajes ISOFIXAlerta de Ocupantes en Plazas TraserasDetector de FatigaLuces Diurnas LED con Diseño Paramérico OcultoSensores de Estacionamineto Delantero + Trasero y Cámara de Visión Trasera y de RetrocesoSensor de LluviaSensor de LucesAlerta de Hielo en CarreteraSistema de Auto DesempañadoCONVENIENCIATablero de Instrumentos Digital de 12.3 Pulgadas con Diseño PersonalizablePantalla Multimedia c/ Android Auto/Apple Card Play de 12.3 PulgadasReconocimiento Dactilar para Encendido de Motor y MultimediaCargador Inalámbrico para el CelularSelectora de Cambios en Columna de Dirección (Shif by Wire)Arranque a DistanciaTecho Solor PanorámicoLuces Delanteras LEDPortón Trasero EléctricoTapizado de CueroButacas Delanteras con Regulación Eléctrica (Conductor con Memoria) Calefaccionadas y VentiladasVolante Tapizado en Cuero CalefaccionadoY MUCHO MÁS........",concesionaria,1,180.0,,0
7400,3840,Kia,Seltos,2025.0,lx,Plateado,Nafta,5.0,Automática,1.5,SUV,Sí,0.0,Kia Seltos 1.5 Lx Cvt,36000.0,US$,"Traiga su propuesta, la analizaremos juntos para lograr que se convierta en un nuevo Usuario de la marca, nuestra atención comercial está dirigida a Ud. y a su Satisfacción!!En GIUVI Kia La Plata estamos a su disposición, acérquese, contáctenos, tenemos todas las herramientas para satisfacer sus necesidades!!Podrá encontrar todas estas posibilidades juntas:* Concesionario Oficial de la marca del año 2010* Stock de Unidades Permanente y entrega inmediata.* Ofrecemos Test drive en salón y también a domicilio.* Área de Servicio oficial en el mismo establecimiento.* Proveemos Repuestos Originales con envió a todo el País.* Tomamos su vehículo usado en parte de pago el cual transferimos en el momento a nombre nuestro para su tranquilidad.* Mejoramos todas las operaciones para que pueda se un nuevo usuario de Kia.No dude en contactarnos, le garantizamos la más cálida atención, experiencia, cumplimiento y profesionalismo para la compra de Su Nuevo Kia.",concesionaria,0,,,0
7408,10358,Audi,Q5,2024.0,stronic,Blanco,Nafta,5.0,Automática,2.0,SUV,Sí,0.0,Audi Q5 2.0 Tfsi Stronic 252cv,88000.0,US$,"Audi Q5 45 TFSI Advanced45 TFSI corresponde a motor 2.0 de 245 cv› Audi drive select› Audi virtual cockpit plus› Audi smartphone interface› Control de velocidad crucero› Luces delanteras y traseras LED› Tracción en las cuatro ruedas: quattro› Nueva motorización naftera con hibridación ligera (MHEV)› Pantalla central con tecnología touch y MMI Navegación plus› Retrovisores exteriores abatibles, térmicos y antideslumbrantes› Llantas diseño turbina de 5 brazos con neumáticos 235/60 R18› Sensores de estacionamiento delanteros y traseros con cámara de retroceso› Acceso y arranque sin llave con apertura y cierre eléctricos del portón trasero› Asientos delanteros eléctricos tapizados en combinación cuero / cuero sintético.Unidades fisicas en stock tocables, con certificado para patentar.Podes retirar en cualquiera de nuestras sucursales-Quilmes-La PlataO te enviamos tu auto a tu domicilio.Tomamos permutas al mejor precioMejoramos cualquier presupuesto",tienda,1,252.0,,0
7435,815,Audi,q5 sportback,2025.0,45tfsi quattro s tronic s-line,Gris,Nafta,5.0,Automática,2.0,SUV,,0.0,Audi q5 sportback 2.0 45Tfsi Quattro S Tronic S-Line 245Cv,127000.0,US$,"Q5 SPORTBACK S-LINE PREMIUM BLACKAudi virtual cockpit plusSuspensión neumática adaptativaAcceso y arranque sin llaveTecho corredizo panorámicoControl crucero adaptativo con frenado de emergenciaAsistentes activos de salida del carril y cambio de carrilPaquetes deportivos interior y exterior S line con paquete exterior Negro PlusLuces delanteras y traseras 100% LEDAudi phone box y Audi smartphone interfaceTapizados en combinación microfibra / cuero con grabado “S”Volante de cuero, deportivo, 3 radios, achatado, multifunción, con levasAsientos deportivos calefaccionados, eléctricos, con memoria para el conductorSensores de estacionamiento delanteros y traseros con cámaras 360°Llantas Audi Sport, 5 radios en V, negro antracita, torneado brillante 255/45 R20",tienda,1,245.0,,0
7501,2713,Alfa Romeo,Stelvio,2024.0,q4 veloce,Blanco,Nafta,5.0,Automática,2.0,SUV,,0.0,Alfa Romeo Stelvio 2.0 280cv At Q4 Veloce,86000.0,US$,"Nueva Alfa Romeo Stelvio Tributo Italiano 2.0T 280CV Q40 KM - 2025 Contamos con entrega inmediata en Buenos Aires o en Bahia Blanca.Con esta serie especial, Alfa Romeo rinde homenaje a la elegancia y la pasión italiana. Reinventando su estilo deportivo en detalles modernos: costuras interiores rojas y logo de Tributo Italiano, detalles de la bandera tricolor en los espejos retrovisores, llantas negras de 21.Equipamiento tope de gama Tablero digitalConsulta por permutas",concesionaria,0,280.0,,0
7514,6965,Audi,Q3 Sportback,2024.0,40tfsi quattro s line,Gris,Nafta,5.0,Automática,2.0,SUV,Sí,0.0,Audi Q3 Sportback 2.0 40Tfsi Quattro S Line 190Cv,72000.0,US$,"Audi Q3 Sportback 40 TFSI40 TFSI corresponde a motor 2.0 TFSI de 180CVUnidades fisicas en stock tocables, con certificado para patentar.Podes retirar en cualquiera de nuestras sucursales-Quilmes-La PlataO te enviamos tu auto a tu domicilio.Tomamos permutas al mejor precioMejoramos cualquier presupuesto- Audi drive select- Audi soundsystem- Techo corredizo panorámico- Audi virtual cockpitde 10,2”- Confort Key(acceso y arranque sin llave)- Asientos delanteros deportivos y eléctricos- Climatizador automático confort de 2 zonas- Portón del maletero de apertura y cierre eléctricos- Asientos tapizados en Leatherettecon grabado S line- Paragolpes deportivos S line completamente pintados- Control de velocidad crucero con limitador de velocidad- Audi smartphoneinterface compatible con Android Auto y Apple CarPlay- Retrovisores exteriores abatibles y térmicos, espejo interior antideslumbrante- Sensores de estacionamiento delanteros y traseros con cámara de marcha atrás- Pantalla central color de 8,8” con tecnología touch y sistema de diálogo por voz- Llantas S line en diseño dinámico de 5 radios dobles, con neumáticos 235/50 R19- Luces diurnas, bajas y altas en tecnología LED; luces de giro y traseras incandescentes- Volante S line de cuero de 3 radios con multifunción plus, levas de cambio, de base planaEl precio publicado no incluye gastos de flete, ni formularios ni gastos administrativos.",tienda,1,190.0,,0
7547,15686,Audi,Q7,2025.0,55 s-line quattro,Gris,Híbrido/Nafta,5.0,Automática,3.0,SUV,,0.0,Audi Q7 3.0 55 Tfsi S-Line Quattro 340Cv,149500.0,US$,"Equipamiento destacado de serie 3ª fila de asientosAdaptive  air suspensionAsientos delanteros calefaccionados, eléctricos y con memoria para el conductorFrenado automático de emergencia y asistente de salida del carrilAviso de cambio de carril con aviso de peligro al bajar y asistente para el tráfico transversal traseroCierre asistido eléctrico para puertas Climatizador automático de confort de 4 zonasControl crucero adaptativo con limitador velocidad y asistente de tráfico frontalCámaras de entorno 360°Luces delanteras Matrix LED y traseras LED, ambas con intermitentes dinámicosLlantas de 5 radios dobles con neumáticos 285/45 R20Llave confort con desbloqueo del maletero controlado por sensorPaquete exterior deportivo S lineSistema de sonido de alta calidad Bang & Olufsen con sonido 3DTecho de cristal panorámicoAutovisiones #1 en VentasNuestro showroom ubicado en Av. del Libertador 5699 dispone de personal altamente calificado tanto en los equipamientos a nivel motorización y comfort, como opcionales, paquetes para que reciba el mejor asesoramiento para la compra de su nuevo Audi.No incluye flete, formularios ni gastos administrativos.Precio contado, sin entrega de usado.",concesionaria,1,340.0,,0
7596,4522,Volkswagen,Taos,2025.0,250 highline bi tono,Blanco,Nafta,5.0,Automática,1.4,SUV,,0.0,Volkswagen Taos 1.4 250 Tsi Highline Bi Tono,44000.0,US$,"0km lista para trasnferir, garantias oficiales volkswagen y 3 service bonificados",concesionaria,1,,,0
7601,14184,BAIC,X55,2025.0,plus,Negro,Nafta,5.0,Automática,,SUV,Sí,0.0,Baic X55 Plus,44900.0,US$,BAIC X55 PLUSENTREGA INMEDIATALA SUV SEGMENTO C MAS EQUIPADA DEL MERCADO,concesionaria,1,,,0
7611,1465,Chery,Tiggo 4 Pro,2024.0,comfort,Rojo,Nafta,5.0,Automática,1.5,SUV,,0.0,Chery Tiggo 4 Pro 1.5 Comfort Cvt,25900.0,US$,BIMBAL S.A.                CONCESIONARIO OFICIAL CHERY DE CAPITAL FEDERAL PARA TODO EL PAIS                                PRECIO PROMOCIONAL PARA OPERACIONES DE CONTADO,concesionaria,0,,,0
7630,3161,Kia,Sportage,2024.0,ex x-line t-gdi,Negro,Nafta,5.0,Automática,1.6,SUV,Sí,0.0,Kia Sportage 1.6 Ex X-Line T-Gdi Awd,61000.0,US$,"¡Bienvenido a nuestro concesionario oficial Kia!Asesor comercial Salcedo Raúl.Unidad Física para Entrega Inmediata.No esperes más para disfrutar de tu nuevo Kia.La unidad se encuentra física y lista para entrega inmediata, sin demoras innecesarias.Formas de Pago para Unidades 0KM:Contado: La opción más rápida y sencilla.Permutas: Tomamos tu usado en forma de pago.Nota Importante:La oferta publicada corresponde al PRECIO DE CONTADO del corriente mes. Dicho importe no incluye gastos de agencia (flete, formularios, alistamiento, pre entrega, etc.) ni patentamiento.*** ¡Recorda que comercializamos en todo el pais! Por lo tanto, una vez pago el vehículo, podemos enviarte la documentación de la unidad y solo tenes que venir a buscarlo con la patente y el seguro. ***Si deseas obtener más detalles sobre cualquiera de nuestras unidades, formas de pago o si tienes alguna pregunta, no dudes en contactarnos. Estamos aquí para ayudarte a encontrar el Kia que se adapte a tus necesidades.¡Gracias por considerarnos para tu próxima adquisición de vehículo!",concesionaria,0,,4x4,0
7662,3140,Hyundai,Tucson,2025.0,ultimate,Gris,Nafta,5.0,Automática secuencial,1.6,SUV,Sí,0.0,Hyundai Tucson Ultimate 1.6 Turbo DCT 4WD,58000.0,US$,"¡Comprá tu camioneta en AUTOMOVILES RAMA y financiala con un Súper Préstamo Prendario de SANTANDER!Podés financiar hasta el 95% del valor de tu 0km y elegir pagarlo a TASA FIJA o TASA UVA. ¡Obtené respuesta inmediata y llevate tu camioneta de manera fácil, rápida y segura!Consultanos para más información y armá el plan de financiación que mejor se ajuste a vos. ¡No te pierdas esta oportunidad!RESERVE SU UNIDADSTOCK LIMITADO-----NEW TUCSON 4WD 1.6 TURBO 2025-----Caja automática ,doble embrague 7 velocidadesSuspensión delantera Mc Pherson- trasera Multi- Link--SEGURIDAD-Control de velocidad crucero inteligente-Asistente de mantenimiento de carril-Asistente de colisión frontal-Sistema de monitoreo de presión de neumáticos-Airbags conductor, acompañante , laterales delanteros y cortina-Programa electrónico de estabilidad-Anclajes para asientos de bebé-Alerta de ocupantes en plazas traseras-Detector de fatiga-Luces diurnas-Sensores de estacionamiento traseros y delanteros-Cámara de visión trasera y retroceso-Sensor de lluvia-Alerta de hielo en el camino-Sistema de monitoreo de presión de neumáticos--CONVENIENCIA/ EXTERIOR Y CONFORT-Tablero de instrumento digital de 12,3 pulgadas-Pantalla multimedia integrada touch de 12.3 pulgadas/ Android Auto/Apple CarPlay-Reconocimiento dactilar para encendido de motor y multimedia-Cargador inalámbrico de celular-Selectora de cambios en columna de dirección-Arranque a distancia-Techo solar panorámico de apertura eléctrica-Acondicionador de aire bi zona con salida en la zona trasera-Portón trasero con apertura eléctrica (con altura regulable)-Freno de mano eléctrico-Tapizado en cuero-Volante calefaccionado-Columna de dirección con ajuste en altura y profundidad-Asiento regulable eléctricamente-Asiento conductor y acompañante calefaccionado-Modos de conducción seleccionables (Normal, Sport, Eco, Smart)",tienda,1,,4x4,0
7698,8518,Audi,Q3,2024.0,35tfsi,Plateado,Nafta,5.0,Automática,1.4,SUV,Sí,0.0,Audi Q3 1.4 35tfsi 150 Cv,59000.0,US$,"Audi Q3 35 TFSI 2021 0km35 TFSI corresponde a motor 1.4 TFSI de 150cvUnidades fisicas en stock tocables, con certificado para patentar.Podes retirar en cualquiera de nuestras sucursales-Quilmes-La PlataO te enviamos tu auto a tu domicilio.Tomamos permutas al mejor precioMejoramos cualquier presupuesto- Audi drive select- Audi soundsystem- Techo corredizo panorámico- Asientos tapizados en Leatherette- Confort Key(acceso y arranque sin llave)- Climatizador automático confort de 2 zonas Llantas 18”- Portón del maletero de apertura y cierre eléctricos- Control de velocidad crucero con limitador de velocidad- Cuadro de instrumentos Digital ClusterDisplayde 10,2”- Audi smartphone interface compatible con Android Auto y Apple CarPlay- Llantas de aluminio fundido de 5 brazos dobles con neumáticos 235/55 R18- Asientos traseros con reglaje horizontal, reposabrazos central y porta bebidas- Volante de cuero en diseño de 3 radios con multifunción plus y levas de cambio- Sensores de estacionamiento delanteros y traseros con cámara de marcha atrás- Pantalla central color de 8,8” con tecnología touch y sistema de diálogo por vozEl precio publicado no incluye gastos de flete, ni formularios ni gastos administrativos.",tienda,1,150.0,,0
7702,6957,Audi,Q3,2025.0,stronic,Negro,Nafta,5.0,Automática,1.4,SUV,,0.0,Audi Q3 1.4 Tfsi Stronic 150 Cv,57900.0,US$,"Audi Q3 35 TFSI35 TFSI corresponde a motor 1.4 TFSI de 150CV- Audi drive select- Audi soundsystem- Techo corredizo panorámico- Asientos tapizados en Leatherette- Confort Key(acceso y arranque sin llave)- Climatizador automático confort de 2 zonas- Portón del maletero de apertura y cierre eléctricos- Control de velocidad crucero con limitador de velocidad- Cuadro de instrumentos Digital ClusterDisplayde 10,2”- Audi smartphoneinterface compatible con Android Auto y Apple CarPlay- Llantas de aluminio fundido de 5 brazos dobles con neumáticos 235/55 R18- Asientos traseros con reglaje horizontal, reposabrazos central y porta bebidas- Volante de cuero en diseño de 3 radios con multifunción plus y levas de cambio- Sensores de estacionamiento delanteros y traseros con cámara de marcha atrás- Pantalla central color de 8,8” con tecnología touch y sistema de diálogo por voz- Luces diurnas, bajas y altas en tecnología LED; luces de giro y traseras incandescentes- Retrovisores exteriores con ajuste eléctrico y térmicos, espejo interior antideslumbrante.Concesionario Número #1 de la Argentina-- Tomamos todos los usados al mejor precio.-- Mejoramos cualquier oferta.Audi Buenos AiresAv. Juan B. Alberdi 53, CABA-- Esperamos tu consulta!El precio publicado no incluye gastos de flete, ni formularios ni gastos administrativos.Foto no contractual. Corresponde al modelo del titulo de la descripción. Equipamiento según versión. Precio puede variar sin previo aviso.Contactá a la tienda",tienda,1,150.0,,0
7771,18179,Kia,Seltos,2025.0,lx,Negro,Nafta,5.0,Automática,1.5,SUV,,0.0,Kia Seltos 1.5 Lx Cvt,35499.0,US$,Somos concesionario Oficial Kia .1er Concesionario que puso Kia en Argentina Contamos con entrega inmediata,concesionaria,0,,,0
7812,1128,Honda,HR-V,2025.0,lx,Gris,Nafta,5.0,Automática,1.5,SUV,,0.0,Honda HR-V 1.5 Lx Cvt 2Wd,35235.0,US$,ENTREGA INMEDIATA,concesionaria,0,,4x2,0
7844,11428,Toyota,Corolla Cross,2024.0,xei ecvt,Blanco,Híbrido/Nafta,5.0,Automática,1.8,SUV,,0.0,Toyota Corolla Cross 1.8 Xei Ecvt,44000.0,US$,"SERGIO CAMINO AUTOSTOYOTACOROLLA CROSS1.8 HIBRIDAXEI2024 0KM-TODOS NUESTROS VEHÍCULOS TIENEN LA DOCUMENTACIÓN EN ORDEN Y AL DÍA. LA TRANSFERENCIA ES OBLIGATORIA.- OPERACIONES CON PERMUTAS, POR FAVOR ACERCARSE CON SU VEHÍCULO PARA VERLO Y TASARLO PERSONALMENTE.- LA FINANCIACIÓN ES MEDIANTE UN CRÉDITO PRENDARIO FINANCIANDO POR BANCO O FINANCIERA DEPENDIENDO DEL PERFIL DEL CLIENTE.LOS REQUISITOS SON: PRINCIPALMENTE NO FIGURAR EN VERAZ Y DNI. SI TRABAJÁS EN BLANCO Y ESTÁS BANCARIZADO ES PRÁCTICAMENTE SEGURO QUE EL CRÉDITO VA A SER APROBADO.ATENDEMOS DE LUNES A VIERNES DE 10 A 17 HS.GASCON 3430.MAR DEL PLATA*COMPRAMOS USADOS Y TOMAMOS VEHICULOS EN CONSIGNACIÓN*",concesionaria,0,,,0
7852,13784,Toyota,Corolla Cross,2025.0,hev seg ecvt,Azul,Híbrido/Nafta,5.0,Automática,1.8,SUV,,0.0,Toyota Corolla Cross 1.8 Hev Seg Ecvt,46000.0,US$,Toyota Corolla Cross 1.8 Hev Seg Ecvt- Excelente Estado- Tomamos Permutas- FinanciamosR*A,tienda,0,,,0
7854,2550,Toyota,Corolla Cross,2025.0,hev seg ecvt,Plateado,Híbrido/Nafta,5.0,Automática,1.8,SUV,Sí,0.0,Toyota Corolla Cross 1.8 Hev Seg Ecvt,45000.0,US$,"TOYOTA COROLLA CROSS SEG HEV2025 | 0 km | Motor 1.8 Hibrido | 122cv | Caja ATPRECIO:- En efectivo: U$S 45.000- En permuta: U$S 47.000CARACTERÍSTICAS DESTACADAS:- 0km patentada sin rodar.- Entrega inmediata (unidad física en el salón).- Pagas, firmas y te la llevas. (Todo en el mismo día).ENCONTRANOS EN LIBERTADOR Y GRAL. PAZ:Visitá nuestro exclusivo salón boutique de 500 m2 dentro del complejo Al Río.GESTORÍA Y ESCRIBANÍA PROPIA:Resolvé todos los trámites en nuestro salón de forma rápida y segura.TOMAMOS VEHÍCULOS COMO PARTE DE PAGO:Tasamos tu auto al mejor valor para que puedas dar el salto que buscás.¿QUERES VENDER TU AUTO DE ALTA GAMA?Consigná tu vehículo con nosotros y hacé que la venta sea rápida, segura y sin esfuerzo.¡SEGUINOS EN REDES!",concesionaria,0,122.0,,0
7858,6768,BAIC,X55,2024.0,elite,Amarillo,Nafta,5.0,Automática,1.5,SUV,,0.0,BAIC X55 1.5t Elite Cvt,39700.0,US$,"BAIC X55 II - 1.5 Turbo - DCT LUXURY- 180 HP- 8 Airbags + 5 Seguridad C-NCAP- Conducción autónoma en embotellamientos- Estacionamiento autónomo- Asientos eléctricos y calefaccionados- Pantalla Multimedia 10.1”- Cámara panorámica 360°- Apertura / Cierre baúl manos libres- Llantas 19”-Tomamos autos en parte de pago sean de la marca y del año que sean!-Te esperamos de lunes a viernes de 8:00 a 20:00 y sábados de 9:00 a 13:00. Dejanos tu mensaje por cualquier consulta que tengas de Ventas, Planes de Ahorro, Administrativas o de Servicio PostVenta, y un asesor te contactará a la brevedad.-Beneficios de comprar con nosotros:-Gestión de crédito desde el mismo concesionario-Seguro desde el Concesionario-Gestión de documentación del usado que entregas y del que compras desde nuestra propia gestoría- Todos nuestros 0KM tienen garantía.-Si entregas un auto no se va sin ser transferido-Contamos con nuestra propia PostVenta con lo cual, todos nuestros autos son supervisados por expertos y podés seguir atendiéndolo con nosotros.-Todo en un solo lugar, con nosotros, que somos y queremos a los autos como VOS!-En Gerli Somos distintos a todos, SOMOS IGUALES A VOS!",concesionaria,1,180.0,,0
7877,9297,Audi,Q2,2024.0,40 stronic sport quattro,Blanco,Nafta,5.0,Automática,2.0,SUV,Sí,0.0,Audi Q2 2.0 40 Tfsi Stronic Sport Quattro,60000.0,US$,"Climatizador automático confortControl de velocidad crucero con limitador develocidadAudi Virtual CockpitAudi smartphone interface compatible con AndroidAuto y Apple CarPlayLlantas de aleación, diseño de 5 radios en V, 7,0J x 17, neumáticos 215/55 R17Respaldo del asiento trasero abatible 60/40Volante de cuero en diseño de 3 radios con multifunción plus y levas de cambioSensores de estacionamiento delanteros y traseros con cámara de marcha atrásLuces delanteras y traseras en tecnología LEDRueda de repuesto de espacio reducido2 puertos USB delanterosNavegador incorporado VolanteRetrovisores exteriores con ajuste eléctrico y térmicosAsientos tapizados en tela “Skript”Airbag para conductor y acompañante frontales y laterales, y sistema de airbags para la cabezaAsiento del acompañante ajustable en alturaBlade exterior en Gris Manhattan MetalizadoSistema Start-Stop con recuperación de energíaEl precio publicado no incluye gastos de flete, ni formularios ni gastos administrativos.Consultar por Facundo Jattar.",tienda,1,,,0
7935,3624,Honda,CR-V,2024.0,lx,Gris,Nafta,5.0,Automática,,SUV,Sí,0.0,Honda Cr-v 1.5 Turbo Lx 4x2,51900.0,US$,"Honda CRV LX 4X2 1.5 turbo 191cv, Blanco perlado, entrega inmdata",concesionaria,1,191.0,4x2,0
7946,11298,Hyundai,Tucson,2025.0,c/techo,Azul,Nafta,5.0,Automática,2.0,SUV,,0.0,Hyundai Tucson 2.0 C/techo,48000.0,US$,"en el video esta la pidieron con tapizado de cuero, y tablero beigeel tablero viene negro, y el tapizado es de pana",concesionaria,0,,,0
8024,11638,Toyota,SW4,2025.0,srx 7as,Negro,Diésel,5.0,Automática,2.8,SUV,,0.0,Toyota SW4 2.8 Srx 204Cv 4X4 7As At,65000.0,US$,"Autos Pilar Premium te ofrece un amplio stock de más de 250 vehículos, incluyendo autos, pick-ups, SUV, motos y embarcaciones. Contamos con unidades premium en óptimas condiciones, con garantía de 3 meses, ampliable hasta 12 meses.Aceptamos múltiples formas de pago: propiedades, lotes, criptomonedas, transferencias bancarias, cheques y permutas, además de planes de financiación propios y bancarios. Nuestro objetivo es brindarte una experiencia de compra premium, respaldada por nuestra amplia oferta y flexibilidad en las transacciones.Ahora, con AP SHARE, llevamos la exclusividad a otro nivel: Accedé a vehículos de alta gama sin necesidad de compromiso con una sola unidad. Cambiá de modelo según el plan contratado, disfrutando siempre de distintos modelos con total previsibilidad. Olvidate de costos de transferencia y patentamiento. Disfrutá de un concepto innovador en Argentina, reservado para un grupo selecto. Manejá siempre algo nuevo, sin caer en la rutina.Somos Autos Pilar, somos Premium. ¡Conocenos!",concesionaria,0,204.0,4x4,0
8102,14872,Kia,Seltos,2025.0,lx,Gris,Nafta,5.0,Automática,1.5,SUV,Sí,0.0,Kia Seltos 1.5 Lx Cvt,36000.0,US$,"¡Bienvenido a nuestro concesionario oficial Kia!Asesor comercial Salcedo Raúl.Unidad Física para Entrega Inmediata.No esperes más para disfrutar de tu nuevo Kia.La unidad se encuentra física y lista para entrega inmediata, sin demoras innecesarias.Formas de Pago para Unidades 0KM:Contado: La opción más rápida y sencilla.Permutas: Tomamos tu usado en forma de pago.Nota Importante:La oferta publicada corresponde al PRECIO DE CONTADO del corriente mes. Dicho importe no incluye gastos de agencia (flete, formularios, alistamiento, pre entrega, etc.) ni patentamiento.*** ¡Recorda que comercializamos en todo el pais! Por lo tanto, una vez pago el vehículo, podemos enviarte la documentación de la unidad y solo tenes que venir a buscarlo con la patente y el seguro. ***Si deseas obtener más detalles sobre cualquiera de nuestras unidades, formas de pago o si tienes alguna pregunta, no dudes en contactarnos. Estamos aquí para ayudarte a encontrar el Kia que se adapte a tus necesidades.¡Gracias por considerarnos para tu próxima adquisición de vehículo!",concesionaria,0,,,0
8136,10099,Jeep,Wrangler,2025.0,unlimited rubicon,Gris,Nafta,5.0,Automática,3.6,SUV,,0.0,Jeep Wrangler 3.6 Unlimited Rubicon 4X4 At8,134000.0,US$,JEEP WRANGLER UNLIMITED RUBICON 4P 0kmENTREGA INMEDIATA FISICO SU CONSULTA NO MOLESTA,tienda,0,,4x4,0
8155,9713,Audi,Q2,2025.0,35 advanced,Gris,Nafta,5.0,Automática,1.5,SUV,,0.0,Audi Q2 1.5 35 Tfsi Advanced 150 Cv,51500.0,US$,"Audi Q2 35 TFSI Advance Stronic 0km 2024Entrega inmediata en color gris ManhatanMotor 1.4 TFSI de 150 CV caja de cambios automática Stronic de 7°- Audi Virtual Cockpit- Navegador incorporado- 2 puertos USB delanteros- Climatizador automático confort- Asientos tapizados en tela “Skript”- Respaldo del asiento trasero abatible 60/40- Asiento del acompañante ajustable en altura- Blade exterior en Gris Manhattan Metalizado- Luces delanteras y traseras en tecnología LED- Sistema Start-Stop con recuperación de energía.- Retrovisores exteriores con ajuste eléctrico y térmicos- Control de velocidad crucero con limitador de velocidad- Audi smartphone interface compatible con Android Auto y Apple CarPlay- Llantas de aleación, diseño de 5 radios en V, 7,0J x 17, neumáticos 215/55 R17- Volante de cuero en diseño de 3 radios con multifunción plus y levas de cambio- Sensores de estacionamiento delanteros y traseros con cámara de marcha atrás- Airbag para conductor y acompañante frontales y laterales, y sistema de airbags para la cabezaMARROCCHI EXCLUISVOS Único concesionario oficial Audi de la provincia de Santa Fe.*El precio no incluye, flete, formularios, opcionales ni gastos de retiro. Foto no contractual, el equipamiento o color disponible puede variar según stock.",concesionaria,1,150.0,,0
8166,7966,Audi,Q7,2024.0,55,Gris,Híbrido,5.0,Automática,3.0,SUV,,0.0,Audi Q7 55 tfsi,151900.0,US$,"Q7 55 TFSI S line Quattro55 TFSI corresponde a un motor 3.0 TFSI de 340 cv- Tercera fila de asientos- adaptive air suspension- Audi virtual cockpit plus- Techo corredizo panorámico- Bose Premium Sound System 3D- MMI Navegación plus con MMI touch response- Tracción quattro con diferencial central autoblocante- Paquete exterior deportivo S line con spoiler de techo- Luces Matrix LED con intermitentes dinámicos y lavafaros- Asientos tapizados en combinación Cuero / Cuero sintético- Climatizador automático de confort de 4 zonas con panel trasero- Llantas de aleación ligera de 5 radios en V con neumáticos 255/55 R19- Cámaras delantera, trasera y en cada lateral para monitoreo del entorno- Audi smartphone interface compatible con Android Auto y Apple CarPlay- Q7 V6 TFSI homologado como Híbrido de 48V (Mild Hybrid Electric Vehicle)- Audi pre sense front, Audi pre sense rear y aviso de salida involuntaria de carril- Llave confort (acceso y arranque) con desbloqueo del portón trasero por sensor- Asientos delanteros calefaccionados, eléctricos y con memoria para el conductor- Control de crucero adaptativo ACC con limitador, asistente de eficiencia, esquiva y giro- Aviso de cambio de carril con aviso de peligro al bajar y asistente para el tráfico transversal traseroConcesionario Número #1 de la Argentina-- Tomamos todos los usados al mejor precio.-- Mejoramos cualquier oferta.Audi Buenos AiresAv. Rivadavia 4751, CABAAv. Juan B. Alberdi 53, CABA-- Esperamos tu consulta!El precio publicado no incluye gastos de flete, ni formularios ni gastos administrativos.Foto no contractual. Corresponde al modelo del titulo de la descripción. Equipamiento según versión. Precio puede variar sin previo aviso.",tienda,1,340.0,,0
8212,9211,BMW,X1,2023.0,sdrive 18i active,Negro,Nafta,5.0,Manual,2.0,SUV,,0.0,BMW X1 2.0 Sdrive 18i Active,62900.0,US$,BMW X1 18 2024 NUEVA LINEAENTREGA INMEDIATAVARIOS COLORES PROMOCIONES DISPONIBLESBREMEN MOTORS,tienda,0,,,0
8247,14418,Hyundai,Creta,2025.0,safety+,Gris,Nafta,5.0,Automática,1.6,SUV,,0.0,Hyundai Creta 1.6 At Safety+,34999.0,US$,"NEW CRETA SAFETY PLUS FACELIFT 2025UNIDADES EN SALÓN¡Comprá tu camioneta en International Motors - Hyundai Palermo y financiala con un Súper Préstamo Prendario de SANTANDER!Podés financiar hasta el 80% del valor de tu 0km y elegir pagarlo a TASA FIJA o TASA UVA. ¡Obtené respuesta inmediata y llevate tu camioneta de manera fácil, rápida y segura!Consultanos para más información y armá el plan de financiación que mejor se ajuste a vos. ¡No te pierdas esta oportunidad!-----------------------------------------------SEGURIDAD:-Airbags conductor, acompañante, laterales y de tipo cortina-Programa Electrónico de Estabilidad (ESP)-Control de tracción (TCS)-Distribución Electrónica de frenado, ABS, EBD-Señal de frenado de emergencias (ESS)-Asistencia de arranque en pendiente (HAC)-Alerta de presión de neumáticos (TPMS)-Cámara de visualización de marcha atrás con líneas guía dinámicas-Cámara de visualización de 360° (SVM)-Sensor de estacionamiento trasero y delantero-Función de freno auto-hold-Monitor de punto ciego (BSRM) en el tablero-Luces antiniebla delanteras-Alerta de ocupación de plazas traseras (ROA)-Aviso de cinturón de seguridad no abrochado en las cinco plazas-Cinturones de seguridad delanteros regulables en cintura con pretensor-Traba automática de puertas en marcha. Desbloqueo automático en caso de accidente-Alerta sonora y visual de puerta mal cerrada-Traba de puertas traseras para niños-Fijaciones ISOFIX con top tether para sillas de bebé-Alerta de hielo en calzada-Columna de dirección colapsable-Inmovilizador de motor-Alerta y frenado autónomo (FCA) con reconocimiento de vehículos, peatones y ciclistas-Asistente y mantenimiento de carril (LKA)-Asistente de centrado de carril (LFA)-Control de velocidad crucero adaptativo (SCC)INTERIOR Y EXTERIOR:-Techo panorámico de apertura eléctrica-Llantas de aleación diamantadas de 17""-Espejos retrovisores color carrocería con luz de giro-Manijas de puerta color carrocería con detalle cromado-Barras de techo-Detalles en cromo satinado en volante, consola, y manijas interioresCONFORT:-Sistema multimedia (pantalla touch, Google Android Auto y Apple carplay, radio, Bluetooth, MP3, USB, AUX)-Climatizador automático digital-Cargador inalámbrico de teléfono móvil-Tablero digital de 10,25""-Dos puertos USB delanteros (Tradicional y USB-C) y uno trasero (USB-C)-Butaca de conductor regulable en altura-Butaca de conductor ventilada-Levas de cambio en el volante-Volante multifunción forrado en cuero-4 modos de manejo (Normal, Sport, Eco, Smart)-Freno de mano de accionamiento eléctrico-Tapizado de cuero-Arranque por botón-Columna de dirección regulable en altura y profundidad-Salidas de aire acondicionado en plazas traseras-Espejos retrovisores con regulación eléctrica y plegables eléctricamente-Levanta cristales eléctricos delanteros y traseros (auto up/down)-Computadora de abordo-Llave de presencia con comando a distancia-Cierre y apertura remota de ventanilla con la llave-Control automático de luces y temporizador de apagado y encendido-Apertura interna de tanque de nafta-Asientos traseros plegables 60/40-Baúl iluminado-Parasoles con luz y espejo-Apoyabrazos central delanteroInternational  Motors - Palermo -Concesionario Oficial-",tienda,0,,,0
8288,15294,Jeep,Wrangler,2025.0,rubicon atx,Plateado,Nafta,3.0,Automática,3.6,SUV,,0.0,Jeep Wrangler 3.6 Rubicon 284hp Atx,127000.0,US$,"Somos motorville concesionario Nº1 en ventasNos destacamos por una propuesta de servicio, asesoramiento y calidad con los más altos estándares del mercado.INSPECCIÓN Y COBERTURA MECÁNICA: todos nuestros vehículos están chequeados y certificados en 240 puntos por nuestro equipo de expertos, VTV vigente, libre de deudas de patentes e infracciones.GESTORIA: Nosotros nos encargamos de todo!!!!! contamos con un equipo de gestores matriculados para que de lo único que te ocupes sea de disfrutar del vehículo.BROKER DE SEGUROS: También disponemos de un completo departamento de seguros, para que puedas comparar la cotización con compañías líderes.DEPARTAMENTO DE ACCESORIOS: personaliza tu vehículo con una gran diversidad de productos de prestigiadas marcas, nuestro compromiso es estar a la vanguardia de la tecnología y el conocimiento técnico para satisfacer las necesidades y expectativas de nuestros clientesEquipamientos y accesorios - Estética vehicular – Polarizados y laminadosMÉTODOS DE PAGO:* AL CONTADO: Paga vía transferencia bancaria o depósito.*DEJA TU AUTO COMO PARTE DE PAGO: Cambia tu auto por uno de calidad certificada de motorville y con cobertura mecánica.*FINANCIACIÓN: En MOTORVILLE podes acceder a tu próximo vehículo con un anticipo mínimo y una cuota ajustada a tu medida. Las mejores tasas del mercado.NO BUSQUES MAS TU PRÓXIMO VEHÍCULO TE ESPERA EN motorville",tienda,0,284.0,,1
8316,14017,Audi,Q2,2025.0,35 advanced,Negro,Nafta,5.0,Automática,1.5,SUV,,0.0,Audi Q2 1.5 35 Tfsi Advanced 150 Cv,52000.0,US$,"Audi Q2 35 TFSI ADVANCED 0km 202535 TFSI corresponde a motor 1.4 TFSI de 150CVUnidades fisicas en stock tocables, con certificado para patentar.Podes retirar en cualquiera de nuestras sucursales-Quilmes-La PlataO te enviamos tu auto a tu domicilio.Tomamos permutas al mejor precioMejoramos cualquier presupuestoClimatizador automático confortControl de velocidad crucero con limitador develocidadAudi Virtual CockpitAudi smartphone interface compatible con AndroidAuto y Apple CarPlayLlantas de aleación, diseño de 5 radios en V, 7,0J x 17, neumáticos 215/55 R17Respaldo del asiento trasero abatible 60/40Volante de cuero en diseño de 3 radios con multifunción plus y levas de cambioSensores de estacionamiento delanteros y traseros con cámara de marcha atrásLuces delanteras y traseras en tecnología LEDRueda de repuesto de espacio reducido2 puertos USB delanterosNavegador incorporado VolanteRetrovisores exteriores con ajuste eléctrico y térmicosAsientos tapizados en tela “Skript”Airbag para conductor y acompañante frontales y laterales, y sistema de airbags para la cabezaAsiento del acompañante ajustable en alturaBlade exterior en Gris Manhattan MetalizadoSistema Start-Stop con recuperación de energíaEl precio publicado no incluye gastos de flete, ni formularios ni gastos administrativos.",tienda,1,150.0,,0
8319,9829,BAIC,X55,2023.0,ii luxury,Celeste,Nafta,5.0,Automática,1.5,SUV,Sí,0.0,Baic X55 Ii Luxury Turbo - 2025 - Baic Palermo -,38900.0,US$,"PARA VER VIDEO DE LA UNIDAD LUEGO DE LA ÚLTIMA FOTO EN ESTE AVISO o BIEN SE LO ENVIAMOS.A NUESTROS CLIENTES Y POSIBLES CLIENTES NOTA:* NO compre Baic 0km en Agencias multimarcas o de otras marcas NO habilitadas.(evite dolores de cabeza con la Garantía).Solamente en CABA somos BAIC PALERMO. Único domicilio habilitado.Solamente en ZONA OESTE somos BAIC RAMOS MEJÍA. Único domicilio habilitado.Solamente en ZONA NORTE somos BAIC VICENTE LOPEZ. Único domicilio habilitado.7 AÑOS DE GARANTÍA AVALAN LA CALIDAD DE LA MARCA.PRECIO LISTA: U$S 40.900.- (Dolar estadounidense)BONIFICACION: - U$S 2.000.-VALOR SOLO CONTADO : U$S 38.900.-NUEVA X55 IIPresentamos el SUV más DEPORTIVO Y PREMIUM del mercado.MOTOR 1.5 – TURBO – 185 HP DE POTENCIA.CAJA DE 7 MARCHAS CON DOBLE EMBRAGUE (Prestación deportiva)310 NM.ACELERACIÓN DE 0 A 100/KM: 7.8 SegVELOCIDAD MÁXIMA: 220 KM/HMEDIDAS: Longitud 4.63 m / Ancho 1.88 m / Alto 1.68 mDISEÑO FUTURISTA / DE ALTA GAMA / DEPORTIVA"" El SUV más deportivo y Premium del mercado""La relación precio/producto es imbatible.EQUIPAMIENTO DESTACADO:* Llantas 19"" color Gris oscuras* Cámara 360° para visión delantera/trasera y lateral* Sensores de Estacionamiento* Portón trasero eléctrico con apertura medida* Faros Full Led en todo el vehículo* Apertura de puertas con manijas tipo ""Pop out"" eléctricas* Techo Panorámico con apertura y pivoteo con sensor autónomo de lluvia (cierra solo)* Volante Multifunción deportivo en cuero* Control Velocidad crucero adaptativo* Tablero íntegramente digital con múltiples funciones y formatos* Pantalla Central Multimedia (en español) con múltiples formatos de adaptaciones del vehículo y programaciones.* Conectividad Total con Mirror Link (muestra el celular en pantalla)* Freno de mano electrónico* Manejo Autónomo en tráfico pesado (conduce solo)* Estacionamiento Autónomo (estaciona solo)* 8 Air-bags* Control de Tracción y Estabilidad* Asistencia de Frenado* Frenado autónomo de emergencia* Asistencia de desvío de carril* Aviso de Punto Ciegoy más..BAIC PALERMO / BAIC MORÓN / BAIC VICENTE LOPEZENTREGA INMEDIATA CON UNIDADES EN SALÓN.TEST DRIVE DISPONIBLE (CON TURNO).ENTREGAS A DOMICILIO.------------------------------------------------------------------------------TOMAMOS VEHÍCULOS EN PARTE DE PAGOFINANCIACIÓN CON DNI HASTA EL 50% DEL VALOR DE LA UNIDAD.------------------------------------------------------------------------------7 RAZONES POR LA QUE CONFIAR EN BAIC:1) BAIC es marca Premium en China y en 48 países del Mundo.2) BAIC se encuentra en todas las provincias de Argentina y en 9 países deAmérica.3) BAIC es la única Automotriz socia de Mercedes Benz en el Mundo.4) BAIC es la única Automotriz Premium que ofrece 7 años de Garantía.5) BAIC NO es un vehículo económico Chino.6) BAIC es para el público que busca vehículos SUV DIFERENTES.7) BAIC es Diseño, Calidad, Confort, Equipamiento....y Esa Extraña sensación deFIDELIDAD.-----------------------------------------------------------------------------------* BAIC PALERMO - CASA CENTRAL -AV. CÓRDOBA 6102 - C.A.B.A. -- SERVICIO POST VENTAECHEVERRIA 1050 - C.A.B.A. -* BAIC RAMOS MEJÍA - ZONA OESTE -AV RIVADAVIA 14882 - RAMOS MEJÍA -SERVICIO POST VENTAECHEVERRIA 1050 - C.A.B.A. * BAIC VICENTE LOPEZ - ZONA NORTE -AV. LIBERTADOR 550 - VICENTE LOPEZ -- SERVICIO POST VENTAECHEVERRÍA 1050 - C.A.B.A. -NRO 1 EN VENTASBRINDANDO SERIEDAD Y PROFESIONALISMO A LA MARCA.CON GRAN IMPRONTA EN LA PRESENTACIÓN DE SUS MODELOS.",tienda,1,185.0,,0
8351,2395,Hyundai,Tucson,2025.0,tgdi tct,Blanco,Nafta,5.0,Automática,1.6,SUV,Sí,0.0,Hyundai Tucson 1.6 Tgdi Tct,57999.0,US$,"YA PODES DISFRUTAR TU UNIDAD CON LA BAJA DE IMPUESTOSTOCK LIMITADO.NEW TUCSON 1.6 T-GDI 4WD 7 DCTALGUNAS CARÁTERÍSTICAS:Motor: 1.6 T-GDI 180 cv / Torque: 27.0 Kgm (1500-4500 rpm)Transmisión: Caja Automática de Doble Embrague con 7 Velocidades4WD Electrónico, Según DemandaSEGURIDAD:Control de Velocidad Crucero InteligenteAsistente de Mantenimiento de CarrilAsistente de Colisión FrontalSistema de Monitoreo de Presión de Neumáticos6 AirbagsControl de Tracción TCSControl de Estabilidad ESPAsistencia en Pendientes (Down Hill + Hill Start)Anclajes ISOFIXAlerta de Ocupantes en Plazas TraserasDetector de FatigaLuces Diurnas LED con Diseño Paramérico OcultoSensores de Estacionamineto Delantero + Trasero y Cámara de Visión Trasera y de RetrocesoSensor de LluviaSensor de LucesAlerta de Hielo en CarreteraSistema de Auto DesempañadoCONVENIENCIATablero de Instrumentos Digital de 12.3 Pulgadas con Diseño PersonalizablePantalla Multimedia c/ Android Auto/Apple Card Play de 12.3 PulgadasReconocimiento Dactilar para Encendido de Motor y MultimediaCargador Inalámbrico para el CelularSelectora de Cambios en Columna de Dirección (Shif by Wire)Arranque a DistanciaTecho Solor PanorámicoLuces Delanteras LEDPortón Trasero EléctricoTapizado de CueroButacas Delanteras con Regulación Eléctrica (Conductor con Memoria) Calefaccionadas y VentiladasVolante Tapizado en Cuero CalefaccionadoY MUCHO MÁS........",concesionaria,1,180.0,,0
8357,12724,BAIC,X35,2023.0,luxury,Rojo,Nafta,5.0,Automática,1.5,SUV,Sí,0.0,BAIC X35 1.5 Luxury At,27500.0,US$,"PARA VER VIDEO DE LA UNIDAD LUEGO DE LA ÚLTIMA FOTO EN ESTE AVISO o BIEN SE LO ENVIAMOS.A NUESTROS CLIENTES Y POSIBLES CLIENTES NOTA:* NO compre Baic 0km en Agencias multimarcas o de otras marcas NO habilitadas.(evite dolores de cabeza con la Garantía).Solamente en CABA somos BAIC PALERMO. Único domicilio habilitado.Solamente en ZONA OESTE somos BAIC RAMOS MEJIA. Único domicilio habilitado.Solamente en ZONA NORTE somos BAIC VICENTE LOPEZ. Único domicilio habilitado.7 AÑOS DE GARANTÍA AVALAN LA CALIDAD DE LA MARCA.PRECIO LISTA: u$s 29.500.-BONIFICACIÓN: -u$s 2.000-CONTADO: u$s 27.500.-NEW X35 LUXURY TURBO CVTPresentamos el SUV más potente del mercado. MOTOR 1.5 – 16v – TURBO – 148 HP DE POTENCIA.CAJA AUTOMÁTICA SECUENCIAL DE 6 MARCHAS. 210 NM. de TORQUEACELERACIÓN DE 0 A 100/KM: 8.9 SegMEDIDAS: Longitud 4.32 m / Ancho 1.83 m / Alto 1.64 mEQUIPAMIENTO:• Llantas 17” Diamantadas Bi Tono.• Cámara de retroceso.• Sensores de estacionamiento.• Espejos con guiños.• Faros Led completos delanteros y traseros.• Techo Panorámico con apertura eléctrica (único en nuestro mercado en su segmento).• Volante en cuero Multifunción.• Control Velocidad Crucero.• Butacas deportivas Cuero/Tela.• Encendido a Botón con llave de presencia.• Pantalla Multimedia con conectividad.• Freno de mano electrónico.• Climatizador Digital.• Paneles de puerta y tablero en cuero y aluminio.• Frenos ABS + EBD• Control de Tracción.• Control de estabilidad.• Control de Pendientes.• Control presión de neumáticos.• Volumen de Carga 390 Dm3.BAIC PALERMO / BAIC RAMOS MEJIA / BAIC VICENTE LOPEZ--------------------------------------------PLAN FINANCIACIÓN EXCLUSIVO “BAIC PALERMO”ENTREGA INMEDIATA CON UNIDADES EN SALÓN.--------------------------------------------------------------------------------BAIC PALERMO OFRECE EL STOCK MÁS IMPORTANTE DEL PAÍS.UNIDADES PARA ENTREGA INMEDIATA.TEST DRIVE DISPONIBLE (CON TURNO).ENTREGAS A DOMICILIO.------------------------------------------------------------------------------TOMAMOS VEHÍCULOS EN PARTE DE PAGOTASAMOS VÍA WHATSAPP PARA SU MEJOR COMODIDAD SI VIVE EN EL INTERIOR.FINANCIACIÓN CON DNI HASTA EL 50% DEL VALOR DE LA UNIDAD.------------------------------------------------------------------------------7 RAZONES POR LA QUE CONFIAR EN BAIC:1) BAIC es marca Premium en China y en 44 países del Mundo.2) BAIC se encuentra en todas las provincias de Argentina y en 8 países deAmérica.3) BAIC es la única Automotriz socia de Mercedes Benz en el Mundo.4) BAIC es la única Automotriz Premium que ofrece 7 años de Garantía.5) BAIC NO es un vehículo económico Chino.6) BAIC es para el público que busca vehículos SUV DIFERENTES.7) BAIC es Diseño, Calidad, Confort, Equipamiento....y Esa Extraña sensación deFIDELIDAD.-----------------------------------------------------------------------------------* BAIC PALERMO - CASA CENTRAL -AV. CÓRDOBA 6102 - C.A.B.A. -- SERVICIO POST VENTAECHEVERRIA 1050 - C.A.B.A. -* BAIC RAMOS MEJIA - ZONA OESTE -AV. RIVADAVIA 14.882 - RAMOS MEJIA -SERVICIO POST VENTAECHEVERRIA 1050 - C.A.B.A. -* BAIC VICENTE LOPEZ - ZONA NORTE - AV. LIBERTADOR 550 - VICENTE LOPEZ - - SERVICIO POST VENTAECHEVERRÍA 1050 - C.A.B.A. -NRO 1 EN VENTASBRINDANDO SERIEDAD Y PROFESIONALISMO A LA MARCA.CON GRAN IMPRONTA EN LA PRESENTACIÓN DE SUS MODELOS.",tienda,0,148.0,,0
8363,3124,BAIC,X55,2023.0,ii luxury,Rojo,Nafta,5.0,Automática,1.5,SUV,Sí,0.0,Baic X55 Ii Luxury Turbo - 2025 - Baic Vicente Lopez -,38900.0,US$,"PARA VER VIDEO DE LA UNIDAD LUEGO DE LA ÚLTIMA FOTO EN ESTE AVISO o BIEN SE LO ENVIAMOS.A NUESTROS CLIENTES Y POSIBLES CLIENTES NOTA:* NO compre Baic 0km en Agencias multimarcas o de otras marcas NO habilitadas.(evite dolores de cabeza con la Garantía).Solamente en CABA somos BAIC PALERMO. Único domicilio habilitado.Solamente en ZONA OESTE somos BAIC MORÓN. Único domicilio habilitado.Solamente en ZONA NORTE somos BAIC VICENTE LOPEZ. Único domicilio habilitado.7 AÑOS DE GARANTÍA AVALAN LA CALIDAD DE LA MARCA.PRECIO LISTA: U$S 40.900.- (Dolar estadounidense)BONIFICACION: - U$S 2.000.-VALOR SOLO CONTADO : U$S 38.900 o SU EQUIVALENTE EN PESOS.NUEVA X55 IIPresentamos el SUV más DEPORTIVO Y PREMIUM del mercado.MOTOR 1.5 – TURBO – 185 HP DE POTENCIA.CAJA DE 7 MARCHAS CON DOBLE EMBRAGUE (Prestación deportiva)310 NM.ACELERACIÓN DE 0 A 100/KM: 7.8 SegVELOCIDAD MÁXIMA: 220 KM/HMEDIDAS: Longitud 4.63 m / Ancho 1.88 m / Alto 1.68 mDISEÑO FUTURISTA / DE ALTA GAMA / DEPORTIVA"" El SUV más deportivo y Premium del mercado""La relación precio/producto es imbatible.EQUIPAMIENTO DESTACADO:* Llantas 19"" color Gris oscuras* Cámara 360° para visión delantera/trasera y lateral* Sensores de Estacionamiento* Portón trasero eléctrico con apertura medida* Faros Full Led en todo el vehículo* Apertura de puertas con manijas tipo ""Pop out"" eléctricas* Techo Panorámico con apertura y pivoteo con sensor autónomo de lluvia (cierra solo)* Volante Multifunción deportivo en cuero* Control Velocidad crucero adaptativo* Tablero íntegramente digital con múltiples funciones y formatos* Pantalla Central Multimedia (en español) con múltiples formatos de adaptaciones del vehículo y programaciones.* Conectividad Total con Mirror Link (muestra el celular en pantalla)* Freno de mano electrónico* Manejo Autónomo en tráfico pesado (conduce solo)* Estacionamiento Autónomo (estaciona solo)* 8 Air-bags* Control de Tracción y Estabilidad* Asistencia de Frenado* Frenado autónomo de emergencia* Asistencia de desvío de carril* Aviso de Punto Ciegoy más..BAIC PALERMO / BAIC MORÓN / BAIC VICENTE LOPEZENTREGA INMEDIATA CON UNIDADES EN SALÓN.TEST DRIVE DISPONIBLE (CON TURNO).ENTREGAS A DOMICILIO.------------------------------------------------------------------------------TOMAMOS VEHÍCULOS EN PARTE DE PAGOFINANCIACIÓN CON DNI HASTA EL 50% DEL VALOR DE LA UNIDAD.------------------------------------------------------------------------------7 RAZONES POR LA QUE CONFIAR EN BAIC:1) BAIC es marca Premium en China y en 48 países del Mundo.2) BAIC se encuentra en todas las provincias de Argentina y en 9 países deAmérica.3) BAIC es la única Automotriz socia de Mercedes Benz en el Mundo.4) BAIC es la única Automotriz Premium que ofrece 7 años de Garantía.5) BAIC NO es un vehículo económico Chino.6) BAIC es para el público que busca vehículos SUV DIFERENTES.7) BAIC es Diseño, Calidad, Confort, Equipamiento....y Esa Extraña sensación deFIDELIDAD.-----------------------------------------------------------------------------------* BAIC PALERMO - CASA CENTRAL -AV. CÓRDOBA 6102 - C.A.B.A. -- SERVICIO POST VENTAECHEVERRIA 1050 - C.A.B.A. -* BAIC RAMOS MEJIA - ZONA OESTE -AV. RIVADAVIA 14.882 - RAMOS MEJIA -SERVICIO POST VENTAECHEVERRIA 1050 - C.A.B.A. -* BAIC VICENTE LOPEZ - ZONA NORTE -AV. LIBERTADOR 550 - VICENTE LOPEZ -- SERVICIO POST VENTAECHEVERRÍA 1050 - C.A.B.A. -NRO 1 EN VENTASBRINDANDO SERIEDAD Y PROFESIONALISMO A LA MARCA.CON GRAN IMPRONTA EN LA PRESENTACIÓN DE SUS MODELOS Y SUS SEDES HOMOLOGADAS INTERNACIONALMENTE.",tienda,1,185.0,,0
8366,7620,Kia,Sportage,2025.0,t-gdi x-line,Blanco,Nafta,5.0,Automática,1.6,SUV,,0.0,Kia Sportage 1.6 T-Gdi X-Line Awd,58000.0,US$,"Bienvenido a NEOSTAR, tu Concesionario Oficial de confianza en Rosario y sus alrededores. Desde 1996, nos hemos comprometido a ofrecer asesoramiento de primera calidad a nuestros clientes, representando marcas de renombre como Jeep, Dodge, Ram, Chrysler, Nissan, Kia, Suzuki, Honda y Subaru.En NEOSTAR, nos enorgullece ofrecer una amplia gama de vehículos usados exclusivos. Con un promedio de más de 90 vehículos usados mensuales, cada uno de nuestros automóviles pasa por un riguroso proceso de peritaje mecánico para garantizar la calidad y fiabilidad. Además, todos nuestros vehículos usados vienen respaldados por una garantía y cuentan con toda la documentación necesaria para una transferencia sin complicaciones, gracias a nuestros experimentados gestores.¿Buscas cambiar tu vehículo actual? En NEOSTAR, aceptamos permutas y también compramos vehículos de todas las marcas. Confía en nosotros para obtener una valoración justa y transparente.Encuéntranos en nuestras ubicaciones en Rosario, Santa Fe (capital), Funes y Cañada de Gómez, y descubre por qué NEOSTAR es tu destino confiable para todas tus necesidades automotrices.",concesionaria,1,,4x4,0
8382,15392,BAIC,X35,2025.0,luxury,Plateado,Nafta,5.0,Automática,1.5,SUV,Sí,0.0,BAIC X35 1.5T Luxury Cvt,26800.0,US$,BAIC GONZALEZBAIC X35 LUXURY 1.5 TURBOCON 7 AÑOS DE GARANTIAPERMUTAS FINANCIACIONSERVICIO DE POSTVENTA OFICIAL BAIC EN AV. EVA PERON 4480 INGRESO POR LA CALLE LA SALLE.APLIO STOCK DE REPUESTOS OFICIALES,concesionaria,1,,,0
8426,7933,Audi,q5 sportback,2024.0,45tfsi quattro s tronic advanced,,Nafta,5.0,Automática,2.0,SUV,,0.0,Audi q5 sportback 2.0 45Tfsi Quattro S Tronic Advanced 245Cv,98900.0,US$,El vendedor no incluyó una descripción del producto,concesionaria,1,245.0,,0
8441,10622,BAIC,X55,2024.0,ii luxury bi-tono,Gris,Nafta,5.0,Automática,1.5,SUV,Sí,0.0,Baic X55 Ii Luxury Turbo - 2025 - Baic Ramos Mejia- ,37900.0,US$,"PARA VER VIDEO DE LA UNIDAD LUEGO DE LA ÚLTIMA FOTO EN ESTE AVISO o BIEN SE LO ENVIAMOS.A NUESTROS CLIENTES Y POSIBLES CLIENTES NOTA:* NO compre Baic 0km en Agencias multimarcas o de otras marcas NO habilitadas.(evite dolores de cabeza con la Garantía).Solamente en CABA somos BAIC PALERMO. Único domicilio habilitado.Solamente en ZONA OESTE somos BAIC RAMOS MEJIA. Único domicilio habilitado.Solamente en ZONA NORTE somos BAIC VICENTE LOPEZ. Único domicilio habilitado.7 AÑOS DE GARANTÍA AVALAN LA CALIDAD DE LA MARCA.PRECIO LISTA: U$S 40.900.- (Dolar estadounidense)BONIFICACION: - U$S 2.000.-VALOR SOLO CONTADO : U$S 38.900.-NUEVA X55 II BI-TONOPresentamos el SUV más DEPORTIVO Y PREMIUM del mercado.MOTOR 1.5 – TURBO – 185 HP DE POTENCIA.CAJA DE 7 MARCHAS CON DOBLE EMBRAGUE (Prestación deportiva)310 NM.ACELERACIÓN DE 0 A 100/KM: 7.8 SegVELOCIDAD MÁXIMA: 220 KM/HMEDIDAS: Longitud 4.63 m / Ancho 1.88 m / Alto 1.68 mDISEÑO FUTURISTA / DE ALTA GAMA / DEPORTIVA"" El SUV más deportivo y Premium del mercado""La relación precio/producto es imbatible.EQUIPAMIENTO DESTACADO:* Llantas 19"" color Gris oscuras* Cámara 360° para visión delantera/trasera y lateral* Sensores de Estacionamiento* Portón trasero eléctrico con apertura medida* Faros Full Led en todo el vehículo* Apertura de puertas con manijas tipo ""Pop out"" eléctricas* Techo Panorámico con apertura y pivoteo con sensor autónomo de lluvia (cierra solo)* Volante Multifunción deportivo en cuero* Control Velocidad crucero adaptativo* Tablero íntegramente digital con múltiples funciones y formatos* Pantalla Central Multimedia (en español) con múltiples formatos de adaptaciones del vehículo y programaciones.* Conectividad Total con Mirror Link (muestra el celular en pantalla)* Freno de mano electrónico* Manejo Autónomo en tráfico pesado (conduce solo)* Estacionamiento Autónomo (estaciona solo)* 8 Air-bags* Control de Tracción y Estabilidad* Asistencia de Frenado* Frenado autónomo de emergencia* Asistencia de desvío de carril* Aviso de Punto Ciegoy más..BAIC PALERMO / BAIC RAMOS MEJIA/ BAIC VICENTE LOPEZENTREGA INMEDIATA CON UNIDADES EN SALÓN.TEST DRIVE DISPONIBLE (CON TURNO).ENTREGAS A DOMICILIO.------------------------------------------------------------------------------TOMAMOS VEHÍCULOS EN PARTE DE PAGOFINANCIACIÓN CON DNI HASTA EL 50% DEL VALOR DE LA UNIDAD.------------------------------------------------------------------------------7 RAZONES POR LA QUE CONFIAR EN BAIC:1) BAIC es marca Premium en China y en 48 países del Mundo.2) BAIC se encuentra en todas las provincias de Argentina y en 9 países deAmérica.3) BAIC es la única Automotriz socia de Mercedes Benz en el Mundo.4) BAIC es la única Automotriz Premium que ofrece 7 años de Garantía.5) BAIC NO es un vehículo económico Chino.6) BAIC es para el público que busca vehículos SUV DIFERENTES.7) BAIC es Diseño, Calidad, Confort, Equipamiento....y Esa Extraña sensación deFIDELIDAD.-----------------------------------------------------------------------------------* BAIC PALERMO - CASA CENTRAL -AV. CÓRDOBA 6102 - C.A.B.A. -- SERVICIO POST VENTAECHEVERRIA 1050 - C.A.B.A. -* BAIC RAMOS MEJIA- ZONA OESTE -AV RIVADAVIA 14.882 - RAMOS MEJIA-SERVICIO POST VENTA* BAIC VICENTE LOPEZ - ZONA NORTE -AV. LIBERTADOR 550 - VICENTE LOPEZ -- SERVICIO POST VENTAECHEVERRÍA 1050 - C.A.B.A. -NRO 1 EN VENTASBRINDANDO SERIEDAD Y PROFESIONALISMO A LA MARCA.",tienda,1,185.0,,0
8447,16915,Volvo,XC40,2024.0,ultimate recharged 100% electrica,Blanco,Eléctrico,5.0,Automática,,SUV,Sí,0.0,Xc40 Recharge - Eléctrica ,77900.0,US$,"VOLVO XC40 RECHARGED 100% ELÉCTRICATRACCIÓN INTEGRAL DOBLE MOTOR COMBINADOS 408HPUNIDADES PARA ENTREGA INMEDIATACONSULTAR DISPONIBILIDAD DE COLORESPRECIO PUBLICADO PARA OP DE CONTADOCONSULTAR PRECIO CON PERMUTA-----------------------------------------------------------ACCESO Y ENCENDIDO SIN LLAVEAIRBAGS 7ANCLAJES ISOFIX EN ASIENTOS LATERALES TRASEROSAPPLE CARPLAYASIENTO DE CONDUCTOR ELÉCTRICO CON AJUSTE LUMBAR DE 4 VÍASASIENTO DE CONDUCTOR CON MEMORIAASIENTOS DELANTEROS CALEFACCIONADOSASIENTOS DELANTEROS CON EXTENSOR MANUALASIENTOS TRASEROS CALEFACCIONADOSKIT DE REPARACIÓNBAÚL CON APERTURA ELÉCTRICA Y GESTUALBLIND SPOT INFORMATION SYSTEM + CROSS TRAFFIC ALERTCÁMARA DE ESTACIONAMIENTO 360°CARGADOR INALÁMBRICO DE CELULARCITY SAFETYCLIMATIZADOR BI ZONACOLLISION MITIGATION SUPPORT DELANTERO Y TRASEROCONECTORES USB 4CONTROL DE VELOCIDAD CRUCERO ADAPTATIVOESPEJOS EXTERIORES CALEFACCIONADOS Y REBATIBLESELÉCTRICAMENTEESPEJOS RETROVISORES ANTIENCANDILAMIENTOFAROS DELANTEROS Y TRASEROS FULL LEDFAROS ANTINIEBLA DELANTEROS (CON FUNCIÓN CORNERING) Y TRASEROSFRENADO AUTÓNOMO DE EMERGENCIAGOOGLE BUILT INLATERALES DE VENTANA NEGRO BRILLANTELANE KEEPING AIDLLANTAS DE ALEACIÓN 20""NAVEGADOR GPS A TRAVES DE GOOGLE MAPSPANEL DE INSTRUMENTOS DIGITAL - 12,3”PANTALLA MULTIMEDIA - 9”PILOT ASSISTSEGURO ELECTRÓNICO PARA NIÑOSSENSORES DE ESTACIONAMIENTO DEL Y TRASSISTEMA DE SONIDO HARMAN KARDON 600WTAPIZADO MICROTECHTECHO PANORÁMICO FIJOTELA DE TECHO EN EL INTERIORTRAILER MODULE PREPARATION (1091)TYRE PRESSURE MONITORING SYSTEMVOLANTE DE CUERO MULTIFUNCIÓNVOLANTE CALEFACCIONADO-----------------------------------------------------------DITECAR S.A. CONCESIONARIO OFICIAL VOLVOCoordinar cita previaPROXIMAMENTE VIA VIVA - BELGRANO - LIBERTADOR Y LACROZESucursal Vicente LópezAVDA. DEL LIBERTADOR 1513 - Vicente López.Estacionamiento exclusivo para clientes.Lunes a Viernes de 9hs a 18.30hsSábados de 10hs a 14hsSucursal Nuñez CabaAVDA. DEL LIBERTADOR 6356 - CABA.Estacionamiento exclusivo para clientes.Lunes a Viernes de 9hs a 18hs",concesionaria,0,,,0
8487,15082,Audi,Q3,2024.0,35tfsi,,Nafta,5.0,Automática,1.4,SUV,,0.0,Audi Q3 1.4 35tfsi 150 Cv,62900.0,US$,Cuenta con asistencias de manejo y butacas electricas,concesionaria,1,150.0,,0
8514,16531,Mitsubishi,Outlander,2025.0,gls full,Rojo,Nafta,5.0,Automática,2.5,SUV,Sí,0.0,Mitsubishi Outlander 2.5 Gls At Full,53000.0,US$,"MITSUBISHI OUTLANDER GLS 2.5 AT. 4wdFINANCIA HASTA 4O MILLONES A TASA 12,9%STOCK DISPONIBLE PARA ENTREGA INMEDIATA!!!CONSULTAR POR COLORES DISPONIBLES.FINANCIACIÓN EXCLUSIVA SOLO CON DNITOMAMOS TU USADO.RECIBIMOS DOLARES AL MEJOR VALOR DEL MERCADO.3 AÑOS DE GARANTÍA O 100.000KMASESOR COMERCIALROSSI WALTER",concesionaria,0,,,0
8515,8989,BMW,X3,2025.0,xdrive 20i xline,Negro,Nafta,5.0,Automática,2.0,SUV,,0.0,BMW X3 2.0 Xdrive 20I Xline 184Cv,91900.0,US$,La tienda no incluyó una descripción del producto,tienda,0,184.0,,0
8541,9484,Audi,Q3 Sportback,2025.0,35tfsi sportback,Gris,Nafta,5.0,Automática,1.4,SUV,Sí,0.0,Audi Q3 Sportback 1.4 35tfsi Sportback 150 Cv,64000.0,US$,"Audi Q3 Sportback 35 TFSi 0km 2025Phone BoxADASUnidades fisicas en stock tocables, con certificado para patentar.Podes retirar en cualquiera de nuestras sucursales-Quilmes-La PlataO te enviamos tu auto a tu domicilio.Tomamos permutas al mejor precioMejoramos cualquier presupuesto",tienda,1,150.0,,0
8573,10905,Jeep,Wrangler,2025.0,rubicon atx,Gris,Nafta,4.0,Automática,2.0,SUV,Sí,0.0,Jeep Wrangler 2.0 Rubicon 272Hp Atx,125000.0,US$,"Presentamos la Nueva Jeep Wrangler Rubicón my2025Motorización 2.0L Hurricane4, turboalimentado 400Nn 3.000rpmTracción Rock-Trac HD Full Time 4WDTrasmisión Automática de 8 velocidadesBarra estabilizadora del. desconectablesBarra estabilizadora traseraDiferencial anti-deslizamientoAsiento conductor con regulación multiTablero de instrumentos digital TFTPantalla multimediacentral U-connect® 12.3´´Sistema de audio premium Alpine®Espejos retrovisores calefaccionadoParabrisas rebatiblePuertas desmontablesTecho desmontableCueroasesor comercial HERNAN CAJES 2494638633",concesionaria,0,272.0,,0
8574,18067,Jeep,Compass,2025.0,t270 serie-s,Blanco,Nafta,5.0,Automática,1.3,SUV,,0.0,Jeep Compass 1.3 T270 Serie-S 4X2 At6,42100.0,US$,"Somos Sidway, Primer Concesionario Jeep/RAM Oficial del País. 

Consultá por nuestras opciones de financiación y pago al contado.

Tomamos tu usado al mejor precio. 

Ofertas exclusivas del mes. Disponibilidad de colores.

Solicitá tu TEST DRIVE 

Contamos con un equipo de asesores comerciales que te brindarán toda la información de manera online mediante WhatsApp o llamado telefónicio. Podrás además coordinar con ellos una videollamada para ver nuestras unidades si así lo quisieras y recibir info del vehículo.

Subite a tu Jeep/RAM en Sidway con la mejor propuesta comercial y asesoramiento. 

SIDWAY",tienda,1,,4x2,0
8587,6770,Volkswagen,Nivus,2025.0,200 comfortline,Blanco,Nafta,5.0,Automática,1.0,SUV,Sí,0.0,Volkswagen Nivus 1.0 Tsi 200 Comfortline,6000000.0,$,"VOLKSWAGEN NIVUS 1.0 CONFORTLINE 200TSI  AT 0KMVALOR DE CONTADO $34.250.000VALOR DE PERMUTA  $35.250.000SE PUEDE RETIRAR CON ANTICIPO MINIMO DE $6.000.000 Y EL RESTO EN CUOTAS36 cuotas de $1.100.000+ SEGURO48 cuotas de $925.000 + SEGUROvalor INSCRIP INICIAL 0KM $2.200.000 se puede incluir en las cuotas o pagar con tarjeta¿COMO ACCEDO A LA FINANCIACIÓN?Solo con DNI y veraz apto¿SE TOMA PERMUTA?Si . LLAVE CONTRA LLAVETodos nuestros vehículos se entregan transferidos con libres de deuda y VTV al díaEn AGMOTORS AUTOMOTORES contamos con un equipo altamente capacitado para brindarte el mejor asesoramiento en base a tu objetivoTodas nuestras unidades son probadas y verificadas antes de ingresarTE GARANTIZAMOS UNA OPERACIÓN RÁPIDA, FÁCIL Y SEGURA CON UNA ATENCIÓN PROFESIONAL Y TRANSPARENTECARACTERÍSTICASAire acondicionadoBluetoothAirbagsButacas delanteras regulablesLevanta vidriosEspejos electronicosCierre centralizadosPack connectividadNuestros horarios de atención son de Lunes a Viernes de 9 a 18 y Sábado de 10 a 14 hsLos esperamos!",concesionaria,1,,,1
8697,4218,Audi,Q5,2025.0,45 advanced stronic quattro (mild hybrid),Gris,Híbrido/Nafta,5.0,Automática secuencial,2.0,SUV,Sí,0.0,Audi Q5 Audi Q5 Audi Q5 45 Advanced TFSI Stronic Quattro (Mild Hybrid) 245 cv,86000.0,US$,"- EQUIPAMIENTO DESTACADO DE SERIEAudi Drive SelectAudi virtual cockpit plusAudi smartphone interfaceTecho corredizo panorámicoControl de velocidad cruceroLuces delanteras y traseras LEDTracción en las cuatro ruedas: quattroNueva motorización naftera con hibridación ligera (MHEV)Pantalla central con tecnología touch y MMI Navegación plusAsientos deportivos tapizados en combinación cuero / cuero sintéticoLlantas de 5 brazos dobles, gris grafito, torneado brillante, 235/55 R19Sensores de estacionamiento delanteros y traseros con cámara de retrocesoAcceso y arranque sin llave con apertura y cierre eléctricos del portón traseroRetrovisores exteriores abatibles, térmicos, antideslumbrantes, con memoriasAsientos delanteros calefaccionados, eléctricos, apoyo lumbar, memoria conductor- MEJORA DE EQUIPAMIENTOAviso de cambio de carrilAudi pre sense rearControl crucero adaptativo con frenado de emergenciaAviso de salida de carril- OPCIONALES DE ESTA UNIDADBarras longitudinales del techo en Negro Detalles exteriores en negro brillante plusCarcasas de retrovisores exteriores en NegroRevestimiento interior del techo en tela negraIluminación interior LED ampliada en varios coloresEl precio publicado no incluye gastos de flete, ni formularios ni gastos administrativos",tienda,1,245.0,,0
8706,4535,BAIC,X55,2025.0,plus,Blanco,Nafta,5.0,Automática,1.5,SUV,Sí,0.0,BAIC X55 1.5 Plus,45700.0,US$,"ENTREGA INMEDIATA!7 AÑOS DE GARANTÍA AVALAN LA CALIDAD DE LA MARCA.PRECIO LISTA: U$S 44.900.- (Dolar estadounidense)NUEVA X55 IIPresentamos el SUV más DEPORTIVO Y PREMIUM del mercado.MOTOR 1.5 – TURBO – 185 HP DE POTENCIA.CAJA DE 7 MARCHAS CON DOBLE EMBRAGUE (Prestación deportiva)310 NM.ACELERACIÓN DE 0 A 100/KM: 7.8 SegVELOCIDAD MÁXIMA: 220 KM/HMEDIDAS: Longitud 4.63 m / Ancho 1.88 m / Alto 1.68 mDISEÑO FUTURISTA / DE ALTA GAMA / DEPORTIVA"" El SUV más deportivo y Premium del mercado""La relación precio/producto es imbatible.EQUIPAMIENTO DESTACADO:* Llantas 19"" color Gris oscuras* Cámara 360° para visión delantera/trasera y lateral* Sensores de Estacionamiento* Portón trasero eléctrico con apertura medida* Faros Full Led en todo el vehículo* Apertura de puertas con manijas tipo ""Pop out"" eléctricas* Techo Panorámico con apertura y pivoteo con sensor autónomo de lluvia (cierra solo)* Volante Multifunción deportivo en cuero* Control Velocidad crucero adaptativo* Tablero íntegramente digital con múltiples funciones y formatos* Pantalla Central Multimedia (en español) con múltiples formatos de adaptaciones del vehículo y programaciones.* Conectividad Total con Mirror Link (muestra el celular en pantalla)* Freno de mano electrónico* Manejo Autónomo en tráfico pesado (conduce solo)* Estacionamiento Autónomo (estaciona solo)* 8 Air-bags* Control de Tracción y Estabilidad* Asistencia de Frenado* Frenado autónomo de emergencia* Asistencia de desvío de carril* Aviso de Punto CiegoCONSULTE POR DISPONIBILIDAD DE COLOR!",concesionaria,0,185.0,,0
8710,16621,BAIC,X35,2025.0,luxury,Rojo,Nafta,5.0,Automática,1.5,SUV,,0.0,BAIC X35 1.5T Luxury Cvt,26200.0,US$,"***ÚNICAS UNIDADES EN EL MERCADO CON CARPLAY / ANDROID AUTO INCORPORADO***PRECIO DE LISTA U$D 27.200-BONIFICACIÓN PAGO CONTADO U$D 26.200-7 AÑOS DE GARANTIA 0 100.000Km la mejor garantía del mercado!BAIC X35 LUXURYMotor 1.5 Turbo + Caja CVTVersión con máximo equipamiento.2 AirbagFrenos ABSDisco en las cuatro ruedasTecho panorámicollave de presenciallantas de aleación 17""Iluminación full LedTapizados de cueroIMOLAAUTOS es concesionario oficial BAIC BAIC es la mejor marcha de autos Chinos en la Argentina.Tenemos 40 años de presencia en el mercado automotriz, con cobertura en todo el país, disponemos de más de 5.500 Mts2 distribuidos en tres bocas de venta.100% Calificaciones Positivas de clientes satisfechos, por brindarles una excelente, rápida y muy confiable atención. Excelente calificación en google de todas nuestras sucursalesContamos con:• Financiación del 50% / 60% con crédito bancario, cuotas fijas en pesos solo con DNI• Asesores profesionales que sabrán interpretar su necesidad.• Gestoría Automotor integral.• Aseguramos tu auto con los mejores precios, coberturas y compañías.*** Valorizamos inmejorablemente su auto usado***Esperamos su consulta virtual o su visita por nuestros locales.",concesionaria,1,,,0
8748,11864,Audi,Q3 Sportback,2024.0,35tfsi sportback,Gris,Nafta,5.0,Automática,1.4,SUV,,0.0,Audi Q3 Sportback 1.4 35tfsi Sportback 150 Cv,59000.0,US$,"AUDI DIETRICH EXCLUSIVOSQ3 35 TFSI SPORTBACK STRONIC 150CVnuevas mejoras:- Aviso de cambio de carril- Audi pre sense frontAudi drive select Audi sound system Techo corredizo panorámico Asientos tapizados en Leatherette - cuero Confort Key (acceso y arranque sin llave) Climatizador automático confort de 2 zonas Portón del maletero de apertura y cierre eléctricos Control de velocidad crucero con limitador de velocidad Cuadro de instrumentos Digital Cluster Display de 10,2” Audi smartphone interface compatible con Android Auto y Apple CarPlay Llantas de aluminio fundido de 5 brazos dobles con neumáticos 235/55 R18 Asientos traseros con reglaje horizontal, reposabrazos central y porta bebidas Volante de cuero en diseño de 3 radios con multifunción plus y levas de cambio Sensores de estacionamiento delanteros y traseros con cámara de marcha atrás Pantalla central color de 8,8” con tecnología touch y sistema de diálogo por voz Luces diurnas, bajas y altas en tecnología LED; luces de giro y traseras incandescentes Retrovisores exteriores con ajuste eléctrico y térmicos, espejo interior antideslumbranteel precio publicado no incluye gastos de Flete, ni Formularios ni gastos administrativos.El precio publicado corresponde a un pago de contado.* TOMAMOS PERMUTAS AUTO-MOTO-  CAMIONETA- UTV-ETC*AUDI DIETRICH EXCLUSIVOS",concesionaria,1,150.0,,0
8776,2537,Honda,HR-V,2025.0,lx,Blanco,Nafta,5.0,Automática,1.5,SUV,,0.0,Honda HR-V 1.5 Lx Cvt 2Wd,35235.0,US$,HONDA HR-V LX 1.5 CVTLINEA NUEVAENTREGA INMEDIATACONSULTAR COLORES,concesionaria,0,,4x2,0
8786,10770,BAIC,X35,2024.0,luxury sport bi-tono,Rojo,Nafta,5.0,Automática,1.5,SUV,Sí,0.0,Baic X35 Luxury Turbo Sport - 2025 - Baic Ramos Mejia -,29500.0,US$,"PARA VER VIDEO DE LA UNIDAD LUEGO DE LA ÚLTIMA FOTO EN ESTE AVISO o BIEN SE LO ENVIAMOS.A NUESTROS CLIENTES Y POSIBLES CLIENTES NOTA:* NO compre Baic 0km en Agencias multimarcas o de otras marcas NO habilitadas.(evite dolores de cabeza con la Garantía).Solamente en CABA somos BAIC PALERMO. Único domicilio habilitado.Solamente en ZONA OESTE somos BAIC MORÓN. Único domicilio habilitado.Solamente en ZONA NORTE somos BAIC VICENTE LOPEZ. Único domicilio habilitado.7 AÑOS DE GARANTÍA AVALAN LA CALIDAD DE LA MARCA.VERSIÓN ""EXCLUSIVA"" BAIC PALERMO / BAIC MORÓN Y BAIC VICENTE LOPEZPRECIO LISTA: U$S 30.900BONIFICACIÓN PRE VENTA U$S 2.000CONTADO: U$S 28.900----------------------------------------NEW X35 LUXURY TURBO ""SPORT"" CVTPresentamos el SUV más POTENTE y DEPORTIVA del mercado.* PINTURA BI-TONO TECHO BLACK* PARRILA BLACK DEPORTIVA* ZÓCALOS DE ALUMINIO TERMOGRABADOS EN LAS 4 PUERTAS* INSIGNIAS DEPORTIVAS BAIC SPORT ""S""* CONFIGURACIÓN LATERALES ""SPORT""* ESTRIBOS ORIGINALES ""SPORT""* ESPEJOS BLACK CARBONO* ALFOMBRAS INTERIORES DE CARBONO PVC MICROPUNTO CON BORDES REFORZADOS/COSTURA A MANO/TAQUERA TERMOGRABA/ABROJOS DE SUJECIÓN Y LOGOS DE LA MARCA EN ALUMINIO.* ALFOMBRA DE BAÚL MISMAS CARACTERÍSTICAS DE LAS INTERIORESESTA VERSIÓN DE VENDE CON VIDRIOS POLARIZADOS (Para quien lo solicite) Y TUERCAS DE SEGURIDAD SIN CARGO.----------------------------------------MOTOR 1.5 – 16v – TURBO – 148 HP DE POTENCIA.CAJA AUTOMÁTICA SECUENCIAL DE 6 MARCHAS.210 NM.ACELERACIÓN DE 0 A 100/KM: 8.9 SegMEDIDAS: Longitud 4.32 m / Ancho 1.83 m / Alto 1.64 mEQUIPAMIENTO:• Llantas 17” Diamantadas Bi Tono.• Cámara de retroceso.• Sensores de estacionamiento.• Espejos con guiños.• Faros Led completos delanteros y traseros.• Techo Panorámico con apertura eléctrica (único en nuestro mercado en su segmento).• Volante en cuero Multifunción.• Control Velocidad Crucero.• Butacas deportivas Cuero/Tela.• Encendido a Botón con llave de presencia.• Pantalla Multimedia con conectividad.• Freno de mano electrónico.• Climatizador Digital.• Paneles de puerta y tablero en cuero y aluminio.• Frenos ABS + EBD• Control de Tracción.• Control de estabilidad.• Control de Pendientes.• Control presión de neumáticos.• Volumen de Carga 390 Dm3.BAIC PALERMO / BAIC MORÓN / BAIC VICENTE LOPEZENTREGA INMEDIATA CON UNIDADES EN SALÓN.--------------------------------------------------------------------------------BAIC PALERMO OFRECE EL STOCK MÁS IMPORTANTE DEL PAÍS.UNIDADES PARA ENTREGA INMEDIATA.TEST DRIVE DISPONIBLE (CON TURNO).ENTREGAS A DOMICILIO.------------------------------------------------------------------------------TOMAMOS VEHÍCULOS EN PARTE DE PAGOTASAMOS VÍA WHATSAPP PARA SU MEJOR COMODIDAD SI VIVE EN EL INTERIOR.FINANCIACIÓN CON DNI HASTA EL 50% DEL VALOR DE LA UNIDAD.------------------------------------------------------------------------------7 RAZONES POR LA QUE CONFIAR EN BAIC:1) BAIC es marca Premium en China y en 48 países del Mundo.2) BAIC se encuentra en todas las provincias de Argentina y en 9 países deAmérica.3) BAIC es la única Automotriz socia de Mercedes Benz en el Mundo.4) BAIC es la única Automotriz Premium que ofrece 7 años de Garantía.5) BAIC NO es un vehículo económico Chino.6) BAIC es para el público que busca vehículos SUV DIFERENTES.7) BAIC es Diseño, Calidad, Confort, Equipamiento....y Esa Extraña sensación deFIDELIDAD.-----------------------------------------------------------------------------------* BAIC PALERMO - CASA CENTRAL -AV. CÓRDOBA 6102 - C.A.B.A. -- SERVICIO POST VENTAECHEVERRIA 1050 - C.A.B.A. -* BAIC RAMOS MEJIA - ZONA OESTE -AV RIVADAVIA 14.882- RAMOS MEJIASERVICIO POST VENTAECHEVERRIA 1050- CABA* BAIC VICENTE LOPEZ - ZONA NORTE -AV. LIBERTADOR 550 - VICENTE LOPEZ -- SERVICIO POST VENTAECHEVERRÍA 1050 - C.A.B.A. -NRO 1 EN VENTASBRINDANDO SERIEDAD Y PROFESIONALISMO A LA MARCA.CON GRAN IMPRONTA EN LA PRESENTACIÓN DE SUS MODELOS.",concesionaria,1,148.0,,0
8802,14304,BMW,X2,2024.0,sdrive20i msportx,Gris,Nafta,5.0,Automática,2.0,SUV,,0.0,BMW X2 2.0 Sdrive20i Msportx,79900.0,US$,La tienda no incluyó una descripción del producto,tienda,0,,,0
8806,8532,Volvo,XC60,2024.0,ultimate dark t8,Gris,Híbrido/Nafta,5.0,Automática,2.0,SUV,,0.0,Volvo XC60 ULTIMATE DARK T8,103900.0,US$,El vendedor no incluyó una descripción del producto,concesionaria,0,,,0
8823,4282,Audi,Q3,2024.0,40tfsi quattro advance,Gris,Nafta,5.0,Automática,2.0,SUV,,0.0,Audi Q3 2.0 40Tfsi Quattro Advance 180Cv,62800.0,US$,"Audi Q3 40 TFSI- Audi drive select- Audi soundsystem- Techo corredizo panorámico- Asientos tapizados en Leatherette- Confort Key(acceso y arranque sin llave)- Climatizador automático confort de 2 zonas - Portón del maletero de apertura y cierre eléctricos- Control de velocidad crucero con limitador de velocidad- Cuadro de instrumentos Digital ClusterDisplayde 10,2”- Audi smartphoneinterface compatible con Android Auto y Apple CarPlay- Llantas de aluminio fundido de 5 brazos dobles con neumáticos 235/55 R18- Asientos traseros con reglaje horizontal, reposabrazos central y porta bebidas- Volante de cuero en diseño de 3 radios con multifunción plus y levas de cambio- Sensores de estacionamiento delanteros y traseros con cámara de marcha atrás- Pantalla central color de 8,8” con tecnología touch y sistema de diálogo por voz- Luces diurnas, bajas y altas en tecnología LED; luces de giro y traseras incandescentes- Retrovisores exteriores con ajuste eléctrico y térmicos, espejo interior antideslumbrante.Concesionario Número #1 de la Argentina-- Tomamos todos los usados al mejor precio.-- Mejoramos cualquier oferta.Audi Buenos AiresAv. Rivadavia 4751, CABAAv. Juan B. Alberdi 53, CABA-- Esperamos tu consulta!El precio publicado no incluye gastos de flete, ni formularios ni gastos administrativos.Foto no contractual. Corresponde al modelo del titulo de la descripción. Equipamiento según versión. Precio puede variar sin previo aviso.",tienda,1,180.0,,0
8887,3092,BMW,X1,2025.0,25 e xdrive xline,MINERALWEISS METALLIC,Nafta,5.0,Automática,,SUV,Sí,0.0,BMW X1 25 E XDRIVE XLINE,89900.0,US$,El vendedor no incluyó una descripción del producto,concesionaria,1,,,0
8913,5956,Honda,CR-V,2024.0,advanced hybrid,Gris,Híbrido/Nafta,5.0,Automática,2.0,SUV,,0.0,Honda CR-V 2.0 Advanced Hybrid Awd,74900.0,US$,"Para una versión avanzada de vos, la nueva SUV con tecnología e: HEV, ADVANCED HYBRID de Honda ya está acá! CR-V HEV - AÑO 2025 Descubrí potencia eléctrica y la eficiencia de un motor de combustión inteligente.CONSÚLTANOS A TRAVES DEL BOTÓN DE WHATSAPP!!! EL MEJOR PRECIO DEL PAÍS!!El precio incluye gastos de entrega, NO INCLUYE gastos de patentamiento.NORTH MOTORS SAConcesionaria Oficial Honda",tienda,0,,4x4,0
8923,140,BAIC,X35,2025.0,luxury,Rojo,Nafta,5.0,Automática,1.5,SUV,,0.0,BAIC X35 1.5T Luxury Cvt,26200.0,US$,"***ÚNICAS UNIDADES EN EL MERCADO CON CARPLAY / ANDROID AUTO INCORPORADO***PRECIO DE LISTA U$D 27.900-BONIFICACIÓN PAGO CONTADO U$D 26.200-7 AÑOS DE GARANTIA 0 100.000Km la mejor garantía del mercado!BAIC X35 LUXURYMotor 1.5 Turbo + Caja CVTVersión con máximo equipamiento.2 AirbagFrenos ABSDisco en las cuatro ruedasTecho panorámicollave de presenciallantas de aleación 17""Iluminación full LedTapizados de cueroIMOLAAUTOS es concesionario oficial BAIC BAIC es la mejor marcha de autos Chinos en la Argentina.Tenemos 40 años de presencia en el mercado automotriz, con cobertura en todo el país, disponemos de más de 5.500 Mts2 distribuidos en tres bocas de venta.100% Calificaciones Positivas de clientes satisfechos, por brindarles una excelente, rápida y muy confiable atención. Excelente calificación en google de todas nuestras sucursalesContamos con:• Financiación del 50% / 60% con crédito bancario, cuotas fijas en pesos solo con DNI• Asesores profesionales que sabrán interpretar su necesidad.• Gestoría Automotor integral.• Aseguramos tu auto con los mejores precios, coberturas y compañías.*** Valorizamos inmejorablemente su auto usado***Esperamos su consulta virtual o su visita por nuestros locales.",tienda,1,,,0
8967,10287,Audi,Q2,2025.0,40 stronic sport quattro,Azul,Nafta,5.0,Automática,2.0,SUV,,0.0,Audi Q2 2.0 40 Tfsi Stronic Sport Quattro,57000.0,US$,"Equipamiento destacado de serie*Climatizador automático confort*Drive Select*Control de velocidad crucero con limitador de velocidad*Techo corredizo panoramico*Luces LED*Audi Virtual Cockpit*Keyless entry*Audi smartphone interface compatible con Android Auto y Apple CarPlay*Llantas de aleación en diseño dinámico 5 brazos, Gris Grafito, R18*Respaldo del asiento trasero abatible 60/40*Volante de cuero en diseño de 3 radios con multifunción plus y levas de cambio*Sensores de estacionamiento delanteros y traseros con cámara de marcha atrás*Luces delanteras y traseras en tecnologia LED*Audi Sound System*Rueda de repuesto de espacio reducido*2 puertos USB delanteros*Techo corredizo*Navegador incorporado*Asientos tapizados en leatherette*Airbag para conductor y acompañante frontales y laterales, y sistema de airbags para la cabeza*Asiento del acompañante ajustable en altura*Sistema Start-Stop con recuperación de energíaAutovisiones #1 en VentasNuestro showroom ubicado en Av. del Libertador 5699 dispone de personal altamente calificado tanto en los equipamientos a nivel motorización y comfort, como opcionales, paquetes para que reciba el mejor asesoramiento para la compra de su nuevo Audi.No incluye flete, formularios ni gastos administrativos.Precio contado, sin entrega de usado.",concesionaria,1,,,0
8993,8790,Audi,Q8,2025.0,55 quattro,Negro,Nafta,5.0,Automática,3.0,SUV,Sí,0.0,Audi Q8 3.0 55 Tfsi Quattro,185000.0,US$,"Audi Q8 2025 0km 55TFSI quattro stronicOpcionalesVolante de cuero de 3 radios con multifunción, levas de cambio y calefacción en el volanteSuspensión neumática deportiva adaptativaBarras de techo en color negroPaquete de estilo negro plusIncrustaciones, aluminio cepillado mate con relieve lineal, plataAudi Phone boxPermiso de funcionamiento, modificaciónSoporte LTE para el Audi phone boxCombinación de microfibra y cuero Dinamica Frequency con relieve SPaquete de estilo negroPinzas de freno pintadas de rojo, 18 pulgadas (ECE)Faros LED de matriz HD con luz láser Audi, luces traseras LED y sistema lavafarosPaquete de iluminación ambiental plusPaquete deportivo S line (para exportación)Unidades fisicas en stock tocables, con certificado para patentar.Podes retirar en cualquiera de nuestras sucursales-Quilmes-La PlataO te enviamos tu auto a tu domicilio.Tomamos permutas al mejor precioMejoramos cualquier presupuesto",tienda,1,,,0
8998,14667,Honda,HR-V,2025.0,ex-l,Negro,Nafta,5.0,Automática,1.5,SUV,,0.0,Honda HR-V 1.5 Ex-L 2Wd Cvt,39550.0,US$,HR-V EXL CVT 2025 - 0KMDisponibilidad Inmediata - Consulte otros colores.Financiación Santander.Honda Chetta - Concesionario Oficial HondaPosventa #1 del PaísTaller de Chapa y Pintura propio - Repuestos Originales.,concesionaria,0,,4x2,0
9043,8644,Audi,q5 sportback,2024.0,45tfsi quattro s tronic s-line,Blanco,Nafta,5.0,Automática,2.0,SUV,Sí,0.0,Audi q5 sportback 2.0 45Tfsi Quattro S Tronic S-Line 245Cv,108000.0,US$,"AUDI Q5 45 TFSI SPORTBACK S LINE QUATTRO PREMIUM BLACK 2.0 245cv45 TFSI corresponde a motor 2.0 de 245cvOpcionalesPinzas de freno en RojoCuero Napa FinaEspejos en carbonoBanqueta trasera plusVolante electricoColor: BLANCO GLACIAR METALIZADOMILD HYBRID - NO PAGA PATENTESSISTEMAS ADASSUSPENSIÓN NEUMÁTICA ADAPTATIVA- Audi virtual cockpit plus- Suspensión neumática adaptativa- Acceso y arranque sin llave- Techo corredizo panorámico- Control crucero adaptativo con frenado de emergencia- Asistentes activos de salida del carril y cambio de carril- Paquetes deportivos interior y exterior S line con paquete exterior Negro Plus- Luces delanteras y traseras 100% LED- Audi phone box y Audi smartphone interface- Tapizados en combinación microfibra / cuero con grabado “S”- Volante de cuero, deportivo, 3 radios, achatado, multifunción, con levas- Asientos deportivos calefaccionados, eléctricos, con memoria para el conductor- Sensores de estacionamiento delanteros y traseros con cámaras 360°- Llantas Audi Sport, 5 radios en V, negro antracita, torneado brillante 255/45 R20.",tienda,1,245.0,,0
9088,9343,Suzuki,Jimny,2024.0,glx con caja reductora,Gris,Nafta,3.0,Automática,1.5,SUV,Sí,0.0,Suzuki Jimny 1.5 GLX AT CON CAJA REDUCTORA,39900.0,US$,"INCHCAPE ARGENTINAImportador Oficial de SUZUKI y SUBARU en la República Argentina.El valor esta expresado en dólares, a tipo de cambio mayorista divisa del Banco de la Nación Argentina, y se corresponde al precio bonificado, contado, efectivo.Garantía: 3 años o 100.000 kms.PARA UNA RESPUESTA MÁS RÁPIDA, PUEDE CLICKEAR EL BOTÓN WHATSAPP.Flavio Cairo - Asesor Comercial",concesionaria,0,,,0
9110,10658,Audi,Q5,2025.0,stronic,Negro,Nafta,5.0,Automática,2.0,SUV,,0.0,Audi Q5 2.0 Tfsi Stronic 252cv,82800.0,US$,"Audi Q5 tfsi Advanced45 TFSI corresponde a motor 2.0 de 245 CVAudi Drive SelectAudi virtual cockpit plusAudi smartphone interfaceTecho corredizo panorámicoControl de velocidad cruceroLuces delanteras y traseras LEDTracción en las cuatro ruedas: quattroNueva motorización naftera con hibridación ligera (MHEV)Pantalla central con tecnología touch y MMI Navegación plusAsientos deportivos tapizados en combinación cuero / cuero sintético Llantas 19”Llantas de 5 brazos dobles, gris grafito, torneado brillante, 235/55 R19Sensores de estacionamiento delanteros y traseros con cámara de retrocesoAcceso y arranque sin llave con apertura y cierre eléctricos del portón traseroRetrovisores exteriores abatibles, térmicos, antideslumbrantes, con memoriasAsientos delanteros calefaccionados, eléctricos, apoyo lumbar, memoria conductorCambio de línea: › Línea Advanced vs. Línea Sport.Concesionario Número #1 de la ArgentinaTomamos todos los usados al mejor precio.Mejoramos cualquier oferta.Audi Buenos AiresAv. Juan B. Alberdi 53, CABA-- Esperamos tu consulta!El precio publicado no incluye gastos de flete, ni formularios ni gastos administrativos.Foto no contractual. Corresponde al modelo del titulo de la descripción. Equipamiento según versión.",tienda,1,252.0,,0
9129,11268,Audi,q5 sportback,2024.0,45tfsi quattro s tronic advanced,Gris,Nafta,5.0,Automática,2.0,SUV,,0.0,Audi q5 sportback 2.0 45Tfsi Quattro S Tronic Advanced 245Cv,93000.0,US$,"Audi Q5 Sportback Advanced45 TFSI Stronic quattro45 TFSI corresponde a motor 2.0 de 245 cv› Audi drive select› Audi virtual cockpit plus› Audi smartphone interface› Control de velocidad crucero› Luces delanteras y traseras LED› Tracción en las cuatro ruedas: quattro› Nueva motorización naftera con hibridación ligera (MHEV)› Pantalla central con tecnología touch y MMI Navegación plus› Retrovisores exteriores abatibles, térmicos y antideslumbrantes› Llantas diseño turbina de 5 brazos con neumáticos 235/60 R18› Sensores de estacionamiento delanteros y traseros con cámara de retroceso› Acceso y arranque sin llave con apertura y cierre eléctricos del portón trasero› Asientos delanteros eléctricos tapizados en combinación cuero / cuero sintéticoUnidades fisicas en stock tocables, con certificado para patentar.Podes retirar en cualquiera de nuestras sucursales-Quilmes-La PlataO te enviamos tu auto a tu domicilio.Tomamos permutas al mejor precioMejoramos cualquier presupuesto",tienda,1,245.0,,0
9146,11708,BAIC,X55,2024.0,ii luxury,Celeste,Nafta,5.0,Automática,1.5,SUV,Sí,0.0,Baic X55 Ii Luxury Turbo - 2025 - Baic Vicente Lopez -,38900.0,US$,"PARA VER VIDEO DE LA UNIDAD LUEGO DE LA ÚLTIMA FOTO EN ESTE AVISO o BIEN SE LO ENVIAMOS.A NUESTROS CLIENTES Y POSIBLES CLIENTES NOTA:* NO compre Baic 0km en Agencias multimarcas o de otras marcas NO habilitadas.(evite dolores de cabeza con la Garantía).Solamente en CABA somos BAIC PALERMO. Único domicilio habilitado.Solamente en ZONA OESTE somos BAIC RAMOS MEJIA. Único domicilio habilitado.Solamente en ZONA NORTE somos BAIC VICENTE LOPEZ. Único domicilio habilitado.7 AÑOS DE GARANTÍA AVALAN LA CALIDAD DE LA MARCA.PRECIO LISTA: U$S 40.900.- (Dolar estadounidense)BONIFICACION: - U$S 2.000.-VALOR SOLO CONTADO : U$S 38.900 o SU EQUIVALENTE EN PESOS.NUEVA X55 IIPresentamos el SUV más DEPORTIVO Y PREMIUM del mercado.MOTOR 1.5 – TURBO – 185 HP DE POTENCIA.CAJA DE 7 MARCHAS CON DOBLE EMBRAGUE (Prestación deportiva)310 NM.ACELERACIÓN DE 0 A 100/KM: 7.8 SegVELOCIDAD MÁXIMA: 220 KM/HMEDIDAS: Longitud 4.63 m / Ancho 1.88 m / Alto 1.68 mDISEÑO FUTURISTA / DE ALTA GAMA / DEPORTIVA"" El SUV más deportivo y Premium del mercado""La relación precio/producto es imbatible.EQUIPAMIENTO DESTACADO:* Llantas 19"" color Gris oscuras* Cámara 360° para visión delantera/trasera y lateral* Sensores de Estacionamiento* Portón trasero eléctrico con apertura medida* Faros Full Led en todo el vehículo* Apertura de puertas con manijas tipo ""Pop out"" eléctricas* Techo Panorámico con apertura y pivoteo con sensor autónomo de lluvia (cierra solo)* Volante Multifunción deportivo en cuero* Control Velocidad crucero adaptativo* Tablero íntegramente digital con múltiples funciones y formatos* Pantalla Central Multimedia (en español) con múltiples formatos de adaptaciones del vehículo y programaciones.* Conectividad Total con Mirror Link (muestra el celular en pantalla)* Freno de mano electrónico* Manejo Autónomo en tráfico pesado (conduce solo)* Estacionamiento Autónomo (estaciona solo)* 8 Air-bags* Control de Tracción y Estabilidad* Asistencia de Frenado* Frenado autónomo de emergencia* Asistencia de desvío de carril* Aviso de Punto Ciegoy más..BAIC PALERMO / BAIC RAMOS MEJIA / BAIC VICENTE LOPEZENTREGA INMEDIATA CON UNIDADES EN SALÓN.TEST DRIVE DISPONIBLE (CON TURNO).ENTREGAS A DOMICILIO.------------------------------------------------------------------------------TOMAMOS VEHÍCULOS EN PARTE DE PAGOFINANCIACIÓN CON DNI HASTA EL 50% DEL VALOR DE LA UNIDAD.------------------------------------------------------------------------------7 RAZONES POR LA QUE CONFIAR EN BAIC:1) BAIC es marca Premium en China y en 48 países del Mundo.2) BAIC se encuentra en todas las provincias de Argentina y en 9 países deAmérica.3) BAIC es la única Automotriz socia de Mercedes Benz en el Mundo.4) BAIC es la única Automotriz Premium que ofrece 7 años de Garantía.5) BAIC NO es un vehículo económico Chino.6) BAIC es para el público que busca vehículos SUV DIFERENTES.7) BAIC es Diseño, Calidad, Confort, Equipamiento....y Esa Extraña sensación deFIDELIDAD.-----------------------------------------------------------------------------------* BAIC PALERMO - CASA CENTRAL -AV. CÓRDOBA 6102 - C.A.B.A. -- SERVICIO POST VENTAECHEVERRIA 1050 - C.A.B.A. -* BAIC RAMOS MEJIA - ZONA OESTE -AV. RIVADAVIA 14.882 - RAMOS MEJIA -SERVICIO POST VENTAECHEVERRIA 1050 - C.A.B.A. -* BAIC VICENTE LOPEZ - ZONA NORTE -AV. LIBERTADOR 550 - VICENTE LOPEZ -- SERVICIO POST VENTAECHEVERRÍA 1050 - C.A.B.A. -NRO 1 EN VENTASBRINDANDO SERIEDAD Y PROFESIONALISMO A LA MARCA.CON GRAN IMPRONTA EN LA PRESENTACIÓN DE SUS MODELOS Y SEDES HOMOLOGADAS INTERNACIONALMENTE.",tienda,1,185.0,,0
9159,16374,BAIC,X55,2024.0,ii luxury,Rojo,Nafta,5.0,Automática,1.5,SUV,Sí,0.0,Baic X55 Ii Luxury Turbo - 2025 - Baic Palermo -,38900.0,US$,"PARA VER VIDEO DE LA UNIDAD LUEGO DE LA ÚLTIMA FOTO EN ESTE AVISO o BIEN SE LO ENVIAMOS.A NUESTROS CLIENTES Y POSIBLES CLIENTES NOTA:* NO compre Baic 0km en Agencias multimarcas o de otras marcas NO habilitadas.(evite dolores de cabeza con la Garantía).Solamente en CABA somos BAIC PALERMO. Único domicilio habilitado.Solamente en ZONA OESTE somos BAIC RAMOS MEJÍA. Único domicilio habilitado.Solamente en ZONA NORTE somos BAIC VICENTE LOPEZ. Único domicilio habilitado.7 AÑOS DE GARANTÍA AVALAN LA CALIDAD DE LA MARCA.PRECIO LISTA: U$S 40.900- (Dolar estadounidense)BONIFICACION: - U$S 2.000.-VALOR SOLO CONTADO : U$S 38.900 o SU EQUIVALENTE EN PESOS.NUEVA X55 IIPresentamos el SUV más DEPORTIVO Y PREMIUM del mercado.MOTOR 1.5 – TURBO – 185 HP DE POTENCIA.CAJA DE 7 MARCHAS CON DOBLE EMBRAGUE (Prestación deportiva)310 NM.ACELERACIÓN DE 0 A 100/KM: 7.8 SegVELOCIDAD MÁXIMA: 220 KM/HMEDIDAS: Longitud 4.63 m / Ancho 1.88 m / Alto 1.68 mDISEÑO FUTURISTA / DE ALTA GAMA / DEPORTIVA"" El SUV más deportivo y Premium del mercado""La relación precio/producto es imbatible.EQUIPAMIENTO DESTACADO:* Llantas 19"" color Gris oscuras* Cámara 360° para visión delantera/trasera y lateral* Sensores de Estacionamiento* Portón trasero eléctrico con apertura medida* Faros Full Led en todo el vehículo* Apertura de puertas con manijas tipo ""Pop out"" eléctricas* Techo Panorámico con apertura y pivoteo con sensor autónomo de lluvia (cierra solo)* Volante Multifunción deportivo en cuero* Control Velocidad crucero adaptativo* Tablero íntegramente digital con múltiples funciones y formatos* Pantalla Central Multimedia (en español) con múltiples formatos de adaptaciones del vehículo y programaciones.* Conectividad Total con Mirror Link (muestra el celular en pantalla)* Freno de mano electrónico* Manejo Autónomo en tráfico pesado (conduce solo)* Estacionamiento Autónomo (estaciona solo)* 8 Air-bags* Control de Tracción y Estabilidad* Asistencia de Frenado* Frenado autónomo de emergencia* Asistencia de desvío de carril* Aviso de Punto Ciegoy más..BAIC PALERMO / BAIC MORÓN / BAIC VICENTE LOPEZENTREGA INMEDIATA CON UNIDADES EN SALÓN.TEST DRIVE DISPONIBLE (CON TURNO).ENTREGAS A DOMICILIO.------------------------------------------------------------------------------TOMAMOS VEHÍCULOS EN PARTE DE PAGOFINANCIACIÓN CON DNI HASTA EL 50% DEL VALOR DE LA UNIDAD.------------------------------------------------------------------------------7 RAZONES POR LA QUE CONFIAR EN BAIC:1) BAIC es marca Premium en China y en 48 países del Mundo.2) BAIC se encuentra en todas las provincias de Argentina y en 9 países deAmérica.3) BAIC es la única Automotriz socia de Mercedes Benz en el Mundo.4) BAIC es la única Automotriz Premium que ofrece 7 años de Garantía.5) BAIC NO es un vehículo económico Chino.6) BAIC es para el público que busca vehículos SUV DIFERENTES.7) BAIC es Diseño, Calidad, Confort, Equipamiento....y Esa Extraña sensación deFIDELIDAD.-----------------------------------------------------------------------------------* BAIC PALERMO - CASA CENTRAL -AV. CÓRDOBA 6102 - C.A.B.A. -- SERVICIO POST VENTAECHEVERRIA 1050 - C.A.B.A. -* BAIC RAMOS MEJÍA - ZONA OESTE -AV RIVADAVIA 14882 - RAMOS MEJÍA -SERVICIO POST VENTAECHEVERRIA 1050 - C.A.B.A. * BAIC VICENTE LOPEZ - ZONA NORTE -AV. LIBERTADOR 550 - VICENTE LOPEZ -- SERVICIO POST VENTAECHEVERRÍA 1050 - C.A.B.A. -NRO 1 EN VENTASBRINDANDO SERIEDAD Y PROFESIONALISMO A LA MARCA.CON GRAN IMPRONTA EN LA PRESENTACIÓN DE SUS MODELOS Y SEDES HOMOLOGADAS INTERNACIONALMENTE.",tienda,1,185.0,,0
9183,7000,Volkswagen,Taos,2024.0,250 highline,Azul,Nafta,5.0,Automática,1.4,SUV,Sí,0.0,Volkswagen Taos 1.4 250 Tsi Highline,70000.0,US$,"**UNIDAD BLINDADA RB3**Lista para patentar, sin rodar, se entrega con tramite de ANMaC Somos la UNICA blindadora del país con Certificación ISO 9001confía tu seguridad a Strong Blindados, puede visitar nuestra planta            Mantenemos garantia VW             ***CONSULTANOS***",concesionaria,1,,,0
9235,1987,Audi,Q3 Sportback,2025.0,40tfsi quattro,Gris,Nafta,5.0,Automática,2.0,SUV,Sí,0.0,Audi Q3 Sportback 2.0 40Tfsi Quattro 190Cv,66800.0,US$,"AUDI Q3 40 TFSI SPORTBACK QUATTRO 180cv40 TFSI corresponde a motor 2.0 TFSI de 180cvColor: Gris Nano Metalizado- Audi drive select- Audi sound system- Techo corredizo panorámico- Audi virtual cockpit de 10,2”- Confort Key (acceso y arranque sin- Asientos delanteros deportivos y eléctricos- Climatizador automático confort de 2 zonas- Portón del maletero de apertura y cierre eléctricos- Asientos tapizados en Leatherette- Paragolpes deportivos completamente pintados- Control de velocidad crucero con limitador de velocidad- Audi smartphone interface compatible con Android Auto y Apple CarPlay- Retrovisores exteriores abatibles y térmicos, espejo interior antideslumbrante- Sensores de estacionamiento delanteros y traseros con cámara de marcha atrás- Pantalla central color de 8,8” con tecnología touch y sistema de diálogo por voz- Llantas en diseño dinámico de 5 radios dobles, con neumáticos 235/50 R19- Luces diurnas, bajas y altas en tecnología LED; luces de giro y traseras incandescentes- Volante de cuero de 3 radios con multifunción plus, levas de cambio, de base plana.Concesionario Número #1 de la Argentina-- Tomamos todos los usados al mejor precio.-- Mejoramos cualquier oferta.Audi Buenos AiresAv. Rivadavia 4751, CABAAv. Juan B. Alberdi 53, CABA-- ¡Esperamos tu consulta!El precio publicado no incluye gastos de Flete, ni Formularios ni gastos administrativos.Foto no contractual. Corresponde al modelo del titulo de la descripción. Equipamiento según versión. Precio puede variar sin previo aviso.El precio publicado corresponde a un pago de contado.NS",tienda,1,190.0,,0
9236,14830,Audi,Q5,2025.0,45 advanced,Gris,Híbrido/Nafta,5.0,Automática,2.0,SUV,,0.0,Audi Q5 2.0 45 Tfsi Advanced 252Cv,87500.0,US$,"Equipamiento destacado de serie *Audi Drive Select *Audi virtual cockpit plus *Audi smartphone interface *Techo corredizo panorámico*Control de velocidad crucero*Luces delanteras y traseras LED*Tracción en las cuatro ruedas: quattro *Llantas 19""*Nueva motorización naftera con hibridación ligera (MHEV)*Pantalla central con tecnologia touch y MMI Navegación plus *Asientos deportivos tapizados en combinación cuero / cuero sintético *Llantas de 5 brazos dobles, gris grafito, torneado brillante, 235/55 R19 *Sensores de estacionamiento delanteros y traseros con cámara de retroceso*Acceso y arranque sin llave con apertura y cierre eléctricos del portón trasero  *Retrovisores exteriores abatibles, térmicos, antideslumbrantes, con memorias*Asientos delanteros calefaccionados, eléctricos, apoyo lumbar, memoria conductorAudi Autovisiones concesionario #1 de ArgentinaNuestro showroom ubicado en Av. del Libertador 5699 dispone de personal altamente calificado tanto en los equipamientos a nivel motorización y comfort, como opcionales, paquetes para que reciba el mejor asesoramiento para la compra de su nuevo Audi.*El precio no incluye gastos de flete, formularios ni gastos administrativos.*El precio corresponde a compra de contado, sin entrega de usado.",concesionaria,1,252.0,,0
9282,1186,Audi,Q3 Sportback,2025.0,40tfsi s line quattro,Gris,Nafta,5.0,Automática,2.0,SUV,,0.0,Audi Q3 Sportback 2.0 40Tfsi S Line Quattro 190Cv,84000.0,US$,Audi Q3 Sportback SLine 40 QuattroColor CHRONOS GREY Pack SLineAsistencias de Conducción Modelo 2025Javier 1161172684Agencia oficial Audi,concesionaria,1,190.0,,0
9296,6653,Volvo,XC60,2023.0,t8 plug in hybrid,Negro,Híbrido/Nafta,5.0,Automática,,SUV,,0.0,Volvo Xc60 T8 462hp Plug In Hybrid,103900.0,US$,"VOLVO XC60 T8 PLUGH IN HYBRID - HÍBRIDO ENCHUFABLEPOTENCIA COMBINADA 462HPAUTONOMÍA 100% ELÉCTRICA 75KMCONSULTAR STOCK Y DISPONIBILIDAD------------------------------------------------------------ACCESO SIN LLAVEAIRBAGS 6 ANCLAJES ISOFIX EN ASIENTOS LATERALES TRASEROSANDROID AUTO / APPLE CARPLAYASIENTO DE CONDUCTOR ELÉCTRICO CON AJUSTE LUMBAR DE 4 VÍASASIENTO DE CONDUCTOR CON MEMORIAASIENTO DE PASAJERO ELÉCTRICO CON AJUSTE LUMBAR DE 4 VÍASASIENTO DE PASAJERO CON MEMORIAASIENTOS DELANTEROS CALEFACCIONADOSASIENTOS DELANTEROS CON EXTENSOR ELÉCTRICOAUXILIO KIT DE REPARACIÓN BAÚL CON APERTURA ELÉCTRICA Y GESTUALBLIND SPOT INFORMATION SYSTEM + CROSS TRAFFIC ALERTCÁMARA DE ESTACIONAMIENTO 360°CAPACIDAD DEL TANQUE DE COMBUSTIBLE (LTS) 71CARGADOR INALÁMBRICO DE CELULARCITY SAFETYCLIMATIZADOR BIZONA + CLEANZONE + PM2.5COLLISION MITIGATION SUPPORT DELANTERO Y TRASEROCONECTORES USB 2 TIPO CCONTROL DE VELOCIDAD CRUCERO ADAPTATIVODISEÑO INTERIOR METAL MESHESPEJOS EXTERIORES CALEFACCIONADOS Y REBATIBLES ELÉCTRICAMENTEESPEJOS RETROVISORES ANTIENCANDILAMIENTOFAROS DELANTEROS FULL LEDGOOGLE BUILT ININTELLIGENT DRIVER INFORMATION SYSTEMLATERALES DE VENTANA NEGRO BRILLANTE LANE KEEPING AIDLLANTAS DE ALEACIÓN 21"" (1187) | 255/40 R21MODOS DE MANEJONAVEGADOR GPS (GOOGLE MAPS)PANEL DE INSTRUMENTOS DIGITAL - 12,3""PANTALLA MULTIMEDIA - 9""PILOT ASSISTRIELES DE TECHO LONGITUDINALES INTEGRADOS NEGRO BRILLANTESEGURO ELECTRÓNICO PARA NIÑOSSELECTOR DE CAMBIOS CRISTALSENSORES DE ESTACIONAMIENTO 360°SISTEMA DE SONIDO HARMAN KARDON (600W)TAPIZADO CUERO NAPPA / RG0R00TECHO PANORÁMICO CORREDIZOTELA DE TECHO EN EL INTERIOR OSCURATYRE PRESSURE MONITORING SYSTEMVOLANTE CALEFACCIONADOVOLANTE DE CUERO MULTIFUNCIÓN SPORT------------------------------------------------------------Ditecar S.A. Concesionario oficial Volvo en ArgentinaCoordinar cita previaSucursal Vicente LópezAVDA. DEL LIBERTADOR 1513 - Vicente López.Estacionamiento exclusivo para clientes.Lunes a Viernes de 9hs a 18.30hsSábados de 10hs a 14hsSucursal Nuñez CabaAVDA. DEL LIBERTADOR 6356 - CABA.Estacionamiento exclusivo para clientes.Lunes a Viernes de 9hs a 18hs",concesionaria,0,462.0,,0
9348,12225,Audi,Q3,2025.0,35tfsi,Blanco,Nafta,5.0,Automática,1.4,SUV,,0.0,Audi Q3 1.4 35tfsi 150 Cv,59000.0,US$,"Audi Q3 35 TFSI Stronic 0km 2025Entrega inmediata en color blanco consultar otros colores disponiblesMotor 1.4 TFSI de 150 CV caja automática- Faros led- Tablero digital- Techo panorámico- Tapizado en cuero- Cámara de retroceso- Audi smartphone interface- Sensores delanteros y traserosMARROCCHI EXCLUISVOS Único concesionario oficial Audi de la provincia de Santa Fe.*El precio no incluye gastos de flete, retiro y patentamiento. Foto no contractual, el equipamiento o color disponible puede variar según stock.",concesionaria,1,150.0,,0
9366,4322,Ford,Territory,2024.0,ecoboost sel,Blanco,Nafta,5.0,Automática,1.8,SUV,,0.0,Ford Territory 1.8 Ecoboost Sel At,37000.0,US$,PRECIO U$S 37.000 ANTICIPO U$S20.000,concesionaria,0,,,0
9383,17796,BMW,X6,2025.0,xdrive 40i m sport,Azul,Mild Hybrid,5.0,Automática,3.0,SUV,,0.0,BMW X6 3.0 Xdrive 40I M Sport 381Cv,210000.0,US$,Concesionario oficial Santos BMW Pilar. X6 M 40i Xdrive Mpro. Entrega inmediata. 2025.,concesionaria,0,381.0,,0
9414,10623,Hyundai,Creta,2025.0,safety + facelift,Gris,Nafta,5.0,Automática secuencial,1.5,SUV,Sí,0.0,Hyundai New Creta Safety + Facelift,35000.0,US$,"NEW CRETA SAFETY PLUS FACELIFT 2025UNIDADES EN SALÓN¡Comprá tu camioneta en AUTOMOVILES RAMA y financiala con un Súper Préstamo Prendario de SANTANDER!Podés financiar hasta el 95% del valor de tu 0km y elegir pagarlo a TASA FIJA o TASA UVA. ¡Obtené respuesta inmediata y llevate tu camioneta de manera fácil, rápida y segura!Consultanos para más información y armá el plan de financiación que mejor se ajuste a vos. ¡No te pierdas esta oportunidad!-----------------------------------------------SEGURIDAD-Airbag conductor, acompañante, laterales y de tipo cortina-Programa Electrónico de Estabilidad (ESP)-Control de tracción (TCS)-Distribución Electrónica de frenado, ABS, EBD.-Señal de frenada de emergencia (ESS)-Asistencia de arranque en pendiente (HAC)-Alerta de presión de neumáticos (TPMS)-Cámara de visualización de marcha atrás con líneas guía dinámicas-Cámara de visualización de 360° (SVM)-Sensor de estacionamiento trasero y delantero-Función de freno auto-hold -Monitor de punto ciego (BSRM) en el tablero. -Alerta de ocupación de plazas traseras (ROA) -Aviso de cinturón de seguridad no abrochado en las cinco plazas-Cinturones de seguridad delanteros regulables en altura con pretensor -Traba automática de puertas en marcha. Desbloqueo automático en caso de accidente-Alerta sonora y visual de puerta mal cerrada-Traba de puertas traseras para niños-Fijaciones ISOFIX con top tether para sillas de bebé-Alerta de hielo en calzada-Columna de dirección colapsable-Inmovilizador de motor-Alerta y frenado autónomo (FCA) con reconocimiento de vehículos, peatones y ciclistas-Asistente y mantenimiento de carril (LKA)-Asistente de centrado de carril (LFA)-Control de velocidad crucero adaptativo (SCC)-Asistente de luces altas (HBA) INTERIOR Y EXTERIOR-Techo panorámico de apertura eléctrica -Llantas de aleación diamantadas de 17"" -Espejos retrovisores color carrocería con luz de giro -Manijas de puerta color carrocería con detalle cromado -Barras de techo -Detalles en cromo satinado en volante, consola y manijas interioresCONFORT-Sistema multimedia (pantalla touch, Google Android Auto y Apple carplay inalámbrico, radio, bluetooth, MP3, USB, AUX)-Climatizador automático digital bi-zona-Cargador inalámbrico de teléfono móvil -Tablero digital de 10,25” -Dos puertos USB delanteros (Tradicional y USB-C) y uno trasero (USB-C) -Butaca de conductor regulable en altura-Butaca de conductor ventilada-Levas de cambios en el volante-Volante multifunción forrado en cuero-4 modos de manejo (Normal, Sport, Eco, Smart)-Freno de mano de accionamiento eléctrico-Tapizado de cuero-Arranque por botón-Columna de dirección regulable en altura y profundidad-Salida de aire acondicionado en plazas traseras-Espejos retrovisores con regulación eléctrica y plegables eléctricamente-Levanta cristales eléctricos delanteros y traseros (auto up/down)-Computadora de abordo-Llave de presencia con comando a distancia-Cierre y apertura remota de ventanillas con la llave-Control automático de luces y temporizador de apagado y encendido-Apertura interna de tanque de nafta-Asientos traseros plegables 60/40-Baúl iluminado-Parasoles con luz y espejo-Apoyabrazos central delanteroAUTOMOVILES RAMA S.A.-Concesionario Oficial-Con más de 55 años en el mercado automotor.",tienda,0,,,0
9440,15029,Volkswagen,Taos,2025.0,250 highline,Gris,Nafta,5.0,Automática,1.4,SUV,,0.0,Volkswagen Taos 1.4 250 Tsi Highline,38500.0,US$,El vendedor no incluyó una descripción del producto,concesionaria,1,,,0
9443,9712,Chery,Tiggo 4 Pro,2023.0,luxury,Rojo,Nafta,5.0,Automática,1.5,SUV,,0.0,Chery Tiggo 4 Pro 1.5 Luxury Cvt,29900.0,US$,El vendedor no incluyó una descripción del producto,concesionaria,0,,,0
9445,4876,Audi,Q3,2024.0,35tfsi,Gris,Nafta,5.0,Automática,1.4,SUV,,0.0,Audi Q3 1.4 35tfsi 150 Cv,56900.0,US$,"Audi Q3 35 TFSI35 TFSI corresponde a motor 1.4 TFSI de 150CV-  Audi drive select-  Audi soundsystem-  Techo corredizo panorámico-  Asientos tapizados en Leatherette-  Confort Key(acceso y arranque sin llave)-  Climatizador automático confort de 2 zonas	-  Portón del maletero de apertura y cierre eléctricos-  Control de velocidad crucero con limitador de velocidad-  Cuadro de instrumentos Digital ClusterDisplayde 10,2”-  Audi smartphoneinterface compatible con Android Auto y Apple CarPlay-  Llantas de aluminio fundido de 5 brazos dobles con neumáticos 235/55 R18-  Asientos traseros con reglaje horizontal, reposabrazos central y porta bebidas-  Volante de cuero en diseño de 3 radios con multifunción plus y levas de cambio-  Sensores de estacionamiento delanteros y traseros con cámara de marcha atrás-  Pantalla central color de 8,8” con tecnología touch y sistema de diálogo por voz-  Luces diurnas, bajas y altas en tecnología LED; luces de giro y traseras incandescentes-  Retrovisores exteriores con ajuste eléctrico y térmicos, espejo interior antideslumbrante.Concesionario Número #1 de la Argentina-- Tomamos todos los usados al mejor precio.-- Mejoramos cualquier oferta.Audi Buenos AiresAv. Rivadavia 4751, CABAAv. Juan B. Alberdi 53, CABA-- Esperamos tu consulta!El precio publicado no incluye gastos de flete, ni formularios ni gastos administrativos.Foto no contractual. Corresponde al modelo del titulo de la descripción. Equipamiento según versión. Precio puede variar sin previo aviso.",tienda,1,150.0,,0
9501,14670,Fiat,Pulse,2025.0,gse abarth,Negro,Nafta,5.0,Automática,1.3,SUV,,0.0,Fiat Pulse 1.3 Gse Abarth Turbo 270 At,18000.0,US$,"(MONTO PUBLICADO ES ANTICIPO)FIAT GIAMAPULSE ABARTH TURBO 1.3 CVTFINACIAMOS CON $19.000.000TOMAMOS USADOS LLAVE POR LLAVESIN SOBRE PRECIOSIN BANCOS NI FINANCIERASCUOTAS A TASA 0% PRECANCELABLESMANEJAS VOS EL TIEMPO DE FINANCIAMIENTOBENEFICIOS A BANCOS GALICIA, SANTANDER Y NACION¿QUERES SABER MAS?¿QUERES HACER LA PRUEBA DE MANEJO?COMUNICATE CON EL EJECUTIVO PARA UNA CITA- JESUS VELAZQUEZ -",concesionaria,1,,,1
9548,11994,Audi,q5 sportback,2025.0,45tfsi quattro s tronic advanced,Plateado,Híbrido/Nafta,5.0,Automática,2.0,SUV,,0.0,Audi q5 sportback 2.0 45Tfsi Quattro S Tronic Advanced 245Cv,89800.0,US$,OPORTUNIDAD !Audi Q5 Sportback 45 TFSI Quattro STronic• MILDHYBRID (no abona patentes)• Motor 2.0 Turbo 245cv • Modelo 2025• Entrega inmediata !!• Asistencia de manejo• Control crucero adaptativo • Sensor Puntos ciegos • Frenado autónomo de emergencia • Tablero Virtual Cockpit• Monitor touch CarPlay Smartphone• Rodado 19 ; 5 radios dobles grafito • Faros Fulls Leds Matrix Giros Dinámicos• Climatizador 3 zonas • Butacas con ajuste eléctrico y memoria • Butacas deportivas en cuero Negro Valcona• Butacas calefactables• Control en pendientes• Hold Assist • Espejos exteriores abatibles Javier 1161172684Asesor comercial Audi GARANTÍA Oficial,concesionaria,1,245.0,,0
9556,6974,BAIC,X35,2024.0,"confort ""sport""",Blanco,Nafta,5.0,Automática,1.5,SUV,Sí,0.0,"BAIC X35 CONFORT TURBO ""SPORT"" CVT",27500.0,US$,"PARA VER VIDEO DE LA UNIDAD LUEGO DE LA ÚLTIMA FOTO EN ESTE AVISO o BIEN SE LO ENVIAMOS.A NUESTROS CLIENTES Y POSIBLES CLIENTES NOTA:* NO compre Baic 0km en Agencias multimarcas o de otras marcas NO habilitadas.(evite dolores de cabeza con la Garantía).Solamente en CABA somos BAIC PALERMO. Único domicilio habilitado.Solamente en ZONA OESTE somos BAIC MORÓN. Único domicilio habilitado.Solamente en ZONA NORTE somos BAIC VICENTE LOPEZ. Único domicilio habilitado.7 AÑOS DE GARANTÍA AVALAN LA CALIDAD DE LA MARCA.VERSIÓN SPORT ""EXCLUSIVA"" BAIC PALERMO / BAIC MORÓN Y BAIC VICENTE LOPEZPRECIO LISTA: U$S 29.500BONIFICACIÓN: U$S 2.000.-VALOR FINAL: U$S 27.500.-----------------------------------------NEW X35 CONFORT TURBO ""SPORT"" CVTPresentamos el SUV más POTENTE y DEPORTIVA del mercado.* PINTURA BI-TONO TECHO BLACK* PARRILA BLACK DEPORTIVA* ZÓCALOS DE ALUMINIO TERMOGRABADOS EN LAS 4 PUERTAS* INSIGNIAS DEPORTIVAS BAIC SPORT ""S""* CONFIGURACIÓN LATERALES ""SPORT""* ESTRIBOS ORIGINALES ""SPORT""* ESPEJOS BLACK CARBONO* ALFOMBRAS INTERIORES DE CARBONO PVC MICROPUNTO CON BORDES REFORZADOS/COSTURA A MANO/TAQUERA TERMOGRABA/ABROJOS DE SUJECIÓN Y LOGOS DE LA MARCA EN ALUMINIO.* ALFOMBRA DE BAÚL MISMAS CARACTERÍSTICAS DE LAS INTERIORES----------------------------------------MOTOR 1.5 – 16v – TURBO – 148 HP DE POTENCIA.CAJA AUTOMÁTICA SECUENCIAL DE 6 MARCHAS.210 NM.ACELERACIÓN DE 0 A 100/KM: 8.9 SegMEDIDAS: Longitud 4.32 m / Ancho 1.83 m / Alto 1.64 mEQUIPAMIENTO:• Llantas 17” Diamantadas Bi Tono.• Cámara de retroceso.• Sensores de estacionamiento.• Espejos con guiños.• Faros Led completos delanteros y traseros.• Techo Panorámico con apertura eléctrica (único en nuestro mercado en su segmento).• Volante en cuero Multifunción.• Control Velocidad Crucero.• Butacas deportivas Cuero/Tela.• Encendido a Botón con llave de presencia.• Pantalla Multimedia con conectividad.• Freno de mano electrónico.• Climatizador Digital.• Paneles de puerta y tablero en cuero y aluminio.• Frenos ABS + EBD• Control de Tracción.• Control de estabilidad.• Control de Pendientes.• Control presión de neumáticos.• Volumen de Carga 390 Dm3.ENTREGA INMEDIATA CON UNIDADES EN SALÓN.---------------------------------------BAIC PALERMO OFRECE EL STOCK MÁS IMPORTANTE DEL PAÍS.UNIDADES PARA ENTREGA INMEDIATA.TEST DRIVE DISPONIBLE (CON TURNO).ENTREGAS A DOMICILIO.-----------------------------------------TOMAMOS VEHÍCULOS EN PARTE DE PAGOTASAMOS VÍA WHATSAPP PARA SU MEJOR COMODIDAD SI VIVE EN EL INTERIOR.FINANCIACIÓN CON DNI HASTA EL 50% DEL VALOR DE LA UNIDAD.------------------------------------------------------------------------------7 RAZONES POR LA QUE CONFIAR EN BAIC:1) BAIC es marca Premium en China y en 48 países del Mundo.2) BAIC se encuentra en todas las provincias de Argentina y en 9 países deAmérica.3) BAIC es la única Automotriz socia de Mercedes Benz en el Mundo.4) BAIC es la única Automotriz Premium que ofrece 7 años de Garantía.5) BAIC NO es un vehículo económico Chino.6) BAIC es para el público que busca vehículos SUV DIFERENTES.7) BAIC es Diseño, Calidad, Confort, Equipamiento....y Esa Extraña sensación deFIDELIDAD.-----------------------------------------------------------------------------------* BAIC PALERMO - CASA CENTRAL -AV. CÓRDOBA 6102 - C.A.B.A. -- SERVICIO POST VENTAECHEVERRIA 1050 - C.A.B.A. -* BAIC RAMOS MEJÍA - ZONA OESTE -AV RIVADAVIA 14882 - RAMOS -SERVICIO POST VENTA* BAIC VICENTE LOPEZ - ZONA NORTE -AV. LIBERTADOR 550 - VICENTE LOPEZ -- SERVICIO POST VENTAECHEVERRÍA 1050 - C.A.B.A. -NRO 1 EN VENTASBRINDANDO SERIEDAD Y PROFESIONALISMO A LA MARCA.CON GRAN IMPRONTA EN LA PRESENTACIÓN DE SUS MODELOS Y SUS SEDES HOMOLOGADAS INTERNACIONALMENTE.",tienda,1,148.0,,0
9610,4131,Audi,Q5,2024.0,45 sport,Plateado,Nafta,5.0,Automática,2.0,SUV,,0.0,Audi Q5 2.0 45 Tfsi Sport 252cv,82800.0,US$,"Audi Q5 45 TFSI Advanced45 TFSI corresponde a motor 2.0 de 245 cv› Audi drive select› Audi virtual cockpit plus › Audi smartphone interface › Control de velocidad crucero› Luces delanteras y traseras LED› Tracción en las cuatro ruedas: quattro› Nueva motorización naftera con hibridación ligera (MHEV)› Pantalla central con tecnología touch y MMI Navegación plus	› Retrovisores exteriores abatibles, térmicos y antideslumbrantes› Llantas diseño turbina de 5 brazos con neumáticos 235/60 R18› Sensores de estacionamiento delanteros y traseros con cámara de retroceso › Acceso y arranque sin llave con apertura y cierre eléctricos del portón trasero › Asientos delanteros eléctricos tapizados en combinación cuero / cuero sintéticoConcesionario Número #1 de la Argentina-- Tomamos todos los usados al mejor precio.-- Mejoramos cualquier oferta.Audi Buenos AiresAv. Rivadavia 4751, CABAAv. Juan B. Alberdi 53, CABA-- Esperamos tu consulta!El precio publicado no incluye gastos de flete, ni formularios ni gastos administrativos.Foto no contractual. Corresponde al modelo del titulo de la descripción. Equipamiento según versión. Precio puede variar sin previo aviso.",tienda,1,252.0,,0
9696,8135,BMW,X1,2023.0,sdrive 20i sportline,Gris,Nafta,5.0,Manual,2.0,SUV,,0.0,BMW X1 2.0 Sdrive 20i Sportline 192cv,78900.0,US$,Nueva BMW X1 20 XDrive 200HP Traccion Integral Linea 2023Entrega InmediataNuevo Modelo totalmente renovadoMas EquipamientoNuevos tableros 100% digitalesBremen Motors PalermoAv. del Libertador 2230CABA,tienda,0,192.0,,0
9715,18181,Audi,Q5,2025.0,45 advanced stronic quattro,,Nafta,5.0,Automática,2.0,SUV,,0.0,Audi Q5 45 TFSI ADVANCED STRONIC QUATTRO,84008.0,US$,"Somos Espasa Exclusivos, Concesionario Audi Oficial.Consultá todos los vehículos de la Marca Audi y las últimas novedades respecto a nuestros productos. Tomamos tu usado al mejor precio.Ofertas exclusivas del mes. Disponibilidad de colores y VARIOS MODELOS CON DIFERENTES OPCIONALES.Opción  TEST DRIVE para algunos modelos. Contamos con un equipo de asesores comerciales que te brindarán toda la información de manera online mediante WhatsApp o llamado telefónico. Podrás además coordinar con ellos una videollamada para ver nuestras unidades si así lo quisieras y recibir info del vehículo.A su vez, podremos de manera digital. configurar tu Audi junto a vos mediante una navegación 3D para que puedas ver los diferentes opcionales de cada modelo.Subite a tu Audi con la mejor propuesta comercial y asesoramiento.Espasa Exclusivos Audi",tienda,1,,,0
9777,17115,Suzuki,Jimny,2025.0,glx 5p,Verde,Nafta,5.0,Manual,1.5,SUV,Sí,0.0,Suzuki Jimny Glx 1.5l 4x4 Mt,41500.0,US$,"Disponible en nuestro concesionario Suzuki Jimny, la camioneta 4x4 perfecta para liberar tu espíritu aventurero, cuenta con un sistema ALLGRIP PRO y una tracción potente para conquistar cualquier terreno desafianteCuenta con un marco de escalera rígida que le da una base sólida para su funcionamiento off road. Además, tiene 3 ejes rígidos de ancho completo adelante y atrás, que le otorgan la capacidad de garantizar un agarre superior.",concesionaria,0,,4x4,0
9822,10697,BMW,X1,2023.0,sdrive 18i active,Plateado,Nafta,5.0,Manual,2.0,SUV,,0.0,BMW X1 2.0 Sdrive 18i Active,65900.0,US$,"Desde BMW AutoPremier tenemos para ofrecerte una BMW X1 Sdrive 18i Automatica en excelente estado.Por favor con el fin de brindarte una buena atención, te invitamos a coordinar una cita previamente y así asegurarnos que la unidad de tu interés esté lista y preparada en nuestro salón.Nuestros horarios de atención son de lunes a viernes de 9:00 a 19:00hs y sábados de 10:00 a 14:00hs.Antes cualquier duda o comentario quedamos a tu entera disposición.",tienda,0,,,0
9879,6111,BAIC,X35,2023.0,luxury,Gris,Nafta,5.0,Automática,1.5,SUV,Sí,0.0,BAIC X35 1.5 Luxury At,29000.0,US$,"PARA VER VIDEO DE LA UNIDAD LUEGO DE LA ÚLTIMA FOTO EN ESTE AVISO o BIEN SE LO ENVIAMOS.A NUESTROS CLIENTES Y POSIBLES CLIENTES NOTA:* NO compre Baic 0km en Agencias multimarcas o de otras marcas NO habilitadas.(evite dolores de cabeza con la Garantía).Solamente en CABA somos BAIC PALERMO. Único domicilio habilitado.Solamente en ZONA OESTE somos BAIC RAMOS MEJIA. Único domicilio habilitado.Solamente en ZONA NORTE somos BAIC VICENTE LOPEZ. Único domicilio habilitado.7 AÑOS DE GARANTÍA AVALAN LA CALIDAD DE LA MARCA.VERSIÓN ""EXCLUSIVA"" BAIC PALERMO / BAIC RAMOS MEJIA Y BAIC VICENTE LOPEZPRECIO LISTA: u$s 31.000.-BONIFICACIÓN: -u$s 2.000-CONTADO: u$s 29.000.-----------------------------------------NEW X35 LUXURY TURBO ""SPORT"" CVTPresentamos el SUV más POTENTE y DEPORTIVA del mercado.* PINTURA BI-TONO TECHO BLACK* PARRILA BLACK DEPORTIVA* ZÓCALOS DE ALUMINIO TERMOGRABADOS EN LAS 4 PUERTAS* INSIGNIAS DEPORTIVAS BAIC SPORT ""S""* CONFIGURACIÓN LATERALES ""SPORT""* ESTRIBOS ORIGINALES ""SPORT""* ESPEJOS BLACK CARBONO* ALFOMBRAS INTERIORES DE CARBONO PVC MICROPUNTO CON BORDES REFORZADOS/COSTURA A MANO/TAQUERA TERMOGRABA/ABROJOS DE SUJECIÓN Y LOGOS DE LA MARCA EN ALUMINIO.* ALFOMBRA DE BAÚL MISMAS CARACTERÍSTICAS DE LAS INTERIORESESTA VERSIÓN DE VENDE CON VIDRIOS POLARIZADOS (Para quien lo solicite) Y TUERCAS DE SEGURIDAD SIN CARGO.----------------------------------------MOTOR 1.5 – 16v – TURBO – 148 HP DE POTENCIA.CAJA AUTOMÁTICA SECUENCIAL DE 6 MARCHAS.210 NM. de TORQUEACELERACIÓN DE 0 A 100/KM: 8.9 SegMEDIDAS: Longitud 4.32 m / Ancho 1.83 m / Alto 1.64 mEQUIPAMIENTO:• Llantas 17” Diamantadas Bi Tono.• Cámara de retroceso.• Sensores de estacionamiento.• Espejos con guiños.• Faros Led completos delanteros y traseros.• Techo Panorámico con apertura eléctrica (único en nuestro mercado en su segmento).• Volante en cuero Multifunción.• Control Velocidad Crucero.• Butacas deportivas Cuero/Tela.• Encendido a Botón con llave de presencia.• Pantalla Multimedia con conectividad.• Freno de mano electrónico.• Climatizador Digital.• Paneles de puerta y tablero en cuero y aluminio.• Frenos ABS + EBD• Control de Tracción.• Control de estabilidad.• Control de Pendientes.• Control presión de neumáticos.• Volumen de Carga 390 Dm3.BAIC PALERMO / BAIC MORÓN / BAIC VICENTE LOPEZ--------------------------------------------PLAN FINANCIACIÓN EXCLUSIVO “BAIC PALERMO”ENTREGA INMEDIATA CON UNIDADES EN SALÓN.--------------------------------------------------------------------------------BAIC PALERMO OFRECE EL STOCK MÁS IMPORTANTE DEL PAÍS.UNIDADES PARA ENTREGA INMEDIATA.TEST DRIVE DISPONIBLE (CON TURNO).ENTREGAS A DOMICILIO.------------------------------------------------------------------------------TOMAMOS VEHÍCULOS EN PARTE DE PAGOTASAMOS VÍA WHATSAPP PARA SU MEJOR COMODIDAD SI VIVE EN EL INTERIOR.FINANCIACIÓN CON DNI HASTA EL 50% DEL VALOR DE LA UNIDAD.------------------------------------------------------------------------------7 RAZONES POR LA QUE CONFIAR EN BAIC:1) BAIC es marca Premium en China y en 48 países del Mundo.2) BAIC se encuentra en todas las provincias de Argentina y en 9 países deAmérica.3) BAIC es la única Automotriz socia de Mercedes Benz en el Mundo.4) BAIC es la única Automotriz Premium que ofrece 7 años de Garantía.5) BAIC NO es un vehículo económico Chino.6) BAIC es para el público que busca vehículos SUV DIFERENTES.7) BAIC es Diseño, Calidad, Confort, Equipamiento....y Esa Extraña sensación deFIDELIDAD.-----------------------------------------------------------------------------------* BAIC PALERMO - CASA CENTRAL -AV. CÓRDOBA 6102 - C.A.B.A. -- SERVICIO POST VENTAECHEVERRIA 1050 - C.A.B.A. -* BAIC RAMOS MEJIA - ZONA OESTE -AV. RIVADAVIA 14.882 - RAMOS MEJIA -SERVICIO POST VENTAECHEVERRIA 1050 - C.A.B.A. -* BAIC VICENTE LOPEZ - ZONA NORTE -AV. LIBERTADOR 550 - VICENTE LOPEZ -- SERVICIO POST VENTAECHEVERRÍA 1050 - C.A.B.A. -NRO 1 EN VENTASBRINDANDO SERIEDAD Y PROFESIONALISMO A LA MARCA.CON GRAN IMPRONTA EN LA PRESENTACIÓN DE SUS MODELOS.",tienda,0,148.0,,0
9895,6539,Hyundai,Creta,2025.0,safety+,Gris,Nafta,5.0,Automática,1.6,SUV,Sí,0.0,Hyundai Creta 1.6 At Safety+,35000.0,US$,ENTREGA INMEDIATA - UNIDADES EN STOCK FÍSICOENTREGA INMEDIATASU AUTO USADO LO TOMAMOS AL MEJOR VALORHORARIO DE ATENCIÓNLUNES A VIERNES DE 10 a 19 hsSÁBADOS de 10 a 13 hs.RECOLETA CAR CONCESIONARIO OFICIAL HYUNDAI,tienda,0,,,0
9898,3801,Ford,Bronco Sport,2024.0,wildtrak,,Nafta,5.0,Automática,2.0,SUV,,0.0,Ford Bronco Sport 2.0 4Wd Wildtrak At8,51000.0,US$,"La Ford Bronco Sport 4WD Wildtrak es una SUV diseñada para la aventura. Su sistema de tracción 4WD avanzado incluye control vectorial de torque y bloqueo de diferencial trasero. Además, cuenta con el Sistema de Gestión de Terrenos (GOAT) con 7 modos de manejo, ideal para cualquier tipo de terreno2. El interior es cómodo y tecnológico, con tapizado de cuero, climatizador automático y un sistema de infotainment SYNC®3 con pantalla táctil de 8"" compatible con Android Auto y Apple CarPlay.",concesionaria,0,,4x4,0
9905,6859,BMW,X5,2024.0,40m,Negro,Nafta,5.0,Automática secuencial,,SUV,,0.0,Bmw X5 40i Xdrive 2025 / Bremen Motors Palermo,180000.0,US$,BMW X5 40I LINEA 2024ENTREGA INMEDIATACONSULTE COLORES DISPONIBLESBREMEN MOTORS PALERMOAV. DEL LIBERTADOR 2230CABA11 4805 2700,tienda,0,,,0
9944,2618,Audi,Q3,2024.0,35tfsi,,Nafta,5.0,Automática,1.4,SUV,,0.0,Audi Q3 1.4 35tfsi 150 Cv,64700.0,US$,El vendedor no incluyó una descripción del producto,concesionaria,1,150.0,,0
9961,17414,Audi,Q3 Sportback,2024.0,35tfsi sportback,Gris,Nafta,5.0,Automática,1.4,SUV,Sí,0.0,Audi Q3 Sportback 1.4 35tfsi Sportback 150 Cv,64000.0,US$,"Audi Q3 Sporback 0km 2024Unidades fisicas en stock tocables, con certificado para patentar.Podes retirar en cualquiera de nuestras sucursales-Quilmes-La PlataO te enviamos tu auto a tu domicilio.Tomamos permutas al mejor precioMejoramos cualquier presupuesto",tienda,1,150.0,,0
9963,13006,Chery,Tiggo 4 Pro,2025.0,luxury,Blanco,Nafta,5.0,Automática,1.5,SUV,,0.0,Chery Tiggo 4 Pro 1.5T Luxury Cvt,29800.0,US$,"CASALINI AUTOMOTORES - CONCESIONARIO OFICIAL CHERYChery Tiggo 4 PRO Luxury CVT 1.5T 147CV 0KM - ENTREGA INMEDIATA- Varios colores disponibles, consulta por el que mas te guste!- Financiación exclusiva- Tomamos tu usado- Garantía de 5 años o 100.000kmNo dudes en hacer tu consulta, estamos para asesorarte",concesionaria,1,147.0,,0
9971,897,BAIC,X55,2025.0,luxury,Blanco,Nafta,5.0,Automática,,SUV,Sí,0.0,BAIC X55 1.5t Luxury,36900.0,US$,BAIC X55 II Luxury 1.5t 0km - entrega inmediataTest DrivePermuta Finaciacion,concesionaria,1,,,0
10003,3406,Fiat,Pulse,2025.0,impetus,Blanco,Nafta,5.0,Automática,1.0,SUV,,0.0,Fiat Pulse 1.0T Impetus Cvt,9300.0,US$,FIAT PULSE IMPETUS FINANCIACION A TASA 0% SIN INTERES CUOTAS DE $400.000SE ARMA COMPLETAMENTE PERSONALIZADA EN BASE A LO QUE DESEES INVERTIR EN TU COMPRA TOMAMOS TU USADO LLAVE X LLAVE GESTIONES ONLINE Y DE FORMA PRESENCIAL CONSULTAS VIA WHATSAPP CONTESTO AL INSTANTE,concesionaria,1,,,0
10015,14321,Mercedes-Benz,Clase GLC,2025.0,glc300 amg 4matic,Negro,Nafta,5.0,Automática,2.0,SUV,Sí,0.0,Mercedes-Benz Clase GLC 2.0 Glc300 Amg 4Matic Coupe At,140000.0,US$,"GLC 300 COUPE AMG LINE, LINEA NUEVA, MOTOR 4 CILINDROS DE 258 CV Y MOTOR ELECTRICO DE 48 CV (RECUPERA HASTA 13CV ) , CAJA AT DE 9 MARCHAS, DISTRONIC (ADAS ) CON CAMARA TRASERA Y ASISTENTE DE ESTACIONAMIENTO AUTOMATICO, FAROS DE LEDS HIGH PERFORMANCE , SISTEMA MBUX (HEY MB) 2DA GENERACIÓN CON NUEVAS FUNCIONES ( INTERFACE Y CARGADOR INALAMBRICO ) TECHO PANORAMICO, PAQUETE ESTETICO AMG INTERIOR Y EXTERIOR. VEHICULO CON BENEFICIO FISCAL EN CABA ( DOS AÑOS DE EXENCION DE PATENTES ). GARANTIA DE 3 AÑOS SIN LIMITES DE KILOMETROS. SE PUEDE TOMAR PERMUTA POR MENOR VALOR DE LA MARCA O SIMILAR ALTA GAMA",concesionaria,0,258.0,,0
10022,14612,BAIC,X35,2025.0,luxury,Blanco,Nafta,5.0,Automática,1.5,SUV,,0.0,BAIC X35 1.5T Luxury Cvt,27000.0,US$,"BAIC X35 Luxury 2025Motor 1.5 Turbo de 150CV (mecánica Mitsubishi).Caja CVT de 6 velocidades.Techo eléctrico.Encendido con botón.7 años de garantía al igual que toda la marca.Consultar por disponibilidad de colores.Somos BAIC One Fan.Veni a conocernos!!!Nos encontramos en Av. Dr. Ricardo Balbín 1802 Esq. Lincoln, Gral. San Martin",concesionaria,1,150.0,,0
10083,11169,Audi,Q3,2025.0,40tfsi quattro advance,Plateado,Nafta,5.0,Automática,2.0,SUV,,0.0,Audi Q3 2.0 40Tfsi Quattro Advance 180Cv,73000.0,US$,"EQUIPAMIENTO DESTACADO DE SERIENuevo Digital Cockpit Nueva pantalla central touch 8,8” Smartphone interface (Android Auto & Apple CarPlay) Entradas USB delante y detrás Sensores de estacionamiento delanteros y traseros Cámara de estacionamiento trasera Luces delanteras y traseras LED Butacas tapizadas en Leatherette Portón trasero de apertura y cierre eléctricos Confort Key (acceso y arranque sin llave) Banqueta trasera Plus con reglaje horizontal Aviso de cambio de carril Audi pre sense front OPCIONALES DE ESTA UNIDADEliminación de insigniasBarras de techo negroPaquete Negro PlusCarcazas negrasPhone BoxLuces AmbienteLlantas de aluminio de 20 radios en V, Gris Contraste, parc. pul., 235/50 R19Los valores mencionados no incluyen gastos de flete ni formulario ni gastos administrativos.",tienda,1,180.0,,0
10084,14001,BAIC,X55,2025.0,il,,Nafta,5.0,Automática,1.5,SUV,Sí,0.0,Baic X55 Il,36900.0,US$,BAIC X55 PLUSENTREGA INMEDIATALA SUV SEGMENTO C MAS EQUIPADA DEL MERCADO,concesionaria,1,,,0
10096,3552,Kia,Seltos,2024.0,lx,Gris,Nafta,5.0,Automática,1.5,SUV,,0.0,Kia Seltos 1.5 Lx Cvt,35990.0,US$,El vendedor no incluyó una descripción del producto,concesionaria,0,,,0
10105,16840,BAIC,X55,2024.0,ii luxury,Amarillo,Nafta,5.0,Automática,1.5,SUV,Sí,0.0,Baic X55 Ii Luxury Turbo - 2025 - Baic Vicente Lopez -,38900.0,US$,"PARA VER VIDEO DE LA UNIDAD LUEGO DE LA ÚLTIMA FOTO EN ESTE AVISO o BIEN SE LO ENVIAMOS.A NUESTROS CLIENTES Y POSIBLES CLIENTES NOTA:* NO compre Baic 0km en Agencias multimarcas o de otras marcas NO habilitadas.(evite dolores de cabeza con la Garantía).Solamente en CABA somos BAIC PALERMO. Único domicilio habilitado.Solamente en ZONA OESTE somos BAIC MORÓN. Único domicilio habilitado.Solamente en ZONA NORTE somos BAIC VICENTE LOPEZ. Único domicilio habilitado.7 AÑOS DE GARANTÍA AVALAN LA CALIDAD DE LA MARCA.PRECIO LISTA: U$S 40.900.- (Dolar estadounidense)BONIFICACION: - U$S 2.000.-VALOR SOLO CONTADO : U$S 38.900 o SU EQUIVALENTE EN PESOS.NUEVA X55 IIPresentamos el SUV más DEPORTIVO Y PREMIUM del mercado.MOTOR 1.5 – TURBO – 185 HP DE POTENCIA.CAJA DE 7 MARCHAS CON DOBLE EMBRAGUE (Prestación deportiva)310 NM.ACELERACIÓN DE 0 A 100/KM: 7.8 SegVELOCIDAD MÁXIMA: 220 KM/HMEDIDAS: Longitud 4.63 m / Ancho 1.88 m / Alto 1.68 mDISEÑO FUTURISTA / DE ALTA GAMA / DEPORTIVA"" El SUV más deportivo y Premium del mercado""La relación precio/producto es imbatible.EQUIPAMIENTO DESTACADO:* Llantas 19"" color Gris oscuras* Cámara 360° para visión delantera/trasera y lateral* Sensores de Estacionamiento* Portón trasero eléctrico con apertura medida* Faros Full Led en todo el vehículo* Apertura de puertas con manijas tipo ""Pop out"" eléctricas* Techo Panorámico con apertura y pivoteo con sensor autónomo de lluvia (cierra solo)* Volante Multifunción deportivo en cuero* Control Velocidad crucero adaptativo* Tablero íntegramente digital con múltiples funciones y formatos* Pantalla Central Multimedia (en español) con múltiples formatos de adaptaciones del vehículo y programaciones.* Conectividad Total con Mirror Link (muestra el celular en pantalla)* Freno de mano electrónico* Manejo Autónomo en tráfico pesado (conduce solo)* Estacionamiento Autónomo (estaciona solo)* 8 Air-bags* Control de Tracción y Estabilidad* Asistencia de Frenado* Frenado autónomo de emergencia* Asistencia de desvío de carril* Aviso de Punto Ciegoy más..BAIC PALERMO / BAIC MORÓN / BAIC VICENTE LOPEZENTREGA INMEDIATA CON UNIDADES EN SALÓN.TEST DRIVE DISPONIBLE (CON TURNO).ENTREGAS A DOMICILIO.------------------------------------------------------------------------------TOMAMOS VEHÍCULOS EN PARTE DE PAGOFINANCIACIÓN CON DNI HASTA EL 50% DEL VALOR DE LA UNIDAD.------------------------------------------------------------------------------7 RAZONES POR LA QUE CONFIAR EN BAIC:1) BAIC es marca Premium en China y en 48 países del Mundo.2) BAIC se encuentra en todas las provincias de Argentina y en 9 países deAmérica.3) BAIC es la única Automotriz socia de Mercedes Benz en el Mundo.4) BAIC es la única Automotriz Premium que ofrece 7 años de Garantía.5) BAIC NO es un vehículo económico Chino.6) BAIC es para el público que busca vehículos SUV DIFERENTES.7) BAIC es Diseño, Calidad, Confort, Equipamiento....y Esa Extraña sensación deFIDELIDAD.-----------------------------------------------------------------------------------* BAIC PALERMO - CASA CENTRAL -AV. CÓRDOBA 6102 - C.A.B.A. -- SERVICIO POST VENTAECHEVERRIA 1050 - C.A.B.A. -* BAIC RAMOS MEJIA - ZONA OESTE -AV. RIVADAVIA 14.882 - RAMOS MEJIA -SERVICIO POST VENTAECHEVERRIA 1050 - C.A.B.A. -* BAIC VICENTE LOPEZ - ZONA NORTE -AV. LIBERTADOR 550 - VICENTE LOPEZ -- SERVICIO POST VENTAECHEVERRÍA 1050 - C.A.B.A. -NRO 1 EN VENTASBRINDANDO SERIEDAD Y PROFESIONALISMO A LA MARCA.CON GRAN IMPRONTA EN LA PRESENTACIÓN DE SUS MODELOS Y SEDES HOMOLOGADAS INTERNACIONALMENTE.",tienda,1,185.0,,0
10117,8306,BAIC,X35,2025.0,luxury,Rojo,Nafta,5.0,Automática,1.5,SUV,,0.0,BAIC X35 1.5T Luxury Cvt,26200.0,US$,"***ÚNICAS UNIDADES EN EL MERCADO CON CARPLAY / ANDROID AUTO INCORPORADO***PRECIO DE LISTA U$D 27.200-BONIFICACIÓN PAGO CONTADO U$D 26.200-7 AÑOS DE GARANTIA 0 100.000Km la mejor garantía del mercado!BAIC X35 LUXURYMotor 1.5 Turbo + Caja CVTVersión con máximo equipamiento.2 AirbagFrenos ABSDisco en las cuatro ruedasTecho panorámicollave de presenciallantas de aleación 17""Iluminación full LedTapizados de cueroIMOLAAUTOS es concesionario oficial BAIC BAIC es la mejor marcha de autos Chinos en la Argentina.Tenemos 40 años de presencia en el mercado automotriz, con cobertura en todo el país, disponemos de más de 5.500 Mts2 distribuidos en tres bocas de venta.100% Calificaciones Positivas de clientes satisfechos, por brindarles una excelente, rápida y muy confiable atención. Excelente calificación en google de todas nuestras sucursalesContamos con:• Financiación del 50% / 60% con crédito bancario, cuotas fijas en pesos solo con DNI• Asesores profesionales que sabrán interpretar su necesidad.• Gestoría Automotor integral.• Aseguramos tu auto con los mejores precios, coberturas y compañías.*** Valorizamos inmejorablemente su auto usado***Esperamos su consulta virtual o su visita por nuestros locales.",tienda,1,,,0
10125,8912,Audi,Q2,2025.0,40 stronicquattro,,Nafta,5.0,Automática,2.0,SUV,,0.0,Audi Q2 40 TFSI  STRONICQUATTRO,57873.0,US$,"Somos Espasa Exclusivos, Concesionario Audi Oficial.Consultá todos los vehículos de la Marca Audi y las últimas novedades respecto a nuestros productos. Tomamos tu usado al mejor precio.Ofertas exclusivas del mes. Disponibilidad de colores y VARIOS MODELOS CON DIFERENTES OPCIONALES.Opción  TEST DRIVE para algunos modelos. Contamos con un equipo de asesores comerciales que te brindarán toda la información de manera online mediante WhatsApp o llamado telefónico. Podrás además coordinar con ellos una videollamada para ver nuestras unidades si así lo quisieras y recibir info del vehículo.A su vez, podremos de manera digital. configurar tu Audi junto a vos mediante una navegación 3D para que puedas ver los diferentes opcionales de cada modelo.Subite a tu Audi con la mejor propuesta comercial y asesoramiento.Espasa Exclusivos Audi",tienda,1,,,0
10131,15814,Kia,Sportage,2024.0,ex x-line t-gdi,Gris,Nafta,5.0,Automática,1.6,SUV,,0.0,Kia Sportage 1.6 Ex X-Line T-Gdi Awd,61980.0,US$,"KIA SPORTAGE 1.6TURBO XLINE 4X4 2024 LINE NUEVAENTREGA INMEDIATA, STOCK FISICO (CONSULTAR COLOR)TOMAMOS USADOS EN PARTE DE PAGOKIA KINOR",concesionaria,0,,4x4,0
10135,11510,Porsche,Cayenne,2025.0,e-hybrid,Negro,Híbrido/Nafta,5.0,Automática,,SUV,Sí,0.0,Porsche Cayenne E-hybrid (e3ii) - 0km 2025 - Porsche Argenti,259000.0,US$,"En Nordenwagen S.A. somos el único importador y distribuidor exclusivo de Porsche para Argentina y Uruguay desde hace 32 años. Transmitimos el ADN Porsche, historia y valores de la marca; Perseguimos el entusiasmo del cliente con nuestros productos y servicios, la innovación y la sustentabilidad, abordando temas como la electro movilidad y el desarrollo de la red de cargas para vehículos eléctricos.Comercializamos vehículos nuevos y de re-estreno bajo el programa Porsche Approved, con asesores capacitados y certificados por Porsche AG.-  UNIDAD DE STOCK!- ENTREGA INMEDIATA!EQUIPAMIENTO/OPCIONALES:- COLOR: CROMITA NEGRO METALIZADO- RUEDAS SPORT DESIGN DE 22 PULGADAS CON EXTENSIONES DE PASOS DE RUEDA EN EL COLOR EXTERIOR- INTERIOR PARCIALMENTE DE CUERO NEGRO- ASIENTOS ASIENTOS DEPORTIVOS ADAPTATIVOS DELANTEROS (18 POSICIONES, ELÉCTRICOS)-  PAQUETE EXTERIOR NEGRO (BRILLANTE)EXCLUSIVE MANUFAKTUR- SISTEMA DE TECHO PANORÁMICO - RIELES DE TECHO EN ALUMINIO NEGRO- PREPARACIÓN PARA SISTEMA DE ENGANCHE- ESCUDO PORSCHE EN LOS REPOSACABEZAS DE LOS ASIENTOS DELANTEROSEXCLUSIVE MANUFAKTUR- AJUSTE ELÉCTRICO DE LA COLUMNA DE DIRECCIÓN  - REVESTIMIENTO DEL TECHO DE TELA  - CAJA DE CAMBIOS AUTOMÁTICA DE 8 VELOCIDADES- PORSCHE ENTRY & DRIVE- HOMELINK - PAQUETE DE MEMORIA PARA EL CONDUCTOR Y EL PASAJERO DELANTERO- PANTALLA DE PASAJEROS- SISTEMA DE SONIDO ENVOLVENTE BOSE® ALGUNAS CARACTERÍSTICAS TÉCNICAS (DATOS OFICIALES SEGÚN PORSCHE AG):- NUMERO DE CILINDROS: 6- CALIBRE: 84,5 MM- CARRERA: 89,0 MM- CILINDRADA: 2.995 CM³- POTENCIA (KW): 224 KW- POTENCIA (PS): 304 PS- VELOCIDAD MÁXIMA DEL MOTOR: 6.500 1/MIN- MAX. TORQUE: 420 NM- POTENCIA COMBINADA (KW): 346 KW- MOTOR ELÉCTRICO DE POTENCIA (KW): 130 KW- POTENCIA COMBINADA (PS): 470 PS- MOTOR ELÉCTRICO DE POTENCIA (PS): 176 PS- TORQUE COMBINADO: 650 NM- TORQUE MOTOR ELÉCTRICO: 460 NM- MÁX. PRODUCCIÓN POR LITRO (KW/L): 75,00 KW/L- MÁX. PRODUCCIÓN POR LITRO (PS/L): 102,00 PS/L- VELOCIDAD MÁXIMA: 254 KM/H- ACELERACIÓN 0 - 100 KM/H: 4,9 S",tienda,0,,,0
10163,1029,Fiat,Pulse,2025.0,audace,Azul,Nafta,5.0,Automática,1.0,SUV,,0.0,Fiat Pulse 1.0T Audace Cvt,10200.0,US$,NUEVO FIAT MOBI TREKING 1.0> Disponible para entrega inmediata con numero de chasis> Stock disponible en casa central> Financia a tasa 0% sin interes y retira con minimo anticipo $10.200.000> Cuotas de $400.000CONSULTA Y ME CONTACTO AL INSTANTE !CONSULTA Y ME CONTACTO AL INSTANTE !,concesionaria,1,,,1
10177,15771,Hyundai,Tucson,2024.0,c/techo,Azul,Nafta,5.0,Automática,2.0,SUV,Sí,0.0,Hyundai Tucson 2.0 C/techo,48000.0,US$,"¡Bienvenido a nuestro concesionario oficial Hyundai!Asesor comercial Salcedo Raúl.Unidad Física para Entrega Inmediata.No esperes más para disfrutar de tu nuevo Hyundai.La unidad se encuentra física y lista para entrega inmediata, sin demoras innecesarias.Formas de Pago para Unidades 0KM:Contado: La opción más rápida y sencilla.Permutas: Tomamos tu usado en forma de pago.Nota Importante:El valor publicado corresponde al PRECIO DE LISTA del corriente mes. Dicho importe no incluye gastos de agencia (flete, formularios, alistamiento, pre entrega, etc.) ni patentamiento.>> Consulte POR LA MEJOR OFERTA DE CONTADO de esta unidad. <<*** ¡Recorda que comercializamos en todo el pais! Por lo tanto, una vez pago el vehículo, podemos enviarte la documentación de la unidad y solo tenes que venir a buscarlo con la patente y el seguro. ***Si deseas obtener más detalles sobre cualquiera de nuestras unidades, formas de pago o si tienes alguna pregunta, no dudes en contactarnos. Estamos aquí para ayudarte a encontrar el Hyundai que se adapte a tus necesidades.¡Gracias por considerarnos para tu próxima adquisición de vehículo!",concesionaria,0,,,0
10178,13622,BAIC,X55,2024.0,ii luxury,Rojo,Nafta,5.0,Automática,1.5,SUV,Sí,0.0,Baic X55 Ii Luxury Turbo - 2025 - Baic Vicente Lopez -,38900.0,US$,"PARA VER VIDEO DE LA UNIDAD LUEGO DE LA ÚLTIMA FOTO EN ESTE AVISO o BIEN SE LO ENVIAMOS.A NUESTROS CLIENTES Y POSIBLES CLIENTES NOTA:* NO compre Baic 0km en Agencias multimarcas o de otras marcas NO habilitadas.(evite dolores de cabeza con la Garantía).Solamente en CABA somos BAIC PALERMO. Único domicilio habilitado.Solamente en ZONA OESTE somos BAIC MORÓN. Único domicilio habilitado.Solamente en ZONA NORTE somos BAIC VICENTE LOPEZ. Único domicilio habilitado.7 AÑOS DE GARANTÍA AVALAN LA CALIDAD DE LA MARCA.PRECIO LISTA: U$S 40.900.- (Dolar estadounidense)BONIFICACION: - U$S 2.000.-VALOR SOLO CONTADO : U$S 38.900 o SU EQUIVALENTE EN PESOS.NUEVA X55 IIPresentamos el SUV más DEPORTIVO Y PREMIUM del mercado.MOTOR 1.5 – TURBO – 185 HP DE POTENCIA.CAJA DE 7 MARCHAS CON DOBLE EMBRAGUE (Prestación deportiva)310 NM.ACELERACIÓN DE 0 A 100/KM: 7.8 SegVELOCIDAD MÁXIMA: 220 KM/HMEDIDAS: Longitud 4.63 m / Ancho 1.88 m / Alto 1.68 mDISEÑO FUTURISTA / DE ALTA GAMA / DEPORTIVA"" El SUV más deportivo y Premium del mercado""La relación precio/producto es imbatible.EQUIPAMIENTO DESTACADO:* Llantas 19"" color Gris oscuras* Cámara 360° para visión delantera/trasera y lateral* Sensores de Estacionamiento* Portón trasero eléctrico con apertura medida* Faros Full Led en todo el vehículo* Apertura de puertas con manijas tipo ""Pop out"" eléctricas* Techo Panorámico con apertura y pivoteo con sensor autónomo de lluvia (cierra solo)* Volante Multifunción deportivo en cuero* Control Velocidad crucero adaptativo* Tablero íntegramente digital con múltiples funciones y formatos* Pantalla Central Multimedia (en español) con múltiples formatos de adaptaciones del vehículo y programaciones.* Conectividad Total con Mirror Link (muestra el celular en pantalla)* Freno de mano electrónico* Manejo Autónomo en tráfico pesado (conduce solo)* Estacionamiento Autónomo (estaciona solo)* 8 Air-bags* Control de Tracción y Estabilidad* Asistencia de Frenado* Frenado autónomo de emergencia* Asistencia de desvío de carril* Aviso de Punto Ciegoy más..BAIC PALERMO / BAIC MORÓN / BAIC VICENTE LOPEZENTREGA INMEDIATA CON UNIDADES EN SALÓN.TEST DRIVE DISPONIBLE (CON TURNO).ENTREGAS A DOMICILIO.------------------------------------------------------------------------------TOMAMOS VEHÍCULOS EN PARTE DE PAGOFINANCIACIÓN CON DNI HASTA EL 50% DEL VALOR DE LA UNIDAD.------------------------------------------------------------------------------7 RAZONES POR LA QUE CONFIAR EN BAIC:1) BAIC es marca Premium en China y en 48 países del Mundo.2) BAIC se encuentra en todas las provincias de Argentina y en 9 países deAmérica.3) BAIC es la única Automotriz socia de Mercedes Benz en el Mundo.4) BAIC es la única Automotriz Premium que ofrece 7 años de Garantía.5) BAIC NO es un vehículo económico Chino.6) BAIC es para el público que busca vehículos SUV DIFERENTES.7) BAIC es Diseño, Calidad, Confort, Equipamiento....y Esa Extraña sensación deFIDELIDAD.-----------------------------------------------------------------------------------* BAIC PALERMO - CASA CENTRAL -AV. CÓRDOBA 6102 - C.A.B.A. -- SERVICIO POST VENTAECHEVERRIA 1050 - C.A.B.A. -* BAIC RAMOS MEJIA - ZONA OESTE -AV. RIVADAVIA 14.882 - RAMOS MEJIA -SERVICIO POST VENTAECHEVERRIA 1050 - C.A.B.A. -* BAIC VICENTE LOPEZ - ZONA NORTE -AV. LIBERTADOR 550 - VICENTE LOPEZ -- SERVICIO POST VENTAECHEVERRÍA 1050 - C.A.B.A. -NRO 1 EN VENTASBRINDANDO SERIEDAD Y PROFESIONALISMO A LA MARCA.CON GRAN IMPRONTA EN LA PRESENTACIÓN DE SUS MODELOS Y SEDES HOMOLOGADAS INTERNACIONALMENTE.",tienda,1,185.0,,0
10219,8326,BMW,X5,2025.0,40i xdrive,Negro,Nafta,5.0,Automática secuencial,3.0,SUV,,0.0,BMW X5 40I xDrive,181900.0,US$,"Desde BMW AutoPremier tenemos para ofrecerte un BMW X5 Xdrive 40i 2025 en excelente estado.Por favor con el fin de brindarte una buena atención, te invitamos a coordinar una cita previamente y así asegurarnos que la unidad de tu interés esté lista y preparada en nuestro salón.Nuestros horarios de atención son de lunes a viernes de 9:00 a 19:00hs y sábados de 10:00 a 14:00hs.Antes cualquier duda o comentario quedamos a tu entera disposición.",tienda,0,,,0
10229,16211,Audi,Q8,2025.0,55 quattro,Negro,Híbrido/Nafta,5.0,Automática,3.0,SUV,,0.0,Audi Q8 3.0 55 Tfsi Quattro 340Cv,169000.0,US$,Nuevo Audi Q8 55 TFSI Quattro STronic• MILDHYBRID (no abona patentes)• Motor 3.0 Turbo 340cv • Modelo 2025• Pack óptica negra plus• Pack techo interior en color negro • Tablero Virtual Cockpit• Monitor touch CarPlay Smartphone• Audi Phone Box • Asistencias de conducción• Faros Fulls Leds Matrix Giros Dinámicos• Sistema de audio Bang Olufsen • Climatizador 4 zonas • Butacas y volante con ajuste eléctrico • Butacas deportivas en cuero valcona• Suspensión Dinámica• Cámara 360 grados Asesor comercial Audi Javier 1161172684,concesionaria,1,340.0,,0
10234,14149,Mercedes-Benz,Clase GLA,2025.0,gla200 progressive,Blanco,Nafta,5.0,Automática,1.3,SUV,,0.0,Mercedes-Benz Clase GLA 1.3 Gla200 Progressive 163Cv,65000.0,US$,UNIDAD ENTREGA INMEDIATAAÑO 2025DOLARES BILLETE.FINANCIACIÓN DIRECTA CON CHEQUES PROPIOS O POR MEDIO DE MERCEDES-BENZ FINANCIERACONSULTE FORMAS DE PAGO.CONCESIONARIO OFICIAL MERCEDES-BENZACC OESTE Y RUTA 23 MORENO Bs. AsJUAN 1164336062GABRIELA 1162576262,concesionaria,0,163.0,,0
10277,15494,Hyundai,Tucson,2025.0,ultimate dtc,Negro,Nafta,4.0,Automática,1.6,SUV,Sí,0.0,New Tucson - Ultimate 1.6 Turbo Dtc 4wd,58000.0,US$,"Somos Lorena Automotores S.AConcesionario Oficial Renault para la provincia de Formosa. Lider en la region en la venta de de 0 Km y usadosEstamos en Av. 9 de Julio, a metros de Av. Gonzalez LelongEl precio publicado NO incluye --- Costos de transferencia--- Gastos de trasladoSu consulta no nos molesta. Efectue todas las preguntas necesarias.",concesionaria,1,,4x4,0
10293,14969,Audi,Q3,2025.0,40tfsi quattro advance,Gris,Nafta,5.0,Automática,2.0,SUV,,0.0,Audi Q3 2.0 40Tfsi Quattro Advance 180Cv,64800.0,US$,"AUDI Q3 40 TFSI QUATTRO 180cv- Audi drive select- Audi sound system- Techo corredizo panorámico- Audi virtual cockpit de 10,2”- Confort Key (acceso y arranque sin- Asientos delanteros deportivos y eléctricos- Climatizador automático confort de 2 zonas- Portón del maletero de apertura y cierre eléctricos- Asientos tapizados en Leatherette- Paragolpes deportivos completamente pintados- Control de velocidad crucero con limitador de velocidad- Audi smartphone interface compatible con Android Auto y Apple CarPlay- Retrovisores exteriores abatibles y térmicos, espejo interior antideslumbrante- Sensores de estacionamiento delanteros y traseros con cámara de marcha atrás- Pantalla central color de 8,8” con tecnología touch y sistema de diálogo por voz- Llantas en diseño dinámico de 5 radios dobles, con neumáticos 235/50 R19- Luces diurnas, bajas y altas en tecnología LED; luces de giro y traseras incandescentes- Volante de cuero de 3 radios con multifunción plus, levas de cambio, de base plana.Concesionario Número #1 de la Argentina-- Tomamos todos los usados al mejor precio.Audi Buenos AiresAv. Rivadavia 4751, CABA-- ¡Esperamos tu consulta!El precio publicado NO incluye gastos de Flete, ni Formularios ni gastos administrativos.Foto no contractual. Corresponde al modelo del titulo de la descripción. Equipamiento según versión. Precio puede variar sin previo aviso.El precio publicado corresponde a un pago de contado.",tienda,1,180.0,,0
10303,13747,Honda,HR-V,2024.0,ex-l,Plateado,Nafta,5.0,Automática,1.5,SUV,Sí,0.0,Honda HR-V EX-L,39500.0,US$,"No incluye gastos de patentamiento.Disponemos de stock y realizamos entrega inmediata.Pagamos mucho mejor tu usado, mejorando cualquier oferta que nos presenten.Además, superamos por escrito cualquier oferta que tengas.Déjanos tu consulta y te asesoramos.Nuestra sucursal está ubicada en Puerto Madero, contamos con más de 25 años de trayectoria.BAVARIAN SAConcesionario Oficial Honda",tienda,0,,,0
10310,11943,BAIC,X55,2025.0,il,Blanco,Nafta,5.0,Automática,,SUV,Sí,0.0,Baic X55 Il,37900.0,US$,BONIFICACION EXCLUSIVA PARA UNIDADES FISICAS PATENTADAS EN ABRILPOCAS UNIDADES!!,concesionaria,1,,,0
10327,18193,Jetour,X70,2025.0,,Azul,Nafta,5.0,Automática,1.5,SUV,,0.0,Jetour X70 1.5T At,37500.0,US$,"JETOUR X70 1.5 AT8 0KM 2025-ENTREGA INMEDIATA-FINANCIA HASTA EL 90%-ACEPTAMOS TU AUTO EN PARTE DE PAGOJETOUR OESTESomos una empresa dedicada a brindarte la mejor atención y toda la asesoría necesaria para que lleves a cabo la compra de tu auto. Contáctate con nosotros sin ningún tipo de compromiso o acércate a nuestra sucursal para un mejor asesoramiento.Por qué elegirnos?• FINANCIACIONContamos con las mejores condiciones de financiación.• PERMUTASTomamos tu usado en parte de pago, ofreciéndote el mejor precio, sin importar año ni kilometraje.• GESTORIAContamos con gestores para poder hacernos cargo de la totalidad del proceso o bien les damos la posibilidad de realizarlo por su cuenta.• CARTILLA DE SEGUROSOfrecemos las mejores aseguradoras para que el cliente tenga gran variedad de elección a la hora de contratar un seguro para su vehículo.Colectora sur acceso oeste km 42,5 Francisco Álvarez, Moreno - Buenos Aires.RECUERDA EN CASO DE DEJARNOS UNA CONSULTA Y/O PREGUNTA, INDICARNOS TU NOMBRE, N° DE TELEFONO Y CORREO ELECTRONICO PARA UNA MAS RAPIDA ATENCIÓN.NUESTROS HORARIOS DE ATENCIÓN SON: LUNES A SABADOS DE 9:00AM A 18:00PM",concesionaria,1,,,0
10332,7674,BAIC,X55,2023.0,elite,Gris,Nafta,5.0,Manual,1.5,SUV,Sí,0.0,BAIC X55 1.5t Elite Cvt,39900.0,US$,BAIC X55II LUXURY ATULTIMA VERSIONNUEVO DISEÑO !!!!!!!!GRILLA FRONTAL CON DISEÑO DE DIAMANTESOPTICAS LEDMANIJAS DE PUERTA OCULTAS INDUCTIVASINTERIOR CON TODO EL CONFORT Y EL DISEÑOILUMINACION LEDBUTACAS DE DISEÑOTECHO SOLAR PANORAMICOESTACIONAMIENTO AUTONOMOFRENADO DE EMERGENCIA AUTOMATICO5 CAMARASCONDUCCION AUTONOMA EN EMBOTELLAMIENTOS8 AIRBAGSMOTOR 1.5 T183HPTOMAMOS USADOS EN PARTE DE PAGOFINANCIACION BANCARIA,tienda,1,,,0
10338,369,Honda,HR-V,2024.0,lx,Blanco,Nafta,5.0,Automática,1.8,SUV,,0.0,Honda HR-V 1.8 Lx 2wd Cvt,33900.0,US$,Honda HR-V LX-Disponibilidad de colores-Stock Fisico para entrega inmediata-Mejor precio del mercado-Tomamos tu usado-Financiación en 12 cuotas sin interes-Test DriveFederico Minaglia - Honda Capitol Motors,concesionaria,0,,4x2,0
10358,15233,Hyundai,Creta,2025.0,safety plus,Gris,Nafta,5.0,Automática,1.5,SUV,,0.0,Hyundai Creta HYUNDAI CRETA SAFETY PLUS 1.5,35000.0,US$,"NEW HYUNDAI CRET 2025VERSION SAFETY PLUS TOPE DE GAMAAHORA VIENE CON ADAS, SUPER COMPLETATABLERO INTEGRADO. TAPIZADO COLOR SUELA, MUY ELEGANTEMOTOR 1.5 CAJA DE 8 VELOCIDADESTENEMOS ENTREGA INMEDIATA, VARIOS COLORES",concesionaria,0,,,0
10393,17883,BAIC,X55,2024.0,ii luxury,Gris,Nafta,5.0,Automática,1.5,SUV,Sí,0.0,Baic X55 Ii Luxury Turbo - 2025 - Baic Palermo -,38900.0,US$,"PARA VER VIDEO DE LA UNIDAD LUEGO DE LA ÚLTIMA FOTO EN ESTE AVISO o BIEN SE LO ENVIAMOS.A NUESTROS CLIENTES Y POSIBLES CLIENTES NOTA:* NO compre Baic 0km en Agencias multimarcas o de otras marcas NO habilitadas.(evite dolores de cabeza con la Garantía).Solamente en CABA somos BAIC PALERMO. Único domicilio habilitado.Solamente en ZONA OESTE somos BAIC RAMOS MEJÍA. Único domicilio habilitado.Solamente en ZONA NORTE somos BAIC VICENTE LOPEZ. Único domicilio habilitado.7 AÑOS DE GARANTÍA AVALAN LA CALIDAD DE LA MARCA.PRECIO LISTA: U$S 40.900.- (Dolar estadounidense)BONIFICACION: - U$S 2.000.-VALOR SOLO CONTADO : U$S 38.900 o SU EQUIVALENTE EN PESOS.NUEVA X55 IIPresentamos el SUV más DEPORTIVO Y PREMIUM del mercado.MOTOR 1.5 – TURBO – 185 HP DE POTENCIA.CAJA DE 7 MARCHAS CON DOBLE EMBRAGUE (Prestación deportiva)310 NM.ACELERACIÓN DE 0 A 100/KM: 7.8 SegVELOCIDAD MÁXIMA: 220 KM/HMEDIDAS: Longitud 4.63 m / Ancho 1.88 m / Alto 1.68 mDISEÑO FUTURISTA / DE ALTA GAMA / DEPORTIVA"" El SUV más deportivo y Premium del mercado""La relación precio/producto es imbatible.EQUIPAMIENTO DESTACADO:* Llantas 19"" color Gris oscuras* Cámara 360° para visión delantera/trasera y lateral* Sensores de Estacionamiento* Portón trasero eléctrico con apertura medida* Faros Full Led en todo el vehículo* Apertura de puertas con manijas tipo ""Pop out"" eléctricas* Techo Panorámico con apertura y pivoteo con sensor autónomo de lluvia (cierra solo)* Volante Multifunción deportivo en cuero* Control Velocidad crucero adaptativo* Tablero íntegramente digital con múltiples funciones y formatos* Pantalla Central Multimedia (en español) con múltiples formatos de adaptaciones del vehículo y programaciones.* Conectividad Total con Mirror Link (muestra el celular en pantalla)* Freno de mano electrónico* Manejo Autónomo en tráfico pesado (conduce solo)* Estacionamiento Autónomo (estaciona solo)* 8 Air-bags* Control de Tracción y Estabilidad* Asistencia de Frenado* Frenado autónomo de emergencia* Asistencia de desvío de carril* Aviso de Punto Ciegoy más..BAIC PALERMO / BAIC MORÓN / BAIC VICENTE LOPEZENTREGA INMEDIATA CON UNIDADES EN SALÓN.TEST DRIVE DISPONIBLE (CON TURNO).ENTREGAS A DOMICILIO.------------------------------------------------------------------------------TOMAMOS VEHÍCULOS EN PARTE DE PAGOFINANCIACIÓN CON DNI HASTA EL 50% DEL VALOR DE LA UNIDAD.------------------------------------------------------------------------------7 RAZONES POR LA QUE CONFIAR EN BAIC:1) BAIC es marca Premium en China y en 48 países del Mundo.2) BAIC se encuentra en todas las provincias de Argentina y en 9 países deAmérica.3) BAIC es la única Automotriz socia de Mercedes Benz en el Mundo.4) BAIC es la única Automotriz Premium que ofrece 7 años de Garantía.5) BAIC NO es un vehículo económico Chino.6) BAIC es para el público que busca vehículos SUV DIFERENTES.7) BAIC es Diseño, Calidad, Confort, Equipamiento....y Esa Extraña sensación deFIDELIDAD.-----------------------------------------------------------------------------------* BAIC PALERMO - CASA CENTRAL -AV. CÓRDOBA 6102 - C.A.B.A. -- SERVICIO POST VENTAECHEVERRIA 1050 - C.A.B.A. -* BAIC RAMOS MEJÍA - ZONA OESTE -AV RIVADAVIA 14882 - RAMOS MEJÍA -SERVICIO POST VENTAECHEVERRIA 1050 - C.A.B.A. * BAIC VICENTE LOPEZ - ZONA NORTE -AV. LIBERTADOR 550 - VICENTE LOPEZ -- SERVICIO POST VENTAECHEVERRÍA 1050 - C.A.B.A. -NRO 1 EN VENTASBRINDANDO SERIEDAD Y PROFESIONALISMO A LA MARCA.CON GRAN IMPRONTA EN LA PRESENTACIÓN DE SUS MODELOS Y SEDES HOMOLOGADAS INTERNACIONALMENTE.",tienda,1,185.0,,0
10410,10825,Kia,Sportage,2025.0,t-gdi x-line,Negro,Nafta,5.0,Automática,1.6,SUV,Sí,0.0,Kia Sportage 1.6 T-Gdi X-Line Awd,57000.0,US$,"Traiga su propuesta, la analizaremos juntos para lograr que se convierta en un nuevo Usuario de la marca, nuestra atención comercial está dirigida a Ud. y a su Satisfacción!!En GIUVI Kia La Plata estamos a su disposición, acérquese, contáctenos, tenemos todas las herramientas para satisfacer sus necesidades!!Podrá encontrar todas estas posibilidades juntas:* Concesionario Oficial de la marca del año 2010* Stock de Unidades Permanente y entrega inmediata.* Ofrecemos Test drive en salón y también a domicilio.* Área de Servicio oficial en el mismo establecimiento.* Proveemos Repuestos Originales con envió a todo el País.* Tomamos su vehículo usado en parte de pago el cual transferimos en el momento a nombre nuestro para su tranquilidad.* Mejoramos todas las operaciones para que pueda se un nuevo usuario de Kia.No dude en contactarnos, le garantizamos la más cálida atención, experiencia, cumplimiento y profesionalismo para la compra de Su Nuevo Kia.",concesionaria,1,,4x4,0
10432,10561,Audi,q5 sportback,2025.0,45tfsi quattro s tronic s-line,Negro,Nafta,5.0,Automática,2.0,SUV,Sí,0.0,Audi q5 sportback 2.0 45Tfsi Quattro S Tronic S-Line 245Cv,108000.0,US$,"Q5 SPORTBACK S-LINE PREMIUM BLACKAudi virtual cockpit plusSuspensión neumática adaptativaAcceso y arranque sin llaveTecho corredizo panorámicoControl crucero adaptativo con frenado de emergenciaAsistentes activos de salida del carril y cambio de carrilPaquetes deportivos interior y exterior S line con paquete exterior Negro PlusLuces delanteras y traseras 100% LEDAudi phone box y Audi smartphone interfaceTapizados en combinación microfibra / cuero con grabado “S”Volante de cuero, deportivo, 3 radios, achatado, multifunción, con levasAsientos deportivos calefaccionados, eléctricos, con memoria para el conductorSensores de estacionamiento delanteros y traseros con cámaras 360°Llantas Audi Sport, 5 radios en V, negro antracita, torneado brillante 255/45 R20Unidades fisicas en stock tocables, con certificado para patentar.Podes retirar en cualquiera de nuestras sucursales-Quilmes-La PlataO te enviamos tu auto a tu domicilio.Tomamos permutas al mejor precioMejoramos cualquier presupuesto",tienda,1,245.0,,0
10433,6160,Jeep,Compass,2025.0,t270 serie-s,Negro,Nafta,5.0,Automática,1.3,SUV,,0.0,Jeep Compass 1.3 T270 Serie-S 4X2 At6,43000.0,US$,"CONTADO EFECTIVO U$S 43.000.-ACEPTAMOS VEHICULOS EN PARTE DE PAGO(Valor de toma: 15% menos que valor al publico)GARAGE PREMIUMReferencia: Gral Paz y Av Mosconi - Devoto - C.A.B.A.Horario: Lun a Vier 9 a 18 hs y Sab 9 a 13 hsPor favor comunicarse telefónicamente para combinar día y horario de su visita.SOMOS UNA EMPRESA FAMILIAR QUE NOS DEDICAMOS A LA COMERCIALIZACION DE AUTOMOVILES DE ALTA GAMA, TENEMOS MAS DE 25 AÑOS DE EXPERIENCIA EN EL MERCADO AUTOMOTOR.SI NOS CONTACTAS DESDE EL INTERIOR DEL PAIS, TE ENTREGAMOS EN TU DOMICILIO EL VEHICULO QUE ADQUIERAS CON NOSOTROS.TRAENOS TU UNIDAD USADA, NOSOTROS NOS OCUPAMOS DE PUBLICARLA, VENDERLA Y TRANSFERIRLA.NO DUDES EN CONTACTARNOS, ESTAMOS PARA AYUDARTE.",concesionaria,1,,4x2,0
10438,9607,Audi,Q3 Sportback,2024.0,35tfsi sportback,Plateado,Nafta,5.0,Automática,1.4,SUV,,0.0,Audi Q3 Sportback 1.4 35tfsi Sportback 150 Cv,62800.0,US$,"35 TFSI corresponde a motor 1.4 TFSI de 150CV- Audi drive select- Audi soundsystem- Techo corredizo panorámico- Asientos tapizados en Leatherette- Confort Key(acceso y arranque sin llave)- Climatizador automático confort de 2 zonas- Portón del maletero de apertura y cierre eléctricos- Control de velocidad crucero con limitador de velocidad- Cuadro de instrumentos Digital ClusterDisplayde 10,2”- Audi smartphoneinterface compatible con Android Auto y Apple CarPlay- Llantas de aluminio fundido de 5 brazos dobles con neumáticos 235/55 R18- Asientos traseros con reglaje horizontal, reposabrazos central y porta bebidas- Volante de cuero en diseño de 3 radios con multifunción plus y levas de cambio- Sensores de estacionamiento delanteros y traseros con cámara de marcha atrás- Pantalla central color de 8,8” con tecnología touch y sistema de diálogo por voz- Luces diurnas, bajas y altas en tecnología LED; luces de giro y traseras incandescentes- Retrovisores exteriores con ajuste eléctrico y térmicos, espejo interior antideslumbrante.Concesionario Número #1 de la Argentina-- Tomamos todos los usados al mejor precio.-- Mejoramos cualquier oferta.Audi Buenos AiresAv. Juan B. Alberdi 53, CABA-- Esperamos tu consulta!El precio publicado no incluye gastos de flete, ni formularios ni gastos administrativos.Foto no contractual. Corresponde al modelo del titulo de la descripción. Equipamiento según versión. Contactá a la tienda",tienda,1,150.0,,0
10469,3951,Hyundai,Tucson,2025.0,tgdi,Azul,Nafta,5.0,Automática,1.6,SUV,,0.0,Hyundai Tucson 1.6 Tgdi Dct7 4Wd,58000.0,US$,"IMPECABLE , ÚNICA MANO 2021 , SAFETY PLUSTOPEDE GAMA 49.000 KMS",concesionaria,1,,4x4,0
10505,4408,BAIC,X55,2025.0,il,Blanco,Nafta,5.0,Automática,1.5,SUV,Sí,0.0,Baic X55 Il,37800.0,US$,BAIC X55 IIENTREGA INMEDIATALA SUV SEGMENTO C MAS EQUIPADA DEL MERCADO,concesionaria,0,,,0
10523,12812,Toyota,SW4,2025.0,tdi gr-s 7as,Blanco,Diésel,5.0,Automática,2.8,SUV,Sí,0.0,Toyota SW4 2.8 Tdi Gr-s 4x4 7as 6at,69000.0,US$,"TOYOTA SW4 GR-S 2.8L TDI  2025 | 0KMFORMA DE COMPRA: PAGO DIRECTO AL CONCESIONARIO OFICIAL.OPCIONES DE COMPRA:* RECIBIMOS PERMUTAVehiculos - Cereales – Motos – Náuticos – Tractores – Cripto Moneda.* FINANCIACIÓN: %0 porciento de interés¡Elige entre créditos UVA o con cuota fija!* RETIRO: Retiras directo del concesionario oficial. También contamos con servicio de LOGISTICA para hacerlo llegar a tu localidad.* GARANTÍA: Todos los vehículos cuentan con garantía de fábrica otorgada por la marca que adquiris.¡Contactanos ahora!.Las mejores marcas del mercado automotor Argentino.No vendemos sueños, vendemos realidades.",concesionaria,1,,4x4,0
10559,9689,BAIC,X35,2025.0,luxury,Azul,Nafta,5.0,Automática,1.5,SUV,,0.0,BAIC X35 1.5T Luxury Cvt,26200.0,US$,"***ÚNICAS UNIDADES EN EL MERCADO CON CARPLAY / ANDROID AUTO INCORPORADO***PRECIO DE LISTA U$D 27.200-BONIFICACIÓN PAGO CONTADO U$D 26.200-7 AÑOS DE GARANTIA 0 100.000Km la mejor garantía del mercado!BAIC X35 LUXURYMotor 1.5 Turbo + Caja CVTVersión con máximo equipamiento.2 AirbagFrenos ABSDisco en las cuatro ruedasTecho panorámicollave de presenciallantas de aleación 17""Iluminación full LedTapizados de cueroIMOLAAUTOS es concesionario oficial BAIC BAIC es la mejor marcha de autos Chinos en la Argentina.Tenemos 40 años de presencia en el mercado automotriz, con cobertura en todo el país, disponemos de más de 5.500 Mts2 distribuidos en tres bocas de venta.100% Calificaciones Positivas de clientes satisfechos, por brindarles una excelente, rápida y muy confiable atención. Excelente calificación en google de todas nuestras sucursalesContamos con:• Financiación del 50% / 60% con crédito bancario, cuotas fijas en pesos solo con DNI• Asesores profesionales que sabrán interpretar su necesidad.• Gestoría Automotor integral.• Aseguramos tu auto con los mejores precios, coberturas y compañías.*** Valorizamos inmejorablemente su auto usado***Esperamos su consulta virtual o su visita por nuestros locales.",concesionaria,1,,,0
10586,508,Mercedes-Benz,Clase GLA,2025.0,gla200 progressive,Plateado,Nafta,5.0,Automática,1.3,SUV,,0.0,Mercedes-Benz Clase GLA 1.3 Gla200 Progressive 163Cv,65000.0,US$,MERCEDES BENZ GLA 200 PROGRESSIVE0KM 2025NUEVA LINEAENTREGA INMEDIATACONCESIONARIO OFICIAL MERCEDES BENZBESTEN HANDLER S.A.,tienda,0,163.0,,0
10660,12707,Audi,Q5,2025.0,45 stronic advanced quattro,Gris,Nafta,5.0,Automática secuencial,2.0,SUV,,0.0,Audi Q5 2.0 45 Tfsi Stronic Advanced Quattro 245 cv,86000.0,US$,"EQUIPAMIENTO DESTACADO DE SERIEAudi Drive SelectAudi virtual cockpit plusAudi smartphone interfaceTecho corredizo panorámicoControl de velocidad cruceroLuces delanteras y traseras LEDTracción en las cuatro ruedas: quattroNueva motorización naftera con hibridación ligera (MHEV)Pantalla central con tecnología touch y MMI Navegación plusAsientos deportivos tapizados en combinación cuero / cuero sintéticoLlantas de 5 brazos dobles, gris grafito, torneado brillante, 235/55 R19Sensores de estacionamiento delanteros y traseros con cámara de retrocesoAcceso y arranque sin llave con apertura y cierre eléctricos del portón traseroRetrovisores exteriores abatibles, térmicos, antideslumbrantes, con memoriasAsientos delanteros calefaccionados, eléctricos, apoyo lumbar, memoria conductorAviso de cambio de carrilAudi pre sense rear Control crucero adaptativo con frenado de emergencia Aviso de salida de carril COLORES DISPONIBLESNegro y Gris ManhattanLos valores mencionados no incluyen gastos de flete y formulario ni gastos administrativos",tienda,1,245.0,,0
10699,18065,Jeep,Compass,2025.0,t270 serie-s,Blanco,Nafta,5.0,Automática,1.3,SUV,,0.0,Jeep Compass 1.3 T270 Serie-S 4X2 At6,42100.0,US$,"Somos Sidway, Primer Concesionario Jeep/RAM Oficial del País. 

Consultá por nuestras opciones de financiación y pago al contado.

Tomamos tu usado al mejor precio. 

Ofertas exclusivas del mes. Disponibilidad de colores.

Solicitá tu TEST DRIVE 

Contamos con un equipo de asesores comerciales que te brindarán toda la información de manera online mediante WhatsApp o llamado telefónicio. Podrás además coordinar con ellos una videollamada para ver nuestras unidades si así lo quisieras y recibir info del vehículo.

Subite a tu Jeep/RAM en Sidway con la mejor propuesta comercial y asesoramiento. 

SIDWAY",tienda,1,,4x2,0
10725,9583,Audi,Q7,2025.0,55 s-line quattro,Plateado,Nafta,5.0,Automática,3.0,SUV,,0.0,Audi Q7 3.0 55 Tfsi S-line Quattro,151900.0,US$,"Q7 55 TFSI S line Quattro55 TFSI corresponde a un motor 3.0 TFSI de 340 cv- Tercera fila de asientos- adaptive air suspension- Audi virtual cockpit plus- Techo corredizo panorámico- Bose Premium Sound System 3D- MMI Navegación plus con MMI touch response- Tracción quattro con diferencial central autoblocante- Paquete exterior deportivo S line con spoiler de techo- Luces Matrix LED con intermitentes dinámicos y lavafaros- Asientos tapizados en combinación Cuero / Cuero sintético- Climatizador automático de confort de 4 zonas con panel trasero- Llantas de aleación ligera de 5 radios en V con neumáticos 255/55 R19- Cámaras delantera, trasera y en cada lateral para monitoreo del entorno- Audi smartphone interface compatible con Android Auto y Apple CarPlay- Q7 V6 TFSI homologado como Híbrido de 48V (Mild Hybrid Electric Vehicle)- Audi pre sense front, Audi pre sense rear y aviso de salida involuntaria de carril- Llave confort (acceso y arranque) con desbloqueo del portón trasero por sensor- Asientos delanteros calefaccionados, eléctricos y con memoria para el conductor- Control de crucero adaptativo ACC con limitador, asistente de eficiencia, esquiva y giro- Aviso de cambio de carril con aviso de peligro al bajar y asistente para el tráfico transversal traseroConcesionario Número #1 de la Argentina-- Tomamos todos los usados al mejor precio.-- Mejoramos cualquier oferta.Audi Buenos AiresAv. Rivadavia 4751, CABAAv. Juan B. Alberdi 53, CABA-- Esperamos tu consulta!El precio publicado no incluye gastos de flete, ni formularios ni gastos administrativos.Foto no contractual. Corresponde al modelo del titulo de la descripción. Equipamiento según versión. Precio puede variar sin previo aviso.",tienda,1,340.0,,0
10728,4316,BAIC,X35,2023.0,luxury,Blanco,Nafta,5.0,Automática,1.5,SUV,Sí,0.0,BAIC X35 1.5 Luxury At,27500.0,US$,"PARA VER VIDEO DE LA UNIDAD LUEGO DE LA ÚLTIMA FOTO EN ESTE AVISO o BIEN SE LO ENVIAMOS.A NUESTROS CLIENTES Y POSIBLES CLIENTES NOTA:* NO compre Baic 0km en Agencias multimarcas o de otras marcas NO habilitadas.(evite dolores de cabeza con la Garantía).Solamente en CABA somos BAIC PALERMO. Único domicilio habilitado.Solamente en ZONA OESTE somos BAIC RAMOS MEJIA. Único domicilio habilitado.Solamente en ZONA NORTE somos BAIC VICENTE LOPEZ. Único domicilio habilitado.7 AÑOS DE GARANTÍA AVALAN LA CALIDAD DE LA MARCA.PRECIO LISTA: u$s 29.500.-BONIFICACIÓN: -u$s 2.000-CONTADO: u$s 27.500.-NEW X35 LUXURY TURBO CVTPresentamos el SUV más potente del mercado. MOTOR 1.5 – 16v – TURBO – 148 HP DE POTENCIA.CAJA AUTOMÁTICA SECUENCIAL DE 6 MARCHAS. 210 NM. de TORQUEACELERACIÓN DE 0 A 100/KM: 8.9 SegMEDIDAS: Longitud 4.32 m / Ancho 1.83 m / Alto 1.64 mEQUIPAMIENTO:• Llantas 17” Diamantadas Bi Tono.• Cámara de retroceso.• Sensores de estacionamiento.• Espejos con guiños.• Faros Led completos delanteros y traseros.• Techo Panorámico con apertura eléctrica (único en nuestro mercado en su segmento).• Volante en cuero Multifunción.• Control Velocidad Crucero.• Butacas deportivas Cuero/Tela.• Encendido a Botón con llave de presencia.• Pantalla Multimedia con conectividad.• Freno de mano electrónico.• Climatizador Digital.• Paneles de puerta y tablero en cuero y aluminio.• Frenos ABS + EBD• Control de Tracción.• Control de estabilidad.• Control de Pendientes.• Control presión de neumáticos.• Volumen de Carga 390 Dm3.BAIC PALERMO / BAIC RAMOS MEJIA / BAIC VICENTE LOPEZ--------------------------------------------PLAN FINANCIACIÓN EXCLUSIVO “BAIC PALERMO”ENTREGA INMEDIATA CON UNIDADES EN SALÓN.--------------------------------------------------------------------------------BAIC PALERMO OFRECE EL STOCK MÁS IMPORTANTE DEL PAÍS.UNIDADES PARA ENTREGA INMEDIATA.TEST DRIVE DISPONIBLE (CON TURNO).ENTREGAS A DOMICILIO.------------------------------------------------------------------------------TOMAMOS VEHÍCULOS EN PARTE DE PAGOTASAMOS VÍA WHATSAPP PARA SU MEJOR COMODIDAD SI VIVE EN EL INTERIOR.FINANCIACIÓN CON DNI HASTA EL 50% DEL VALOR DE LA UNIDAD.------------------------------------------------------------------------------7 RAZONES POR LA QUE CONFIAR EN BAIC:1) BAIC es marca Premium en China y en 44 países del Mundo.2) BAIC se encuentra en todas las provincias de Argentina y en 8 países deAmérica.3) BAIC es la única Automotriz socia de Mercedes Benz en el Mundo.4) BAIC es la única Automotriz Premium que ofrece 7 años de Garantía.5) BAIC NO es un vehículo económico Chino.6) BAIC es para el público que busca vehículos SUV DIFERENTES.7) BAIC es Diseño, Calidad, Confort, Equipamiento....y Esa Extraña sensación deFIDELIDAD.-----------------------------------------------------------------------------------* BAIC PALERMO - CASA CENTRAL -AV. CÓRDOBA 6102 - C.A.B.A. -- SERVICIO POST VENTAECHEVERRIA 1050 - C.A.B.A. -* BAIC RAMOS MEJIA - ZONA OESTE -AV. RIVADAVIA 14.882 - RAMOS MEJIA -SERVICIO POST VENTAECHEVERRIA 1050 - C.A.B.A. -* BAIC VICENTE LOPEZ - ZONA NORTE - AV. LIBERTADOR 550 - VICENTE LOPEZ - - SERVICIO POST VENTAECHEVERRÍA 1050 - C.A.B.A. -NRO 1 EN VENTASBRINDANDO SERIEDAD Y PROFESIONALISMO A LA MARCA.CON GRAN IMPRONTA EN LA PRESENTACIÓN DE SUS MODELOS.",tienda,0,148.0,,0
10734,11030,Audi,Q8,2025.0,55 quattro,Gris,Nafta,5.0,Automática,3.0,SUV,,0.0,Audi Q8 3.0 55 Tfsi Quattro,177000.0,US$,"Q8 0km 340cv Mild Hybrid2025 gris samuraiOpcionales incluidosVolante de cuero contorno deportivo, 3 radios, achatado en parte inferior con multifunción y levas de cambioBarras longitudinales del techo en NegroInserciones decorativas en aluminio mate cepillado con grabado lineal PlataCarcasas de retrovisores exteriores en NegroAudi phone boxSistema de apoyo LTE para Audi phone boxCombinación microfibra Dinamica ""Frequenz""/cuero con grabado SPaquete de óptica NegroPaquete de luces ambiente plusControl especialFreno de estacionamiento electromecánicoPaquete deportivo S line (para exportación)",tienda,1,340.0,,0
10777,1105,Honda,CR-V,2024.0,lx,,Nafta,5.0,Automática,1.5,SUV,,0.0,Honda CR-V LX CVT turbo 1.5,52300.0,US$,HONDA BRIONES CONCESIONARIO OFICIALUNIDADES CON ENTREGA INMEDIATACOLORES A ELECCIONBERNARDO DE IRIGOYEN 610 CABA,concesionaria,1,,,0
10781,4956,BMW,X1,2025.0,18i okm 2025,Negro,Nafta,5.0,Automática,,SUV,,0.0,Bmw X1 18i Okm 2025 - No Audi Q3 Ni Mercedes Gla,65000.0,US$,"BMW X1 18i XDRIVE Okm 2025Entrega inmediata - Versión fullLINEA NUEVA 2025 - AutomáticaLa más esperada del añoLa versión full agrega doble techo + asiento eléctrico + Llanta deportivaColores disponibles: Blanca / negra / grisPrecio Lista / Permuta u$s 69.900 dólaresPrecio Contado Efectivo u$s 65.000 dólares• TOMA DE USADOS:Deberá mandarnos por whatsapp :Fotos - Km - Año - Versión - Estado de neumáticosEl usado puede ser de cualquier marcaLa toma del usado se hace sobre el precio de listaDesde el botón WHATSAPP se contacta inmediatamente.•Respondermos su consulta por whatsapp en el momento •Concesionario oficial BMWMisael Ferrer+ Aceptamos Transferencia en Pesos o Dólares ++ Cuentas bancarias en todos los bancos +• Bell Motors - Concesionario oficial BMW •Compre tranquilo, compre en concesionario oficial• ATENCIÓN PERSONALIZADA• DOCUMENTACIÓN AL DÍA Y LISTA PARA PATENTARContamos con Administración y GestoríaEspecificaciones del vehículo:Motor 3 cilindros / 140 hpTransmisión Caja de cambios automática de 7 velocidades con tecnología de embrague doble y aplicación más deportivaTracción 4x2Tanque de gasolina 51 litrosRendimiento Combinado: 6.0 LEquipamiento exteriorDoble techo eléctrico panorámicoLlantas de aleación ligera de 18 pulgadasNeumáticos de emergenciaPaquete de espejos retrovisores exteriores plegablesAccionamiento automático del portón traseroCámara para marcha atrásPaquete de retrovisores interior y exterioresSensores de estacionamiento delanteros y traserosAcceso confort: no necesita llave para abrir y cerrar las puertasEl portón trasero se abre pasando el píe por debajo del paragolpes.Estaciona completamente sólo paralelo o perpendicular.Asistente de luz de carreteraEquipamiento interiorCargador inalámbrico para el celularVolante multifuncionalAlfombrillas de veloursRetrovisor interior, con ajuste automático anti-deslumbramientoReposabrazos delanteroAsientos deportivos para conductor eléctrico con memoriaPaquete de compartimentosClimatizador automático bi zonaPaquete de iluminación exterior e interiorVolante deportivo de cueroTapizado de cuero microperforadoComunicación y entretenimientoApple CarPlay y Android auto incluidos de fábricaAppsSeguridadTornillos antirrobo para las llantasDispositivo de alarmaIluminación y visibilidadFaros LED con contenido ampliado adaptativoAsistencia a la conducciónCaja de cambios Steptronic Sport con doble embragueControl de crucero con función de frenadoPantalla táctil curva de de 11 pulgadas",concesionaria,1,,,0
10790,7778,Kia,Sportage,2024.0,ex t-gdi,Gris,Nafta,5.0,Automática,1.6,SUV,,0.0,Kia Sportage 1.6 Ex T-Gdi 4X2,48000.0,US$,okm entrega inmediata,concesionaria,0,,4x2,0
10794,14631,Audi,Q7,2025.0,55 s-line quattro,Gris,Nafta,5.0,Automática,3.0,SUV,Sí,0.0,Audi Q7 3.0 55 Tfsi S-line Quattro,151900.0,US$,"3a fila de asientos adaptive air suspension Asientos delanteros calefaccionados, eléctricos y con memoria para el conductor Frenado automático de emergencia y asistente de salida del carril Aviso de cambio de carril con aviso de peligro al bajar y asistente para el tráfico transversal trasero Cierre asistido eléctrico para puertas (diferencia vs predecesor) Climatizador automático de confort de 4 zonas Control crucero adaptativo con limitador velocidad y asistente de tráfico frontal Cámaras de entorno 360° Luces delanteras Matrix LED y traseras LED, ambas con intermitentes dinámicos Llantas de 5 radios dobles con neumáticos 285/45 R20 (diferencia vs predecesor) Llave confort con desbloqueo del maletero controlado por sensor Paquete exterior deportivo S line Sistema de sonido de alta calidad Bang & Olufsen con sonido 3D Techo de cristal panorámico",tienda,1,,,0
10825,18060,Honda,HR-V,2024.0,ex-l,Plateado,Nafta,5.0,Automática,1.5,SUV,Sí,0.0,Honda HR-V EX-L,39500.0,US$,"No incluye gastos de patentamiento.Disponemos de stock y realizamos entrega inmediata.Pagamos mucho mejor tu usado, mejorando cualquier oferta que nos presenten.Además, superamos por escrito cualquier oferta que tengas.Déjanos tu consulta y te asesoramos.Nuestra sucursal está ubicada en Puerto Madero, contamos con más de 25 años de trayectoria.BAVARIAN SAConcesionario Oficial Honda",tienda,0,,,0
10832,3583,BMW,X1,2025.0,xdrive 20 i,Blanco,Nafta,5.0,Automática,,SUV,,0.0,BMW X1 Xdrive 20 I,79900.0,US$,"Desde BMW AutoPremier tenemos para ofrecerte una BMW X1 Xdrive 20i 2025 en excelente estado.Por favor con el fin de brindarte una buena atención, te invitamos a coordinar una cita previamente y así asegurarnos que la unidad de tu interés esté lista y preparada en nuestro salón.Nuestros horarios de atención son de lunes a viernes de 9:00 a 19:00hs y sábados de 10:00 a 14:00hs.Antes cualquier duda o comentario quedamos a tu entera disposición",tienda,0,,,0
10833,18066,Jeep,Compass,2025.0,t270 serie-s,Blanco,Nafta,5.0,Automática,1.3,SUV,,0.0,Jeep Compass 1.3 T270 Serie-S 4X2 At6,42100.0,US$,"Somos Sidway, Primer Concesionario Jeep/RAM Oficial del País. 

Consultá por nuestras opciones de financiación y pago al contado.

Tomamos tu usado al mejor precio. 

Ofertas exclusivas del mes. Disponibilidad de colores.

Solicitá tu TEST DRIVE 

Contamos con un equipo de asesores comerciales que te brindarán toda la información de manera online mediante WhatsApp o llamado telefónicio. Podrás además coordinar con ellos una videollamada para ver nuestras unidades si así lo quisieras y recibir info del vehículo.

Subite a tu Jeep/RAM en Sidway con la mejor propuesta comercial y asesoramiento. 

SIDWAY",tienda,1,,4x2,0
10888,14143,BMW,X5,2025.0,xdrive 40i lci m sport pro,Azul,Nafta,5.0,Automática,3.0,SUV,,0.0,BMW X5 3.0 Xdrive 40I Lci M Sport Pro,179900.0,US$,Consultar disponibilidad de colores,tienda,0,,,0
10889,2743,Audi,Q3,2025.0,stronic,Gris,Nafta,5.0,Automática,1.4,SUV,,0.0,Audi Q3 1.4 Tfsi Stronic 150 Cv,59900.0,US$,"Audi Q3 35 TFSI ( 150cv)- Audi drive select- Audi soundsystem- Techo corredizo panorámico- Asientos tapizados en Leatherette- Confort Key(acceso y arranque sin llave)- Climatizador automático confort de 2 zonas- Portón del maletero de apertura y cierre eléctricos- Control de velocidad crucero con limitador de velocidad- Cuadro de instrumentos Digital ClusterDisplayde 10,2”- Audi smartphoneinterface compatible con Android Auto y Apple CarPlay- Llantas de aluminio fundido de 5 brazos dobles con neumáticos 235/55 R18- Asientos traseros con reglaje horizontal, reposabrazos central y porta bebidas- Volante de cuero en diseño de 3 radios con multifunción plus y levas de cambio- Sensores de estacionamiento delanteros y traseros con cámara de marcha atrás- Pantalla central color de 8,8” con tecnología touch y sistema de diálogo por voz- Luces diurnas, bajas y altas en tecnología LED; luces de giro y traseras incandescentes- Retrovisores exteriores con ajuste eléctrico y térmicos, espejo interior antideslumbrante.Concesionario Número #1 de la Argentina-- Tomamos todos los usados al mejor precio.Audi Buenos AiresAv. RIVADAVIA 4751, CABA-- Esperamos tu consulta!El precio publicado NO incluye gastos de flete, ni formularios ni gastos administrativos.Foto no contractual. Corresponde al modelo del titulo de la descripción. Equipamiento según versión. Precio puede variar sin previo aviso.",tienda,1,150.0,,0
10896,13979,BAIC,X35,2025.0,luxury,Azul,Nafta,5.0,Automática,1.5,SUV,,0.0,BAIC X35 1.5T Luxury Cvt,28200.0,US$,"** Mb Autos S.A. Baic **** Nueva Baic X35 Luxury 1.5T 0Km 2025 **Nuestras opciones de compra:* Contado.* Financiado (hasta 70% - cuotas fijas y en pesos).*Tomamos permutas al mejor valor del mercado.¡Entrega Inmediata!Nos distinguimos por:- Amplio stock y variedad de colores.- Servicio Post - Venta.- La mejor asesoría con personal altamente calificado.7 Años de Garantía o 150.000 Km."""" No pierda ésta oportunidad """"Precio Insuperable.¡Consulte o Visítenos!",tienda,1,,,0
10899,14385,Nissan,Kicks,2025.0,exclusive,Blanco,Nafta,4.0,Automática,1.6,SUV,,0.0,Nissan Kicks Exclusive,34500.0,US$,"¡Unidad en stock! | AUTOBILIARIA* Tomamos tu usado en parte de pago* Contado* Financiación* Servicio de gestoría¡Consultanos todas tus dudas, estamos para asesorarte!18 años de experiencia en el mercado!Instagram @autobiliaria| El valor es de la unidad, no incluye transferencia.",concesionaria,0,,,0
10947,9915,BAIC,X35,2025.0,luxury,Plateado,Nafta,5.0,Automática,1.5,SUV,,0.0,BAIC X35 1.5T Luxury Cvt,26500.0,US$,ICARS - AGENTE OFICIAL BAICAPERTURA FEBRERO 2025CONSULTA POR BONIFICACIONES DISPONIBLES**************************************************************************NEW X35 LUXURY CVTPresentamos el SUV más potente del mercado.MOTOR 1.5 – 16v – TURBO – 148 HP DE POTENCIA.CAJA AUTOMÁTICA SECUENCIAL DE 6 MARCHAS.210 NM.ACELERACIÓN DE 0 A 100/KM: 8.9 SegMEDIDAS: Longitud 4.32 m / Ancho 1.83 m / Alto 1.64 m**************************************************************************7 AÑOS DE GARANTÍA AVALAN LA CALIDAD DE LA MARCA.CONTAMOS CON STOCK PERMANENTEENTREGA INMEDIATATRAÉ TU USADO Y LO TASAMOS EN EL MOMENTO**************************************************************************BAIC ICARS,tienda,1,148.0,,0
11044,11867,BMW,X1,2025.0,okm 2025 black edition ( - ),Negro,Nafta,5.0,Automática,,SUV,,0.0,BMW X1 X1 OKM 2025 Black Edition (4x2 - Automática),59900.0,US$,"BMW X1 18i XDRIVE Okm 20254x2 - Versión full - AutomáticaLINEA NUEVA 2025La más esperada del añoVersión Black EditionColor disponible: NegraPrecio Lista / Permuta u$s 59.900 dólaresPrecio Contado Efectivo u$s 59.900 dólares• TOMA DE USADOS:Deberá mandarnos por whatsapp :Fotos - Km - Año - Versión - Estado de neumáticosEl usado puede ser de cualquier marcaLa toma del usado se hace sobre el precio de listaDesde el botón WHATSAPP se contacta inmediatamente.•Respondermos su consulta por whatsapp en el momento •Concesionario oficial BMWMisael Ferrer+ Aceptamos Transferencia en Pesos o Dólares ++ Cuentas bancarias en todos los bancos +• Bell Motors - Concesionario oficial BMW •Compre tranquilo, compre en concesionario oficial• ATENCIÓN PERSONALIZADA• DOCUMENTACIÓN AL DÍA Y LISTA PARA PATENTARContamos con Administración y GestoríaEspecificaciones del vehículo:Motor 3 cilindros / 156 hpTransmisión Caja de cambios automática de 7 velocidades con tecnología de embrague doble y aplicación más deportivaTracción 4x2Tanque de gasolina 51 litrosRendimiento Combinado: 6.0 LEquipamiento exteriorDoble techo eléctrico panorámicoLlantas de aleación ligera de 18 pulgadasNeumáticos de emergenciaPaquete de espejos retrovisores exteriores plegablesAccionamiento automático del portón traseroCámara para marcha atrásPaquete de retrovisores interior y exterioresSensores de estacionamiento delanteros y traserosAcceso confort: no necesita llave para abrir y cerrar las puertasEl portón trasero se abre pasando el píe por debajo del paragolpes.Estaciona completamente sólo paralelo o perpendicular.Asistente de luz de carreteraEquipamiento interiorCargador inalámbrico para el celularVolante multifuncionalAlfombrillas de veloursRetrovisor interior, con ajuste automático anti-deslumbramientoReposabrazos delanteroAsientos deportivos para conductor Paquete de compartimentosClimatizador automático bi zonaPaquete de iluminación exterior e interiorVolante deportivo de cueroTapizado de cuero microperforadoComunicación y entretenimientoApple CarPlay y Android auto incluidos de fábricaAppsSeguridadTornillos antirrobo para las llantasDispositivo de alarmaIluminación y visibilidadFaros LED con contenido ampliado adaptativoAsistencia a la conducciónCaja de cambios Steptronic Sport con doble embragueControl de crucero con función de frenadoPantalla táctil curva de de 11 pulgadas",concesionaria,1,,4x2,0
11066,8578,BAIC,X55,2024.0,ii luxury,Gris,Nafta,5.0,Automática,1.5,SUV,Sí,0.0,Baic X55 Ii Luxury Turbo - 2025 - Baic Ramos Mejia - ,37900.0,US$,"PARA VER VIDEO DE LA UNIDAD LUEGO DE LA ÚLTIMA FOTO EN ESTE AVISO o BIEN SE LO ENVIAMOS.A NUESTROS CLIENTES Y POSIBLES CLIENTES NOTA:* NO compre Baic 0km en Agencias multimarcas o de otras marcas NO habilitadas.(evite dolores de cabeza con la Garantía).Solamente en CABA somos BAIC PALERMO. Único domicilio habilitado.Solamente en ZONA OESTE somos BAIC RAMOS MEJIA. Único domicilio habilitado.Solamente en ZONA NORTE somos BAIC VICENTE LOPEZ. Único domicilio habilitado.7 AÑOS DE GARANTÍA AVALAN LA CALIDAD DE LA MARCA.PRECIO LISTA: U$S 40.900.- (Dolar estadounidense)BONIFICACION: - U$S 2.000.-VALOR SOLO CONTADO : U$S 38.900.-NUEVA X55 IIPresentamos el SUV más DEPORTIVO Y PREMIUM del mercado.MOTOR 1.5 – TURBO – 185 HP DE POTENCIA.CAJA DE 7 MARCHAS CON DOBLE EMBRAGUE (Prestación deportiva)310 NM.ACELERACIÓN DE 0 A 100/KM: 7.8 SegVELOCIDAD MÁXIMA: 220 KM/HMEDIDAS: Longitud 4.63 m / Ancho 1.88 m / Alto 1.68 mDISEÑO FUTURISTA / DE ALTA GAMA / DEPORTIVA"" El SUV más deportivo y Premium del mercado""La relación precio/producto es imbatible.EQUIPAMIENTO DESTACADO:* Llantas 19"" color Gris oscuras* Cámara 360° para visión delantera/trasera y lateral* Sensores de Estacionamiento* Portón trasero eléctrico con apertura medida* Faros Full Led en todo el vehículo* Apertura de puertas con manijas tipo ""Pop out"" eléctricas* Techo Panorámico con apertura y pivoteo con sensor autónomo de lluvia (cierra solo)* Volante Multifunción deportivo en cuero* Control Velocidad crucero adaptativo* Tablero íntegramente digital con múltiples funciones y formatos* Pantalla Central Multimedia (en español) con múltiples formatos de adaptaciones del vehículo y programaciones.* Conectividad Total con Mirror Link (muestra el celular en pantalla)* Freno de mano electrónico* Manejo Autónomo en tráfico pesado (conduce solo)* Estacionamiento Autónomo (estaciona solo)* 8 Air-bags* Control de Tracción y Estabilidad* Asistencia de Frenado* Frenado autónomo de emergencia* Asistencia de desvío de carril* Aviso de Punto Ciegoy más..BAIC PALERMO / BAIC RAMOS MEJIA/ BAIC VICENTE LOPEZENTREGA INMEDIATA CON UNIDADES EN SALÓN.TEST DRIVE DISPONIBLE (CON TURNO).ENTREGAS A DOMICILIO.------------------------------------------------------------------------------TOMAMOS VEHÍCULOS EN PARTE DE PAGOFINANCIACIÓN CON DNI HASTA EL 50% DEL VALOR DE LA UNIDAD.------------------------------------------------------------------------------7 RAZONES POR LA QUE CONFIAR EN BAIC:1) BAIC es marca Premium en China y en 48 países del Mundo.2) BAIC se encuentra en todas las provincias de Argentina y en 9 países deAmérica.3) BAIC es la única Automotriz socia de Mercedes Benz en el Mundo.4) BAIC es la única Automotriz Premium que ofrece 7 años de Garantía.5) BAIC NO es un vehículo económico Chino.6) BAIC es para el público que busca vehículos SUV DIFERENTES.7) BAIC es Diseño, Calidad, Confort, Equipamiento....y Esa Extraña sensación deFIDELIDAD.-----------------------------------------------------------------------------------* BAIC PALERMO - CASA CENTRAL -AV. CÓRDOBA 6102 - C.A.B.A. -- SERVICIO POST VENTAECHEVERRIA 1050 - C.A.B.A. -* BAIC RAMOS MEJIA- ZONA OESTE -AV RIVADAVIA 14.882 - RAMOS MEJIA-SERVICIO POST VENTA* BAIC VICENTE LOPEZ - ZONA NORTE -AV. LIBERTADOR 550 - VICENTE LOPEZ -- SERVICIO POST VENTAECHEVERRÍA 1050 - C.A.B.A. -NRO 1 EN VENTASBRINDANDO SERIEDAD Y PROFESIONALISMO A LA MARCA.CON GRAN IMPRONTA EN LA PRESENTACIÓN DE SUS MODELOS.",tienda,1,185.0,,0
11110,8353,Alfa Romeo,Stelvio,2025.0,new tributo italiano,Blanco,Nafta,5.0,Automática,,SUV,,0.0,Alfa Romeo Stelvio Tributo Italiano Q4,86000.0,US$,Alfa Romeo Stelvio Veloce 2.0T 280cv Q4 - Año Modelo 2025 - 0km - Bonificación especial por apertura de nuevo punto de venta Pilar Km47 Máximo equipamiento. Maximos niveles de seguridad y asistencias para la conducción La mejor garantía del mercado con 5 años desde su PatentamientoAlfa Romeo Giulia y Stelvio son elegidos por la Scuderia Ferrari de Fórmula 1 como los vehículos oficiales de traslado para sus pilotos y personal del equipo más importante del mundo.Unidades físicas - Entrega Asegurada Javier Barbieri - Asesor Comercial Alfa Romeo Argentina - 1161172684Nueva sucursal PILAR Panamericana km47,concesionaria,0,280.0,,0
11130,4072,Kia,Seltos,2025.0,lx,Negro,Nafta,5.0,Automática,1.5,SUV,Sí,0.0,Kia Seltos 1.5 Lx Cvt,38000.0,US$,Kia Seltos 1.5 Lx. Caja Cvt.Okm 2025.Entrega inmediata.CONSULTAR COLORES DISPONIBLES.Vendedora: Gisela.,concesionaria,0,,,0
11199,18183,Audi,Q2,2025.0,35 advanced,Gris,Nafta,5.0,Automática,1.5,SUV,,0.0,Audi Q2 1.5 35 Tfsi Advanced 150 Cv,49000.0,US$,"Audi Q2 35 TFSI ADVANCED 150cvClimatizador automático confortControl de velocidad crucero con limitador develocidadAudi Virtual CockpitAudi smartphone interface compatible con AndroidAuto y Apple CarPlayLlantas de aleación, diseño de 5 radios en V, 7,0J x 17, neumáticos 215/55 R17Respaldo del asiento trasero abatible 60/40Volante de cuero en diseño de 3 radios con multifunción plus y levas de cambioSensores de estacionamiento delanteros y traseros con cámara de marcha atrásLuces delanteras y traseras en tecnología LEDRueda de repuesto de espacio reducido2 puertos USB delanterosNavegador incorporado VolanteRetrovisores exteriores con ajuste eléctrico y térmicosAsientos tapizados en tela “Skript”Airbag para conductor y acompañante frontales y laterales, y sistema de airbags para la cabezaAsiento del acompañante ajustable en alturaBlade exterior en Gris Manhattan MetalizadoSistema Start-Stop con recuperación de energíaConcesionario Número #1 de la Argentina-- Tomamos todos los usados al mejor precio.Audi Buenos AiresAv. Rivadavia 4751, CABAEl precio publicado NO incluye gastos de Flete, ni Formularios ni gastos administrativos.Foto no contractual. Corresponde al modelo del titulo de la descripción. Equipamiento según versión. Precio puede variar sin previo aviso.El precio publicado corresponde a un pago de contado.",tienda,1,150.0,,0
11215,7161,Volvo,XC60,2024.0,phev t8 polestar,Gris,Híbrido/Nafta,5.0,Automática,2.0,SUV,,0.0,Volvo XC60 2.0 Phev T8 Awd Polestar,114900.0,US$,"VOLVO XC60 T8 POLESTAR - HÍBRIDO ENCHUFABLEPOTENCIA COMBINADA 462HPAUTONOMÍA 100% ELÉCTRICA 78KM-------------------------------------------------------------------------------------------------------------DITECAR S.A. CONCESIONARIO OFICIAL VOLVOCoordinar cita previaPROXIMANTE VIA VIVA - BELGRANO - LIBERTADOR Y LACROZESucursal Vicente LópezAVDA. DEL LIBERTADOR 1513 - Vicente López.Estacionamiento exclusivo para clientes.Lunes a Viernes de 9hs a 18.30hsSábados de 10hs a 14hsSucursal Nuñez CabaAVDA. DEL LIBERTADOR 6356 - CABA.Estacionamiento exclusivo para clientes.Lunes a Viernes de 9hs a 18hs-------------------------------------------------------------------------------------------ACCESO SIN LLAVEAIRBAGS 6 ANCLAJES ISOFIX EN ASIENTOS LATERALES TRASEROSANDROID AUTO / APPLE CARPLAYASIENTO DE CONDUCTOR  Y ACOMPAÑANTE ELÉCTRICO CON AJUSTE LUMBAR DE 4 VÍAS Y 2 MEMORIASASIENTOS DELANTEROS CALEFACCIONADOSASIENTOS DELANTEROS CON EXTENSOR ELÉCTRICOAUXILIO KIT DE REPARACIÓN BAÚL CON APERTURA ELÉCTRICA Y GESTUALBLIND SPOT INFORMATION SYSTEM + CROSS TRAFFIC ALERTCÁMARA DE ESTACIONAMIENTO 360°CAPACIDAD DEL TANQUE DE COMBUSTIBLE (LTS) 71CARGADOR INALÁMBRICO DE CELULARCITY SAFETYCLIMATIZADOR BIZONA + CLEANZONE + PM2.5COLLISION MITIGATION SUPPORT DELANTERO Y TRASEROCONECTORES USB 2 TIPO CCONTROL DE VELOCIDAD CRUCERO ADAPTATIVODISEÑO INTERIOR METAL MESHESPEJOS EXTERIORES CALEFACCIONADOS Y REBATIBLES ELÉCTRICAMENTEESPEJOS RETROVISORES ANTIENCANDILAMIENTOFAROS DELANTEROS FULL LEDGOOGLE BUILT ININTELLIGENT DRIVER INFORMATION SYSTEMLATERALES DE VENTANA NEGRO BRILLANTELANE KEEPING AIDLLANTAS DE ALEACIÓN 21"" (1187) | 255/40 R215 MODOS DE MANEJONAVEGADOR GPS (GOOGLE MAPS)PANEL DE INSTRUMENTOS DIGITAL - 12,3""PANTALLA MULTIMEDIA - 9""PILOT ASSISTRIELES DE TECHO LONGITUDINALES INTEGRADOS NEGRO BRILLANTESEGURO ELECTRÓNICO PARA NIÑOSSELECTOR DE CAMBIOS CRISTALSENSORES DE ESTACIONAMIENTO 360°SISTEMA DE SONIDO BOWERS & WILKINS (1400W)TAPIZADO CUERO NAPPA / RG0R00TECHO PANORÁMICO CORREDIZOTELA DE TECHO EN EL INTERIOR OSCURATYRE PRESSURE MONITORING SYSTEMVOLANTE CALEFACCIONADOVOLANTE DE CUERO MULTIFUNCIÓN SPORT---------------------------------------------------------------------------------------------------",concesionaria,0,,4x4,0
11231,6919,Honda,HR-V,2023.0,exl hp,Blanco,Nafta,5.0,Automática,1.5,SUV,Sí,0.0,Honda Hr V Exl,39550.0,US$,"OKM New HR-V Entrega inmediata. Oferta de contado !!Permuto, tomamos mejor tu usado.HONDA CHETTA SA. consulte su operación y forma de pago. Todos los Colores disponibles. Consulte.Financiación TASA 0%$15MILLONES, 12 MESES con SANTANDER (cupos limitados).",concesionaria,0,5.0,,0
11250,7241,Toyota,Corolla Cross,2025.0,seg ecvt,Gris oscuro,Híbrido/Nafta,5.0,Automática,1.8,SUV,No,0.0,Toyota Corolla Cross 1.8 Seg Ecvt,43000.0,US$,"¡¡UNIDAD FISICA EN STOCK, LISTA PARA RETIRAR !!- Concesionario Oficial DFSK NORTE!"" Toyota Corolla Cross SEG Hibrida 1.8 L OKM, 2025/LINEA NUEVA!!!!- PAGO CONTADO $ 51.450.000- ANTICIPO $ 36.500.00060 x 950.00048 x 1.001.00036 x 1.099.00024 x 1.320.000Corresponde a una simulacion de Cuota Fija en Pesos, sistema Frances, Banco Santander.El plazo del prestamo y el monto de la cuota puede variar dependiendo la calificacion crediticia del cliente. La empresa podra optar por buscar financiacion en mas de un Banco o Financiera para hacerle diversas propuestas al cliente. UVA 48 x 618.00036 x 735.00024 x 975.00012 x 1.705.000Corresponde a una Simulacion de Cuota Variable UVA en Pesos, sistema Frances, Banco Santander.El plazo del prestamo y el monto de la cuota puede variar dependiendo la calificacion crediticia del cliente. La empresa podra optar por buscar financiacion en mas de un Banco o Financiera para hacerle diversas propuestas al cliente.- Entrega Inmediata, puede venir a verlo, pagar y retirar en en dia con la mejor atencion, Confiabilidad, Servicio y Gestoria en la actualidad del mercado, NUNCA FUE TAN FACIL COMPRAR UN AUTO!- LINEA NUEVA 2025, ENTREGA INEMDIATA REAL. LA TENEMOS EN STOCK- MOTOR 1.8 L HIBRIDO- CONTROL DE MANEJO ADÁPTATIVO/ VELOCIDAD CRUCERO- ASIENTO DE CUERO- PANTALLA 9´/ DISPLAY DE INFORMACION 7´- CARPLAY Y ANDROID- CARGADOR INALAMBRICO- PORTON TRASERO CIERRE AUTOMATICO- ENCENDIDO ELECTRONICO- CAJA AUTOMATICA- CLIMATIZADOR- FAROS BI-LEDSomos CasiNuevos, innovacion en el mercado automotor!",concesionaria,0,,,1
11254,15409,Audi,Q2,2025.0,35 advanced,Gris,Nafta,5.0,Automática,1.5,SUV,,0.0,Audi Q2 1.5 35 Tfsi Advanced 150 Cv,55000.0,US$,"AUDI Q2 35 TFSI ADVANCED (150CV) CON MUCHOS OPCIONALES.DETALLE DE ADICIONALES!!N1S - COMBINACION DE CUERO/CUERO SINTETICOC47 - COMPLETAR DESCRIPCION DEL OPCIONALQQ1 - PAQUETE DE LUCES AMBIENTE4E7 - PORTON DEL MALETERO DE APERTURA Y CIERRE ELECTRICOS4L6 - RETROVISOR INTERIOR CON AJUSTE ANTIDESLUMBRANTE AUTOMATICO SIN MARCO6XK - RETROVISORES EXT. AJUSTABLES/ABATIBLES ELECTRICAMENTE Y TERMICOS, CON AJUSTE ANTIDESLUMBRANTE6NQ - REVESTIMIENTO INTERIOR DEL TECHO EN TELA NEGRO3FB - TECHO CORREDIZO PANORAMICOClimatizador automático confortControl de velocidad crucero con limitador develocidadAudi Virtual CockpitAudi smartphone interface compatible con AndroidAuto y Apple CarPlayLlantas de aleación, diseño de 5 radios en V, 7,0J x 17, neumáticos 215/55 R17Respaldo del asiento trasero abatible 60/40Volante de cuero en diseño de 3 radios con multifunción plus y levas de cambioSensores de estacionamiento delanteros y traseros con cámara de marcha atrásLuces delanteras y traseras en tecnología LEDRueda de repuesto de espacio reducido2 puertos USB delanterosNavegador incorporado VolanteRetrovisores exteriores con ajuste eléctrico y térmicosAirbag para conductor y acompañante frontales y laterales, y sistema de airbags para la cabezaAsiento del acompañante ajustable en alturaBlade exterior en Gris Manhattan MetalizadoSistema Start-Stop con recuperación de energíaEl precio puede variar sin previo avisoEl valor no incluye gastos de flete y formularios, ni gastos de patentamiento.Consulte.Audi Buenos Aires concesionario oficialAv. Rivadavia 4751 CABA",tienda,1,150.0,,0
11293,12449,Haval,H6,2025.0,3ra generacion,Negro,Nafta,5.0,Automática secuencial,2000.0,SUV,,0.0,Haval H6 4x2 2.0t 200cv. 3ra. Generación 2025,34700.0,US$,"Haval H6 3° Generación - Tecnología, diseño y potencia en una SUV premium** Valor de la unidad U$ 36.500 **Descubrí la nueva Haval H6 de tercera generación, una SUV que combina diseño sofisticado, tecnología de última generación y un excelente desempeño. Con un estilo moderno, amplio espacio interior y una conducción ágil, es ideal para quienes buscan confort, seguridad y presencia en cada kilómetro.Características destacadas:• Motor eficiente y potente con excelente respuesta• Diseño exterior vanguardista con detalles deportivos• Interior premium con terminaciones de alta calidad• Pantalla multimedia táctil de gran tamaño con conectividad completa• Asistencias a la conducción de última tecnología (ADAS)• Gran espacio de carga y confort para todos los pasajerosEntrega inmediata - Colores a elección - Financiación disponibleTomamos tu vehículo usado como parte de pago.Vendida por AutoSmart - Grupo DattoliConcesionario oficial con más de 15 años de trayectoria en el rubro automotor. Te brindamos asesoramiento personalizado, financiación a medida y un respaldo posventa de excelencia.Tu próxima SUV está lista para sorprenderte.¡Consultanos y agendá tu prueba de manejo hoy!",tienda,1,200.0,,0
11344,11590,Hyundai,Creta,2025.0,safety plus facelift,Beige,Nafta,5.0,Automática secuencial,1.5,SUV,Sí,0.0,Hyundai Creta Safety Plus Facelift,35000.0,US$,"NEW CRETA SAFETY PLUS FACELIFT 2025UNIDADES EN SALÓN¡Comprá tu camioneta en AUTOMOVILES RAMA y financiala con un Súper Préstamo Prendario de SANTANDER!Podés financiar hasta el 95% del valor de tu 0km y elegir pagarlo a TASA FIJA o TASA UVA. ¡Obtené respuesta inmediata y llevate tu camioneta de manera fácil, rápida y segura!Consultanos para más información y armá el plan de financiación que mejor se ajuste a vos. ¡No te pierdas esta oportunidad!-----------------------------------------------SEGURIDAD-Airbag conductor, acompañante, laterales y de tipo cortina-Programa Electrónico de Estabilidad (ESP)-Control de tracción (TCS)-Distribución Electrónica de frenado, ABS, EBD.-Señal de frenada de emergencia (ESS)-Asistencia de arranque en pendiente (HAC)-Alerta de presión de neumáticos (TPMS)-Cámara de visualización de marcha atrás con líneas guía dinámicas-Cámara de visualización de 360° (SVM)-Sensor de estacionamiento trasero y delantero-Función de freno auto-hold -Monitor de punto ciego (BSRM) en el tablero. -Alerta de ocupación de plazas traseras (ROA) -Aviso de cinturón de seguridad no abrochado en las cinco plazas-Cinturones de seguridad delanteros regulables en altura con pretensor -Traba automática de puertas en marcha. Desbloqueo automático en caso de accidente-Alerta sonora y visual de puerta mal cerrada-Traba de puertas traseras para niños-Fijaciones ISOFIX con top tether para sillas de bebé-Alerta de hielo en calzada-Columna de dirección colapsable-Inmovilizador de motor-Alerta y frenado autónomo (FCA) con reconocimiento de vehículos, peatones y ciclistas-Asistente y mantenimiento de carril (LKA)-Asistente de centrado de carril (LFA)-Control de velocidad crucero adaptativo (SCC)-Asistente de luces altas (HBA) INTERIOR Y EXTERIOR-Techo panorámico de apertura eléctrica -Llantas de aleación diamantadas de 17"" -Espejos retrovisores color carrocería con luz de giro -Manijas de puerta color carrocería con detalle cromado -Barras de techo -Detalles en cromo satinado en volante, consola y manijas interioresCONFORT-Sistema multimedia (pantalla touch, Google Android Auto y Apple carplay inalámbrico, radio, bluetooth, MP3, USB, AUX)-Climatizador automático digital bi-zona-Cargador inalámbrico de teléfono móvil -Tablero digital de 10,25” -Dos puertos USB delanteros (Tradicional y USB-C) y uno trasero (USB-C) -Butaca de conductor regulable en altura-Butaca de conductor ventilada-Levas de cambios en el volante-Volante multifunción forrado en cuero-4 modos de manejo (Normal, Sport, Eco, Smart)-Freno de mano de accionamiento eléctrico-Tapizado de cuero-Arranque por botón-Columna de dirección regulable en altura y profundidad-Salida de aire acondicionado en plazas traseras-Espejos retrovisores con regulación eléctrica y plegables eléctricamente-Levanta cristales eléctricos delanteros y traseros (auto up/down)-Computadora de abordo-Llave de presencia con comando a distancia-Cierre y apertura remota de ventanillas con la llave-Control automático de luces y temporizador de apagado y encendido-Apertura interna de tanque de nafta-Asientos traseros plegables 60/40-Baúl iluminado-Parasoles con luz y espejo-Apoyabrazos central delanteroAUTOMOVILES RAMA S.A.-Concesionario Oficial-Con más de 55 años en el mercado automotor.",tienda,0,,,0
11359,6337,Audi,q5 sportback,2025.0,45tfsi quattro s tronic s-line,Negro,Nafta,5.0,Automática,2.0,SUV,Sí,0.0,Audi q5 sportback 2.0 45Tfsi Quattro S Tronic S-Line 245Cv,108000.0,US$,"Audi Q5 Sportback Sline Premium Black 0km 2025Banqueta trasera plusADASPinzas de freno rojoPhone BoxUnidades fisicas en stock tocables, con certificado para patentar.Podes retirar en cualquiera de nuestras sucursales-Quilmes-La PlataO te enviamos tu auto a tu domicilio.Tomamos permutas al mejor precioMejoramos cualquier presupuesto",tienda,1,245.0,,0
11439,1960,BAIC,X55,2025.0,il,,Nafta,5.0,Automática,1.5,SUV,Sí,0.0,Baic X55 Ii,37900.0,US$,BONIFICACION EXCLUSIVA PARA UNIDADES FISICAS PATENTADAS EN ABRILPOCAS UNIDADES!!,concesionaria,1,,,0
11457,3162,Toyota,SW4,2025.0,srx 7as,Blanco,Diésel,5.0,Automática,2.8,SUV,Sí,0.0,Toyota SW4 2.8 Srx 204Cv 4X4 7As At,59700.0,US$,"TOYOTA SW4 SRX 2.8L 204CV 0KM-2025FORMA DE COMPRA: PAGO DIRECTO AL CONCESIONARIO OFICIAL.OPCIONES DE COMPRA:* RECIBIMOS PERMUTAVehiculos - Cereales – Motos – Náuticos – Tractores – Cripto Moneda.* FINANCIACIÓN: %0 porciento de interés¡Elige entre créditos UVA o con cuota fija!* RETIRO: Retiras directo del concesionario oficial. También contamos con servicio de LOGISTICA para hacerlo llegar a tu localidad.* GARANTÍA: Todos los vehículos cuentan con garantía de fábrica otorgada por la marca que adquiris.¡Contactanos ahora!.Las mejores marcas del mercado automotor Argentino.No vendemos sueños, vendemos realidades.",concesionaria,0,204.0,4x4,0
11470,2834,GWM,H6,2025.0,dignity,Blanco,Nafta,5.0,Automática,2.0,SUV,Sí,0.0,Haval H6 2.0t 2wd,36500.0,US$,"NUEVA HAVAL H6 2.0T DELUXE 4x2 2025 0km!5 AÑOS O 150.000 KM DE GARANTÍA!!La nueva SUV que llega a Argentina a revolucionar el segmento cuenta con:-Transmisión Automática de 7 velocidades-Volante Multifunción calefaccionado-Pantalla Multimedia central 10¨: Apple CarPlay + Android Auto + Visión de Cámara trasera 360°-Techo de accionamiento eléctrico-Asientos Tapizados en cuero y calefaccionados, regulables electrónicamente-Cargador inalámbrico de celular-Llantas de aleación livianas de 19 pulgadasComo si fuera poco, la H6 de la gigante china cuenta con diversos ADAS (Sistemas Avanzados de Asistencia al Conductor):Este grupo de funciones mediante un software central, sensores y cámaras, brindan al conductor información permanente sobre el entorno del vehículo, monitorean posibles obstáculos o factores de riesgo y, ante una emergencia detectada, intervienen en la conducción. Su misión es complementar los sentidos humanos ampliando el campo de visión, intensificar la atención y acelerar los reflejos. La H6 es la única del segmento que cuenta con 11 ADAS.- Sistema de monitoreo de presión de neumáticos (TPMS)-Sistema de asistencia de arranque en pendiente (HHC)- Sistema de control de descenso (HDC)- Control de crucero adaptativo e inteligente- Alerta de cambio de carril (LDW)- Asistencia de mantenimiento de carril (LKA)- Asistencia de centrado de carril (LCK)- Alerta de mitigación de colisión frontal (FCW)- Frenado automático de emergencia (AEB)- Frenado automático de emergencia peatones (AEB-P)- Sistema de reconocimiento de señales de tránsitoEL PRECIO PUBLICADO CORRESPONDE DE CONTADO.CONSULTAR POR PRECIO DE PERMUTATOMAMOS USADOS EN PARTE DE PAGOHACEMOS FINANCIACIONES POR MEDIO DEL BANCO SANTANDERAsesor Comercial: ALAN PEREZ~ CONCESIONARIO OFICIAL GRUPO BARBALACE ~MAS DE 35 AÑOS BRINDANDO CONFIANZA EN EL MERCADO!!! LOS INVITAMOS A MIRAR NUESTRAS CALIFICACIONES MEDIANTE GOOGLE. Unidades 0km - HAVAL - GEELY - DFSK - GREAT WALL - JAC - CHERYUSADOS SELECCIONADOS PREMIUMCompra, Venta, Financiación, Permuta¿Por qué elegir Grupo Barbalace?Somos una concesionaria con más de 35 años en el rubro, contamos con la mejor atención y calidad, el mejor precio de contado y la mejor cotización de usados en el mercado. También contamos con gestoría propia para una gestión administrativa mucho más rápida y segura. Somos concesionario oficial DFSK, GEELY, HAVAL, GREAT WALL, JAC CHERY. Contamos con servicio posventa con un personal ampliamente capacitado para resolver cualquier tipo de inconveniente. Podes encontrarnos en todas las plataformas y ver nuestro recorrido en el mercado automotor.",concesionaria,1,,4x2,0
11481,14770,BAIC,X55,2025.0,il,,Nafta,5.0,Automática,1.5,SUV,Sí,0.0,Baic X55 Ii,37900.0,US$,BONIFICACION EXCLUSIVA PARA UNIDADES FISICAS PATENTADAS EN ABRILPOCAS UNIDADES!!,concesionaria,1,,,0
11496,9748,BAIC,X55,2025.0,plus,Blanco,Nafta,5.0,Automática,1.5,SUV,Sí,0.0,BAIC X55 1.5 Plus,45700.0,US$,"BAIC TE OFRECE UNA GARANTÍA DE 7 AÑOS O 100.000 KMSEn BAIC GERLI te brindamos las mejores herramientas para que puedas decidir y elegir seguro, confiado y acompañado tu próximo OKM.-Financiación a la medida de tus necesidades.-Servicio postventa integrado.-Asegurá tu vehículo con nosotros.-Accesorios originales para personalizar tu vehículo.-Tomamos tu usado al mejor precio garantizado.Somos una gran familia, con más de 40 años de trayectoria  y siempre en continuo crecimiento, dedicados y especializados, apasionados en la búsqueda de generar en VOS una experiencia única, inolvidable, de seguridad y confianza en tus decisiones de movilidad. Te ofrecemos todas las herramientas, posibilidades y servicios para que juntos podamos elegir tu próximo automóvil y comenzar a recorrer un nuevo viaje, Somos distintos a todo lo que ya conoces, somos IGUALES A VOS!Dejanos tu mensaje por cualquier consulta que tengas de Ventas, Administrativas o de Servicio PostVenta, y un asesor te contactará a la brevedad.Todo en un solo lugar, con nosotros, que somos y queremos a los autos como VOS!",concesionaria,0,,,0
11510,4916,BAIC,X55,2023.0,ii,Amarillo,Nafta,5.0,Automática,1.5,SUV,Sí,0.0,Baic X55 Ii Luxury Turbo - 2025 - Baic Palermo - ,38900.0,US$,"PARA VER VIDEO DE LA UNIDAD LUEGO DE LA ÚLTIMA FOTO EN ESTE AVISO o BIEN SE LO ENVIAMOS.A NUESTROS CLIENTES Y POSIBLES CLIENTES NOTA:* NO compre Baic 0km en Agencias multimarcas o de otras marcas NO habilitadas.(evite dolores de cabeza con la Garantía).Solamente en CABA somos BAIC PALERMO. Único domicilio habilitado.Solamente en ZONA OESTE somos BAIC RAMOS MEJÍA. Único domicilio habilitado.Solamente en ZONA NORTE somos BAIC VICENTE LOPEZ. Único domicilio habilitado.7 AÑOS DE GARANTÍA AVALAN LA CALIDAD DE LA MARCA.PRECIO LISTA: U$S 40.900.- (Dolar estadounidense)BONIFICACION: - U$S 2.000.-VALOR SOLO CONTADO : U$S 38.900.-NUEVA X55 IIPresentamos el SUV más DEPORTIVO Y PREMIUM del mercado.MOTOR 1.5 – TURBO – 185 HP DE POTENCIA.CAJA DE 7 MARCHAS CON DOBLE EMBRAGUE (Prestación deportiva)310 NM.ACELERACIÓN DE 0 A 100/KM: 7.8 SegVELOCIDAD MÁXIMA: 220 KM/HMEDIDAS: Longitud 4.63 m / Ancho 1.88 m / Alto 1.68 mDISEÑO FUTURISTA / DE ALTA GAMA / DEPORTIVA"" El SUV más deportivo y Premium del mercado""La relación precio/producto es imbatible.EQUIPAMIENTO DESTACADO:* Llantas 19"" color Gris oscuras* Cámara 360° para visión delantera/trasera y lateral* Sensores de Estacionamiento* Portón trasero eléctrico con apertura medida* Faros Full Led en todo el vehículo* Apertura de puertas con manijas tipo ""Pop out"" eléctricas* Techo Panorámico con apertura y pivoteo con sensor autónomo de lluvia (cierra solo)* Volante Multifunción deportivo en cuero* Control Velocidad crucero adaptativo* Tablero íntegramente digital con múltiples funciones y formatos* Pantalla Central Multimedia (en español) con múltiples formatos de adaptaciones del vehículo y programaciones.* Conectividad Total con Mirror Link (muestra el celular en pantalla)* Freno de mano electrónico* Manejo Autónomo en tráfico pesado (conduce solo)* Estacionamiento Autónomo (estaciona solo)* 8 Air-bags* Control de Tracción y Estabilidad* Asistencia de Frenado* Frenado autónomo de emergencia* Asistencia de desvío de carril * Aviso de Punto Ciegoy más..BAIC PALERMO / BAIC MORÓN / BAIC VICENTE LOPEZENTREGA INMEDIATA CON UNIDADES EN SALÓN.TEST DRIVE DISPONIBLE (CON TURNO).ENTREGAS A DOMICILIO.------------------------------------------------------------------------------TOMAMOS VEHÍCULOS EN PARTE DE PAGOFINANCIACIÓN CON DNI HASTA EL 50% DEL VALOR DE LA UNIDAD.------------------------------------------------------------------------------7 RAZONES POR LA QUE CONFIAR EN BAIC:1) BAIC es marca Premium en China y en 48 países del Mundo.2) BAIC se encuentra en todas las provincias de Argentina y en 9 países deAmérica.3) BAIC es la única Automotriz socia de Mercedes Benz en el Mundo.4) BAIC es la única Automotriz Premium que ofrece 7 años de Garantía.5) BAIC NO es un vehículo económico Chino.6) BAIC es para el público que busca vehículos SUV DIFERENTES.7) BAIC es Diseño, Calidad, Confort, Equipamiento....y Esa Extraña sensación deFIDELIDAD.-----------------------------------------------------------------------------------* BAIC PALERMO - CASA CENTRAL -AV. CÓRDOBA 6102 - C.A.B.A. -- SERVICIO POST VENTAECHEVERRIA 1050 - C.A.B.A. -* BAIC RAMOS MEJÍA - ZONA OESTE -AV RIVADAVIA 14882 - RAMOS MEJÍA -SERVICIO POST VENTAECHEVERRIA 1050 - C.A.B.A. -* BAIC VICENTE LOPEZ - ZONA NORTE -AV. LIBERTADOR 550 - VICENTE LOPEZ -- SERVICIO POST VENTAECHEVERRÍA 1050 - C.A.B.A. -NRO 1 EN VENTASBRINDANDO SERIEDAD Y PROFESIONALISMO A LA MARCA.CON GRAN IMPRONTA EN LA PRESENTACIÓN DE SUS MODELOS.",tienda,1,185.0,,0
11516,11332,Audi,Q7,2025.0,55 s-line quattro,Azul,Nafta,5.0,Automática,3.0,SUV,,0.0,Audi Q7 3.0 55 Tfsi S-line Quattro,180000.0,US$,"Audi Q7 55TFSI quattro340cv V6Dirección en todas las ruedasSistema de escape estándar, color específico del modeloAjuste electrico de volanteVolante deportivo de cuero de contorno, de 3 radios, base plana, con multifunción y levas de cambioBarras de techo en color negroPaquete de estilo negro plusIncrustaciones, Carbon Twill, mateCarcasas de los retrovisores exteriores en carbonoaudi phone boxSoporte LTE para el Audi phone boxValcona leather con relieve S y patrón de rombosFaros LED de matriz HD con luz láser Audi, luces traseras LED y sistema lavafaros+Asientos deportivos plus, delanterosPaquete de iluminación ambiente plusPaquete de iluminación ambiental plusPaquete deportivo S lineUnidades fisicas en stock tocables, con certificado para patentar.Podes retirar en cualquiera de nuestras sucursales-Quilmes-La PlataO te enviamos tu auto a tu domicilio.Tomamos permutas al mejor precioMejoramos cualquier presupuesto",tienda,1,340.0,,0
11539,5668,Toyota,Corolla Cross,2025.0,hev seg ecvt,Gris,Híbrido/Nafta,5.0,Automática,1.8,SUV,,0.0,Toyota Corolla Cross 1.8 Hev Seg Ecvt,43900.0,US$,0km Versión Seg hibrida disponible entrega inmediata unidad sin patentar ofrrt6solo por unos días. Aceptamos permutas.,concesionaria,0,,,0
11570,5744,Volvo,XC60,2023.0,t8 ultimate dark plug in hybrid,Gris,Híbrido/Nafta,5.0,Automática,,SUV,,0.0,Volvo Xc60 T8 Plugh In Hybrid - Híbrido Enchufable - 462hp,103900.0,US$,"VOLVO XC60 T8 PLUGH IN HYBRID - HÍBRIDO ENCHUFABLEPOTENCIA COMBINADA 462HPAUTONOMÍA 100% ELÉCTRICA 75KMCONSULTAR STOCK Y DISPONIBILIDAD------------------------------------------------------------ACCESO SIN LLAVEAIRBAGS 6 ANCLAJES ISOFIX EN ASIENTOS LATERALES TRASEROSANDROID AUTO / APPLE CARPLAYASIENTO DE CONDUCTOR ELÉCTRICO CON AJUSTE LUMBAR DE 4 VÍASASIENTO DE CONDUCTOR CON MEMORIAASIENTO DE PASAJERO ELÉCTRICO CON AJUSTE LUMBAR DE 4 VÍASASIENTO DE PASAJERO CON MEMORIAASIENTOS DELANTEROS CALEFACCIONADOSASIENTOS DELANTEROS CON EXTENSOR ELÉCTRICOAUXILIO KIT DE REPARACIÓN BAÚL CON APERTURA ELÉCTRICA Y GESTUALBLIND SPOT INFORMATION SYSTEM + CROSS TRAFFIC ALERTCÁMARA DE ESTACIONAMIENTO 360°CAPACIDAD DEL TANQUE DE COMBUSTIBLE (LTS) 71CARGADOR INALÁMBRICO DE CELULARCITY SAFETYCLIMATIZADOR BIZONA + CLEANZONE + PM2.5COLLISION MITIGATION SUPPORT DELANTERO Y TRASEROCONECTORES USB 2 TIPO CCONTROL DE VELOCIDAD CRUCERO ADAPTATIVODISEÑO INTERIOR METAL MESHESPEJOS EXTERIORES CALEFACCIONADOS Y REBATIBLES ELÉCTRICAMENTEESPEJOS RETROVISORES ANTIENCANDILAMIENTOFAROS DELANTEROS FULL LEDGOOGLE BUILT ININTELLIGENT DRIVER INFORMATION SYSTEMLATERALES DE VENTANA NEGRO BRILLANTE LANE KEEPING AIDLLANTAS DE ALEACIÓN 21"" (1187) | 255/40 R21MODOS DE MANEJONAVEGADOR GPS (GOOGLE MAPS)PANEL DE INSTRUMENTOS DIGITAL - 12,3""PANTALLA MULTIMEDIA - 9""PILOT ASSISTRIELES DE TECHO LONGITUDINALES INTEGRADOS NEGRO BRILLANTESEGURO ELECTRÓNICO PARA NIÑOSSELECTOR DE CAMBIOS CRISTALSENSORES DE ESTACIONAMIENTO 360°SISTEMA DE SONIDO HARMAN KARDON (600W)TAPIZADO CUERO NAPPA / RG0R00TECHO PANORÁMICO CORREDIZOTELA DE TECHO EN EL INTERIOR OSCURATYRE PRESSURE MONITORING SYSTEMVOLANTE CALEFACCIONADOVOLANTE DE CUERO MULTIFUNCIÓN SPORT------------------------------------------------------------Ditecar S.A. Concesionario oficial Volvo en ArgentinaCoordinar cita previaSucursal Vicente LópezAVDA. DEL LIBERTADOR 1513 - Vicente López.Estacionamiento exclusivo para clientes.Lunes a Viernes de 9hs a 18.30hsSábados de 10hs a 14hsSucursal Nuñez CabaAVDA. DEL LIBERTADOR 6356 - CABA.Estacionamiento exclusivo para clientes.Lunes a Viernes de 9hs a 18hs",concesionaria,0,462.0,,0
11607,3361,BAIC,X55,2023.0,ii luxury,Celeste,Nafta,5.0,Automática,1.5,SUV,Sí,0.0,Baic X55 Ii Luxury Turbo - 2025 - Baic Palermo -,38900.0,US$,"PARA VER VIDEO DE LA UNIDAD LUEGO DE LA ÚLTIMA FOTO EN ESTE AVISO o BIEN SE LO ENVIAMOS.A NUESTROS CLIENTES Y POSIBLES CLIENTES NOTA:* NO compre Baic 0km en Agencias multimarcas o de otras marcas NO habilitadas.(evite dolores de cabeza con la Garantía).Solamente en CABA somos BAIC PALERMO. Único domicilio habilitado.Solamente en ZONA OESTE somos BAIC RAMOS MEJÍA. Único domicilio habilitado.Solamente en ZONA NORTE somos BAIC VICENTE LOPEZ. Único domicilio habilitado.7 AÑOS DE GARANTÍA AVALAN LA CALIDAD DE LA MARCA.PRECIO LISTA: U$S 40.900.- (Dolar estadounidense)BONIFICACION: - U$S 2.000.-VALOR SOLO CONTADO : U$S 38.900.-NUEVA X55 IIPresentamos el SUV más DEPORTIVO Y PREMIUM del mercado.MOTOR 1.5 – TURBO – 185 HP DE POTENCIA.CAJA DE 7 MARCHAS CON DOBLE EMBRAGUE (Prestación deportiva)310 NM.ACELERACIÓN DE 0 A 100/KM: 7.8 SegVELOCIDAD MÁXIMA: 220 KM/HMEDIDAS: Longitud 4.63 m / Ancho 1.88 m / Alto 1.68 mDISEÑO FUTURISTA / DE ALTA GAMA / DEPORTIVA"" El SUV más deportivo y Premium del mercado""La relación precio/producto es imbatible.EQUIPAMIENTO DESTACADO:* Llantas 19"" color Gris oscuras* Cámara 360° para visión delantera/trasera y lateral* Sensores de Estacionamiento* Portón trasero eléctrico con apertura medida* Faros Full Led en todo el vehículo* Apertura de puertas con manijas tipo ""Pop out"" eléctricas* Techo Panorámico con apertura y pivoteo con sensor autónomo de lluvia (cierra solo)* Volante Multifunción deportivo en cuero* Control Velocidad crucero adaptativo* Tablero íntegramente digital con múltiples funciones y formatos* Pantalla Central Multimedia (en español) con múltiples formatos de adaptaciones del vehículo y programaciones.* Conectividad Total con Mirror Link (muestra el celular en pantalla)* Freno de mano electrónico* Manejo Autónomo en tráfico pesado (conduce solo)* Estacionamiento Autónomo (estaciona solo)* 8 Air-bags* Control de Tracción y Estabilidad* Asistencia de Frenado* Frenado autónomo de emergencia* Asistencia de desvío de carril* Aviso de Punto Ciegoy más..BAIC PALERMO / BAIC MORÓN / BAIC VICENTE LOPEZENTREGA INMEDIATA CON UNIDADES EN SALÓN.TEST DRIVE DISPONIBLE (CON TURNO).ENTREGAS A DOMICILIO.------------------------------------------------------------------------------TOMAMOS VEHÍCULOS EN PARTE DE PAGOFINANCIACIÓN CON DNI HASTA EL 50% DEL VALOR DE LA UNIDAD.------------------------------------------------------------------------------7 RAZONES POR LA QUE CONFIAR EN BAIC:1) BAIC es marca Premium en China y en 48 países del Mundo.2) BAIC se encuentra en todas las provincias de Argentina y en 9 países deAmérica.3) BAIC es la única Automotriz socia de Mercedes Benz en el Mundo.4) BAIC es la única Automotriz Premium que ofrece 7 años de Garantía.5) BAIC NO es un vehículo económico Chino.6) BAIC es para el público que busca vehículos SUV DIFERENTES.7) BAIC es Diseño, Calidad, Confort, Equipamiento....y Esa Extraña sensación deFIDELIDAD.-----------------------------------------------------------------------------------* BAIC PALERMO - CASA CENTRAL -AV. CÓRDOBA 6102 - C.A.B.A. -- SERVICIO POST VENTAECHEVERRIA 1050 - C.A.B.A. -* BAIC RAMOS MEJÍA - ZONA OESTE -AV RIVADAVIA 14882 - RAMOS MEJÍA -SERVICIO POST VENTAECHEVERRIA 1050 - C.A.B.A. * BAIC VICENTE LOPEZ - ZONA NORTE -AV. LIBERTADOR 550 - VICENTE LOPEZ -- SERVICIO POST VENTAECHEVERRÍA 1050 - C.A.B.A. -NRO 1 EN VENTASBRINDANDO SERIEDAD Y PROFESIONALISMO A LA MARCA.CON GRAN IMPRONTA EN LA PRESENTACIÓN DE SUS MODELOS.",tienda,1,185.0,,0
11630,16235,Kia,Sportage,2025.0,t-gdi x-line,Gris,Nafta,5.0,Automática,1.6,SUV,,0.0,Kia Sportage 1.6 T-Gdi X-Line Awd,58000.0,US$,"Bienvenido a NEOSTAR, tu Concesionario Oficial de confianza en Rosario y sus alrededores. Desde 1996, nos hemos comprometido a ofrecer asesoramiento de primera calidad a nuestros clientes, representando marcas de renombre como Jeep, Dodge, Ram, Chrysler, Nissan, Kia, Suzuki, Honda y Subaru.En NEOSTAR, nos enorgullece ofrecer una amplia gama de vehículos usados exclusivos. Con un promedio de más de 90 vehículos usados mensuales, cada uno de nuestros automóviles pasa por un riguroso proceso de peritaje mecánico para garantizar la calidad y fiabilidad. Además, todos nuestros vehículos usados vienen respaldados por una garantía y cuentan con toda la documentación necesaria para una transferencia sin complicaciones, gracias a nuestros experimentados gestores.¿Buscas cambiar tu vehículo actual? En NEOSTAR, aceptamos permutas y también compramos vehículos de todas las marcas. Confía en nosotros para obtener una valoración justa y transparente.Encuéntranos en nuestras ubicaciones en Rosario, Santa Fe (capital), Funes y Cañada de Gómez, y descubre por qué NEOSTAR es tu destino confiable para todas tus necesidades automotrices.",concesionaria,1,,4x4,0
11635,8566,Audi,Q3,2025.0,35tfsi,Gris,Nafta,5.0,Automática,1.4,SUV,,0.0,Audi Q3 1.4 35tfsi 150 Cv,57500.0,US$,"Audi Q3 35 TFSI ( 150cv)- Audi drive select- Audi soundsystem- Techo corredizo panorámico- Asientos tapizados en Leatherette- Confort Key(acceso y arranque sin llave)- Climatizador automático confort de 2 zonas- Portón del maletero de apertura y cierre eléctricos- Control de velocidad crucero con limitador de velocidad- Cuadro de instrumentos Digital ClusterDisplayde 10,2”- Audi smartphoneinterface compatible con Android Auto y Apple CarPlay- Llantas de aluminio fundido de 5 brazos dobles con neumáticos 235/55 R18- Asientos traseros con reglaje horizontal, reposabrazos central y porta bebidas- Volante de cuero en diseño de 3 radios con multifunción plus y levas de cambio- Sensores de estacionamiento delanteros y traseros con cámara de marcha atrás- Pantalla central color de 8,8” con tecnología touch y sistema de diálogo por voz- Luces diurnas, bajas y altas en tecnología LED; luces de giro y traseras incandescentes- Retrovisores exteriores con ajuste eléctrico y térmicos, espejo interior antideslumbrante.Concesionario Número #1 de la Argentina-- Tomamos todos los usados al mejor precio.Audi Buenos AiresAv. RIVADAVIA 4751, CABA-- Esperamos tu consulta!El precio publicado NO incluye gastos de flete, ni formularios ni gastos administrativos.Foto no contractual. Corresponde al modelo del titulo de la descripción. Equipamiento según versión. Precio puede variar sin previo aviso.",tienda,1,150.0,,0
11667,6031,BMW,X6,2025.0,40 i xdrive m sport,Negro,Nafta,5.0,Automática,,SUV,Sí,0.0,BMW X6 40 I XDRIVE M SPORT,189900.0,US$,AUTO MUNICH,concesionaria,1,,,0
11713,5443,Volkswagen,Nivus,2025.0,200 comfortline,Blanco,Nafta,5.0,Automática,1.0,SUV,Sí,0.0,Volkswagen Nivus 1.0 Tsi 200 Comfortline,22100.0,US$,"Nivus 1.0T Comfortline AtSE PUEDE FINANCIAR CON ANTICIPO DESDE 5 MILLONES Y CUOTAS.Caja automáticaCarPlay inalambricoVelocidad cruceroTira Led completa baul (línea nueva)Llantas en negroCamara de retroceso++ El precio publicado es un ANTICIPO, por financiación. ++>> Valor contado US$25.800 <<ACEPTAMOS DOLAR, EURO, CRIPTO, PAYPAL ETCValor permuta / financiación +5%",concesionaria,1,,,1
11766,5463,BMW,X1,2025.0,20i sport okm año 2025 - audi q3 ni audi q5 gla 250,Gris,Nafta,5.0,Automática,2.0,SUV,,0.0,Bmw X1 20i Sport Okm Año 2025 - Audi Q3 Ni Audi Q5 Gla 250,84000.0,US$,"BMW X1 20i sport Linea nueva Okm 2025 - 4x4205 cv -Entrega inmediata real - Automático con levasLINEA NUEVA 2025 - Tablero curvoNuevo volante + nuevo interiorTope de gama en equipamientoVehículo físico en el concesionarioColores disponibles: Gris / Verde / BlancoPrecio Lista / Permuta u$s 84.000 dólaresPrecio Contado Efectivo u$s 84.000 dólaresOpcionales no incluidos:Volante MLevas al volanteSonido harman kardon• TOMA DE USADOS:Deberá mandarnos por whatsapp :Fotos - Km - Año - Versión - Estado de neumáticosEl usado puede ser de cualquier marcaLa toma del usado se hace sobre el precio de listaDesde el botón WHATSAPP se contacta inmediatamente.•Respondermos su consulta por whatsapp en el momento •Concesionario oficial BMWMisael Ferrer+ Aceptamos Transferencia en Pesos o Dólares ++ Cuentas bancarias en todos los bancos +• Bell Motors - Concesionario oficial BMW •Compre tranquilo, compre en concesionario oficial• ATENCIÓN PERSONALIZADA• DOCUMENTACIÓN AL DÍA Y LISTA PARA PATENTARContamos con Administración y Gestoría",concesionaria,1,4205.0,4x4,0
11824,2394,Audi,Q3 Sportback,2023.0,35tfsi sportback,Gris,Nafta,5.0,Automática,1.4,SUV,Sí,0.0,Audi Q3 Sportback 1.4 35tfsi Sportback 150 Cv,61000.0,US$,"Audi Q3 Sportback 35 TFSI35 TFSI corresponde a motor 1.4 TFSI de 150CVUnidades fisicas en stock tocables, con certificado para patentar.Podes retirar en cualquiera de nuestras sucursales-Quilmes-La PlataO te enviamos tu auto a tu domicilio.Tomamos permutas al mejor precioMejoramos cualquier presupuesto- Audi drive select- Audi soundsystem- Techo corredizo panorámico- Asientos tapizados en Leatherette- Confort Key(acceso y arranque sin llave)- Climatizador automático confort de 2 zonas- Portón del maletero de apertura y cierre eléctricos- Control de velocidad crucero con limitador de velocidad- Cuadro de instrumentos Digital ClusterDisplayde 10,2”- Audi smartphoneinterface compatible con Android Auto y Apple CarPlay- Llantas de aluminio fundido de 5 brazos dobles con neumáticos 235/55 R18- Asientos traseros con reglaje horizontal, reposabrazos central y porta bebidas- Volante de cuero en diseño de 3 radios con multifunción plus y levas de cambio- Sensores de estacionamiento delanteros y traseros con cámara de marcha atrás- Pantalla central color de 8,8” con tecnología touch y sistema de diálogo por voz- Luces diurnas, bajas y altas en tecnología LED; luces de giro y traseras incandescentes- Retrovisores exteriores con ajuste eléctrico y térmicos, espejo interior antideslumbrante.El precio publicado no incluye gastos de flete, ni formularios ni gastos administrativos.",tienda,1,150.0,,0
11858,10571,BAIC,X55,2025.0,ii,Gris,Nafta,5.0,Automática,,SUV,Sí,0.0,Baic X55 Il,37900.0,US$,BONIFICACION EXCLUSIVA PARA UNIDADES FISICAS PATENTADAS EN ABRILPOCAS UNIDADES!!,concesionaria,1,,,0
11861,7468,Audi,Q2,2023.0,35 sport,Gris,Nafta,5.0,Automática,1.4,SUV,Sí,0.0,Audi Q2 1.4 35 Tfsi Sport 150 Cv,55000.0,US$,"Audi Q2 35 TFSI ADVANCED con TECHO y CUERO 0km 202135 TFSI corresponde a motor 1.4 TFSI de 150CVUnidades fisicas en stock tocables, con certificado para patentar.Podes retirar en cualquiera de nuestras sucursales-Quilmes-La PlataO te enviamos tu auto a tu domicilio.Tomamos permutas al mejor precioMejoramos cualquier presupuestoClimatizador automático confortControl de velocidad crucero con limitador develocidadAudi Virtual CockpitAudi smartphone interface compatible con AndroidAuto y Apple CarPlayLlantas de aleación, diseño de 5 radios en V, 7,0J x 17, neumáticos 215/55 R17Respaldo del asiento trasero abatible 60/40Volante de cuero en diseño de 3 radios con multifunción plus y levas de cambioSensores de estacionamiento delanteros y traseros con cámara de marcha atrásLuces delanteras y traseras en tecnología LEDRueda de repuesto de espacio reducido2 puertos USB delanterosNavegador incorporado VolanteRetrovisores exteriores con ajuste eléctrico y térmicosAsientos tapizados en tela “Skript”Airbag para conductor y acompañante frontales y laterales, y sistema de airbags para la cabezaAsiento del acompañante ajustable en alturaBlade exterior en Gris Manhattan MetalizadoSistema Start-Stop con recuperación de energíaEl precio publicado no incluye gastos de flete, ni formularios ni gastos administrativos.",tienda,1,150.0,,0
11894,15765,Audi,Q2,2025.0,35 advanced,Plateado,Nafta,5.0,Automática,1.5,SUV,,0.0,Audi Q2 1.5 35 Tfsi Advanced 150 Cv,47900.0,US$,"Equipamiento destacado de serieAudi Q2 35 TFSI linea 2025 con los siguientes adicionales;*  Llave confort (acceso y arranque sin llave) *  MMI Navegación plus con pantalla central touch de 8,8*  Audi pre sense front (frenado automático de emergencia)Climatizador automático confortControl de velocidad crucero con limitador develocidadAudi Virtual CockpitAudi smartphone interface compatible con AndroidAuto y Apple CarPlayLlantas de aleación, diseño de 5 radios en V, 7,0J x 17, neumáticos 215/55 R17Respaldo del asiento trasero abatible 60/40Volante de cuero en diseño de 3 radios con multifunción plus y levas de cambioSensores de estacionamiento delanteros y traseros con cámara de marcha atrásLuces delanteras y traseras en tecnología LEDRueda de repuesto de espacio reducido2 puertos USB delanterosNavegador incorporado VolanteRetrovisores exteriores con ajuste eléctrico y térmicosAsientos tapizados en tela “Skript”Airbag para conductor y acompañante frontales y laterales, y sistema de airbags para la cabezaAsiento del acompañante ajustable en alturaBlade exterior en Gris Manhattan MetalizadoSistema Start-Stop con recuperación de energíaEl precio puede variar sin previo avisoEl valor no incluye gastos de flete y formularios, ni gastos de patentamiento.Consulte.Audi Buenos Aires concesionario oficial Av. Juan B, Alberdi 53 CABA",tienda,1,150.0,,0
11901,15601,Audi,Q8,2025.0,55 quattro,Gris,Nafta,5.0,Automática,3.0,SUV,Sí,0.0,Audi Q8 3.0 55 Tfsi Quattro,165000.0,US$,"-- Tomamos tu usado al mejor valor del mercado-- Mejoramos cualquier ofertaVisítanos en:Av. Juan B. Alberdi 53, CABA¡Esperamos tu consulta!-- El precio publicado es por pago de contado en dólares y/o pesos.-- No incluye gastos de flete, formularios ni costos administrativos.-- El equipamiento puede variar según versión.-- Sujeto a disponibilidad. Precio válido hasta agotar stock o nuevo aviso.",tienda,1,,,0
11910,10573,BAIC,X55,2025.0,il,Blanco,Nafta,5.0,,1.5,SUV,Sí,0.0,Baic X55 Il,37900.0,US$,BAIC X55 IIENTREGA INMEDIATALA SUV SEGMENTO C MAS EQUIPADA DEL MERCADO,concesionaria,0,,,0
11978,1377,BAIC,X35,2025.0,luxury,Azul,Nafta,5.0,Automática,1.5,SUV,Sí,0.0,BAIC X35 1.5T Luxury Cvt,26500.0,US$,ICARS - AGENTE OFICIAL BAICAPERTURA FEBRERO 2025CONSULTA POR BONIFICACIONES DISPONIBLESRELACIÓN PRECIO / PRODUCTO IMBATIBLE.**************************************************************************NEW X35 LUXURY CVTPresentamos el SUV más potente del mercado.MOTOR 1.5 – 16v – TURBO – 148 HP DE POTENCIA.CAJA AUTOMÁTICA SECUENCIAL DE 6 MARCHAS.210 NM.ACELERACIÓN DE 0 A 100/KM: 8.9 SegMEDIDAS: Longitud 4.32 m / Ancho 1.83 m / Alto 1.64 m**************************************************************************7 AÑOS DE GARANTÍA AVALAN LA CALIDAD DE LA MARCA.CONTAMOS CON STOCK PERMANENTEENTREGA INMEDIATATRAÉ TU USADO Y LO TASAMOS EN EL MOMENTO**************************************************************************BAIC ICARS,tienda,1,148.0,,0
12011,9794,BAIC,X35,2025.0,luxury,Gris,Nafta,5.0,Automática,1.5,SUV,Sí,0.0,BAIC X35 1.5T Luxury Cvt,28200.0,US$,"**Mb Autos S.A Baic **** Nueva Baic X35 Luxury 1.5T Cvt 0 km 2025 ** Varios Colores para entrega inmediata!! Nuestras opciones de compra:* Contado.* Financiado (hasta 70% - cuotas fijas y en pesos).*Tomamos permutas al mejor valor del mercado.¡Entrega Inmediata!Nos distinguimos por:- Amplio stock y variedad de colores.- Servicio Post - Venta.- La mejor asesoría con personal altamente calificado.7 Años de Garantía o 100.000 Km."""" No pierda ésta oportunidad """"Precio Insuperable.¡Consulte o Visítenos!",tienda,1,,,0
12017,6144,Hyundai,Creta,2025.0,safety,Blanco,Nafta,5.0,Automática,1.6,SUV,,0.0,Hyundai Creta 1.6 At Safety,31500.0,US$,UNIDAD FÍSICA EN SALÓN . ENTREGA INMEDIATA. TOMO USADOS. FINANCIO. NO DUDES EN CONSULTAR!,concesionaria,0,,,0
12024,155,Audi,Q3,2025.0,stronic,Gris,Nafta,5.0,Automática,1.4,SUV,,0.0,Audi Q3 1.4 Tfsi Stronic 150 Cv,57900.0,US$,"Audi Q3 35 TFSI35 TFSI corresponde a motor 1.4 TFSI de 150CV- Audi drive select- Audi soundsystem- Techo corredizo panorámico- Asientos tapizados en Leatherette- Confort Key(acceso y arranque sin llave)- Climatizador automático confort de 2 zonas- Portón del maletero de apertura y cierre eléctricos- Control de velocidad crucero con limitador de velocidad- Cuadro de instrumentos Digital ClusterDisplayde 10,2”- Audi smartphoneinterface compatible con Android Auto y Apple CarPlay- Llantas de aluminio fundido de 5 brazos dobles con neumáticos 235/55 R18- Asientos traseros con reglaje horizontal, reposabrazos central y porta bebidas- Volante de cuero en diseño de 3 radios con multifunción plus y levas de cambio- Sensores de estacionamiento delanteros y traseros con cámara de marcha atrás- Pantalla central color de 8,8” con tecnología touch y sistema de diálogo por voz- Luces diurnas, bajas y altas en tecnología LED; luces de giro y traseras incandescentes- Retrovisores exteriores con ajuste eléctrico y térmicos, espejo interior antideslumbrante.Concesionario Número #1 de la Argentina-- Tomamos todos los usados al mejor precio.-- Mejoramos cualquier oferta.Audi Buenos AiresAv. Juan B. Alberdi 53, CABA-- Esperamos tu consulta!El precio publicado no incluye gastos de flete, ni formularios ni gastos administrativos.Foto no contractual. Corresponde al modelo del titulo de la descripción. Equipamiento según versión. Precio puede variar sin previo aviso.Contactá a la tienda",tienda,1,150.0,,0
12040,6416,Kia,Sportage,2023.0,ex,Gris,Nafta,5.0,Automática secuencial,1.6,SUV,Sí,0.0,New Kia Sportage Ex 4x2 2025!,49000.0,US$,"NEOSTAR - Concesionario Oficial Jeep - Dodge - Ram - Chrysler - Nissan - Kia - Suzuki - Honda. Desde 1996 brindando asesoramiento de calidad a nuestros clientes.Encontranos en Rosario, Santa Fe (capital), Funes y Cañada de Gomez.Usados ExclusivosComercializamos mas de 90 usados mensuales. Todos nuestros vehículos se someten a un exhaustivo peritaje mecánico, cuentan con garantía junto con toda la documentación comprobada y lista para transferir por nuestros gestores.>>> Aceptamos permutas y compramos vehículos de todas las marcas",concesionaria,0,,,0
12088,7833,BAIC,X55,2024.0,ii luxury,Gris,Nafta,5.0,Automática,1.5,SUV,Sí,0.0,Baic X55 Ii Luxury Turbo - 2025 - Baic Palermo -,38900.0,US$,"PARA VER VIDEO DE LA UNIDAD LUEGO DE LA ÚLTIMA FOTO EN ESTE AVISO o BIEN SE LO ENVIAMOS.A NUESTROS CLIENTES Y POSIBLES CLIENTES NOTA:* NO compre Baic 0km en Agencias multimarcas o de otras marcas NO habilitadas.(evite dolores de cabeza con la Garantía).Solamente en CABA somos BAIC PALERMO. Único domicilio habilitado.Solamente en ZONA OESTE somos BAIC RAMOS MEJÍA. Único domicilio habilitado.Solamente en ZONA NORTE somos BAIC VICENTE LOPEZ. Único domicilio habilitado.7 AÑOS DE GARANTÍA AVALAN LA CALIDAD DE LA MARCA.PRECIO LISTA: U$S 40.900.- (Dolar estadounidense)BONIFICACION: - U$S 2.000.-VALOR SOLO CONTADO : U$S 38.900 o SU EQUIVALENTE EN PESOS.NUEVA X55 IIPresentamos el SUV más DEPORTIVO Y PREMIUM del mercado.MOTOR 1.5 – TURBO – 185 HP DE POTENCIA.CAJA DE 7 MARCHAS CON DOBLE EMBRAGUE (Prestación deportiva)310 NM.ACELERACIÓN DE 0 A 100/KM: 7.8 SegVELOCIDAD MÁXIMA: 220 KM/HMEDIDAS: Longitud 4.63 m / Ancho 1.88 m / Alto 1.68 mDISEÑO FUTURISTA / DE ALTA GAMA / DEPORTIVA"" El SUV más deportivo y Premium del mercado""La relación precio/producto es imbatible.EQUIPAMIENTO DESTACADO:* Llantas 19"" color Gris oscuras* Cámara 360° para visión delantera/trasera y lateral* Sensores de Estacionamiento* Portón trasero eléctrico con apertura medida* Faros Full Led en todo el vehículo* Apertura de puertas con manijas tipo ""Pop out"" eléctricas* Techo Panorámico con apertura y pivoteo con sensor autónomo de lluvia (cierra solo)* Volante Multifunción deportivo en cuero* Control Velocidad crucero adaptativo* Tablero íntegramente digital con múltiples funciones y formatos* Pantalla Central Multimedia (en español) con múltiples formatos de adaptaciones del vehículo y programaciones.* Conectividad Total con Mirror Link (muestra el celular en pantalla)* Freno de mano electrónico* Manejo Autónomo en tráfico pesado (conduce solo)* Estacionamiento Autónomo (estaciona solo)* 8 Air-bags* Control de Tracción y Estabilidad* Asistencia de Frenado* Frenado autónomo de emergencia* Asistencia de desvío de carril* Aviso de Punto Ciegoy más..BAIC PALERMO / BAIC MORÓN / BAIC VICENTE LOPEZENTREGA INMEDIATA CON UNIDADES EN SALÓN.TEST DRIVE DISPONIBLE (CON TURNO).ENTREGAS A DOMICILIO.------------------------------------------------------------------------------TOMAMOS VEHÍCULOS EN PARTE DE PAGOFINANCIACIÓN CON DNI HASTA EL 50% DEL VALOR DE LA UNIDAD.------------------------------------------------------------------------------7 RAZONES POR LA QUE CONFIAR EN BAIC:1) BAIC es marca Premium en China y en 48 países del Mundo.2) BAIC se encuentra en todas las provincias de Argentina y en 9 países deAmérica.3) BAIC es la única Automotriz socia de Mercedes Benz en el Mundo.4) BAIC es la única Automotriz Premium que ofrece 7 años de Garantía.5) BAIC NO es un vehículo económico Chino.6) BAIC es para el público que busca vehículos SUV DIFERENTES.7) BAIC es Diseño, Calidad, Confort, Equipamiento....y Esa Extraña sensación deFIDELIDAD.-----------------------------------------------------------------------------------* BAIC PALERMO - CASA CENTRAL -AV. CÓRDOBA 6102 - C.A.B.A. -- SERVICIO POST VENTAECHEVERRIA 1050 - C.A.B.A. -* BAIC RAMOS MEJÍA - ZONA OESTE -AV RIVADAVIA 14882 - RAMOS MEJÍA -SERVICIO POST VENTAECHEVERRIA 1050 - C.A.B.A. * BAIC VICENTE LOPEZ - ZONA NORTE -AV. LIBERTADOR 550 - VICENTE LOPEZ -- SERVICIO POST VENTAECHEVERRÍA 1050 - C.A.B.A. -NRO 1 EN VENTASBRINDANDO SERIEDAD Y PROFESIONALISMO A LA MARCA.CON GRAN IMPRONTA EN LA PRESENTACIÓN DE SUS MODELOS Y SEDES HOMOLOGADAS INTERNACIONALMENTE.",tienda,1,185.0,,0
12095,17067,BAIC,X35,2024.0,luxury,,Nafta,5.0,Manual,1.5,SUV,,0.0,BAIC X35 Luxury,27500.0,US$,BONIFICACION EXCLUSIVA PARA UNIDADES FISICAS PATENTADAS EN ABRILPOCAS UNIDADES!!,concesionaria,0,,,0
12100,14046,Toyota,Corolla Cross,2025.0,hev seg ecvt,Gris,Híbrido/Nafta,5.0,Automática,1.8,SUV,Sí,0.0,Toyota Corolla Cross 1.8 Hev Seg Ecvt,78000.0,US$,TOYOTA KANSAI - CASA CENTRALUNIDAD EQUIPADA CON BLINDAJE RB3 Y CUBIERTAS RUN FLATRESERVA TU CUPO EN LA CONCESIONARIA CON MAYOR DISPONIBILIDAD DE LA REDN°1 EN VENTAS POR 25 AÑOS CONSECUTIVOSMEJOR SERVICIO DE POSVENTA DE LA REDRECIBIMOS TU UNIDAD USADA COMO PARTE DE PAGOACEPTAMOS DÓLAR A LA MEJOR COTIZACIONFINANCIACION A TRAVES DE TOYOTA COMPANIA FINANCIERA EN CUOTAS FIJASY POR TOYOTA PLAN DE AHORROASESOR LOPEZ JUAN,tienda,0,,,0
12107,669,Hyundai,Tucson,2024.0,c/techo,Azul,Nafta,5.0,Automática,2.0,SUV,,0.0,Hyundai Tucson 2.0 C/techo,48000.0,US$,"***************** NUEVA TUCSON AUT 2.0 NAFTA *******************- ENTREGA INMEDIATA DE LA UNIDAD -CONTAMOS CON TEST DRIVE PARA QUE PUEDAS PROBAR TU PRÓXIMO 0 KM !!- TOMAMOS TODOS LOS VEHICULOS USADOS EN PARTE DE PAGO- TOMAMOS SU VEHICULO EN CONSIGNACION PARA QUE PUEDA LOGRAR MEJOR PRECIO DE TOMA- CONTAMOS CON FINANCIACIÓN--------------------------------------------------------------------------------------------------------------------------INTERNATIONAL MOTORS S.R.L. // Concesionario oficial Hyundai //Con más de 50 años de experiencia en la industria automotriz, brindando el mejor servicio acompañando y asesorando a nuestro clientes en todo el proceso de la compra del vehículo | Horarios de atención: Lunes a Viernes de 9:00hs a 18:30hs - Sábados, Domingos y Feriados: cerrado.",tienda,0,,,0
12120,2591,Mitsubishi,Outlander,2025.0,gls full 7 plazas,Gris,Nafta,5.0,Automática secuencial,2500.0,SUV,Sí,0.0,Mitsubishi Outlander 2.5 Gls At Full 7 Plazas,54500.0,US$,Mitsubishi Outlander 4WD 0KMEntregá hoy tu próximo SUV con la seguridad y tecnología japonesa que buscás.AutoSmart - Grupo DattoliConcesionario oficial con más de 15 años de trayectoria• Versión 4WD: tracción integral inteligente para un manejo seguro en todo tipo de caminos• Diseño sofisticado y amplio espacio interior• Motor eficiente y potente con excelente confort de marcha• Tecnología avanzada en seguridad y asistencia a la conducciónEntrega inmediata | Colores a elección | Financiación a medida | Tomamos tu usado en parte de pagoConsultanos y coordiná tu prueba de manejo hoy mismo. ¡No te quedes sin la tuya!,tienda,0,,,0
12125,7133,BMW,X3,2025.0,xdrive 20i xline,Plateado,Nafta,5.0,Automática,2.0,SUV,,0.0,BMW X3 2.0 Xdrive 20I Xline 208Cv,92900.0,US$,BMW X3 20 XDrive 2025 Linea NuevaBremen Motors Palermo,tienda,0,208.0,,0
12129,687,Audi,Q5,2025.0,45 stronic quattro,Negro,Híbrido/Nafta,5.0,Automática secuencial,2.0,SUV,Sí,0.0,Audi Q5 Audi Q5 45 TFSI STRONIC QUATTRO 245 CV,86000.0,US$,"QUIPAMIENTO DESTACADO DE SERIEAudi drive selectAudi virtual cockpit plusAudi smartphone interfaceControl de velocidad cruceroLuces delanteras y traseras LEDTracción en las cuatro ruedas: quattroNueva motorización naftera con hibridación ligera (MHEV)Pantalla central con tecnología touch y MMI Navegación plusRetrovisores exteriores abatibles, térmicos y antideslumbrantesLlantas diseño turbina de 5 brazos con neumáticos 235/60 R18Sensores de estacionamiento delanteros y traseros con cámara de retrocesoAcceso y arranque sin llave con apertura y cierre eléctricos del portón traseroAsientos delanteros eléctricos tapizados en combinación cuero / cuero sintéticoAviso de cambio de carril ( NEW )Audi presense rear ( NEW )Control crucero adaptativo con frenado de emergencia ( NEW )Aviso de salida de carril ( NEW )COLORES DISPONIBLES:- Negro Mythos- Gris ManhattanEl precio publicado no incluye gastos de flete, ni formularios ni gastos administrativos",tienda,1,245.0,,0
12162,17671,Audi,Q7,2025.0,55 sline quattro,,Nafta,5.0,Automática,3.0,SUV,,0.0,Audi Q7 55 TFSI SLine Quattro,155006.0,US$,"Somos Espasa Exclusivos, Concesionario Audi Oficial.Consultá todos los vehículos de la Marca Audi y las últimas novedades respecto a nuestros productos. Tomamos tu usado al mejor precio.Ofertas exclusivas del mes. Disponibilidad de colores y VARIOS MODELOS CON DIFERENTES OPCIONALES.Opción  TEST DRIVE para algunos modelos. Contamos con un equipo de asesores comerciales que te brindarán toda la información de manera online mediante WhatsApp o llamado telefónico. Podrás además coordinar con ellos una videollamada para ver nuestras unidades si así lo quisieras y recibir info del vehículo.A su vez, podremos de manera digital. configurar tu Audi junto a vos mediante una navegación 3D para que puedas ver los diferentes opcionales de cada modelo.Subite a tu Audi con la mejor propuesta comercial y asesoramiento.Espasa Exclusivos Audi",tienda,1,,,0
12194,12734,Mercedes-Benz,Clase GLA,2025.0,gla200 progressive,Plateado,Nafta,5.0,Automática,1.3,SUV,,0.0,Mercedes-Benz Clase GLA 1.3 Gla200 Progressive 163Cv,65000.0,US$,UNIDAD ENTREGA INMEDIATAAÑO 2025DOLARES BILLETE.FINANCIACIÓN DIRECTA CON CHEQUES PROPIOS O POR MEDIO DE MERCEDES-BENZ FINANCIERACONSULTE FORMAS DE PAGO.CONCESIONARIO OFICIAL MERCEDES-BENZACC OESTE Y RUTA 23 MORENO Bs. AsJUAN 1164336062GABRIELA 1162576262,concesionaria,0,163.0,,0
12212,13171,Audi,Q7,2025.0,55 s-line quattro,Gris,Nafta,5.0,Automática,3.0,SUV,Sí,0.0,Audi Q7 3.0 55 Tfsi S-line Quattro,151900.0,US$,"Entrega inmediataConcesionario Número #1 de la Argentina-- Tomamos todos los usados al mejor precio.-- Mejoramos cualquier oferta.Audi Buenos AiresAv. Juan B. Alberdi 53, CABA-- Esperamos tu consulta!""El precio publicado corresponde a un pago de contado"" *No incluye gastos de flete, ni formularios ni gastos administrativos.Foto no contractual. Corresponde al modelo del titulo de la descripción. Equipamiento según versión. Precio puede variar sin previo aviso.",tienda,1,,,0
12256,4624,BMW,X1,2024.0,xdrive 25i xline,Blanco,Nafta,5.0,Manual,2.0,SUV,,0.0,BMW X1 2.0 Xdrive 25i Xline 231cv,82000.0,US$,"BMW X1 2.0 XDRIVE PACK M4 x 4UNIDAD 0 KM PATENTADAAÑO 2024COLOR BLANCO PERLADOEQUIPAMIENTO FULL CON ACCESORIOS MVENDO SOLO DE CONTADONO PERMUTO-NO FINANCIONO ME INTERESAN OFERTAS,NI PROPIEDADES",concesionaria,0,231.0,,0
12262,7097,Audi,Q7,2025.0,tiptronic quattro,Plateado,Nafta,5.0,Automática,3.0,SUV,,0.0,Audi Q7 3.0 Tfsi 333cv Tiptronic Quattro,153900.0,US$,"Q7 55 TFSI Quattro55 TFSI corresponde a un motor 3.0 TFSI de 340 cvcon los siguientes adicionales;	 - PHONE BOX- CARCASAS DE RETROVISORES EXTERIORES EN NEGRO- LLANTAS DE 5 RADIOS DOBLES, GRIS GRAFITO, TORNEADO BRILLANTE 285/45 R20 - PAQUETE DE óPTICA NEGRO- Tercera fila de asientos- adaptive air suspension- Audi virtual cockpit plus- Techo corredizo panorámico- Bose Premium Sound System 3D- MMI Navegación plus con MMI touch response- Tracción quattro con diferencial central autoblocante- Paquete exterior deportivo S line con spoiler de techo- Luces Matrix LED con intermitentes dinámicos y lavafaros- Asientos tapizados en combinación Cuero / Cuero sintético- Climatizador automático de confort de 4 zonas con panel trasero- Llantas de aleación ligera de 5 radios en V con neumáticos 255/55 R19- Cámaras delantera, trasera y en cada lateral para monitoreo del entorno- Audi smartphone interface compatible con Android Auto y Apple CarPlay- Q7 V6 TFSI homologado como Híbrido de 48V (Mild Hybrid Electric Vehicle)- Audi pre sense front, Audi pre sense rear y aviso de salida involuntaria de carril- Llave confort (acceso y arranque) con desbloqueo del portón trasero por sensor- Asientos delanteros calefaccionados, eléctricos y con memoria para el conductor- Control de crucero adaptativo ACC con limitador, asistente de eficiencia, esquiva y giro- Aviso de cambio de carril con aviso de peligro al bajar y asistente para el tráfico transversal traseroConcesionario Número #1 de la Argentina-- Tomamos todos los usados al mejor precio.-- Mejoramos cualquier oferta.Audi Buenos AiresAv. Juan B. Alberdi 53 CABA-- Esperamos tu consulta!El precio publicado no incluye gastos de flete, ni formularios ni gastos administrativos.Foto no contractual. Corresponde al modelo del titulo de la descripción. Equipamiento según versión. Precio puede variar sin previo aviso",tienda,1,333.0,,0
12264,7521,Alfa Romeo,Stelvio,2024.0,q4 veloce,Rojo,Nafta,5.0,Automática,2.0,SUV,,0.0,Alfa Romeo Stelvio 2.0 280cv At Q4 Veloce,86000.0,US$,Alfa Romeo Stelvio Veloce 2.0T 280cv Q4 - Año Modelo 2024 - 0km - • Color Rosso Alfa Máximo equipamiento. Maximos niveles de seguridad y asistencias para la conducción La mejor garantía del mercado con 5 años desde su PatentamientoAlfa Romeo Giulia y Stelvio son elegidos por la Scuderia Ferrari de Fórmula 1 como los vehículos oficiales de traslado para sus pilotos y personal del equipo más importante del mundo.Unidades físicas - Entrega inmediataJavier Barbieri - Asesor Comercial Alfa Romeo Argentina - 1161172684Nueva sucursal PILAR Panamericana km47,concesionaria,1,280.0,,0
12275,7875,Audi,Q5,2024.0,45 sport,Gris,Nafta,5.0,Automática,2.0,SUV,Sí,0.0,Audi Q5 2.0 45 Tfsi Sport 252cv,85000.0,US$,"Audi Q5 Advanced 45 TFSI 0km 202445 TFSI corresponde a motor 2.0 TFSI de 252CVUnidades fisicas en stock tocables, con certificado para patentar.Podes retirar en cualquiera de nuestras sucursales-Quilmes-La PlataO te enviamos tu auto a tu domicilio.Tomamos permutas al mejor precioMejoramos cualquier presupuestoAudi Drive SelectAudi virtual cockpit plusAudi smartphone interfaceTecho corredizo panorámicoControl de velocidad cruceroLuces delanteras y traseras LEDTracción en las cuatro ruedas: quattroNueva motorización naftera con hibridación ligera (MHEV)Pantalla central con tecnología touch y MMI Navegación plusAsientos deportivos tapizados en combinación cuero / cuero sintético Llantas 19”Llantas de 5 brazos dobles, gris grafito, torneado brillante, 235/55 R19Sensores de estacionamiento delanteros y traseros con cámara de retrocesoAcceso y arranque sin llave con apertura y cierre eléctricos del portón traseroRetrovisores exteriores abatibles, térmicos, antideslumbrantes, con memoriasAsientos delanteros calefaccionados, eléctricos, apoyo lumbar, memoria conductorEl precio publicado no incluye gastos de flete, ni formularios ni gastos administrativos.Mejoramos cualquier oferta de contado",tienda,1,252.0,,0
12290,1753,BMW,X2,2024.0,xdrive20i msport,Gris,Nafta,5.0,Automática,2.0,SUV,,0.0,BMW X2 2.0 Xdrive20I Msport,88000.0,US$,Concesionario Oficial Santos BMW Pilar.Nuevo X2 20i Xdrive. M,concesionaria,0,,,0
12294,13393,BMW,X1,2025.0,18i okm 2025,Blanco,Nafta,5.0,Automática,,SUV,,0.0,Bmw X1 18i Okm 2025 - No Audi Q3 Ni Mercedes Gla,65000.0,US$,"BMW X1 18i Xline Okm 2025( Somos concesionario oficial BMW )Versión full - LINEA NUEVA 20254x2 - 140 cv TurboLa más esperada del añoTablero curvoLa versión full agrega doble techo + asiento eléctrico + Llanta deportivaColores disponibles: Blanca / negra / azulPrecio Lista / Permuta u$s 69.900 dólaresPrecio Contado Efectivo u$s 65.000 dólares• TOMA DE USADOS:Deberá mandarnos por whatsapp :Fotos - Km - Año - Versión - Estado de neumáticosEl usado puede ser de cualquier marcaLa toma del usado se hace sobre el precio de listaDesde el botón WHATSAPP se contacta inmediatamente.•Respondermos su consulta por whatsapp en el momento •Concesionario oficial BMWMisael Ferrer+ Aceptamos Transferencia en Pesos o Dólares ++ Cuentas bancarias en todos los bancos +• Bell Motors - Concesionario oficial BMW •Compre tranquilo, compre en concesionario oficial• ATENCIÓN PERSONALIZADA• DOCUMENTACIÓN AL DÍA Y LISTA PARA PATENTARContamos con Administración y GestoríaEspecificaciones del vehículo:Motor 3 cilindros / 140 hpTransmisión Caja de cambios automática de 7 velocidades con tecnología de embrague doble y aplicación más deportivaTracción 4x2Tanque de gasolina 51 litrosRendimiento Combinado: 6.0 LEquipamiento exteriorDoble techo eléctrico panorámicoLlantas de aleación ligera de 18 pulgadasNeumáticos de emergenciaPaquete de espejos retrovisores exteriores plegablesAccionamiento automático del portón traseroCámara para marcha atrásPaquete de retrovisores interior y exterioresSensores de estacionamiento delanteros y traserosAcceso confort: no necesita llave para abrir y cerrar las puertasEl portón trasero se abre pasando el píe por debajo del paragolpes.Estaciona completamente sólo paralelo o perpendicular.Asistente de luz de carreteraEquipamiento interiorCargador inalámbrico para el celularVolante multifuncionalAlfombrillas de veloursRetrovisor interior, con ajuste automático anti-deslumbramientoReposabrazos delanteroAsientos deportivos para conductor eléctrico con memoriaPaquete de compartimentosClimatizador automático bi zonaPaquete de iluminación exterior e interiorVolante deportivo de cueroTapizado de cuero microperforadoComunicación y entretenimientoApple CarPlay y Android auto incluidos de fábricaAppsSeguridadTornillos antirrobo para las llantasDispositivo de alarmaIluminación y visibilidadFaros LED con contenido ampliado adaptativoAsistencia a la conducciónCaja de cambios Steptronic Sport con doble embragueControl de crucero con función de frenadoPantalla táctil curva de de 11 pulgadas",concesionaria,1,140.0,,0
12332,9032,Audi,Q3 Sportback,2025.0,40tfsi quattro,Gris,Nafta,5.0,Automática,2.0,SUV,Sí,0.0,Audi Q3 Sportback 2.0 40Tfsi Quattro 190Cv,85000.0,US$,"AUDI NORDEN S.A.PUBLICACION VIGENTE !!!LA UNIDAD SE ENCUENTRA EN STOCK !!!AGUARDAMOS SU CONSULTA PARA ASESORARLO EN LA MODALIDAD DE ADQUIRIRLA !!!DETALLE DE MODELO:AUDI Q3 SPORTBACK S LINE 180CV 40 2.0 TFSI 2025 0KM.STOCK: * Unidad física con entrega inmediata posterior al patentamiento.PRECIO: EL PRECIO DE LA UNIDAD ES EL PUBLICADO COMO OFERTA DE CONTADONO INCLUYE GASTOS ADMINISTRATIVOS, FORMULARIOS O PATENTAMIENTO",tienda,1,190.0,,0
12349,9557,Volkswagen,Nivus,2025.0,,Gris,Nafta,5.0,Manual,1.0,SUV,,0.0,Volkswagen Nivus 1.0 Tsi 170 Mt,25500.0,US$,"¡Unidad en stock! | AUTOBILIARIA* Tomamos tu usado en parte de pago* Contado* Financiación* Servicio de gestoría¡Consultanos todas tus dudas, estamos para asesorarte!18 años de experiencia en el mercado!Instagram @autobiliaria| El valor es de la unidad, no incluye transferencia.",concesionaria,1,,,0
12446,10720,Hyundai,Creta,2025.0,facelift safety plus,Plateado,Nafta,5.0,Automática,1.5,SUV,Sí,0.0,New Creta Facelift 1.5 At Safety +. Precio Lanzamiento,35000.0,US$,New Creta Facelift Safety Plus Entrega Inmediata! Precio Lanzamiento!!! Colores a Elección,concesionaria,0,,,0
12465,12693,Honda,HR-V,2025.0,lx,Blanco,Nafta,5.0,Automática,1.5,SUV,,0.0,Honda HR-V 1.5 Lx Cvt 2Wd,35200.0,US$,El vendedor no incluyó una descripción del producto,concesionaria,0,,4x2,0
12466,6354,BAIC,X55,2023.0,ii luxury,Rojo,Nafta,5.0,Automática,1.5,SUV,Sí,0.0,Baic X55 Ii Luxury Turbo - 2025 - Baic Vicente Lopez -,38900.0,US$,"PARA VER VIDEO DE LA UNIDAD LUEGO DE LA ÚLTIMA FOTO EN ESTE AVISO o BIEN SE LO ENVIAMOS.A NUESTROS CLIENTES Y POSIBLES CLIENTES NOTA:* NO compre Baic 0km en Agencias multimarcas o de otras marcas NO habilitadas.(evite dolores de cabeza con la Garantía).Solamente en CABA somos BAIC PALERMO. Único domicilio habilitado.Solamente en ZONA OESTE somos BAIC MORÓN. Único domicilio habilitado.Solamente en ZONA NORTE somos BAIC VICENTE LOPEZ. Único domicilio habilitado.7 AÑOS DE GARANTÍA AVALAN LA CALIDAD DE LA MARCA.PRECIO LISTA: U$S 40.900.- (Dolar estadounidense)BONIFICACION: - U$S 2.000.-VALOR SOLO CONTADO : U$S 38.900 o SU EQUIVALENTE EN PESOS.NUEVA X55 IIPresentamos el SUV más DEPORTIVO Y PREMIUM del mercado.MOTOR 1.5 – TURBO – 185 HP DE POTENCIA.CAJA DE 7 MARCHAS CON DOBLE EMBRAGUE (Prestación deportiva)310 NM.ACELERACIÓN DE 0 A 100/KM: 7.8 SegVELOCIDAD MÁXIMA: 220 KM/HMEDIDAS: Longitud 4.63 m / Ancho 1.88 m / Alto 1.68 mDISEÑO FUTURISTA / DE ALTA GAMA / DEPORTIVA"" El SUV más deportivo y Premium del mercado""La relación precio/producto es imbatible.EQUIPAMIENTO DESTACADO:* Llantas 19"" color Gris oscuras* Cámara 360° para visión delantera/trasera y lateral* Sensores de Estacionamiento* Portón trasero eléctrico con apertura medida* Faros Full Led en todo el vehículo* Apertura de puertas con manijas tipo ""Pop out"" eléctricas* Techo Panorámico con apertura y pivoteo con sensor autónomo de lluvia (cierra solo)* Volante Multifunción deportivo en cuero* Control Velocidad crucero adaptativo* Tablero íntegramente digital con múltiples funciones y formatos* Pantalla Central Multimedia (en español) con múltiples formatos de adaptaciones del vehículo y programaciones.* Conectividad Total con Mirror Link (muestra el celular en pantalla)* Freno de mano electrónico* Manejo Autónomo en tráfico pesado (conduce solo)* Estacionamiento Autónomo (estaciona solo)* 8 Air-bags* Control de Tracción y Estabilidad* Asistencia de Frenado* Frenado autónomo de emergencia* Asistencia de desvío de carril* Aviso de Punto Ciegoy más..BAIC PALERMO / BAIC MORÓN / BAIC VICENTE LOPEZENTREGA INMEDIATA CON UNIDADES EN SALÓN.TEST DRIVE DISPONIBLE (CON TURNO).ENTREGAS A DOMICILIO.------------------------------------------------------------------------------TOMAMOS VEHÍCULOS EN PARTE DE PAGOFINANCIACIÓN CON DNI HASTA EL 50% DEL VALOR DE LA UNIDAD.------------------------------------------------------------------------------7 RAZONES POR LA QUE CONFIAR EN BAIC:1) BAIC es marca Premium en China y en 48 países del Mundo.2) BAIC se encuentra en todas las provincias de Argentina y en 9 países deAmérica.3) BAIC es la única Automotriz socia de Mercedes Benz en el Mundo.4) BAIC es la única Automotriz Premium que ofrece 7 años de Garantía.5) BAIC NO es un vehículo económico Chino.6) BAIC es para el público que busca vehículos SUV DIFERENTES.7) BAIC es Diseño, Calidad, Confort, Equipamiento....y Esa Extraña sensación deFIDELIDAD.-----------------------------------------------------------------------------------* BAIC PALERMO - CASA CENTRAL -AV. CÓRDOBA 6102 - C.A.B.A. -- SERVICIO POST VENTAECHEVERRIA 1050 - C.A.B.A. -* BAIC RAMOS MEJIA - ZONA OESTE -AV. RIVADAVIA 14.882 - RAMOS MEJIA -SERVICIO POST VENTAECHEVERRIA 1050 - C.A.B.A. -* BAIC VICENTE LOPEZ - ZONA NORTE -AV. LIBERTADOR 550 - VICENTE LOPEZ -- SERVICIO POST VENTAECHEVERRÍA 1050 - C.A.B.A. -NRO 1 EN VENTASBRINDANDO SERIEDAD Y PROFESIONALISMO A LA MARCA.CON GRAN IMPRONTA EN LA PRESENTACIÓN DE SUS MODELOS Y SUS SEDES HOMOLOGADAS INTERNACIONALMENTE.",tienda,1,185.0,,0
12489,12813,Kia,Seltos,2024.0,lx,Gris,Nafta,5.0,Automática,1.5,SUV,,0.0,Kia Seltos 1.5 Lx Cvt,39000.0,US$,El vendedor no incluyó una descripción del producto,concesionaria,0,,,0
12657,11029,Audi,q5 sportback,2024.0,45tfsi quattro s tronic s-line,Gris,Nafta,5.0,Automática,2.0,SUV,Sí,0.0,Audi q5 sportback 2.0 45Tfsi Quattro S Tronic S-Line 245Cv,102000.0,US$,"AUDI DIETRICH EXCLUSIVOSQ5 SPORTBACK SLINE 45TFSI MYLD HIBRIDColor: Gris Cronos MetalizadoOpcionales: Portabebidas climatizado - Carga inalámbrica de celular - Lavafaros - Parasoles delante, desplazables - Apoyacabezas variables para los asientos delanteros - Apoyo lumbar, ajuste neumático con función de masaje para los asientos delanteros.Equipamiento destacado de serie:› Audi virtual cockpit plus› Tren de rodaje deportivo› Acceso y arranque sin llave› Techo corredizo panorámico› Control de velocidad crucero› Paquetes interior y exterior S line› Luces delanteras y traseras 100% LED› Audi phone box y Audi smartphone interface› MMI Navegación plus con pantalla central touch› Tapizados en combinación microfibra / cuero con grabado “S”› Volante de cuero, deportivo, 3 radios, achatado, multifunción, con levas› Asientos deportivos calefaccionados, eléctricos, con memoria para el conductor› Sensores de estacionamiento delanteros y traseros con cámara de marcha atrás› Llantas Audi Sport de 5 radios en V, negro antracita, torneado brillante, 255/45 R20Opcionales: Portabebidas climatizado - Carga inalámbrica de celular - Lavafaros - Parasoles delante, desplazables - Apoyacabezas variables para los asientos delanteros - Apoyo lumbar, ajuste neumático con función de masaje para los asientos delanteros.El precio publicado no incluye gastos de Flete, ni Formularios ni gastos administrativos.El precio publicado corresponde a un pago de contado.* TOMAMOS USADOS*AUDI DIETRICH EXCLUSIVOS",concesionaria,1,245.0,,0
12706,17971,Volkswagen,Nivus,2025.0,200 comfortline,Blanco,Nafta,5.0,Automática,1.0,SUV,Sí,0.0,Volkswagen Nivus 1.0 Tsi 200 Comfortline,22100.0,US$,"Nivus 1.0T Comfortline AtSE PUEDE FINANCIAR CON ANTICIPO DESDE 5 MILLONES Y CUOTAS.Caja automáticaCarPlay inalambricoVelocidad cruceroTira Led completa baul (línea nueva)Llantas en negroCamara de retroceso++ El precio publicado es un ANTICIPO, por financiación. ++>> Valor contado US$25.800 <<ACEPTAMOS DOLAR, EURO, CRIPTO, PAYPAL ETCValor permuta / financiación +5%",concesionaria,1,,,1
12721,10759,Audi,Q8,2025.0,55 quattro,Negro,Nafta,5.0,Automática,3.0,SUV,Sí,0.0,Audi Q8 3.0 55 Tfsi Quattro,189000.0,US$,El vendedor no incluyó una descripción del producto,concesionaria,1,,,0
12754,6272,Kia,Sportage,2024.0,ex x-line t-gdi,Gris,Nafta,5.0,Automática,1.6,SUV,,0.0,Kia Sportage 1.6 Ex X-Line T-Gdi Awd,66300.0,US$,La tienda no incluyó una descripción del producto,tienda,0,,4x4,0
12782,4481,Chery,Tiggo 4 Pro,2025.0,luxury,Plateado,Nafta,5.0,Automática,1.5,SUV,,0.0,Chery Tiggo 4 Pro 1.5T Luxury Cvt,29500.0,US$,SOMOS CONCESIONARIO OFICIAL!!!MOTOR 1.5 TURBO DE 147CV!!!CAMARA 360º!!!CARGADOR INALAMBRICO DE CELULAR!!!GARANTIA DE 5 AÑOS O 150.000KM!!!RECIBIMOS TU USADO!!!FINANCIACION BANCARIA!!! NO DUDES EN CONSULTAR!!!,concesionaria,1,147.0,,0
12814,13828,Kia,Seltos,2025.0,lx,Gris,Nafta,5.0,Automática,1.5,SUV,Sí,0.0,Kia Seltos 1.5 Lx Cvt,36000.0,US$,"KIA - Exclusivos. (Somos concesionario oficial KIA)Unidad con entrega inmediataEl mejor precio de contadoTomamos tu usado5 años o 100.000 km de garantíaMejoramos cualquier cotización oficial del mercadoNo dudes en consultarnosEl vehículo esta sin rodar, es un 0kmEl número es de contado",concesionaria,0,,,0
12903,8533,Audi,Q2,2025.0,35 advanced,Blanco,Nafta,5.0,Automática,1.5,SUV,,0.0,Audi Q2 1.5 35 Tfsi Advanced 150 Cv,50700.0,US$,Audi Q2 Advanced 35 Modelo 2025Entrega Asegurada Colores Disponibles Gris Manhattan Negro Mytho Blanco glaciar Javier 1161172684,concesionaria,1,150.0,,0
12938,9160,Audi,q5 sportback,2024.0,45tfsi quattro s tronic advanced,Negro,Nafta,5.0,Automática,2.0,SUV,,0.0,Audi q5 sportback 2.0 45Tfsi Quattro S Tronic Advanced 245Cv,90800.0,US$,"q5 sportback 45 TFSI corresponde a motor 2.0 de 245 CVAudi Drive SelectAudi virtual cockpit plusAudi smartphone interfaceTecho corredizo panorámicoControl de velocidad cruceroLuces delanteras y traseras LEDTracción en las cuatro ruedas: quattroNueva motorización naftera con hibridación ligera (MHEV)Pantalla central con tecnología touch y MMI Navegación plusAsientos deportivos tapizados en combinación cuero / cuero sintético Llantas 19”Llantas de 5 brazos dobles, gris grafito, torneado brillante, 235/55 R19Sensores de estacionamiento delanteros y traseros con cámara de retrocesoAcceso y arranque sin llave con apertura y cierre eléctricos del portón traseroRetrovisores exteriores abatibles, térmicos, antideslumbrantes, con memoriasAsientos delanteros calefaccionados, eléctricos, apoyo lumbar, memoria conductorCambio de línea: › Línea Advanced vs. Línea Sport.Concesionario Número #1 de la ArgentinaTomamos todos los usados al mejor precio.Mejoramos cualquier oferta.Audi Buenos AiresAv. Juan B. Alberdi 53, CABA-- Esperamos tu consulta!El precio publicado no incluye gastos de flete, ni formularios ni gastos administrativos.Foto no contractual. Corresponde al modelo del titulo de la descripción. Equipamiento según versión. Precio puede variar sin previo aviso",tienda,1,245.0,,0
12945,16336,BAIC,X55,2025.0,plus,Gris,Nafta,5.0,Automática,,SUV,Sí,0.0,BAIC X55 Plus,44900.0,US$,BAIC X55 PLUSENTREGA INMEDIATALA SUV SEGMENTO C MAS EQUIPADA DEL MERCADO,concesionaria,1,,,0
13002,12611,BAIC,X55,2024.0,beijing,Blanco,Nafta,5.0,Automática,,SUV,Sí,0.0,Baic X55 Beijing 0 Km - Juan Manuel Autos,36950.0,US$,"NUEVA BAIC X55 BEINJING 1.5T AUT 0 KM NAFTA FULL FULL CON CUERO TECHO, INMACULADA!!!! FINANCIO Y/O PERMUTOCONSULTAR COLOR DISPONIBLE EN ESTE MOMENTO. COORDINAR CITA PREVIA Y CONSULTAS POR MENSAJE DE WHATSAPP",concesionaria,1,,,0
13107,5370,BMW,X1,2025.0,18i sdrive xline,,Nafta,5.0,Manual,2.0,SUV,,0.0,BMW X1 X1 18i Sdrive xLine,62900.0,US$,El vendedor no incluyó una descripción del producto,concesionaria,0,,,0
13138,6276,BAIC,X55,2024.0,beijing,Blanco,Nafta,5.0,Automática,,SUV,Sí,0.0,Baic X55 Beijing 0 Km - Juan Manuel Autos,36950.0,US$,"NUEVA BAIC X55 BEINJING 1.5T AUT 0 KM NAFTA FULL FULL CON CUERO TECHO, INMACULADA!!!! FINANCIO Y/O PERMUTOCONSULTAR COLOR DISPONIBLE EN ESTE MOMENTO. COORDINAR CITA PREVIA Y CONSULTAS POR MENSAJE DE WHATSAPP",concesionaria,1,,,0
13144,16653,Audi,Q3,2025.0,stronic,Gris,Nafta,5.0,Automática,1.4,SUV,Sí,0.0,Audi Q3 1.4 Tfsi Stronic 150 Cv,55900.0,US$,"AUDI Q3 35 TFSI SPORT 150cv35 TFSI corresponde a motor 1.4 TFSI de 150cvColor: Gris Cronos Metalizado- Audi drive select- Audi soundsystem- Techo corredizo panorámico- Asientos tapizados en Leatherette- Confort Key(acceso y arranque sin llave)- Climatizador automático confort de 2 zonas- Portón del maletero de apertura y cierre eléctricos- Control de velocidad crucero con limitador de velocidad- Cuadro de instrumentos Digital ClusterDisplayde 10,2”- Audi smartphoneinterface compatible con Android Auto y Apple CarPlay- Llantas de aluminio fundido de 5 brazos dobles con neumáticos 235/55 R18- Asientos traseros con reglaje horizontal, reposabrazos central y porta bebidas- Volante de cuero en diseño de 3 radios con multifunción plus y levas de cambio- Sensores de estacionamiento delanteros y traseros con cámara de marcha atrás- Pantalla central color de 8,8” con tecnología touch y sistema de diálogo por voz- Luces diurnas, bajas y altas en tecnología LED; luces de giro y traseras incandescentes- Retrovisores exteriores con ajuste eléctrico y térmicos, espejo interior antideslumbrante.Concesionario Número #1 de la Argentina-- Tomamos todos los usados al mejor precio.-- Mejoramos cualquier oferta.Audi Buenos AiresAv. Rivadavia 4751, CABAAv. Juan B. Alberdi 53, CABA-- ¡Esperamos tu consulta!El precio publicado no incluye gastos de Flete, ni Formularios ni gastos administrativos.Foto no contractual. Corresponde al modelo del titulo de la descripción. Equipamiento según versión. Precio puede variar sin previo aviso.El precio publicado corresponde a un pago de contado en PESOS y/o DÓLARES.NS",tienda,1,150.0,,0
13177,12201,Hyundai,Tucson,2025.0,c/techo,Azul,Nafta,5.0,Automática,2.0,SUV,,0.0,Hyundai Tucson 2.0 C/techo,48000.0,US$,"en el video esta la pidieron con tapizado de cuero, y tablero beigeel tablero viene negro, y el tapizado es de pana",concesionaria,0,,,0
13189,3453,BAIC,X55,2024.0,luxury,Rojo,Nafta,5.0,Automática,1.5,SUV,Sí,0.0,Baic X55 Ii,39700.0,US$,"ENTREGA INMEDIATA!7 AÑOS DE GARANTÍA AVALAN LA CALIDAD DE LA MARCA.PRECIO LISTA: U$S 39.500.- (Dolar estadounidense)NUEVA X55 IIPresentamos el SUV más DEPORTIVO Y PREMIUM del mercado.MOTOR 1.5 – TURBO – 185 HP DE POTENCIA.CAJA DE 7 MARCHAS CON DOBLE EMBRAGUE (Prestación deportiva)310 NM.ACELERACIÓN DE 0 A 100/KM: 7.8 SegVELOCIDAD MÁXIMA: 220 KM/HMEDIDAS: Longitud 4.63 m / Ancho 1.88 m / Alto 1.68 mDISEÑO FUTURISTA / DE ALTA GAMA / DEPORTIVA"" El SUV más deportivo y Premium del mercado""La relación precio/producto es imbatible.EQUIPAMIENTO DESTACADO:* Llantas 19"" color Gris oscuras* Cámara 360° para visión delantera/trasera y lateral* Sensores de Estacionamiento* Portón trasero eléctrico con apertura medida* Faros Full Led en todo el vehículo* Apertura de puertas con manijas tipo ""Pop out"" eléctricas* Techo Panorámico con apertura y pivoteo con sensor autónomo de lluvia (cierra solo)* Volante Multifunción deportivo en cuero* Control Velocidad crucero adaptativo* Tablero íntegramente digital con múltiples funciones y formatos* Pantalla Central Multimedia (en español) con múltiples formatos de adaptaciones del vehículo y programaciones.* Conectividad Total con Mirror Link (muestra el celular en pantalla)* Freno de mano electrónico* Manejo Autónomo en tráfico pesado (conduce solo)* Estacionamiento Autónomo (estaciona solo)* 8 Air-bags* Control de Tracción y Estabilidad* Asistencia de Frenado* Frenado autónomo de emergencia* Asistencia de desvío de carril* Aviso de Punto CiegoCONSULTE POR DISPONIBILIDAD DE COLOR!",concesionaria,1,185.0,,0
13193,2071,BMW,X1,2023.0,sdrive 18i active,Plateado,Nafta,5.0,Manual,2.0,SUV,,0.0,BMW X1 2.0 Sdrive 18i Active,65900.0,US$,"Desde BMW AutoPremier tenemos para ofrecerte una BMW X1 Sdrive 18i Automatica en excelente estado.Por favor con el fin de brindarte una buena atención, te invitamos a coordinar una cita previamente y así asegurarnos que la unidad de tu interés esté lista y preparada en nuestro salón.Nuestros horarios de atención son de lunes a viernes de 9:00 a 19:00hs y sábados de 10:00 a 14:00hs.Antes cualquier duda o comentario quedamos a tu entera disposición.",tienda,0,,,0
13202,12732,Audi,Q5,2025.0,45 advanced,Gris,Híbrido/Nafta,5.0,Automática,2.0,SUV,,0.0,Audi Q5 2.0 45 Tfsi Advanced 252Cv,77800.0,US$,"Audi Q5 45 TFSI Advanced45 TFSI corresponde a motor 2.0 de 245 cv› Audi drive select› Audi virtual cockpit plus› Audi smartphone interface› Control de velocidad crucero› Luces delanteras y traseras LED› Tracción en las cuatro ruedas: quattro› Nueva motorización naftera con hibridación ligera (MHEV)› Pantalla central con tecnología touch y MMI Navegación plus› Retrovisores exteriores abatibles, térmicos y antideslumbrantes› Llantas diseño turbina de 5 brazos con neumáticos 235/60 R18› Sensores de estacionamiento delanteros y traseros con cámara de retroceso› Acceso y arranque sin llave con apertura y cierre eléctricos del portón trasero› Asientos delanteros eléctricos tapizados en combinación cuero / cuero sintéticoConcesionario Número #1 de la Argentina-- Tomamos todos los usados al mejor precio.-- Mejoramos cualquier oferta.Audi Buenos AiresAv. Rivadavia 4751, CABAAv. Juan B. Alberdi 53, CABA-- Esperamos tu consulta!El precio publicado no incluye gastos de flete, ni formularios ni gastos administrativos.Foto no contractual. Corresponde al modelo del titulo de la descripción. Equipamiento según versión. Precio puede variar sin previo aviso.",tienda,1,252.0,,0
13206,2920,Hyundai,Creta,2025.0,safety,Gris,Nafta,5.0,Automática,1.6,SUV,,0.0,Hyundai Creta 1.6 At Safety,31500.0,US$,UNIDAD FÍSICA EN EL SALÓN. 0KM A PATENTAR. TOMO PERMUTAS. FINANCIO. NO DUDES EN CONSULTAR!,concesionaria,0,,,0
13227,514,BMW,X3,2025.0,m50,Blanco,Nafta,5.0,Automática,3.0,SUV,Sí,0.0,Bmw X3 M50,137900.0,US$,"Somos Sergio Trepat Automóviles, Concesionario Oficial BMW Nº1 en ventas, nos especializamos en ofrecer la mejor calidad en servicio y atención al cliente.La unidad publicada es un BMW X3 M50 0km 2025.Para obtener más información de nuestros vehículos y novedades, te esperamos en Av. del Libertador 450 - Vicente López, de Lunes a Viernes de 9:30 a 19:00 hs y Sábado de 9:30 a 13:00 hs.",tienda,0,,,0
13260,2720,Kia,Sportage,2025.0,x-line,Blanco,Nafta,5.0,Automática secuencial,1.6,SUV,Sí,0.0,Kia Sportage ,57000.0,US$,"Traiga su propuesta, la analizaremos juntos para lograr que se convierta en un nuevo Usuario de la marca, nuestra atención comercial está dirigida a Ud. y a su Satisfacción!!En GIUVI Kia La Plata estamos a su disposición, acérquese, contáctenos, tenemos todas las herramientas para satisfacer sus necesidades!!Podrá encontrar todas estas posibilidades juntas:* Concesionario Oficial de la marca del año 2010* Stock de Unidades Permanente y entrega inmediata.* Ofrecemos Test drive en salón y también a domicilio.* Área de Servicio oficial en el mismo establecimiento.* Proveemos Repuestos Originales con envió a todo el País.* Tomamos su vehículo usado en parte de pago el cual transferimos en el momento a nombre nuestro para su tranquilidad.* Mejoramos todas las operaciones para que pueda se un nuevo usuario de Kia.No dude en contactarnos, le garantizamos la más cálida atención, experiencia, cumplimiento y profesionalismo para la compra de Su Nuevo Kia.",concesionaria,1,,4x4,0
13265,18097,Jeep,Compass,2025.0,t270 serie-s,Negro,Nafta,5.0,Automática,1.3,SUV,,0.0,Jeep Compass 1.3 T270 Serie-S 4X2 At6,43000.0,US$,"CONTADO EFECTIVO U$S 43.000.-ACEPTAMOS VEHICULOS EN PARTE DE PAGO(Valor de toma: 15% menos que valor al publico)GARAGE PREMIUMReferencia: Gral Paz y Av Mosconi - Devoto - C.A.B.A.Horario: Lun a Vier 9 a 18 hs y Sab 9 a 13 hsPor favor comunicarse telefónicamente para combinar día y horario de su visita.SOMOS UNA EMPRESA FAMILIAR QUE NOS DEDICAMOS A LA COMERCIALIZACION DE AUTOMOVILES DE ALTA GAMA, TENEMOS MAS DE 25 AÑOS DE EXPERIENCIA EN EL MERCADO AUTOMOTOR.SI NOS CONTACTAS DESDE EL INTERIOR DEL PAIS, TE ENTREGAMOS EN TU DOMICILIO EL VEHICULO QUE ADQUIERAS CON NOSOTROS.TRAENOS TU UNIDAD USADA, NOSOTROS NOS OCUPAMOS DE PUBLICARLA, VENDERLA Y TRANSFERIRLA.NO DUDES EN CONTACTARNOS, ESTAMOS PARA AYUDARTE.",concesionaria,1,,4x2,0
13299,5776,BAIC,X35,2025.0,luxury,Azul,Nafta,5.0,Automática,1.5,SUV,,0.0,BAIC X35 1.5T Luxury Cvt,26200.0,US$,"***ÚNICAS UNIDADES EN EL MERCADO CON CARPLAY / ANDROID AUTO INCORPORADO***PRECIO DE LISTA U$D 27.200-BONIFICACIÓN PAGO CONTADO U$D 26.200-7 AÑOS DE GARANTIA 0 100.000Km la mejor garantía del mercado!BAIC X35 LUXURYMotor 1.5 Turbo + Caja CVTVersión con máximo equipamiento.2 AirbagFrenos ABSDisco en las cuatro ruedasTecho panorámicollave de presenciallantas de aleación 17""Iluminación full LedTapizados de cueroIMOLAAUTOS es concesionario oficial BAIC BAIC es la mejor marcha de autos Chinos en la Argentina.Tenemos 40 años de presencia en el mercado automotriz, con cobertura en todo el país, disponemos de más de 5.500 Mts2 distribuidos en tres bocas de venta.100% Calificaciones Positivas de clientes satisfechos, por brindarles una excelente, rápida y muy confiable atención. Excelente calificación en google de todas nuestras sucursalesContamos con:• Financiación del 50% / 60% con crédito bancario, cuotas fijas en pesos solo con DNI• Asesores profesionales que sabrán interpretar su necesidad.• Gestoría Automotor integral.• Aseguramos tu auto con los mejores precios, coberturas y compañías.*** Valorizamos inmejorablemente su auto usado***Esperamos su consulta virtual o su visita por nuestros locales.",tienda,1,,,0
13316,988,BAIC,X55,2024.0,ii luxury,Gris,Nafta,5.0,Automática,1.5,SUV,Sí,0.0,Baic X55 Ii Luxury Turbo - 2025 - Baic Ramos Mejia - ,37900.0,US$,"PARA VER VIDEO DE LA UNIDAD LUEGO DE LA ÚLTIMA FOTO EN ESTE AVISO o BIEN SE LO ENVIAMOS.A NUESTROS CLIENTES Y POSIBLES CLIENTES NOTA:* NO compre Baic 0km en Agencias multimarcas o de otras marcas NO habilitadas.(evite dolores de cabeza con la Garantía).Solamente en CABA somos BAIC PALERMO. Único domicilio habilitado.Solamente en ZONA OESTE somos BAIC RAMOS MEJIA. Único domicilio habilitado.Solamente en ZONA NORTE somos BAIC VICENTE LOPEZ. Único domicilio habilitado.7 AÑOS DE GARANTÍA AVALAN LA CALIDAD DE LA MARCA.PRECIO LISTA: U$S 40.900.- (Dolar estadounidense)BONIFICACION: - U$S 2.000.-VALOR SOLO CONTADO : U$S 38.900.-NUEVA X55 IIPresentamos el SUV más DEPORTIVO Y PREMIUM del mercado.MOTOR 1.5 – TURBO – 185 HP DE POTENCIA.CAJA DE 7 MARCHAS CON DOBLE EMBRAGUE (Prestación deportiva)310 NM.ACELERACIÓN DE 0 A 100/KM: 7.8 SegVELOCIDAD MÁXIMA: 220 KM/HMEDIDAS: Longitud 4.63 m / Ancho 1.88 m / Alto 1.68 mDISEÑO FUTURISTA / DE ALTA GAMA / DEPORTIVA"" El SUV más deportivo y Premium del mercado""La relación precio/producto es imbatible.EQUIPAMIENTO DESTACADO:* Llantas 19"" color Gris oscuras* Cámara 360° para visión delantera/trasera y lateral* Sensores de Estacionamiento* Portón trasero eléctrico con apertura medida* Faros Full Led en todo el vehículo* Apertura de puertas con manijas tipo ""Pop out"" eléctricas* Techo Panorámico con apertura y pivoteo con sensor autónomo de lluvia (cierra solo)* Volante Multifunción deportivo en cuero* Control Velocidad crucero adaptativo* Tablero íntegramente digital con múltiples funciones y formatos* Pantalla Central Multimedia (en español) con múltiples formatos de adaptaciones del vehículo y programaciones.* Conectividad Total con Mirror Link (muestra el celular en pantalla)* Freno de mano electrónico* Manejo Autónomo en tráfico pesado (conduce solo)* Estacionamiento Autónomo (estaciona solo)* 8 Air-bags* Control de Tracción y Estabilidad* Asistencia de Frenado* Frenado autónomo de emergencia* Asistencia de desvío de carril* Aviso de Punto Ciegoy más..BAIC PALERMO / BAIC RAMOS MEJIA/ BAIC VICENTE LOPEZENTREGA INMEDIATA CON UNIDADES EN SALÓN.TEST DRIVE DISPONIBLE (CON TURNO).ENTREGAS A DOMICILIO.------------------------------------------------------------------------------TOMAMOS VEHÍCULOS EN PARTE DE PAGOFINANCIACIÓN CON DNI HASTA EL 50% DEL VALOR DE LA UNIDAD.------------------------------------------------------------------------------7 RAZONES POR LA QUE CONFIAR EN BAIC:1) BAIC es marca Premium en China y en 48 países del Mundo.2) BAIC se encuentra en todas las provincias de Argentina y en 9 países deAmérica.3) BAIC es la única Automotriz socia de Mercedes Benz en el Mundo.4) BAIC es la única Automotriz Premium que ofrece 7 años de Garantía.5) BAIC NO es un vehículo económico Chino.6) BAIC es para el público que busca vehículos SUV DIFERENTES.7) BAIC es Diseño, Calidad, Confort, Equipamiento....y Esa Extraña sensación deFIDELIDAD.-----------------------------------------------------------------------------------* BAIC PALERMO - CASA CENTRAL -AV. CÓRDOBA 6102 - C.A.B.A. -- SERVICIO POST VENTAECHEVERRIA 1050 - C.A.B.A. -* BAIC RAMOS MEJIA- ZONA OESTE -AV RIVADAVIA 14.882 - RAMOS MEJIA-SERVICIO POST VENTA* BAIC VICENTE LOPEZ - ZONA NORTE -AV. LIBERTADOR 550 - VICENTE LOPEZ -- SERVICIO POST VENTAECHEVERRÍA 1050 - C.A.B.A. -NRO 1 EN VENTASBRINDANDO SERIEDAD Y PROFESIONALISMO A LA MARCA.CON GRAN IMPRONTA EN LA PRESENTACIÓN DE SUS MODELOS.",tienda,1,185.0,,0
13324,2844,Audi,Q8,2025.0,55 quattro,Gris,Nafta,5.0,Automática,3.0,SUV,Sí,0.0,Audi Q8 3.0 55 Tfsi Quattro 340Cv,178000.0,US$,"DIETRICH EXCLUSIVOS Q8 55 QUATTRO 340CVColor: Gris Daytona Metalizado-Equipamiento Opcional: -Gris Daytona Efecto Perla-Audi Phone Box-Barras longitudinales del techo en Negro -Paquete de exterior S line-Paquete de luces ambiente plus -Paquete de óptica Negro -Sistema de apoyo LTE para Audi phone boxEQUIPAMIENTO DESTACADO DE SERIE: -Capacidad del maletero 605/1755 l-Depósito de combustible 85 aprox. l-Aceleración 0-100 km/h 5,6 s-Cierre asistido eléctrico para puertas-Climatizador automático de confort de 4 zonas-Cubierta del maletero eléctrica- Encendedor y cenicero- Llave de confort con desbloqueo del maletero-controlado por sensor, con SAFELOCK -Portón del maletero de apertura y cierre eléctricos -Retrovisor exterior derecho (campo de visiónamplio), convexo-Retrovisor exterior izquierdo, asférico-Retrovisor interior con ajuste antideslumbranteautomático sin marco -Retrovisores ext. ajustables/abatibles eléct. ytérmicos con ajuste autom. de posición-antideslumb. y función memoria-Audi music interface-Audi smartphone interface-Audi virtual cockpit plus -Cuadro de instrumentos con indicador de km/hSistema de sonido de alta calidad Bang & Olufsencon sonido 3D-Asistente para cruces- Audi pre sense front -Audi pre sense rear- Aviso de cambio de carril con aviso de peligro albajar y asistente para el tráfico transversal trasero- Aviso de salida de carril- Ayuda de aparcamiento plus con indicación delentorno- Con cámara multifuncional- Control de crucero adaptativo ACC con limitadorvelocidad y asistentes de eficiencia, de esquiva y degiro- Cámaras de entorno -Hold assist-Apoyo lumbar de 4 posiciones para los asientosdelanteros -Asientos delanteros con ajuste eléctrico y función de-memoria para el asiento del conductor-Calefacción de asientos delante-Reposabrazos central de confort delante- Respaldo del asiento trasero dividido y abatible, conajuste de inclinación del respaldo-Neumáticos 285/45 R21 113Y XL-resistencia a la rodadura optimizada-Llantas Llantas en diseño de 5 radios en W GrisGrafito, torn. brill., 10,0J x 21-neumáticos 285/45 R21l precio publicado no incluye gastos de Flete, ni Formularios ni gastos administrativos.El precio publicado corresponde a un pago de contado.* TOMAMOS USADOS*AUDI DIETRICH EXCLUSIVOS",concesionaria,1,340.0,,0
13359,14749,Audi,Q5,2025.0,45 advanced stronic quattro,,Nafta,5.0,Automática,2.0,SUV,,0.0,Audi Q5 45 TFSI ADVANCED STRONIC QUATTRO,84002.0,US$,"Somos Espasa Exclusivos, Concesionario Audi Oficial.Consultá todos los vehículos de la Marca Audi y las últimas novedades respecto a nuestros productos. Tomamos tu usado al mejor precio.Ofertas exclusivas del mes. Disponibilidad de colores y VARIOS MODELOS CON DIFERENTES OPCIONALES.Opción  TEST DRIVE para algunos modelos. Contamos con un equipo de asesores comerciales que te brindarán toda la información de manera online mediante WhatsApp o llamado telefónico. Podrás además coordinar con ellos una videollamada para ver nuestras unidades si así lo quisieras y recibir info del vehículo.A su vez, podremos de manera digital. configurar tu Audi junto a vos mediante una navegación 3D para que puedas ver los diferentes opcionales de cada modelo.Subite a tu Audi con la mejor propuesta comercial y asesoramiento.Espasa Exclusivos Audi",tienda,1,,,0
13369,10177,Audi,Q2,2025.0,35 advanced,Gris,Nafta,5.0,Automática,1.5,SUV,No,0.0,Audi Q2 1.5 35 Tfsi Advanced 150 Cv,47900.0,US$,"Entrega inmediataConcesionario Número #1 de la Argentina-- Tomamos todos los usados al mejor precio.-- Mejoramos cualquier oferta.Audi Buenos AiresAv. Rivadavia 4751, CABAAv. Juan B. Alberdi 53, CABA-- Esperamos tu consulta!""El precio publicado corresponde a un pago de contado"" *No incluye gastos de flete, ni formularios ni gastos administrativos.Foto no contractual. Corresponde al modelo del titulo de la descripción. Equipamiento según versión. Precio puede variar sin previo aviso.",tienda,1,150.0,,0
13420,13239,Ford,Territory,2025.0,ecoboost titanium,Azul,Nafta,5.0,Automática,1.8,SUV,,0.0,Ford Territory 1.8 Ecoboost Titanium At,46000.0,US$,UNIDAD DISPONIBLE PARA ENTREGA INMEDIATASTOCK FISICO ACEPTAMOS PERMUTAUNIDAD FISICA EN SUCURSAL CANNING,tienda,0,,,0
13445,18149,BAIC,X35,2025.0,luxury,Rojo,Nafta,5.0,Automática,,SUV,Sí,0.0,BAIC X35 Luxury,26900.0,US$,BONIFICACION EXCLUSIVA PARA UNIDADES FISICAS PATENTADAS EN ABRILPOCAS UNIDADES!!,concesionaria,1,,,0
13455,12260,Audi,Q3,2024.0,stronic,Gris,Nafta,5.0,Automática,1.4,SUV,Sí,0.0,Audi Q3 1.4 Tfsi Stronic 150 Cv,64900.0,US$,El vendedor no incluyó una descripción del producto,concesionaria,1,150.0,,0
13482,9005,BAIC,X55,2023.0,ii luxury bi-tono,Gris,Nafta,5.0,Automática,1.5,SUV,Sí,0.0,Baic X55 Ii Luxury Turbo - 2025 - Baic Vicente Lopez -,38900.0,US$,"PARA VER VIDEO DE LA UNIDAD LUEGO DE LA ÚLTIMA FOTO EN ESTE AVISO o BIEN SE LO ENVIAMOS.A NUESTROS CLIENTES Y POSIBLES CLIENTES NOTA:* NO compre Baic 0km en Agencias multimarcas o de otras marcas NO habilitadas.(evite dolores de cabeza con la Garantía).Solamente en CABA somos BAIC PALERMO. Único domicilio habilitado.Solamente en ZONA OESTE somos BAIC MORÓN. Único domicilio habilitado.Solamente en ZONA NORTE somos BAIC VICENTE LOPEZ. Único domicilio habilitado.7 AÑOS DE GARANTÍA AVALAN LA CALIDAD DE LA MARCA.PRECIO LISTA: U$S 40.900.- (Dolar estadounidense)BONIFICACION: - U$S 2.000.-VALOR SOLO CONTADO : U$S 38.900 o SU EQUIVALENTE EN PESOS.NUEVA X55 II BI-TONOPresentamos el SUV más DEPORTIVO Y PREMIUM del mercado.MOTOR 1.5 – TURBO – 185 HP DE POTENCIA.CAJA DE 7 MARCHAS CON DOBLE EMBRAGUE (Prestación deportiva)310 NM. de TORQUEACELERACIÓN DE 0 A 100/KM: 7.8 SegVELOCIDAD MÁXIMA: 220 KM/HMEDIDAS: Longitud 4.63 m / Ancho 1.88 m / Alto 1.68 mDISEÑO FUTURISTA / DE ALTA GAMA / DEPORTIVA"" El SUV más deportivo y Premium del mercado""La relación precio/producto es imbatible.EQUIPAMIENTO DESTACADO:* Llantas 19"" color Gris oscuras* Cámara 360° para visión delantera/trasera y lateral* Sensores de Estacionamiento* Portón trasero eléctrico con apertura medida* Faros Full Led en todo el vehículo* Apertura de puertas con manijas tipo ""Pop out"" eléctricas* Techo Panorámico con apertura y pivoteo con sensor autónomo de lluvia (cierra solo)* Volante Multifunción deportivo en cuero* Control Velocidad crucero adaptativo* Tablero íntegramente digital con múltiples funciones y formatos* Pantalla Central Multimedia (en español) con múltiples formatos de adaptaciones del vehículo y programaciones.* Conectividad Total con Mirror Link (muestra el celular en pantalla)* Freno de mano electrónico* Manejo Autónomo en tráfico pesado (conduce solo)* Estacionamiento Autónomo (estaciona solo)* 8 Air-bags* Control de Tracción y Estabilidad* Asistencia de Frenado* Frenado autónomo de emergencia* Asistencia de desvío de carril* Aviso de Punto Ciegoy más..BAIC PALERMO / BAIC MORÓN / BAIC VICENTE LOPEZENTREGA INMEDIATA CON UNIDADES EN SALÓN.TEST DRIVE DISPONIBLE (CON TURNO).ENTREGAS A DOMICILIO.------------------------------------------------------------------------------TOMAMOS VEHÍCULOS EN PARTE DE PAGOFINANCIACIÓN CON DNI HASTA EL 50% DEL VALOR DE LA UNIDAD.------------------------------------------------------------------------------7 RAZONES POR LA QUE CONFIAR EN BAIC:1) BAIC es marca Premium en China y en 48 países del Mundo.2) BAIC se encuentra en todas las provincias de Argentina y en 9 países deAmérica.3) BAIC es la única Automotriz socia de Mercedes Benz en el Mundo.4) BAIC es la única Automotriz Premium que ofrece 7 años de Garantía.5) BAIC NO es un vehículo económico Chino.6) BAIC es para el público que busca vehículos SUV DIFERENTES.7) BAIC es Diseño, Calidad, Confort, Equipamiento....y Esa Extraña sensación deFIDELIDAD.-----------------------------------------------------------------------------------* BAIC PALERMO - CASA CENTRAL -AV. CÓRDOBA 6102 - C.A.B.A. -- SERVICIO POST VENTAECHEVERRIA 1050 - C.A.B.A. -* BAIC RAMOS MEJIA - ZONA OESTE -AV. RIVADAVIA 14.882 - RAMOS MEJIA -SERVICIO POST VENTAECHEVERRIA 1050 - C.A.B.A. -* BAIC VICENTE LOPEZ - ZONA NORTE -AV. LIBERTADOR 550 - VICENTE LOPEZ -- SERVICIO POST VENTAECHEVERRÍA 1050 - C.A.B.A. -NRO 1 EN VENTASBRINDANDO SERIEDAD Y PROFESIONALISMO A LA MARCA.CON GRAN IMPRONTA EN LA PRESENTACIÓN DE SUS MODELOS Y SEDES HOMLOGADAS INTERNACIONALMENTE.",tienda,1,185.0,,0
13573,11046,BAIC,X35,2025.0,luxury,Gris,Nafta,5.0,Automática,1.5,SUV,,0.0,BAIC X35 1.5 TURBO luxury,28200.0,US$,X 35 1.5 Turbo CVT versión Luxury.El precio publicado es únicamente de contado expresado en Dólar billete precio de lista consultar para entrega de usados o financiación,concesionaria,1,,,0
13600,8633,Hyundai,Tucson,2024.0,c/techo,Azul,Nafta,5.0,Automática,2.0,SUV,Sí,0.0,Hyundai Tucson 2.0 C/techo,48000.0,US$,"¡Bienvenido a nuestro concesionario oficial Hyundai!Asesor comercial Salcedo Raúl.Unidad Física para Entrega Inmediata.No esperes más para disfrutar de tu nuevo Hyundai.La unidad se encuentra física y lista para entrega inmediata, sin demoras innecesarias.Formas de Pago para Unidades 0KM:Contado: La opción más rápida y sencilla.Permutas: Tomamos tu usado en forma de pago.Nota Importante:El valor publicado corresponde al PRECIO DE LISTA del corriente mes. Dicho importe no incluye gastos de agencia (flete, formularios, alistamiento, pre entrega, etc.) ni patentamiento.>> Consulte POR LA MEJOR OFERTA DE CONTADO de esta unidad. <<*** ¡Recorda que comercializamos en todo el pais! Por lo tanto, una vez pago el vehículo, podemos enviarte la documentación de la unidad y solo tenes que venir a buscarlo con la patente y el seguro. ***Si deseas obtener más detalles sobre cualquiera de nuestras unidades, formas de pago o si tienes alguna pregunta, no dudes en contactarnos. Estamos aquí para ayudarte a encontrar el Hyundai que se adapte a tus necesidades.¡Gracias por considerarnos para tu próxima adquisición de vehículo!",concesionaria,0,,,0
13611,15517,Toyota,SW4,2025.0,tdi gr-s 7as,Negro,Diésel,5.0,Automática,2.8,SUV,Sí,0.0,Toyota SW4 2.8 Tdi Gr-s 4x4 7as 6at,66300.0,US$,"TOYOTA SW4 GR-S 2.8L TDI  0KM-2025FORMA DE COMPRA: PAGO DIRECTO AL CONCESIONARIO OFICIAL.OPCIONES DE COMPRA:* RECIBIMOS PERMUTAVehiculos - Cereales – Motos – Náuticos – Tractores – Cripto Moneda.* FINANCIACIÓN: %0 porciento de interés¡Elige entre créditos UVA o con cuota fija!* RETIRO: Retiras directo del concesionario oficial. También contamos con servicio de LOGISTICA para hacerlo llegar a tu localidad.* GARANTÍA: Todos los vehículos cuentan con garantía de fábrica otorgada por la marca que adquiris.¡Contactanos ahora!.Las mejores marcas del mercado automotor Argentino.No vendemos sueños, vendemos realidades.",concesionaria,1,,4x4,0
13669,5232,Toyota,SW4,2025.0,srx 7as,Gris,Diésel,5.0,Automática,2.8,SUV,,0.0,Toyota SW4 2.8 Srx 204Cv 4X4 7As At,67900.0,US$,"TOYOTA SW4 SRX 4X4 7AS ATMotor 2.8TDI 204CVTransmisión automática de 6vel.7 asientosTracción 4X4 con reductora electrónicaDesconexión automática de diferencialControl de tracciónFrenos a discos ventiladosToyota Safety SenseBloqueo de diferencialCámara de retrocesoSensores de estacionamientoSistema de audio JBLButacas eléctricasAsientos de cueroPantalla táctil de 9''Apple Carplay y Android AutoConsulte precio permuta.PARA VER ESTA UNIDAD POR FAVOR SOLICITAR ENTREVISTAABIERTO DE LUNES A DOMINGOS DE 10 A 20HSCENTRO COMERCIAL NORDELTA Y SAN FERNANDO PUNTA CHICA.Hoffen Motor Haus: somos una exclusiva agencia de autos 0km , usados y clásicos con mas de 20 años de trayectoria en el mercado argentino con una atención personalizada para cada cliente, nuestra sedes se encuentran en Centro Comercial Nordelta y Punta Chica,San Fernando.HOFFEN MOTOR HAUS está aquí, muy cerca tuyo.DUDAS Y CONSULTAS:- Mateo: 11 2512.0472- Alejandro: 11 5402.6473- Joaquin:1138504288- Dylan:1166068474Av. Libertador 2515, Punta Chica, San Fernando.",concesionaria,0,204.0,4x4,0
13682,9984,Hyundai,Tucson,2025.0,tgdi,Azul,Nafta,5.0,Automática,1.6,SUV,,0.0,Hyundai Tucson 1.6 Tgdi Dct7 4Wd,58000.0,US$,"IMPECABLE , ÚNICA MANO 2021 , SAFETY PLUSTOPEDE GAMA 49.000 KMS",concesionaria,1,,4x4,0
13694,12997,BMW,X1,2025.0,20i sport okm año 2025 - audi q3 ni audi q5 gla 250,Gris,Nafta,5.0,Automática,2.0,SUV,,0.0,Bmw X1 20i Sport Okm Año 2025 - Audi Q3 Ni Audi Q5 Gla 250,84000.0,US$,"BMW X1 20i sport Linea nueva Okm 2025 - 4x4205 cv -Entrega inmediata real - Automático con levasLINEA NUEVA 2025 - Tablero curvoNuevo volante + nuevo interiorTope de gama en equipamientoVehículo físico en el concesionarioColores disponibles: Gris / Verde / BlancoPrecio Lista / Permuta u$s 84.000 dólaresPrecio Contado Efectivo u$s 84.000 dólaresOpcionales no incluidos:Volante MLevas al volanteSonido harman kardon• TOMA DE USADOS:Deberá mandarnos por whatsapp :Fotos - Km - Año - Versión - Estado de neumáticosEl usado puede ser de cualquier marcaLa toma del usado se hace sobre el precio de listaDesde el botón WHATSAPP se contacta inmediatamente.•Respondermos su consulta por whatsapp en el momento •Concesionario oficial BMWMisael Ferrer+ Aceptamos Transferencia en Pesos o Dólares ++ Cuentas bancarias en todos los bancos +• Bell Motors - Concesionario oficial BMW •Compre tranquilo, compre en concesionario oficial• ATENCIÓN PERSONALIZADA• DOCUMENTACIÓN AL DÍA Y LISTA PARA PATENTARContamos con Administración y Gestoría",concesionaria,1,4205.0,4x4,0
13709,10314,Kia,Sportage,2025.0,t-gdi ex,Gris,Nafta,5.0,Automática,1.6,SUV,Sí,0.0,Kia Sportage 1.6 T-Gdi Ex 4X2,48000.0,US$,"Traiga su propuesta, la analizaremos juntos para lograr que se convierta en un nuevo Usuario de la marca, nuestra atención comercial está dirigida a Ud. y a su Satisfacción!!En GIUVI Kia La Plata estamos a su disposición, acérquese, contáctenos, tenemos todas las herramientas para satisfacer sus necesidades!!Podrá encontrar todas estas posibilidades juntas:* Concesionario Oficial de la marca del año 2010* Stock de Unidades Permanente y entrega inmediata.* Ofrecemos Test drive en salón y también a domicilio.* Área de Servicio oficial en el mismo establecimiento.* Proveemos Repuestos Originales con envió a todo el País.* Tomamos su vehículo usado en parte de pago el cual transferimos en el momento a nombre nuestro para su tranquilidad.* Mejoramos todas las operaciones para que pueda se un nuevo usuario de Kia.No dude en contactarnos, le garantizamos la más cálida atención, experiencia, cumplimiento y profesionalismo para la compra de Su Nuevo Kia.",concesionaria,1,,4x2,0
13729,13718,Chery,Tiggo 4 Pro,2024.0,luxury,Blanco,Nafta,5.0,Automática,1.5,SUV,,0.0,Chery Tiggo 4 Pro 1.5 Luxury Cvt,29500.0,US$,"BIMBAL S.A.                              CONCESIONARIO OFICIAL CHERY DE CAPITAL FEDERAL                                          UNIDADES EN STOCK ENTREGA INMEDIATA                                      PRECIO PROMOCIONAL POR EXCESO DE STOCK                                     TOMAMOS SU USADO FINANCIAMOS POR BANCO                               COLORES BLANCO, GRIS CLARO GRIS OSCURO Y NEGRO",concesionaria,0,,,0
13730,15114,Nissan,Kicks,2025.0,exclusive bitono,Blanco,Nafta,5.0,Automática,1.6,SUV,,0.0,Nissan Kicks 1.6 Exclusive Bitono Cvt,32999.0,US$,"Tener tu Nissan Kicks 0KM es posible!!!Anticipo y cuotas, la mejor financiacion !!! te asesoramos a la brevedad!!!Contamos con todo el stock Nissan al mejor precio!!!Lista para transferir, posee toda la documentación necesaria para llevártelo en el día.Tomamos tu usado al mejor precio!!! Envianos mensaje al 1133570239, Atendemos de Lunes a Viernes de 09;00 a 18:30 hs, Sabados de 09:00 a 15:00 hs.Estamos ubicados en Villa Devoto.Av San Martin 7118, esquina Griveo.vendedor Pablo.",concesionaria,0,,,1
13743,827,Mini,Cooper Countryman,2024.0,countryman cooper s classic confort,Rojo,Nafta,5.0,Automática secuencial,,SUV,Sí,0.0,Mini Countryman Cooper S Classic Confort Genco Mini,51900.0,US$,"Estimados Clientes:Consulte por finaciacionGarantia 3 años o 200.000 kmServicio SOS mientras el vehiculo conserve su garantia!Estamos ubicados en Rodriguez Peña 401 de Godoy Cruz, a la par del supermercado Makro.Concesionario oficial:BMW, MINI, BMW Motorrad, en Mendoza. Contamos con área de ventas de Usados.Contamos con servicio de PostVenta:- Talleres: con personal profesional altamente capacitado ofrecemos servicios mecánicos, como así también de estética automotriz, con personal altamente calificado, tecnología e insumos del más alto nivel para garantizar la calidad de nuestros servicios.- Sector de Repuestos y Accesorios: donde podrá conseguir todo lo necesario para su vehículo.Sin duda nuestra trayectoria nos respalda. No dude en contactarnos.",concesionaria,0,,,0
13751,10541,Audi,Q5,2022.0,45 offroad,Blanco,Nafta,5.0,Automática,2.0,SUV,Sí,0.0,Audi Q5 2.0 45 Tfsi Offroad 252cv,85003.0,US$,"Audi Q5 45 TFSI Offroad 45 TFSI corresponde a motor 2.0 TFSI de 252CVUnidades fisicas en stock tocables, con certificado para patentar.Podes retirar en cualquiera de nuestras sucursales-Quilmes-La Plata-Belgrano-San IsidroO te enviamos tu auto a tu domicilio.Tomamos permutas al mejor precioMejoramos cualquier presupuestoAudi Drive SelectAudi virtual cockpit plusAudi smartphone interfaceControl de velocidad cruceroLuces delanteras y traseras LEDTracción en las cuatro ruedas: quattroNueva motorización naftera con hibridación ligera (MHEV)Pantalla central con tecnología touch y MMI Navegación plusAsientos deportivos tapizados en combinación cuero / cuero sintético Llantas 19”Sensores de estacionamiento delanteros y traseros con cámara de retrocesoAcceso y arranque sin llave con apertura y cierre eléctricos del portón traseroRetrovisores exteriores abatibles, térmicos, antideslumbrantes, con memoriaEl precio publicado no incluye gastos de flete, ni formularios ni gastos administrativos.Mejoramos cualquier oferta de contado",tienda,1,252.0,,0
13760,5779,Porsche,Macan,2025.0,t,Gris,Nafta,5.0,Automática,2.0,SUV,Sí,0.0,Porsche Macan T 2.0 265hp,138000.0,US$,"En Nordenwagen S.A. somos el único importador y distribuidor exclusivo de Porsche para Argentina y Uruguay desde hace 32 años. Transmitimos el ADN Porsche, historia y valores de la marca; Perseguimos el entusiasmo del cliente con nuestros productos y servicios, la innovación y la sustentabilidad, abordando temas como la electro movilidad y el desarrollo de la red de cargas para vehículos eléctricos.Comercializamos vehículos nuevos y de re-estreno bajo el programa Porsche Approved, con asesores capacitados y certificados por Porsche AG.IMPORTANTE:- LA UNIDAD EXPUESTA EN LA PUBLICACIÓN PERTENECE A UN VEHÍCULO VENDIDO, SE MUESTRA BAJO CONSENTIMIENTO DEL PROPIETARIO, A FIN DE QUE EL CLIENTE PUEDA TENER UNA IDEA GENERAL DE CÓMO ES EL VEHÍCULO PORSCHE MACAN T (G3) 2025.- EL PRECIO DE LA UNIDAD PUBLICADA NO INCLUYE COSTO DE OPCIONALES, CORRESPONDE AL PRECIO DEL MACAN T (G3) 2025 ENTRADA DE GAMA.- EN CASO DE INTERÉS POR UN VEHÍCULO MACAN T (G3) 2025., CONTAMOS CON PRODUCCIÓN DISPONIBLE PARA CONFIGURAR A SU GUSTO.- PRUEBE NUESTRO CONFIGURADOR EN LA PÁGINA OFICIAL PORSCHE PARA SELECCIÓN DE COLORES, Y GRAN VARIEDAD DE OPCIONALESEQUIPAMIENTO/OPCIONALES VEHÍCULO EXPUESTO:- COLOR EXTERIOR: CRAYÓN- RUEDAS LLANTAS MACAN S DE 20 PULGADAS PINTADAS EN DARK TITANIUM - COLOR INTERIOR PAQUETE DE CUERO EN NEGRO- ASIENTOS ASIENTOS DEPORTIVOS (8 POSICIONES)- EXTERIOR SIDEBLADES PINTADOS EN COLOR EXTERIOR CON LOGO ‘MACAN T’ EN NEGRO BRILLO - LUCES DE CORTESÍA DE PUERTAS LED CON LOGOTIPO “PORSCHE”(EXCLUSIVE MANUFAKTUR)- SISTEMA DE TECHO PANORÁMICO- PORSCHE DOPPELKUPPLUNG (PDK) DE 7 VELOCIDADES- FAROS PRINCIPALES LED INCL. PORSCHE DYNAMIC LIGHT SYSTEM PLUS (PDLS PLUS)ALGUNAS DIFERENCIAS IMPORTANTES EN EQUIPAMIENTO DE SERIE ENTRE MACAN T Y MACAN (ENTRADA DE GAMA):- CALEFACCIÓN DE ASIENTO (DELANTERO)- VOLANTE GT CALEFACTABLE- PAQUETE SPORT CHRONO- EL MACAN T INCLUYE UNA REDUCCIÓN DE LA ALTURA DE MARCHA DE 10 MM Y UNA CONFIGURACIÓN PASM AÚN MÁS DEPORTIVA EN COMPARACIÓN CON EL MACAN CON SUSPENSIÓN NEUMÁTICA OPCIONAL INCL. PASM",tienda,1,265.0,,0
13772,7863,BMW,X1,2024.0,20i xdrive,Blanco,Nafta,4.0,Automática,2.0,SUV,,0.0,BMW X1 X1 20i xDrive 204CV,77900.0,US$,El vendedor no incluyó una descripción del producto,concesionaria,0,204.0,,0
13837,1619,BMW,X1,2025.0,18i sdrive xline,Verde,Nafta,5.0,Automática,1.5,SUV,,0.0,BMW X1 X1 18i 156CV sDrive xLine,62900.0,US$,El vendedor no incluyó una descripción del producto,concesionaria,0,156.0,,0
13845,14594,BAIC,X35,2023.0,luxury,Marrón,Nafta,5.0,Automática,1.5,SUV,Sí,0.0,BAIC X35 1.5 Luxury At,27500.0,US$,"PARA VER VIDEO DE LA UNIDAD LUEGO DE LA ÚLTIMA FOTO EN ESTE AVISO o BIEN SE LO ENVIAMOS.A NUESTROS CLIENTES Y POSIBLES CLIENTES NOTA:* NO compre Baic 0km en Agencias multimarcas o de otras marcas NO habilitadas.(evite dolores de cabeza con la Garantía).Solamente en CABA somos BAIC PALERMO. Único domicilio habilitado.Solamente en ZONA OESTE somos BAIC RAMOS MEJÍA. Único domicilio habilitado.Solamente en ZONA NORTE somos BAIC VICENTE LOPEZ. Único domicilio habilitado.7 AÑOS DE GARANTÍA AVALAN LA CALIDAD DE LA MARCA.PRECIO LISTA: U$S 29.500BONIFICACIÓN: U$S 2.000CONTADO: U$S 27.500NEW X35 LUXURY TURBO CVTPresentamos el SUV más potente del mercado.MOTOR 1.5 – 16v – TURBO – 148 HP DE POTENCIA.CAJA AUTOMÁTICA SECUENCIAL DE 6 MARCHAS.210 NM.ACELERACIÓN DE 0 A 100/KM: 8.9 SegMEDIDAS: Longitud 4.32 m / Ancho 1.83 m / Alto 1.64 mEQUIPAMIENTO:• Llantas 17” Diamantadas Bi Tono.• Cámara de retroceso.• Sensores de estacionamiento.• Espejos con guiños.• Faros Led completos delanteros y traseros.• Techo Panorámico con apertura eléctrica (único en nuestro mercado en su segmento).• Volante en cuero Multifunción.• Control Velocidad Crucero.• Butacas deportivas Cuero/Tela.• Encendido a Botón con llave de presencia.• Pantalla Multimedia con conectividad.• Freno de mano electrónico.• Climatizador Digital.• Paneles de puerta y tablero en cuero y aluminio.• Frenos ABS + EBD• Control de Tracción.• Control de estabilidad.• Control de Pendientes.• Control presión de neumáticos.• Volumen de Carga 390 Dm3.BAIC PALERMO / BAIC MORÓN / BAIC VICENTE LOPEZ--------------------------------------------PLAN FINANCIACIÓN EXCLUSIVO “BAIC PALERMO”ENTREGA INMEDIATA CON UNIDADES EN SALÓN.--------------------------------------------------------------------------------BAIC PALERMO OFRECE EL STOCK MÁS IMPORTANTE DEL PAÍS.UNIDADES PARA ENTREGA INMEDIATA.TEST DRIVE DISPONIBLE (CON TURNO).ENTREGAS A DOMICILIO.------------------------------------------------------------------------------TOMAMOS VEHÍCULOS EN PARTE DE PAGOTASAMOS VÍA WHATSAPP PARA SU MEJOR COMODIDAD SI VIVE EN EL INTERIOR.FINANCIACIÓN CON DNI HASTA EL 50% DEL VALOR DE LA UNIDAD.------------------------------------------------------------------------------7 RAZONES POR LA QUE CONFIAR EN BAIC:1) BAIC es marca Premium en China y en 48 países del Mundo.2) BAIC se encuentra en todas las provincias de Argentina y en 9 países deAmérica.3) BAIC es la única Automotriz socia de Mercedes Benz en el Mundo.4) BAIC es la única Automotriz Premium que ofrece 7 años de Garantía.5) BAIC NO es un vehículo económico Chino.6) BAIC es para el público que busca vehículos SUV DIFERENTES.7) BAIC es Diseño, Calidad, Confort, Equipamiento....y Esa Extraña sensación deFIDELIDAD.-----------------------------------------------------------------------------------* BAIC PALERMO - CASA CENTRAL -AV. CÓRDOBA 6102 - C.A.B.A. -- SERVICIO POST VENTAECHEVERRIA 1050 - C.A.B.A. -* BAIC RAMOS MEJÍA - ZONA OESTE -AV RIVADAVIA 14882 - RAMOS -SERVICIO POST VENTA* BAIC VICENTE LOPEZ - ZONA NORTE -AV. LIBERTADOR 550 - VICENTE LOPEZ -- SERVICIO POST VENTAECHEVERRÍA 1050 - C.A.B.A. -NRO 1 EN VENTASBRINDANDO SERIEDAD Y PROFESIONALISMO A LA MARCA.CON GRAN IMPRONTA EN LA PRESENTACIÓN DE SUS MODELOS.",tienda,0,148.0,,0
13875,9111,BAIC,X55,2025.0,il,,Nafta,5.0,Automática,1.5,SUV,Sí,0.0,Baic X55 Il,37900.0,US$,BAIC X55 IIENTREGA INMEDIATALA SUV SEGMENTO C MAS EQUIPADA DEL MERCADO,concesionaria,1,,,0
13911,4632,Jetour,X70,2024.0,7 asientos,Rojo,Nafta,5.0,Automática,,SUV,Sí,0.0,Jetour  X70 Luxury 1.5t At8 7asientos,35500.0,US$,Somos representantes oficiales en Argentina para Jetour - Contamos con Garantía y servís oficial. - Ofrecemos la mejor atención. - Tu consulta no es molestia.,concesionaria,1,,,0
13919,8152,Chery,Tiggo 4 Pro,2025.0,luxury,Gris,Nafta,5.0,Automática,,SUV,,0.0,Chery Tiggo 4 Pro 1.5T Luxury Cvt,29500.0,US$,Chery Tiggo 4Pro Luxury CVT Entrega inmdiataVarios Colores,concesionaria,1,,,0
13937,11479,BAIC,X55,2023.0,ii luxury bi-tono,Blanco,Nafta,5.0,Automática,1.5,SUV,Sí,0.0,Baic X55 Ii Luxury Turbo - 2025 - Baic Palermo -,38900.0,US$,"PARA VER VIDEO DE LA UNIDAD LUEGO DE LA ÚLTIMA FOTO EN ESTE AVISO o BIEN SE LO ENVIAMOS.A NUESTROS CLIENTES Y POSIBLES CLIENTES NOTA:* NO compre Baic 0km en Agencias multimarcas o de otras marcas NO habilitadas.(evite dolores de cabeza con la Garantía).Solamente en CABA somos BAIC PALERMO. Único domicilio habilitado.Solamente en ZONA OESTE somos BAIC RAMOS MEJÍA. Único domicilio habilitado.Solamente en ZONA NORTE somos BAIC VICENTE LOPEZ. Único domicilio habilitado.7 AÑOS DE GARANTÍA AVALAN LA CALIDAD DE LA MARCA.PRECIO LISTA: U$S 40.900.- (Dolar estadounidense)BONIFICACION: - U$S 2.000.-VALOR SOLO CONTADO : U$S 38.900.-NUEVA X55 II BI-TONOPresentamos el SUV más DEPORTIVO Y PREMIUM del mercado.MOTOR 1.5 – TURBO – 185 HP DE POTENCIA.CAJA DE 7 MARCHAS CON DOBLE EMBRAGUE (Prestación deportiva)310 NM.ACELERACIÓN DE 0 A 100/KM: 7.8 SegVELOCIDAD MÁXIMA: 220 KM/HMEDIDAS: Longitud 4.63 m / Ancho 1.88 m / Alto 1.68 mDISEÑO FUTURISTA / DE ALTA GAMA / DEPORTIVA"" El SUV más deportivo y Premium del mercado""La relación precio/producto es imbatible.EQUIPAMIENTO DESTACADO:* Llantas 19"" color Gris oscuras* Cámara 360° para visión delantera/trasera y lateral* Sensores de Estacionamiento* Portón trasero eléctrico con apertura medida* Faros Full Led en todo el vehículo* Apertura de puertas con manijas tipo ""Pop out"" eléctricas* Techo Panorámico con apertura y pivoteo con sensor autónomo de lluvia (cierra solo)* Volante Multifunción deportivo en cuero* Control Velocidad crucero adaptativo* Tablero íntegramente digital con múltiples funciones y formatos* Pantalla Central Multimedia (en español) con múltiples formatos de adaptaciones del vehículo y programaciones.* Conectividad Total con Mirror Link (muestra el celular en pantalla)* Freno de mano electrónico* Manejo Autónomo en tráfico pesado (conduce solo)* Estacionamiento Autónomo (estaciona solo)* 8 Air-bags* Control de Tracción y Estabilidad* Asistencia de Frenado* Frenado autónomo de emergencia* Asistencia de desvío de carril* Aviso de Punto Ciegoy más..BAIC PALERMO / BAIC MORÓN / BAIC VICENTE LOPEZENTREGA INMEDIATA CON UNIDADES EN SALÓN.TEST DRIVE DISPONIBLE (CON TURNO).ENTREGAS A DOMICILIO.------------------------------------------------------------------------------TOMAMOS VEHÍCULOS EN PARTE DE PAGOFINANCIACIÓN CON DNI HASTA EL 50% DEL VALOR DE LA UNIDAD.------------------------------------------------------------------------------7 RAZONES POR LA QUE CONFIAR EN BAIC:1) BAIC es marca Premium en China y en 48 países del Mundo.2) BAIC se encuentra en todas las provincias de Argentina y en 9 países deAmérica.3) BAIC es la única Automotriz socia de Mercedes Benz en el Mundo.4) BAIC es la única Automotriz Premium que ofrece 7 años de Garantía.5) BAIC NO es un vehículo económico Chino.6) BAIC es para el público que busca vehículos SUV DIFERENTES.7) BAIC es Diseño, Calidad, Confort, Equipamiento....y Esa Extraña sensación deFIDELIDAD.-----------------------------------------------------------------------------------* BAIC PALERMO - CASA CENTRAL -AV. CÓRDOBA 6102 - C.A.B.A. -- SERVICIO POST VENTAECHEVERRIA 1050 - C.A.B.A. -* BAIC RAMOS MEJÍA - ZONA OESTE -AV RIVADAVIA 14882 - RAMOS MEJÍA -SERVICIO POST VENTAECHEVERRIA 1050 - C.A.B.A. * BAIC VICENTE LOPEZ - ZONA NORTE -AV. LIBERTADOR 550 - VICENTE LOPEZ -- SERVICIO POST VENTAECHEVERRÍA 1050 - C.A.B.A. -NRO 1 EN VENTASBRINDANDO SERIEDAD Y PROFESIONALISMO A LA MARCA.CON GRAN IMPRONTA EN LA PRESENTACIÓN DE SUS MODELOS.",tienda,1,185.0,,0
13958,6981,Mini,Cooper Countryman,2024.0,countryman cooper s classic confort,Rojo,Nafta,5.0,Automática secuencial,,SUV,Sí,0.0,Mini Countryman Cooper S Classic Confort Genco Mini,51900.0,US$,"Estimados Clientes:Consulte por finaciacionGarantia 3 años o 200.000 kmServicio SOS mientras el vehiculo conserve su garantia!Estamos ubicados en Rodriguez Peña 401 de Godoy Cruz, a la par del supermercado Makro.Concesionario oficial:BMW, MINI, BMW Motorrad, en Mendoza. Contamos con área de ventas de Usados.Contamos con servicio de PostVenta:- Talleres: con personal profesional altamente capacitado ofrecemos servicios mecánicos, como así también de estética automotriz, con personal altamente calificado, tecnología e insumos del más alto nivel para garantizar la calidad de nuestros servicios.- Sector de Repuestos y Accesorios: donde podrá conseguir todo lo necesario para su vehículo.Sin duda nuestra trayectoria nos respalda. No dude en contactarnos.",concesionaria,0,,,0
13961,17940,Jeep,Renegade,2024.0,longitude,Gris,Nafta,5.0,Automática,1.3,SUV,,0.0,Jeep Renegade 1.3T Longitude At6 Fwd,34175.0,US$,"Somos Sidway, Primer Concesionario Jeep/RAM Oficial del País. Consultá por nuestras opciones de financiación y pago al contado. Tomamos tu usado al mejor precio. Ofertas exclusivas del mes. Disponibilidad de colores. Solicitá tu TEST DRIVE Contamos con un equipo de asesores comerciales que te brindarán toda la información de manera online mediante WhatsApp o llamado telefónicio. Podrás además coordinar con ellos una videollamada para ver nuestras unidades si así lo quisieras y recibir info del vehículo. Subite a tu Jeep/RAM en Sidway con la mejor propuesta comercial y asesoramiento. SIDWAY",tienda,1,,4x2,0
13995,10209,Kia,Sportage,2025.0,t-gdi x-line,Blanco,Nafta,5.0,Automática,1.6,SUV,Sí,0.0,Kia Sportage 1.6 T-Gdi X-Line Awd,55900.0,US$,"/ Bienvenido a Kia AutoDrive//Concesionario OficialTu próxima aventura te espera en esta Kia Sportage X-line 4x4!Equipada con tracción en las cuatro ruedas, esta SUV te llevará a donde quieras. Disfruta de su diseño exterior audaz, su interior premium con tecnología de última generación y un rendimiento en carretera excepcional. ¡Perfecta para aquellos que buscan aventura y comodidad!// Financiación a tu medida:Sin Quebranto Tasa UVA 15.9%- Por $ 30.000.000- Devuelve :12 x $2.803.80024 x $1.550.70036 x $1.136.70048 x $932.10060 x $811.200Sin Quebranto Tasa Fija 43,9%- Por $ 30.000.000- Devuelve :12 x $3.266.70018 x $2.438.40024 x $2.035.80036 x $1.655.10048 x $1.484.70060 x $1.396.800// 5 años o 100.000 km Garantía// Consultar mejor precio cash de Argentina !¡Y eso no es todo!// Tomamos tu usado al mejor precio del mercado.//Te ofrecemos la atención personalizada que te merecés.¡No pierdas esta oportunidad única! Visitanos en Kia AutoDrive y llevá la Kia Sportage.",tienda,1,,4x4,0
14021,14430,Audi,Q3,2025.0,stronic,Plateado,Nafta,5.0,Automática,1.4,SUV,,0.0,Audi Q3 1.4 Tfsi Stronic 150 Cv,57900.0,US$,"Audi Q3 35 TFSI35 TFSI corresponde a motor 1.4 TFSI de 150CV- Audi drive select- Audi soundsystem- Techo corredizo panorámico- Asientos tapizados en Leatherette- Confort Key(acceso y arranque sin llave)- Climatizador automático confort de 2 zonas- Portón del maletero de apertura y cierre eléctricos- Control de velocidad crucero con limitador de velocidad- Cuadro de instrumentos Digital ClusterDisplayde 10,2”- Audi smartphoneinterface compatible con Android Auto y Apple CarPlay- Llantas de aluminio fundido de 5 brazos dobles con neumáticos 235/55 R18- Asientos traseros con reglaje horizontal, reposabrazos central y porta bebidas- Volante de cuero en diseño de 3 radios con multifunción plus y levas de cambio- Sensores de estacionamiento delanteros y traseros con cámara de marcha atrás- Pantalla central color de 8,8” con tecnología touch y sistema de diálogo por voz- Luces diurnas, bajas y altas en tecnología LED; luces de giro y traseras incandescentes- Retrovisores exteriores con ajuste eléctrico y térmicos, espejo interior antideslumbrante.Concesionario Número #1 de la Argentina-- Tomamos todos los usados al mejor precio.-- Mejoramos cualquier oferta.Audi Buenos AiresAv. Juan B. Alberdi 53, CABA-- Esperamos tu consulta!El precio publicado no incluye gastos de flete, ni formularios ni gastos administrativos.Foto no contractual. Corresponde al modelo del titulo de la descripción. Equipamiento según versión. Precio puede variar sin previo aviso.Contactá a la tienda",tienda,1,150.0,,0
14029,2048,Chery,Tiggo 4 Pro,2023.0,comfort,Blanco,Nafta,5.0,Automática,1.5,SUV,,0.0,Chery Tiggo 4 Pro 1.5 Comfort Cvt,26000.0,US$,VERSION COMFORT CAJA AUTOMATICA!!!RECIBO MENOR!!!FINANCIACION PRENDARIA!!!OPCIONES DE COLORES!!!,concesionaria,0,,,0
14051,17815,Hyundai,Creta,2025.0,safety+,Blanco,Nafta,5.0,Automática,1.6,SUV,Sí,0.0,Hyundai Creta 1.6 At Safety+,35000.0,US$,New Creta Facelift Safety PlusAt Entrega Ya! Entrega Inmediata! Precio Lanzamiento,concesionaria,0,,,0
14094,13843,Audi,Q3,2025.0,sportback,Rojo,Nafta,5.0,Automática,2.0,SUV,Sí,0.0,Audi Q3 2.0 SPORTBACK 180CV,68000.0,US$,"AUDI DIETRICH EXCLUSIVOSQ3 SPORTBACK 40 TFSI STRONIC 2.0 180CVnuevas mejoras:- Aviso de cambio de carril- Audi pre sense front- Punto ciego - Aviso de distancia Equipamiento destacado de serie:  Audi drive select Audi sound system Techo corredizo panorámico Audi virtual cockpit de 10,2” Confort Key (acceso y arranque sin llave) Asientos delanteros deportivos y eléctricos Climatizador automático confort de 2 zonas Portón del maletero de apertura y cierre eléctricos Asientos tapizados en Leatherette con grabado S line Paragolpes deportivos S line completamente pintados Control de velocidad crucero con limitador de velocidad Audi smartphone interface compatible con Android Auto y Apple CarPlay Retrovisores exteriores abatibles y térmicos, espejo interior antideslumbrante Sensores de estacionamiento delanteros y traseros con cámara de marcha atrás Pantalla central color de 8,8” con tecnología touch y sistema de diálogo por voz Luces diurnas, bajas y altas en tecnología LED; luces de giro y traseras incandescentesel precio publicado no incluye gastos de Flete, ni Formularios ni gastos administrativos.El precio publicado corresponde a un pago de contado.* TOMAMOS PERMUTAS AUTO-MOTO-UTV-ETC*AUDI DIETRICH EXCLUSIVOS",concesionaria,0,180.0,,0
14095,11003,Hyundai,Creta,2025.0,safety+,Blanco,Nafta,5.0,Automática,1.6,SUV,,0.0,Hyundai Creta 1.6 At Safety+,35000.0,US$,ENTRGEA INMEDIATA FINANCIACIÓN EN PESOSRECIBIMOS TU USADO EN PARTE DE PAGO AL MEJOR VALOR,concesionaria,0,,,0
14110,10188,BMW,X1,2025.0,20i sport okm año 2025 - audi q3 ni audi q5 gla 250,Verde,Nafta,5.0,Automática,,SUV,,0.0,Bmw X1 20i Sport Okm Año 2025 - Audi Q3 Ni Audi Q5 Gla 250,84000.0,US$,"BMW X1 20i sport Linea nueva Okm 2025 - 4x4205 cv -Entrega inmediata real - Automático con levasLINEA NUEVA 2025 - Tablero curvoNuevo volante + nuevo interiorTope de gama en equipamientoVehículo físico en el concesionarioColores disponibles: Cape York GreenPrecio Lista / Permuta u$s 84.000 dólaresPrecio Contado Efectivo u$s 84.000 dólares• TOMA DE USADOS:Deberá mandarnos por whatsapp :Fotos - Km - Año - Versión - Estado de neumáticosEl usado puede ser de cualquier marcaLa toma del usado se hace sobre el precio de listaDesde el botón WHATSAPP se contacta inmediatamente.•Respondermos su consulta por whatsapp en el momento •Concesionario oficial BMWMisael Ferrer+ Aceptamos Transferencia en Pesos o Dólares ++ Cuentas bancarias en todos los bancos +• Bell Motors - Concesionario oficial BMW •Compre tranquilo, compre en concesionario oficial• ATENCIÓN PERSONALIZADA• DOCUMENTACIÓN AL DÍA Y LISTA PARA PATENTARContamos con Administración y Gestoría",concesionaria,1,4205.0,4x4,0
14143,6801,BAIC,X55,2023.0,ii luxury,Rojo,Nafta,5.0,Automática,1.5,SUV,Sí,0.0,Baic X55 Ii Luxury Turbo - 2025 - Baic Palermo -,38900.0,US$,"PARA VER VIDEO DE LA UNIDAD LUEGO DE LA ÚLTIMA FOTO EN ESTE AVISO o BIEN SE LO ENVIAMOS.A NUESTROS CLIENTES Y POSIBLES CLIENTES NOTA:* NO compre Baic 0km en Agencias multimarcas o de otras marcas NO habilitadas.(evite dolores de cabeza con la Garantía).Solamente en CABA somos BAIC PALERMO. Único domicilio habilitado.Solamente en ZONA OESTE somos BAIC RAMOS MEJÍA. Único domicilio habilitado.Solamente en ZONA NORTE somos BAIC VICENTE LOPEZ. Único domicilio habilitado.7 AÑOS DE GARANTÍA AVALAN LA CALIDAD DE LA MARCA.PRECIO LISTA: U$S 40.900.- (Dolar estadounidense)BONIFICACION: - U$S 2.000.-VALOR FINAL: U$S 38.900.- (SOLO CONTADO)NUEVA X55 IIPresentamos el SUV más DEPORTIVO Y PREMIUM del mercado.MOTOR 1.5 – TURBO – 185 HP DE POTENCIA.CAJA DE 7 MARCHAS CON DOBLE EMBRAGUE (Prestación deportiva)310 NM.ACELERACIÓN DE 0 A 100/KM: 7.8 SegVELOCIDAD MÁXIMA: 220 KM/HMEDIDAS: Longitud 4.63 m / Ancho 1.88 m / Alto 1.68 mDISEÑO FUTURISTA / DE ALTA GAMA / DEPORTIVA"" El SUV más deportivo y Premium del mercado""La relación precio/producto es imbatible.EQUIPAMIENTO DESTACADO:* Llantas 19"" color Gris oscuras* Cámara 360° para visión delantera/trasera y lateral* Sensores de Estacionamiento* Portón trasero eléctrico con apertura medida* Faros Full Led en todo el vehículo* Apertura de puertas con manijas tipo ""Pop out"" eléctricas* Techo Panorámico con apertura y pivoteo con sensor autónomo de lluvia (cierra solo)* Volante Multifunción deportivo en cuero* Control Velocidad crucero adaptativo* Tablero íntegramente digital con múltiples funciones y formatos* Pantalla Central Multimedia (en español) con múltiples formatos de adaptaciones del vehículo y programaciones.* Conectividad Total con Mirror Link (muestra el celular en pantalla)* Freno de mano electrónico* Manejo Autónomo en tráfico pesado (conduce solo)* Estacionamiento Autónomo (estaciona solo)* 8 Air-bags* Control de Tracción y Estabilidad* Asistencia de Frenado* Frenado autónomo de emergencia* Asistencia de desvío de carril* Aviso de Punto Ciegoy más..BAIC PALERMO / BAIC MORÓN / BAIC VICENTE LOPEZENTREGA INMEDIATA CON UNIDADES EN SALÓN.TEST DRIVE DISPONIBLE (CON TURNO).ENTREGAS A DOMICILIO.------------------------------------------------------------------------------TOMAMOS VEHÍCULOS EN PARTE DE PAGOFINANCIACIÓN CON DNI HASTA EL 50% DEL VALOR DE LA UNIDAD.------------------------------------------------------------------------------7 RAZONES POR LA QUE CONFIAR EN BAIC:1) BAIC es marca Premium en China y en 48 países del Mundo.2) BAIC se encuentra en todas las provincias de Argentina y en 9 países deAmérica.3) BAIC es la única Automotriz socia de Mercedes Benz en el Mundo.4) BAIC es la única Automotriz Premium que ofrece 7 años de Garantía.5) BAIC NO es un vehículo económico Chino.6) BAIC es para el público que busca vehículos SUV DIFERENTES.7) BAIC es Diseño, Calidad, Confort, Equipamiento....y Esa Extraña sensación deFIDELIDAD.-----------------------------------------------------------------------------------* BAIC PALERMO - CASA CENTRAL -AV. CÓRDOBA 6102 - C.A.B.A. -- SERVICIO POST VENTAECHEVERRIA 1050 - C.A.B.A. -* BAIC RAMOS MEJÍA - ZONA OESTE -AV RIVADAVIA 14882 - RAMOS MEJÍA -SERVICIO POST VENTAECHEVERRIA 1050 - C.A.B.A. * BAIC VICENTE LOPEZ - ZONA NORTE -AV. LIBERTADOR 550 - VICENTE LOPEZ -- SERVICIO POST VENTAECHEVERRÍA 1050 - C.A.B.A. -NRO 1 EN VENTASBRINDANDO SERIEDAD Y PROFESIONALISMO A LA MARCA CON LA PRESENTACIÓN DE SUS MODELOS Y CONCESIONARIOS OFICIALES HOMOLOGADOS.O",tienda,1,185.0,,0
14174,2914,Toyota,Corolla Cross,2025.0,seg,Gris,Nafta,5.0,Automática,2.0,SUV,,0.0,Toyota Corolla Cross 2.0 Seg Cvt,43500.0,US$,"º Gabriel Gavilan Automotores Vende º* Marca: Toyota Corolla Cross Seg* Motor: 2.0 Cvt* Año: 2025---------------------------------------- Unidad 0 Km a patentar- Unidad fisica en el salon- Retira ya- Color gris oscuro- Se acepta permuta por menor valor---------------------------------------º CONTAMOS CON GESTORIA PROPIAº COORDINAR VISITA.º ESTAMOS EN VILLA DEVOTO, CABAº LUNES A VIERNES 10 A 19hs",concesionaria,0,,,0
14179,12043,BMW,X5,2025.0,40 i xdrive m sport,Negro,Nafta,5.0,Automática,,SUV,Sí,0.0,BMW X5 40 I XDRIVE M SPORT,179900.0,US$,El vendedor no incluyó una descripción del producto,concesionaria,1,,,0
14193,412,Alfa Romeo,Stelvio,2025.0,q4 veloce,Gris,Nafta,5.0,Automática,2.0,SUV,,0.0,Alfa Romeo Stelvio 2.0 280cv At Q4 Veloce,86000.0,US$,-NUEVA ALFA ROMEO STELVIO VELOCE 2025-2.0T 280CV Q4 - TRACCION INTEGRAL0 KM - Stock fisico con entrega inmediata5 Años de garantia o 100.000 KmConsulta por permutasDisponible en varios colores,concesionaria,0,280.0,,0
14202,15305,Audi,q5 sportback,2024.0,45tfsi quattro s tronic s-line,Negro,Nafta,5.0,Automática,2.0,SUV,,0.0,Audi q5 sportback 2.0 45Tfsi Quattro S Tronic S-Line 245Cv,108000.0,US$,"Audi Q5 Sportback Premium BlackCon cuero napa fina, llantas sport, banqueta trasera plus y ajuste de volante electricoUnidades fisicas en stock tocables, con certificado para patentar.Podes retirar en cualquiera de nuestras sucursales-Quilmes-La PlataO te enviamos tu auto a tu domicilio.Tomamos permutas al mejor precioMejoramos cualquier presupuestoAsesor Facundo Jattar",tienda,1,245.0,,0
14235,4452,Audi,Q7,2025.0,55 s-line quattro,Azul,Nafta,5.0,Automática,3.0,SUV,Sí,0.0,Audi Q7 3.0 55 Tfsi S-Line Quattro 340Cv,180000.0,US$,"Audi Q7 55TFSI quattro 340cv V6 Dirección en todas las ruedasSistema de escape estándar, color específico del modelo Ajuste electrico de volante Volante deportivo de cuero de contorno, de 3 radios, base plana, con multifunción y levas de cambio Barras de techo en color negro Paquete de estilo negro plus Incrustaciones, Carbon Twill, mate Carcasas de los retrovisores exteriores en carbono audi phone boxSoporte LTE para el Audi phone box Valcona leather con relieve S y patrón de rombosFaros LED de matriz HD con luz láser Audi, luces traseras LED y sistema lavafaros+Asientos deportivos plus, delanterosPaquete de iluminación ambiente plusPaquete de iluminación ambiental plusPaquete deportivo S lineUnidades fisicas en stock tocables, con certificado para patentar.Podes retirar en cualquiera de nuestras sucursales-Quilmes-La PlataO te enviamos tu auto a tu domicilio.Tomamos permutas al mejor precioMejoramos cualquier presupuesto",tienda,1,340.0,,0
14238,11151,BAIC,X55,2024.0,ii luxury,Gris,Nafta,5.0,Automática,1.5,SUV,Sí,0.0,Baic X55 Ii Luxury Turbo - 2025 - Baic Palermo -,38900.0,US$,"PARA VER VIDEO DE LA UNIDAD LUEGO DE LA ÚLTIMA FOTO EN ESTE AVISO o BIEN SE LO ENVIAMOS.A NUESTROS CLIENTES Y POSIBLES CLIENTES NOTA:* NO compre Baic 0km en Agencias multimarcas o de otras marcas NO habilitadas.(evite dolores de cabeza con la Garantía).Solamente en CABA somos BAIC PALERMO. Único domicilio habilitado.Solamente en ZONA OESTE somos BAIC RAMOS MEJÍA. Único domicilio habilitado.Solamente en ZONA NORTE somos BAIC VICENTE LOPEZ. Único domicilio habilitado.7 AÑOS DE GARANTÍA AVALAN LA CALIDAD DE LA MARCA.PRECIO LISTA: U$S 40.900.- (Dolar estadounidense)BONIFICACION: - U$S 2.000.-VALOR SOLO CONTADO : U$S 38.900 o SU EQUIVALENTE EN PESOS.NUEVA X55 IIPresentamos el SUV más DEPORTIVO Y PREMIUM del mercado.MOTOR 1.5 – TURBO – 185 HP DE POTENCIA.CAJA DE 7 MARCHAS CON DOBLE EMBRAGUE (Prestación deportiva)310 NM.ACELERACIÓN DE 0 A 100/KM: 7.8 SegVELOCIDAD MÁXIMA: 220 KM/HMEDIDAS: Longitud 4.63 m / Ancho 1.88 m / Alto 1.68 mDISEÑO FUTURISTA / DE ALTA GAMA / DEPORTIVA"" El SUV más deportivo y Premium del mercado""La relación precio/producto es imbatible.EQUIPAMIENTO DESTACADO:* Llantas 19"" color Gris oscuras* Cámara 360° para visión delantera/trasera y lateral* Sensores de Estacionamiento* Portón trasero eléctrico con apertura medida* Faros Full Led en todo el vehículo* Apertura de puertas con manijas tipo ""Pop out"" eléctricas* Techo Panorámico con apertura y pivoteo con sensor autónomo de lluvia (cierra solo)* Volante Multifunción deportivo en cuero* Control Velocidad crucero adaptativo* Tablero íntegramente digital con múltiples funciones y formatos* Pantalla Central Multimedia (en español) con múltiples formatos de adaptaciones del vehículo y programaciones.* Conectividad Total con Mirror Link (muestra el celular en pantalla)* Freno de mano electrónico* Manejo Autónomo en tráfico pesado (conduce solo)* Estacionamiento Autónomo (estaciona solo)* 8 Air-bags* Control de Tracción y Estabilidad* Asistencia de Frenado* Frenado autónomo de emergencia* Asistencia de desvío de carril* Aviso de Punto Ciegoy más..BAIC PALERMO / BAIC MORÓN / BAIC VICENTE LOPEZENTREGA INMEDIATA CON UNIDADES EN SALÓN.TEST DRIVE DISPONIBLE (CON TURNO).ENTREGAS A DOMICILIO.------------------------------------------------------------------------------TOMAMOS VEHÍCULOS EN PARTE DE PAGOFINANCIACIÓN CON DNI HASTA EL 50% DEL VALOR DE LA UNIDAD.------------------------------------------------------------------------------7 RAZONES POR LA QUE CONFIAR EN BAIC:1) BAIC es marca Premium en China y en 48 países del Mundo.2) BAIC se encuentra en todas las provincias de Argentina y en 9 países deAmérica.3) BAIC es la única Automotriz socia de Mercedes Benz en el Mundo.4) BAIC es la única Automotriz Premium que ofrece 7 años de Garantía.5) BAIC NO es un vehículo económico Chino.6) BAIC es para el público que busca vehículos SUV DIFERENTES.7) BAIC es Diseño, Calidad, Confort, Equipamiento....y Esa Extraña sensación deFIDELIDAD.-----------------------------------------------------------------------------------* BAIC PALERMO - CASA CENTRAL -AV. CÓRDOBA 6102 - C.A.B.A. -- SERVICIO POST VENTAECHEVERRIA 1050 - C.A.B.A. -* BAIC RAMOS MEJÍA - ZONA OESTE -AV RIVADAVIA 14882 - RAMOS MEJÍA -SERVICIO POST VENTAECHEVERRIA 1050 - C.A.B.A. * BAIC VICENTE LOPEZ - ZONA NORTE -AV. LIBERTADOR 550 - VICENTE LOPEZ -- SERVICIO POST VENTAECHEVERRÍA 1050 - C.A.B.A. -NRO 1 EN VENTASBRINDANDO SERIEDAD Y PROFESIONALISMO A LA MARCA.CON GRAN IMPRONTA EN LA PRESENTACIÓN DE SUS MODELOS Y SEDES HOMOLOGADAS INTERNACIONALMENTE.",tienda,1,185.0,,0
14256,16943,BAIC,X35,2023.0,confort,Azul,Nafta,5.0,Automática,1.5,SUV,Sí,0.0,Baic X35 Confort Turbo - 2025 - Baic Ramos Mejia - ,24900.0,US$,PARA VER VIDEO DE LA UNIDAD LUEGO DE LA ÚLTIMA FOTO EN ESTE AVISO o BIEN SE LO ENVIAMOS.A NUESTROS CLIENTES Y POSIBLES CLIENTES NOTA:* NO compre Baic 0km en Agencias multimarcas o de otras marcas NO habilitadas.(evite dolores de cabeza con la Garantía).Solamente en CABA somos BAIC PALERMO. Único domicilio habilitado.Solamente en ZONA OESTE somos BAIC RAMOS MEJIA. Único domicilio habilitado.Solamente en ZONA NORTE somos BAIC VICENTE LOPEZ. Único domicilio habilitado.7 AÑOS DE GARANTÍA AVALAN LA CALIDAD DE LA MARCA.PRECIO LISTA: U$S 26.900BONIFICACIÓN U$S 2.000CONTADO: U$S 24.900NEW X35 CONFORT TURBO CVTPresentamos el SUV más potente del mercado.MOTOR 1.5 – 16v – TURBO – 148 HP DE POTENCIA.CAJA AUTOMÁTICA SECUENCIAL DE 6 MARCHAS.210 NM.ACELERACIÓN DE 0 A 100/KM: 8.9 SegMEDIDAS: Longitud 4.32 m / Ancho 1.83 m / Alto 1.64 mEQUIPAMIENTO:• Llantas 17” Diamantadas Bi Tono.• Cámara de retroceso.• Sensores de estacionamiento.• Espejos con guiños.• Faros Led completos delanteros y traseros.• Volante en cuero Multifunción.• Control Velocidad Crucero.• Butacas deportivas Tela.• Pantalla Multimedia con conectividad.• Freno de mano electrónico.• Climatizador Digital.• Paneles de puerta y tablero en cuero y aluminio.• Frenos ABS + EBD• Control de Tracción.• Control de estabilidad.• Control de Pendientes.• Control presión de neumáticos.• Volumen de Carga 390 Dm3.BAIC PALERMO / BAIC RAMOS MEJIA/ BAIC VICENTE LOPEZ--------------------------------------------PLAN FINANCIACIÓN EXCLUSIVO “BAIC PALERMO”ENTREGA INMEDIATA CON UNIDADES EN SALÓN.--------------------------------------------------------------------------------BAIC PALERMO OFRECE EL STOCK MÁS IMPORTANTE DEL PAÍS.UNIDADES PARA ENTREGA INMEDIATA.TEST DRIVE DISPONIBLE (CON TURNO).ENTREGAS A DOMICILIO.,tienda,1,148.0,,0
14269,14098,Volkswagen,Taos,2025.0,250 comfortline,Plateado,Nafta,5.0,Automática,1.4,SUV,,0.0,Volkswagen Taos 1.4 250 Tsi Comfortline,9990000.0,$,"Anticipo mínimo $ 9.990.000 con el patentamiento incluido !!!!!.Financiación prendaria por banco.NO ES PLAN DE AHORRO !!!!Somos una comercializadora directa de vehículos 0km Volkswagen - Toyota - Ford - Peugeot.Hacemos la gestión integral para la compra en concesionario oficial.Los vehículos publicados son con real entrega inmediata.Entregamos documentación y vehículos en forma personal en cualquier punto del país.Sin gastos ocultos ni sorpresas el día que retira.Tomamos su usado a valor de mercado.Siempre con la garantía oficial.Las fotos son ilustrativas, consulte por versiones y colores disponibles en éste momento.Gestoría para patentar en todo el país.Atención personalizada las 24 hs, todos los días del año.Entrega inmediata. mínimo",concesionaria,1,,,1
14294,10966,Hyundai,Tucson,2024.0,tgdi tct,Azul,Nafta,5.0,Automática,1.6,SUV,Sí,0.0,Hyundai Tucson 1.6 Tgdi Tct,58000.0,US$,"¡Bienvenido a nuestro concesionario oficial Hyundai!Asesor comercial Salcedo Raúl.Unidad Física para Entrega Inmediata.No esperes más para disfrutar de tu nuevo Hyundai.La unidad se encuentra física y lista para entrega inmediata, sin demoras innecesarias.Formas de Pago para Unidades 0KM:Contado: La opción más rápida y sencilla.Permutas: Tomamos tu usado en forma de pago.Nota Importante:El valor publicado corresponde al PRECIO DE LISTA del corriente mes. Dicho importe no incluye gastos de agencia (flete, formularios, alistamiento, pre entrega, etc.) ni patentamiento.>> Consulte POR LA MEJOR OFERTA DE CONTADO de esta unidad. <<*** ¡Recorda que comercializamos en todo el pais! Por lo tanto, una vez pago el vehículo, podemos enviarte la documentación de la unidad y solo tenes que venir a buscarlo con la patente y el seguro. ***Si deseas obtener más detalles sobre cualquiera de nuestras unidades, formas de pago o si tienes alguna pregunta, no dudes en contactarnos. Estamos aquí para ayudarte a encontrar el Hyundai que se adapte a tus necesidades.¡Gracias por considerarnos para tu próxima adquisición de vehículo!",concesionaria,1,,,0
14341,1060,Volvo,XC40,2024.0,p8 recharge,Gris,Eléctrico,5.0,Automática,,SUV,Sí,0.0,Volvo Xc40 P8 Awd Recharge Ultimate Dark,89000.0,US$,"Nuevo VOLVO XC40 P8 AWD RECHARGEDiseño, Seguridad y Tecnología cuidando el medio ambiente.100% Eléctrico.Potencia: 408 hp. Torque: 660 NmTracción AWDAutonomía uso mixto aprox 420 kmIntellisafe - Conjunto de tecnologías de asistencia para tu seguridadPilot Assist - Conjunto de tecnologías capaces de proporcionar una conducción asistida hasta 130 km/h P Blis - Sistema de información para punto ciego con alerta de tráfico cruzado Soporte de Mitigación de colisión trasera Google Service Panel de instrumentos digital 12,3"" Cargador de smartphone inalámbrico Sistema de audio Harman KardonSensor delantero y trasero, con cámara 360° Asientos de Cuero Nubuck calefaccionados Luces delanteras LED activas con Sistema Cornering LightsTecho panoramico eléctricoGIORGI AUTOMOTORES S.A.Concesionario Ofiicial VOLVO en RosarioPERMUTAS / FINANCIACION / LEASING",concesionaria,0,408.0,,0
14349,11312,Audi,Q3 Sportback,2025.0,35tfsi sportback,Plateado,Nafta,5.0,Automática,1.4,SUV,,0.0,Audi Q3 Sportback 1.4 35tfsi Sportback 150 Cv,60800.0,US$,"AUDI Q3 35 TFSI SPORTBACK 150cv35 TFSI corresponde a motor 1.4 TFSI de 150cvColor: Gris plata- Audi drive select- Audi soundsystem- Techo corredizo panorámico- Asientos tapizados en Leatherette- Confort Key(acceso y arranque sin llave)- Climatizador automático confort de 2 zonas- Portón del maletero de apertura y cierre eléctricos- Control de velocidad crucero con limitador de velocidad- Cuadro de instrumentos Digital ClusterDisplayde 10,2”- Audi smartphoneinterface compatible con Android Auto y Apple CarPlay- Llantas de aluminio fundido de 5 brazos dobles con neumáticos 235/55 R18- Asientos traseros con reglaje horizontal, reposabrazos central y porta bebidas- Volante de cuero en diseño de 3 radios con multifunción plus y levas de cambio- Sensores de estacionamiento delanteros y traseros con cámara de marcha atrás- Pantalla central color de 8,8” con tecnología touch y sistema de diálogo por voz- Luces diurnas, bajas y altas en tecnología LED; luces de giro y traseras incandescentes- Retrovisores exteriores con ajuste eléctrico y térmicos, espejo interior antideslumbrante.Concesionario Número #1 de la Argentina-- Tomamos todos los usados al mejor precio.-- Mejoramos cualquier oferta.Audi Buenos AiresAv. Rivadavia 4751, CABAAv. Juan B. Alberdi 53, CABA-- ¡Esperamos tu consulta!El precio publicado no incluye gastos de Flete, ni Formularios ni gastos administrativos.Foto no contractual. Corresponde al modelo del titulo de la descripción. Equipamiento según versión. Precio puede variar sin previo aviso.El precio publicado corresponde a un pago de contado.",tienda,1,150.0,,0
14354,5600,Alfa Romeo,Stelvio,2025.0,q4 veloce,Rojo,Nafta,5.0,Automática,2.0,SUV,,0.0,Alfa Romeo Stelvio 2.0 280cv At Q4 Veloce,86000.0,US$,UNIDAD EN STOCK!!!HACENOS TU CONSULTACOORDINA TU TEST DRIVESE ACEPTAN PERMUTADETALLE DE LA UNIDAD:ALFA ROMEO STELVIO 2.0T 280CV AT Q4 - 2025 0KM!!PRECIO CONTADO (SOLO RESTA PATENTAR LA UNIDAD),tienda,0,280.0,,0
14369,9146,Haval,Jolion,2025.0,supreme,Rojo,Nafta,5.0,Automática secuencial,1500.0,SUV,,0.0,Haval Jolion 1.5t Supreme  0km 2025,33000.0,US$,"GWM Haval Jolion Supreme - SUV Premium de Última GeneraciónValor de la unidad U$ 33.000 Descubrí la nueva Haval Jolion Supreme, una SUV que combina diseño moderno, tecnología avanzada y un nivel de confort superior. Ideal para quienes buscan elegancia, seguridad y potencia en cada viaje.Características destacadas:• Motor 1.5L Turbo de alto rendimiento• Caja automática de doble embrague (DCT)• Pantalla multimedia de 12,3” con conectividad Apple CarPlay y Android Auto• Control crucero adaptativo (ACC)• Asistente de mantenimiento de carril y frenado autónomo de emergencia (AEB)• Techo panorámico, tapizados de cuero y detalles premiumGarantía oficial de fábrica y respaldo postventa en todo el país.AutoSmart - Grupo Dattoli, concesionario oficial con más de 15 años de experiencia en el mercado automotor, te ofrece atención personalizada, financiación a medida y entrega inmediata.Consultanos hoy mismo y agendá tu test drive.",tienda,1,,,0
14374,13446,Audi,Q8,2024.0,55 quattro,Negro,Nafta,5.0,Automática,3.0,SUV,Sí,0.0,Audi Q8 3.0 55 Tfsi Quattro,190000.0,US$,"Audi Q8 E-tron Sportback 0km 2024100% electrico› Suspensión neumática adaptativa› Tracción en las cuatro ruedas quattro› Confort Key (acceso y arranque sin llave)› MMI Navegación plus con MMI touch response› Techo corredizo panorámico con spoiler trasero› Bang & Olufsen Premium Sound System con sonido 3D› Audi smartphone interface compatible con Apple y Android› Faros Matrix LED con luces dinámicas e intermitentes dinámicos› Climatizador automático de confort de 4 zonas con tecnología touch› Sensores de estacionamiento delanteros y traseros con cámaras 360°› Control crucero adaptativo ACC con Audi Side Assist y Audi Lane Assist› Asientos delanteros calefaccionados, tapizados en combinación de Alcántara y Cuero› Asientos delanteros deportivos “S” con ajuste eléctrico y memoria para el del conductor› Paquetes deportivos “S line” exterior e interior con volante deportivo aplanado en la parte inferior",tienda,1,,,0
14390,5539,Hyundai,Tucson,2025.0,safety,Gris,Nafta,5.0,Automática secuencial,2.0,SUV,,0.0,Hyundai Tucson 2.0 SAFETY 2WD,48990.0,US$,"Somos una empresa con más de 95 años de trayectoria. Brindando confianza y servicios personalizados a cada uno de nuestros clientes en todo el país.Damos soluciones integrales en ventas, financiación, taller, repuestos y seguros.La familia BANCHIK representa y agradece a la industria automotriz, por ser una fuente de desarrollo y oportunidades inclusivas para todos los Argentinos.Somos concesionarios oficiales HYUNDAI, PEUGEOT y MULTIMARCAS. Contamos con un amplio stock de USADOS cuidadosamente seleccionados.PODES COMPRAR %100 de tu casa. Enviamos toda la documentación.No dude en comunicar sus RECLAMOS o SUGERENCIAS por favor. Estamos a su entera disposición.*Estos son los Recomendados de BANCHIK. com. ar*Financiamos (Propia, prendarios, CHEQUES)*Tomamos tu usado*Compra con la seguridad que nos avalan 95 AÑOS de trabajo para nuestros clientes !!!",concesionaria,0,,4x2,0
14401,7158,Chery,Tiggo 4 Pro,2025.0,luxury,Blanco,Nafta,5.0,Automática,1.5,SUV,Sí,0.0,Chery Tiggo 4 Pro 1.5T Luxury Cvt,29900.0,US$,"CHERY TIGGO 4PRO LUXURY2025 | 0 km | Motor 1.5T | 147cv | Caja ATPRECIO:- En efectivo: U$S 29.900- En permuta: U$S 31.500CARACTERÍSTICAS DESTACADAS:- 0km a patentar.- Se puede facturar.- Entrega inmediata (unidad física en el salón).- 5 años de garantia.ENCONTRANOS EN LIBERTADOR Y GRAL. PAZ:Visitá nuestro exclusivo salón boutique de 500 m2 dentro del complejo Al Río.GESTORÍA Y ESCRIBANÍA PROPIA:Resolvé todos los trámites en nuestro salón de forma rápida y segura.TOMAMOS VEHÍCULOS COMO PARTE DE PAGO:Tasamos tu auto al mejor valor para que puedas dar el salto que buscás.¿QUERES VENDER TU AUTO DE ALTA GAMA?Consigná tu vehículo con nosotros y hacé que la venta sea rápida, segura y sin esfuerzo.",concesionaria,1,147.0,,0
14413,6616,Land Rover,Range Rover Sport,2024.0,sv v8,Negro,Nafta,5.0,Automática,4.4,SUV,Sí,0.0,Range Rover Sport Sv,610000.0,US$,"RANGE ROVER SPORT SVEDITION ONEMOTOR V8 4.4 635 CV.NEUMATICOS 23"" FIBRA DE CARBONOSUSPENSION NEUMATICAMASAJEADOR EN BUTACAS5 MODOS DE CONDUCCION CAMARA 360°TAPIZADO ALCANTARADitecar S.A. Concesionario oficial Jaguar Land Rover en ArgentinaCoordinar cita previaSucursal Nuñez CabaAVDA. DEL LIBERTADOR 6356 - CABA.Estacionamiento exclusivo para clientes.Lunes a Viernes de 9hs a 18hs",concesionaria,0,635.0,,0
14417,4736,Audi,Q2,2025.0,40 quattro,Negro,Nafta,5.0,Automática,2.0,SUV,,0.0,Audi Q2 40 TFSI quattro 2.0 190cv,74900.0,US$,"Q3 40 TFSI TRACCION QUATTRO Cilindros 4  Potencia (CV) 180 Tracción quattro Consumo mixto (l/100km) 6,5EQUIPAMIENTO:Audi drive selectAudi sound systemTecho corredizo panorámicoAudi virtual cockpit de 10,2”Confort Key (acceso y arranque sin llave)Asientos delanteros deportivos y eléctricosClimatizador automático confort de 2 zonasPortón del maletero de apertura y cierre eléctricosControl de velocidad crucero con limitador de velocidadAudi smartphone interface compatible con Android Auto y Apple CarPlayRetrovisores exteriores abatibles y térmicos, espejo interior antideslumbranteSensores de estacionamiento delanteros y traseros con cámara de marcha atrásPantalla central color de 8,8” con tecnología touch y sistema de diálogo por vozConcesionariooficial Audi Zentrum Pilar.Asesora comercial, Melissa Ibañez.",concesionaria,1,190.0,,0
14426,1986,Audi,q5 sportback,2025.0,45tfsi quattro s tronic advanced,Plateado,Nafta,5.0,Automática,2.0,SUV,,0.0,Audi q5 sportback 2.0 45Tfsi Quattro S Tronic Advanced 245Cv,89000.0,US$,Audi Q5 Sportback Advanced Hybrid Quattro Dicha unidad está excento del pago de patentes en Capital Federal Modelo 2025• Techo solar panorámico • Butacas en cuero gris roca• Butacas deportivas eléctricas con memoria • Lavafaros • Pack asistencias de conducción • Climatizador trizona • Faros Full Leds con giros dinámicos • CarPlay inalámbrico • Tablero Virtual Cockpit• GPS integrado pantalla táctil • Neumático temporal auxiliar • Espejos Exteriores abatibles • Freno Hold Assist No tomamos unidades únicamente contadoJavier 1161172684Asesor comercial Audi Garantía oficial,concesionaria,1,245.0,,0
14441,4389,Hyundai,Tucson,2025.0,ultimate,Plateado,Nafta,5.0,Automática,1.6,SUV,,0.0,Hyundai Tucson Ultimate 1.6 Turbo Dct 4wd (lili),58000.0,US$,CONCESIONARIO OFICIALTUCSON ULTIMATE 1.6 TURBO 4WDPRECIO SIN PATENTAMIENTO USD 58.000 ASESOR COMERCIAL LILIANA 1159740473,concesionaria,1,,4x4,0
14445,4931,Audi,q5 sportback,2025.0,45tfsi quattro s tronic advanced,Gris,Nafta,5.0,Automática,2.0,SUV,,0.0,Audi q5 sportback 2.0 45Tfsi Quattro S Tronic Advanced 245Cv,88000.0,US$,"Audi Q5 Advanced Sportback 45 TFSI Stronic quattro mild hybrid 0km 2025Motor 2.0 TFSI Caja de cambios S tronic (7) potencia 245 cvVehículo exento de abonar patentesEntrega inmediata consultar colores disponiblesEl motor del Q5 PI está equipado con la nueva tecnología de hibridación ligera de Audillamada Mild Hybrid, que puede reducir el consumo en conducción real. Un generador dearranque por correa coopera con una batería de iones de litio y genera energía adicional, loque conduce a una mayor eficiencia y un mayor confort de conducción. La tecnología usa unsistema de alimentación de 12 voltios.› En determinadas condiciones el motor a combustión se apaga y el vehículo continúa conelectricidad sin que se noten cambios.› También se recupera energía a través de la energía de frenado que se almacena en la batería.› El ahorro de combustible puede llegar hasta 0,3 lts/100 km.MARROCCHI EXCLUISVOS Único concesionario oficial Audi de la provincia de Santa Fe.*El precio no incluye gastos de flete, retiro y patentamiento. Foto no contractual, el equipamiento o color disponible puede variar según stock.",concesionaria,1,245.0,,0
14502,6910,Audi,Q2,2025.0,40 quattro,Gris,Nafta,5.0,Automática,2.0,SUV,,0.0,Audi Q2 40 TFSI QUATTRO 2.0 190 CV,57800.0,US$,"Audi Q2 40 TFSI 2.0 190cv tracción quattro.Versión clásica (consultar por Sportback)Audi drive select *› Audi Sound System*› Audi Virtual Cockpit› Techo corredizo panorámico *› Climatizador automático confort› Llave confort (acceso y arranque sin llave)› Asientos tapizados en Cuero / Cuero Sintético *› Luces delanteras y traseras en tecnología 100% LED› MMI Navegación plus con pantalla central touch de 8,8”› Audi smartphone interface compatible con Apple y Android› Llantas de aleación en diseño dinámico 5 brazos, Gris Grafito, R18 *› Sensores de estacionamiento delanteros y traseros con cámara de marcha atrás› Control de velocidad crucero con Audi pre sense front (frenado automático de emergencia)Concesionario oficial Audi Zentrum Pilar.Asesora, Melissa Ibañez.",concesionaria,1,190.0,,0
14544,4297,BAIC,X55,2023.0,ii luxury,Gris,Nafta,5.0,Automática,1.5,SUV,Sí,0.0,Baic X55 Ii Luxury Turbo - 2025 - Baic Vicente Lopez - ,38900.0,US$,"PARA VER VIDEO DE LA UNIDAD LUEGO DE LA ÚLTIMA FOTO EN ESTE AVISO o BIEN SE LO ENVIAMOS.A NUESTROS CLIENTES Y POSIBLES CLIENTES NOTA:* NO compre Baic 0km en Agencias multimarcas o de otras marcas NO habilitadas.(evite dolores de cabeza con la Garantía).Solamente en CABA somos BAIC PALERMO. Único domicilio habilitado.Solamente en ZONA OESTE somos BAIC RAMOS MEJIA. Único domicilio habilitado.Solamente en ZONA NORTE somos BAIC VICENTE LOPEZ. Único domicilio habilitado.7 AÑOS DE GARANTÍA AVALAN LA CALIDAD DE LA MARCA.PRECIO LISTA: U$S 40.900.- (Dolar estadounidense)BONIFICACION: - U$S 2.000.-VALOR SOLO CONTADO : U$S 38.900 o SU EQUIVALENTE EN PESOS.NUEVA X55 IIPresentamos el SUV más DEPORTIVO Y PREMIUM del mercado.MOTOR 1.5 – TURBO – 185 HP DE POTENCIA.CAJA DE 7 MARCHAS CON DOBLE EMBRAGUE (Prestación deportiva)310 NM. de TORQUEACELERACIÓN DE 0 A 100/KM: 7.8 SegVELOCIDAD MÁXIMA: 220 KM/HMEDIDAS: Longitud 4.63 m / Ancho 1.88 m / Alto 1.68 mDISEÑO FUTURISTA / DE ALTA GAMA / DEPORTIVA"" El SUV más deportivo y Premium del mercado""La relación precio/producto es imbatible.EQUIPAMIENTO DESTACADO:* Llantas 19"" color Gris oscuras* Cámara 360° para visión delantera/trasera y lateral* Sensores de Estacionamiento* Portón trasero eléctrico con apertura medida* Faros Full Led en todo el vehículo* Apertura de puertas con manijas tipo ""Pop out"" eléctricas* Techo Panorámico con apertura y pivoteo con sensor autónomo de lluvia (cierra solo)* Volante Multifunción deportivo en cuero* Control Velocidad crucero adaptativo* Tablero íntegramente digital con múltiples funciones y formatos* Pantalla Central Multimedia (en español) con múltiples formatos de adaptaciones del vehículo y programaciones.* Conectividad Total con Mirror Link (muestra el celular en pantalla)* Freno de mano electrónico* Manejo Autónomo en tráfico pesado (conduce solo)* Estacionamiento Autónomo (estaciona solo)* 8 Air-bags* Control de Tracción y Estabilidad* Asistencia de Frenado* Frenado autónomo de emergencia* Asistencia de desvío de carril* Aviso de Punto Ciegoy más..BAIC PALERMO / BAIC RAMOS MEJIA / BAIC VICENTE LOPEZENTREGA INMEDIATA CON UNIDADES EN SALÓN.TEST DRIVE DISPONIBLE (CON TURNO).ENTREGAS A DOMICILIO.------------------------------------------------------------------------------TOMAMOS VEHÍCULOS EN PARTE DE PAGOFINANCIACIÓN CON DNI HASTA EL 50% DEL VALOR DE LA UNIDAD.------------------------------------------------------------------------------7 RAZONES POR LA QUE CONFIAR EN BAIC:1) BAIC es marca Premium en China y en 48 países del Mundo.2) BAIC se encuentra en todas las provincias de Argentina y en 9 países deAmérica.3) BAIC es la única Automotriz socia de Mercedes Benz en el Mundo.4) BAIC es la única Automotriz Premium que ofrece 7 años de Garantía.5) BAIC NO es un vehículo económico Chino.6) BAIC es para el público que busca vehículos SUV DIFERENTES.7) BAIC es Diseño, Calidad, Confort, Equipamiento....y Esa Extraña sensación deFIDELIDAD.-----------------------------------------------------------------------------------* BAIC PALERMO - CASA CENTRAL -AV. CÓRDOBA 6102 - C.A.B.A. -- SERVICIO POST VENTAECHEVERRIA 1050 - C.A.B.A. -* BAIC RAMOS MEJIA - ZONA OESTE -AV. RIVADAVIA 14.882 - RAMOS MEJIA -SERVICIO POST VENTAECHEVERRIA 1050 - C.A.B.A. -* BAIC VICENTE LOPEZ - ZONA NORTE -AV. LIBERTADOR 550 - VICENTE LOPEZ -- SERVICIO POST VENTAECHEVERRÍA 1050 - C.A.B.A. -NRO 1 EN VENTASBRINDANDO SERIEDAD Y PROFESIONALISMO A LA MARCA.CON GRAN IMPRONTA EN LA PRESENTACIÓN DE SUS MODELOS.",tienda,1,185.0,,0
14572,8838,Audi,Q3 Sportback,2025.0,40tfsi quattro,Gris,Nafta,5.0,Automática,2.0,SUV,Sí,0.0,Audi Q3 Sportback 2.0 40Tfsi Quattro 190Cv,66800.0,US$,"Somos Audi Buenos Aires Concesionaria Oficial Audi Q3 Sportback 40 tfsi Quattro Gris cronos, consultar disponibilidad y color Equipamiento de serie;Audi drive selectAudi virtual cockpitTren de rodaje confortSistema de sonido AudiTecho corredizo panorámicoAsientos delanteros con ajuste eléctricoRetrovisores exteriores abatibles y térmicosClimatizador automático confort de 2 zonasAcceso y arranque sin llave, portón trasero automáticoAudi smartphone interface compatible con Apple y AndroidAsientos deportivos con regulación eléctrica y soporte lumbarAsientos tapizados en combinación de microfibra y cuero sintéticoVolante de cuero de 3 radios con multifunción plus y levas de cambioLlantas de 5 radios en Y, torneado brillante, con neumáticos 235/55 R18Luces delanteras y traseras 100% LED con intermitentes dinámicos detrásSensores de estacionamiento delanteros y traseros con cámara de marcha atrásPermutamos Asesor comercial; Sebastian AdornoCONSULTAME",tienda,1,190.0,,0
14574,3556,BAIC,X55,2025.0,t plus,NEGRA,Nafta,5.0,Automática,1.5,SUV,Sí,0.0,Baic X 55 1.5 T Plus 7dct,45360.0,US$,"¿CÓMO SABER QUÉ PRODUCTOS HAY EN STOCK?Tenemos stock de todos nuestros productos publicados ¡Comprá con tranquilidad!SUCURSALESAutoFeria Mendoza-Lunes a viernes de 9:00 a 19:00hs. Sábados de 9:00 a 13:00hs.AutoFeria San Rafael-Lunes a viernes de 8:30 a 12:30hs y 16:30 a 20:30hs. Sábados de 9:00 a 13:00hs.AutoFeria San Luis-Lunes a viernes de 9:00 a 18:00hs. Sábados de 9:00 a 13:00hs. FACTURACIÓNFacturas A y B.¿QUIENES SOMOS?Somos GRUPO LORENZO, Un grupo oriundo de San Rafael, Mendoza con presencia en todo Cuyo.Somos FIAT LORENZO Concesionario oficial Fiat.Somos JC LORENZO Concesionario oficial Ford.Somos LORWEST Concesionario oficial Jeep.Somos AUTOFERIA Concesionario oficial BAIC, Shineray, JMC y DFM.Además contamos con stock propio de usados con garantía de Grupo Lorenzo• Entrega inmediata• El mejor Servicio Posventa• Mejor precio de contado.• Ventas a todo el país de manera sencilla.• Consultar precio financiado o con toma de usado.• No incluye gastos.",concesionaria,1,,,0
14581,2747,BMW,X1,2024.0,sdrive 20i sportline,Gris,Nafta,5.0,Manual,2.0,SUV,,0.0,BMW X1 2.0 Sdrive 20i Sportline,85000.0,US$,Concesionario Oficial Santos BMW Pilar. Nuevo X1 20i Xdrive 204 cv.,concesionaria,0,204.0,,0
14595,4426,BAIC,X35,2024.0,luxury,,Nafta,5.0,Manual,1.5,SUV,,0.0,BAIC X35 Luxury,26900.0,US$,BONIFICACION EXCLUSIVA PARA UNIDADES FISICAS PATENTADAS EN ABRILPOCAS UNIDADES!!,concesionaria,0,,,0
